Kode_RS,Rumah_Sakit,Provinsi,Kab_Kota,Kelas,Penyelenggara_Kategori,Total_SDM_Tercatat,Jumlah_Jenis_SDM_Tersedia,Ada_Data_Alkes,Total_Unit_Alkes_Tercatat,Jumlah_Jenis_Alkes_Tersedia,Jumlah_Layanan_BPJS_Tercatat,Jumlah_Layanan_BPJS_Sudah,Persen_Layanan_BPJS_Sudah
1107017,RS Tingkat IV IM 07.02,Aceh,Aceh Barat,D,RS Publik,8.0,3,0,Tidak tercatat,Tidak tercatat,1,1,100.0
1107014,RS Umum Daerah Cut Nyak Dhien,Aceh,Aceh Barat,B,RS Publik,113.0,12,1,3.0,2.0,3,3,100.0
1107016,RS Umum Harapan Sehat,Aceh,Aceh Barat,D,RS Privat,8.0,7,0,Tidak tercatat,Tidak tercatat,0,0,Tidak tercatat
1107015,RS Umum Montella,Aceh,Aceh Barat,D,RS Privat,13.0,4,0,Tidak tercatat,Tidak tercatat,0,0,Tidak tercatat
1112011,RS Umum Daerah Teungku Peukan,Aceh,Aceh Barat Daya,C,RS Publik,81.0,12,1,7.0,1.0,1,1,100.0
1108028,RS Hermina Aceh,Aceh,Aceh Besar,D,RS Privat,Tidak tercatat,0,0,Tidak tercatat,Tidak tercatat,0,0,Tidak tercatat
1108015,RS Umum Daerah Kabupaten Aceh Besar,Aceh,Aceh Besar,C,RS Publik,48.0,12,1,0.0,0.0,0,0,Tidak tercatat
1108017,RS Umum Ibnu Sina,Aceh,Aceh Besar,D,RS Privat,28.0,5,0,Tidak tercatat,Tidak tercatat,2,2,100.0
1116011,RS Umum Daerah Teuku Umar Kabupaten Aceh Jaya,Aceh,Aceh Jaya,C,RS Publik,49.0,12,1,3.0,2.0,1,1,100.0
1103021,RS Cahaya Sehat,Aceh,Aceh Selatan,D,RS Publik,Tidak tercatat,0,0,Tidak tercatat,Tidak tercatat,0,0,Tidak tercatat
1103010,RS Umum Daerah Dr. H. Yulidin Away,Aceh,Aceh Selatan,B,RS Publik,102.0,15,1,1.0,1.0,1,1,100.0
1102016,RS Umum Daerah Aceh Singkil,Aceh,Aceh Singkil,C,RS Publik,80.0,12,1,3.0,1.0,1,1,100.0
1114011,RS Umum Daerah Tamiang,Aceh,Aceh Tamiang,C,RS Publik,93.0,13,1,3.0,1.0,2,2,100.0
1105034,RS Umum Pertamina Rantau,Aceh,Aceh Tamiang,D,RS Privat,8.0,3,0,Tidak tercatat,Tidak tercatat,0,0,Tidak tercatat
1106013,RS Umum Daerah Datu Beru Takengon,Aceh,Aceh Tengah,B,RS Publik,131.0,13,1,2.0,2.0,4,4,100.0
1106014,RS Umum Fandika,Aceh,Aceh Tengah,D,RS Privat,8.0,2,0,Tidak tercatat,Tidak tercatat,1,1,100.0
1104013,RS Ibu dan Anak Keluarga Desa,Aceh,Aceh Tenggara,C,RS Privat,Tidak tercatat,0,0,Tidak tercatat,Tidak tercatat,1,1,100.0
1104011,RS Umum Daerah H. Sahudin Kutacane,Aceh,Aceh Tenggara,C,RS Publik,85.0,13,1,1.0,1.0,2,2,100.0
1104012,RS Umum Nurul Hasanah,Aceh,Aceh Tenggara,C,RS Privat,24.0,11,0,Tidak tercatat,Tidak tercatat,1,1,100.0
1105067,RS Umum Daerah Sultan Abdul Aziz Syah Peureulak,Aceh,Aceh Timur,C,RS Publik,61.0,13,0,Tidak tercatat,Tidak tercatat,2,2,100.0
1105056,RS Umum Daerah dr. Zubir Mahmud,Aceh,Aceh Timur,B,RS Publik,87.0,13,1,2.0,2.0,3,3,100.0
1105078,RS Umum Graha Bunda ,Aceh,Aceh Timur,C,RS Publik,4.0,2,0,Tidak tercatat,Tidak tercatat,0,0,Tidak tercatat
1174016,RS Umum Cut Meutia Kab. Aceh Utara,Aceh,Aceh Utara,B,RS Publik,125.0,13,1,7.0,5.0,3,3,100.0
1111006,RS Umum Daerah dr. Muchtar Hasbi,Aceh,Aceh Utara,D PRATAMA,RS Publik,4.0,2,0,Tidak tercatat,Tidak tercatat,0,0,Tidak tercatat
1111005,RS Umum Prima Inti Medika,Aceh,Aceh Utara,D,RS Privat,28.0,10,0,Tidak tercatat,Tidak tercatat,1,1,100.0
1111029,RS Zahra,Aceh,Aceh Utara,D,RS Privat,Tidak tercatat,0,0,Tidak tercatat,Tidak tercatat,0,0,Tidak tercatat
1117027,RS Ibu dan Anak Azalia,Aceh,Bener Meriah,C,RS Privat,11.0,7,0,Tidak tercatat,Tidak tercatat,1,1,100.0
1117025,RS Umum Daerah Muyang Kute Redelong Bener Meriah,Aceh,Bener Meriah,C,RS Publik,78.0,11,1,1.0,1.0,2,2,100.0
1110103,RS Umum Avicenna,Aceh,Bireuen,D,RS Privat,35.0,9,0,Tidak tercatat,Tidak tercatat,0,0,Tidak tercatat
1110101,RS Umum Bireuen Medical Center ,Aceh,Bireuen,D,RS Publik,33.0,10,0,Tidak tercatat,Tidak tercatat,1,1,100.0
1110075,RS Umum Daerah Dr. Fauziah Bireun,Aceh,Bireuen,B,RS Publik,155.0,14,1,4.0,4.0,2,2,100.0
1110104,RS Umum Jeumpa Hospital,Aceh,Bireuen,C,RS Privat,31.0,12,0,Tidak tercatat,Tidak tercatat,1,1,100.0
1110027,RS Umum Malahayati,Aceh,Bireuen,D,RS Publik,29.0,12,0,Tidak tercatat,Tidak tercatat,0,0,Tidak tercatat
1110102,RS Umum Telaga Bunda,Aceh,Bireuen,D,RS Publik,40.0,11,0,Tidak tercatat,Tidak tercatat,1,1,100.0
1113012,RS Umum Muhammad Ali Kasim,Aceh,Gayo Lues,C,RS Publik,64.0,11,1,2.0,1.0,1,1,100.0
1171143,RS Bhayangkara Banda Aceh,Aceh,Kota Banda Aceh,C,RS Publik,46.0,7,0,Tidak tercatat,Tidak tercatat,0,0,Tidak tercatat
1171146,RS Ibu dan Anak Cempaka Az Zahra Banda Aceh,Aceh,Kota Banda Aceh,C,RS Privat,20.0,7,0,Tidak tercatat,Tidak tercatat,1,1,100.0
1171121,RS Ibu dan Anak Pemerintah Aceh,Aceh,Kota Banda Aceh,B,RS Publik,116.0,11,0,Tidak tercatat,Tidak tercatat,3,3,100.0
1171041,RS Jiwa Aceh,Aceh,Kota Banda Aceh,A,RS Publik,38.0,6,0,Tidak tercatat,Tidak tercatat,0,0,Tidak tercatat
1171162,RS Khusus Bedah Sehat Selamat Sejahtera,Aceh,Kota Banda Aceh,C,RS Privat,Tidak tercatat,0,0,Tidak tercatat,Tidak tercatat,0,0,Tidak tercatat
1171147,RS Pendidikan Universitas Syiah Kuala,Aceh,Kota Banda Aceh,D,RS Publik,42.0,12,0,Tidak tercatat,Tidak tercatat,0,0,Tidak tercatat
1171026,RS Tk. II Iskandar Muda Banda Aceh,Aceh,Kota Banda Aceh,B,RS Publik,93.0,12,0,Tidak tercatat,Tidak tercatat,2,2,100.0
1171161,RS Umum Cempaka Lima,Aceh,Kota Banda Aceh,C,RS Privat,18.0,3,0,Tidak tercatat,Tidak tercatat,1,1,100.0
1171015,RS Umum Daerah  Dr. Zainoel Abidin,Aceh,Kota Banda Aceh,A,RS Publik,807.0,21,1,12.0,9.0,5,5,100.0
1171110,RS Umum Daerah Meuraxa,Aceh,Kota Banda Aceh,B,RS Publik,132.0,12,1,4.0,3.0,4,4,100.0
1171096,RS Umum Harapan Bunda Banda Aceh,Aceh,Kota Banda Aceh,C,RS Publik,35.0,7,0,Tidak tercatat,Tidak tercatat,0,0,Tidak tercatat
1171085,RS Umum Malahayati,Aceh,Kota Banda Aceh,D,RS Publik,Tidak tercatat,0,0,Tidak tercatat,Tidak tercatat,0,0,Tidak tercatat
1171145,RS Umum Meutia,Aceh,Kota Banda Aceh,D,RS Privat,2.0,1,0,Tidak tercatat,Tidak tercatat,1,1,100.0
1171150,RS Umum Pertamedika Ummi Rosnati,Aceh,Kota Banda Aceh,C,RS Privat,25.0,6,0,Tidak tercatat,Tidak tercatat,1,1,100.0
1171106,RS Umum Teungku Fakinah,Aceh,Kota Banda Aceh,C,RS Publik,30.0,7,0,Tidak tercatat,Tidak tercatat,1,1,100.0
1173045,RS Cut Nyak Dhien Langsa,Aceh,Kota Langsa,D,RS Publik,1.0,1,0,Tidak tercatat,Tidak tercatat,0,0,Tidak tercatat
1173056,RS Ibu dan Anak Ummi Langsa,Aceh,Kota Langsa,C,RS Privat,Tidak tercatat,0,0,Tidak tercatat,Tidak tercatat,0,0,Tidak tercatat
1173023,RS Umum Cut Meutia,Aceh,Kota Langsa,C,RS Privat,18.0,1,0,Tidak tercatat,Tidak tercatat,1,1,100.0
1173012,RS Umum Daerah Langsa,Aceh,Kota Langsa,B,RS Publik,112.0,14,1,4.0,4.0,2,2,100.0
1173003,RS Umum Ummi Langsa,Aceh,Kota Langsa,D,RS Privat,11.0,5,0,Tidak tercatat,Tidak tercatat,0,0,Tidak tercatat
1110053,RS Arun Lhokseumawe,Aceh,Kota Lhokseumawe,C,RS Privat,30.0,12,0,Tidak tercatat,Tidak tercatat,2,2,100.0
1174023,RS Ibu dan Anak ABBY,Aceh,Kota Lhokseumawe,C,RS Privat,17.0,8,0,Tidak tercatat,Tidak tercatat,1,1,100.0
1174100,RS Tk. IV Lhokseumawe Aceh Utara,Aceh,Kota Lhokseumawe,C,RS Publik,52.0,13,0,Tidak tercatat,Tidak tercatat,2,2,100.0
1174024,RS Umum Az-Zuhra,Aceh,Kota Lhokseumawe,D,RS Privat,30.0,8,0,Tidak tercatat,Tidak tercatat,1,1,100.0
1110086,RS Umum Bunda ,Aceh,Kota Lhokseumawe,C,RS Publik,27.0,9,0,Tidak tercatat,Tidak tercatat,0,0,Tidak tercatat
1174019,RS Umum Bunga Melati,Aceh,Kota Lhokseumawe,D,RS Privat,26.0,10,0,Tidak tercatat,Tidak tercatat,1,1,100.0
1174064,RS Umum Kasih Ibu Lhokseumawe,Aceh,Kota Lhokseumawe,C,RS Publik,20.0,10,0,Tidak tercatat,Tidak tercatat,1,1,100.0
1174022,RS Umum Metro Medical Center,Aceh,Kota Lhokseumawe,D,RS Privat,38.0,9,0,Tidak tercatat,Tidak tercatat,1,1,100.0
1111018,RS Umum PMI Cabang Aceh Utara,Aceh,Kota Lhokseumawe,D,RS Publik,27.0,11,0,Tidak tercatat,Tidak tercatat,1,1,100.0
1174021,RS Umum Sakinah,Aceh,Kota Lhokseumawe,D,RS Publik,23.0,9,0,Tidak tercatat,Tidak tercatat,1,1,100.0
1172031,RS AL Sabang,Aceh,Kota Sabang,D,RS Publik,9.0,5,0,Tidak tercatat,Tidak tercatat,0,0,Tidak tercatat
1172016,RS Umum Daerah Sabang,Aceh,Kota Sabang,C,RS Publik,45.0,11,1,2.0,1.0,1,1,100.0
1102027,RS Umum Daerah Kota Subulussalam,Aceh,Kota Subulussalam,C,RS Publik,67.0,11,1,2.0,1.0,2,2,100.0
1115012,RS Umum Daerah Sultan Iskandar Muda Nagan Raya,Aceh,Nagan Raya,C,RS Publik,75.0,12,1,4.0,1.0,1,1,100.0
1109031,RS Islam Ibnu Sina Sigli,Aceh,Pidie,D,RS Privat,24.0,9,0,Tidak tercatat,Tidak tercatat,1,1,100.0
1109029,RS Umum Citra Husada,Aceh,Pidie,D,RS Privat,45.0,12,0,Tidak tercatat,Tidak tercatat,1,1,100.0
1109016,RS Umum Daerah TGK Chik Ditiro Sigli,Aceh,Pidie,B,RS Publik,97.0,12,1,5.0,5.0,4,4,100.0
1109027,RS Umum Daerah TGK. Abdullah Syafii Beureuneun,Aceh,Pidie,C,RS Publik,67.0,11,0,Tidak tercatat,Tidak tercatat,1,1,100.0
1109042,RS Umum Harapan Ibu,Aceh,Pidie,D,RS Privat,Tidak tercatat,0,0,Tidak tercatat,Tidak tercatat,0,0,Tidak tercatat
1109028,RS Umum Mufid,Aceh,Pidie,D,RS Privat,26.0,12,0,Tidak tercatat,Tidak tercatat,2,2,100.0
1118012,RS Umum Daerah Pidie Jaya,Aceh,Pidie Jaya,B,RS Publik,91.0,11,1,6.0,2.0,0,0,Tidak tercatat
1101015,RS Umum Daerah Simeulue,Aceh,Simeulue,C,RS Publik,43.0,10,1,0.0,0.0,1,1,100.0
5103038,RS Bali Jimbaran,Bali,Badung,C,RS Privat,69.0,11,0,Tidak tercatat,Tidak tercatat,3,3,100.0
5103032,RS Daerah Mangusada,Bali,Badung,B,RS Publik,127.0,15,1,6.0,6.0,4,4,100.0
5103021,RS Khusus Bedah BIMC,Bali,Badung,C,RS Privat,47.0,11,0,Tidak tercatat,Tidak tercatat,0,0,Tidak tercatat
5103034,RS Khusus Bedah BIMC Nusa Dua,Bali,Badung,B,RS Privat,41.0,10,0,Tidak tercatat,Tidak tercatat,0,0,Tidak tercatat
5103041,RS Umum Garba Med,Bali,Badung,C,RS Privat,43.0,10,0,Tidak tercatat,Tidak tercatat,1,1,100.0
5103033,RS Umum Kasih Ibu Kedonganan,Bali,Badung,C,RS Publik,45.0,11,0,Tidak tercatat,Tidak tercatat,1,1,100.0
5103052,RS Umum Murni Teguh Tuban Bali,Bali,Badung,C,RS Privat,54.0,13,0,Tidak tercatat,Tidak tercatat,3,3,100.0
5103035,RS Umum Siloam Bali,Bali,Badung,B,RS Privat,130.0,17,0,Tidak tercatat,Tidak tercatat,2,2,100.0
5103036,RS Umum Surya Husadha Nusa Dua,Bali,Badung,C,RS Privat,Tidak tercatat,0,0,Tidak tercatat,Tidak tercatat,1,1,100.0
5103040,RS Universitas Udayana,Bali,Badung,B,RS Publik,72.0,13,0,Tidak tercatat,Tidak tercatat,2,2,100.0
5103053,RS Windu Husada,Bali,Badung,C,RS Privat,34.0,12,0,Tidak tercatat,Tidak tercatat,2,2,100.0
5106025,RS Jiwa Provinsi Bali,Bali,Bangli,A,RS Publik,48.0,8,0,Tidak tercatat,Tidak tercatat,1,1,100.0
5106026,RS Umum Bangli Medika Canti,Bali,Bangli,C,RS Privat,46.0,10,0,Tidak tercatat,Tidak tercatat,1,1,100.0
5106014,RS Umum Daerah Bangli,Bali,Bangli,B,RS Publik,104.0,13,1,6.0,3.0,4,4,100.0
5108080,RS Balimed Buleleng,Bali,Buleleng,C,RS Privat,56.0,16,0,Tidak tercatat,Tidak tercatat,1,1,100.0
5108020,RS Tk. IV Singaraja,Bali,Buleleng,D,RS Publik,28.0,9,0,Tidak tercatat,Tidak tercatat,0,0,Tidak tercatat
5108079,RS Umum Daerah Giri Emas,Bali,Buleleng,D,RS Publik,27.0,10,0,Tidak tercatat,Tidak tercatat,1,1,100.0
5108016,RS Umum Daerah Kab. Buleleng,Bali,Buleleng,B,RS Publik,115.0,14,1,4.0,4.0,4,4,100.0
5108077,RS Umum Daerah Tangguwisia,Bali,Buleleng,D,RS Publik,26.0,9,0,Tidak tercatat,Tidak tercatat,0,0,Tidak tercatat
5108031,RS Umum Kertha Usadha,Bali,Buleleng,C,RS Publik,76.0,16,0,Tidak tercatat,Tidak tercatat,3,3,100.0
5108064,RS Umum Parama Sidhi ,Bali,Buleleng,C,RS Privat,43.0,13,0,Tidak tercatat,Tidak tercatat,1,1,100.0
5108075,RS Umum Shanti Graha,Bali,Buleleng,D,RS Privat,19.0,9,0,Tidak tercatat,Tidak tercatat,0,0,Tidak tercatat
5108042,RS umum Karya Dharma Husada,Bali,Buleleng,C,RS Publik,25.0,9,0,Tidak tercatat,Tidak tercatat,1,1,100.0
5104050,RS Kenak Medika,Bali,Gianyar,D,RS Privat,9.0,2,0,Tidak tercatat,Tidak tercatat,0,0,Tidak tercatat
5104035,RS Umum Ari Canti,Bali,Gianyar,C,RS Privat,84.0,14,0,Tidak tercatat,Tidak tercatat,1,1,100.0
5104012,RS Umum Daerah Sanjiwani Gianyar,Bali,Gianyar,B,RS Publik,138.0,15,1,5.0,4.0,6,6,100.0
5104036,RS Umum Famili Husada,Bali,Gianyar,C,RS Privat,Tidak tercatat,0,0,Tidak tercatat,Tidak tercatat,0,0,Tidak tercatat
5104034,RS Umum Ganesha,Bali,Gianyar,C,RS Privat,66.0,14,0,Tidak tercatat,Tidak tercatat,5,5,100.0
5104037,RS Umum Kasih Ibu Saba,Bali,Gianyar,C,RS Privat,36.0,11,0,Tidak tercatat,Tidak tercatat,0,0,Tidak tercatat
5104039,RS Umum Payangan,Bali,Gianyar,C,RS Publik,60.0,12,0,Tidak tercatat,Tidak tercatat,1,1,100.0
5104023,RS Umum Premagana,Bali,Gianyar,C,RS Privat,55.0,11,0,Tidak tercatat,Tidak tercatat,1,1,100.0
5101055,RS Umum Balimed Negara,Bali,Jembrana,C,RS Privat,Tidak tercatat,0,0,Tidak tercatat,Tidak tercatat,2,2,100.0
5101054,RS Umum Bunda,Bali,Jembrana,C,RS Privat,30.0,11,0,Tidak tercatat,Tidak tercatat,1,1,100.0
5101016,RS Umum Daerah Negara,Bali,Jembrana,C,RS Publik,78.0,12,1,5.0,3.0,2,2,100.0
5101053,RS Umum Kertayasa,Bali,Jembrana,D,RS Privat,16.0,8,0,Tidak tercatat,Tidak tercatat,0,0,Tidak tercatat
5107018,RS Pratama Kubu,Bali,Karangasem,D PRATAMA,RS Publik,12.0,4,0,Tidak tercatat,Tidak tercatat,0,0,Tidak tercatat
5107017,RS Umum Balimed Karangasem,Bali,Karangasem,C,RS Privat,Tidak tercatat,0,0,Tidak tercatat,Tidak tercatat,2,2,100.0
5107015,RS Umum Daerah Karangasem,Bali,Karangasem,C,RS Publik,95.0,12,1,11.0,3.0,2,2,100.0
5105015,RS Umum Bintang,Bali,Klungkung,C,RS Privat,51.0,13,0,Tidak tercatat,Tidak tercatat,1,1,100.0
5105016,RS Umum Daerah Gema Santi Nusa Penida,Bali,Klungkung,D,RS Publik,34.0,7,0,Tidak tercatat,Tidak tercatat,1,1,100.0
5105013,RS Umum Daerah Klungkung,Bali,Klungkung,B,RS Publik,112.0,14,1,4.0,4.0,4,4,100.0
5105017,RS Umum Grha Bhakti Medika,Bali,Klungkung,C,RS Privat,29.0,8,0,Tidak tercatat,Tidak tercatat,5,5,100.0
5105014,RS Umum Permata Hati,Bali,Klungkung,D,RS Privat,53.0,11,0,Tidak tercatat,Tidak tercatat,0,0,Tidak tercatat
5171216,RS Bhayangkara Denpasar,Bali,Kota Denpasar,C,RS Publik,46.0,11,0,Tidak tercatat,Tidak tercatat,0,0,Tidak tercatat
5171181,RS Gigi dan Mulut Saraswati Denpasar,Bali,Kota Denpasar,B,RS Publik,65.0,5,0,Tidak tercatat,Tidak tercatat,0,0,Tidak tercatat
5171232,RS Ibu dan Anak Bunda Denpasar,Bali,Kota Denpasar,C,RS Privat,Tidak tercatat,0,0,Tidak tercatat,Tidak tercatat,0,0,Tidak tercatat
5171166,RS Ibu dan Anak Harapan Bunda,Bali,Kota Denpasar,C,RS Privat,16.0,5,0,Tidak tercatat,Tidak tercatat,0,0,Tidak tercatat
5171215,RS Ibu dan Anak Puri Bunda,Bali,Kota Denpasar,C,RS Privat,92.0,9,0,Tidak tercatat,Tidak tercatat,1,1,100.0
5171219,RS Khusus Ibu dan Anak Pucuk Permata Hati,Bali,Kota Denpasar,C,RS Privat,20.0,5,0,Tidak tercatat,Tidak tercatat,0,0,Tidak tercatat
5171064,RS Khusus Mata Bali Mandara,Bali,Kota Denpasar,A,RS Publik,25.0,6,0,Tidak tercatat,Tidak tercatat,0,0,Tidak tercatat
5171221,RS Khusus Mata Ramata,Bali,Kota Denpasar,C,RS Privat,10.0,2,0,Tidak tercatat,Tidak tercatat,0,0,Tidak tercatat
5171031,RS TK. II Udayana,Bali,Kota Denpasar,C,RS Publik,77.0,15,0,Tidak tercatat,Tidak tercatat,1,1,100.0
5171097,RS Umum Bali Royal,Bali,Kota Denpasar,C,RS Privat,127.0,15,0,Tidak tercatat,Tidak tercatat,0,0,Tidak tercatat
5171203,RS Umum Balimed,Bali,Kota Denpasar,C,RS Privat,132.0,16,0,Tidak tercatat,Tidak tercatat,5,5,100.0
5171155,RS Umum Bhakti Rahayu,Bali,Kota Denpasar,D,RS Publik,53.0,11,0,Tidak tercatat,Tidak tercatat,0,0,Tidak tercatat
5171220,RS Umum Daerah Bali Mandara Provinsi Bali,Bali,Kota Denpasar,B,RS Publik,170.0,18,1,10.0,10.0,7,6,85.71
5171020,RS Umum Daerah Wangaya,Bali,Kota Denpasar,B,RS Publik,117.0,13,1,5.0,4.0,4,2,50.0
5171122,RS Umum Dharma Yadnya,Bali,Kota Denpasar,C,RS Publik,50.0,11,0,Tidak tercatat,Tidak tercatat,1,1,100.0
5171111,RS Umum Kasih Ibu,Bali,Kota Denpasar,C,RS Publik,104.0,13,0,Tidak tercatat,Tidak tercatat,0,0,Tidak tercatat
5171053,RS Umum Manuaba,Bali,Kota Denpasar,C,RS Publik,24.0,9,0,Tidak tercatat,Tidak tercatat,0,0,Tidak tercatat
5171192,RS Umum Prima Medika,Bali,Kota Denpasar,C,RS Privat,127.0,16,0,Tidak tercatat,Tidak tercatat,2,2,100.0
5171133,RS Umum Puri Raharja,Bali,Kota Denpasar,C,RS Publik,75.0,12,0,Tidak tercatat,Tidak tercatat,5,4,80.0
5171086,RS Umum Surya Husadha,Bali,Kota Denpasar,C,RS Publik,93.0,17,0,Tidak tercatat,Tidak tercatat,3,3,100.0
5171217,RS Umum Surya Husadha,Bali,Kota Denpasar,D,RS Publik,54.0,12,0,Tidak tercatat,Tidak tercatat,1,1,100.0
5171016,RSUP Prof. Dr. I.G.N.G. Ngoerah,Bali,Kota Denpasar,A,RS Publik,1847.0,22,1,13.0,12.0,6,6,100.0
5102051,RS Ibu dan Anak Cahaya Bunda,Bali,Tabanan,C,RS Privat,21.0,7,0,Tidak tercatat,Tidak tercatat,1,1,100.0
5102052,RS Ibu dan Anak Puri Bunda Tabanan,Bali,Tabanan,C,RS Privat,30.0,9,0,Tidak tercatat,Tidak tercatat,1,1,100.0
5102048,RS Umum Bali Holistik,Bali,Tabanan,D,RS Privat,14.0,8,0,Tidak tercatat,Tidak tercatat,0,0,Tidak tercatat
5102043,RS Umum Bhakti Rahayu Tabanan,Bali,Tabanan,D,RS Privat,29.0,10,0,Tidak tercatat,Tidak tercatat,1,1,100.0
5102047,RS Umum Daerah Singasana,Bali,Tabanan,C,RS Publik,53.0,12,0,Tidak tercatat,Tidak tercatat,0,0,Tidak tercatat
5102010,RS Umum Daerah Tabanan,Bali,Tabanan,B,RS Publik,147.0,14,1,5.0,5.0,2,2,100.0
5102021,RS Umum Dharma Kerti,Bali,Tabanan,D,RS Privat,35.0,12,0,Tidak tercatat,Tidak tercatat,0,0,Tidak tercatat
5102046,RS Umum Kasih Ibu Tabanan,Bali,Tabanan,C,RS Privat,56.0,13,0,Tidak tercatat,Tidak tercatat,1,1,100.0
5102049,RS Umum Semara Ratih,Bali,Tabanan,C,RS Privat,22.0,11,0,Tidak tercatat,Tidak tercatat,1,1,100.0
5102044,RS Umum Wisma Prashanti,Bali,Tabanan,C,RS Privat,31.0,8,0,Tidak tercatat,Tidak tercatat,1,1,100.0
3672040,RS Citra sundari,Banten,Kota Cilegon,D,RS Privat,24.0,11,0,Tidak tercatat,Tidak tercatat,0,0,Tidak tercatat
3672053,RS Ibu dan Anak Kasih Insani,Banten,Kota Cilegon,C,RS Privat,3.0,2,0,Tidak tercatat,Tidak tercatat,0,0,Tidak tercatat
3672003,RS Ibu dan Anak Mutiara Bunda,Banten,Kota Cilegon,C,RS Privat,15.0,7,0,Tidak tercatat,Tidak tercatat,0,0,Tidak tercatat
3672011,RS Krakatau Medika,Banten,Kota Cilegon,B,RS Privat,80.0,12,0,Tidak tercatat,Tidak tercatat,0,0,Tidak tercatat
3672034,RS Kurnia,Banten,Kota Cilegon,C,RS Privat,49.0,12,0,Tidak tercatat,Tidak tercatat,1,1,100.0
3672022,RS Umum Daerah Kota Cilegon,Banten,Kota Cilegon,B,RS Publik,97.0,14,1,3.0,3.0,3,0,0.0
3672052,RS Umum Hermina Cilegon,Banten,Kota Cilegon,C,RS Privat,32.0,11,0,Tidak tercatat,Tidak tercatat,1,1,100.0
3673047,RS Andalucia,Banten,Kota Serang,D,RS Privat,Tidak tercatat,0,0,Tidak tercatat,Tidak tercatat,0,0,Tidak tercatat
3604046,RS Benggala,Banten,Kota Serang,D,RS Privat,13.0,8,0,Tidak tercatat,Tidak tercatat,0,0,Tidak tercatat
3604053,RS Bhayangkara Tk. IV Biddokkes Polda Banten,Banten,Kota Serang,C,RS Publik,23.0,11,0,Tidak tercatat,Tidak tercatat,1,1,100.0
3604035,RS Budiasih,Banten,Kota Serang,C,RS Privat,47.0,11,0,Tidak tercatat,Tidak tercatat,0,0,Tidak tercatat
3673048,RS CITRA ARAFIQ SERANG,Banten,Kota Serang,C,RS Privat,Tidak tercatat,0,0,Tidak tercatat,Tidak tercatat,0,0,Tidak tercatat
3673010,RS Fatimah,Banten,Kota Serang,D,RS Privat,21.0,8,0,Tidak tercatat,Tidak tercatat,0,0,Tidak tercatat
3673035,RS Ibu dan Anak Puri Garcia,Banten,Kota Serang,C,RS Privat,7.0,4,0,Tidak tercatat,Tidak tercatat,0,0,Tidak tercatat
3673011,RS Mata Achmad Wardi BWI-DD,Banten,Kota Serang,C,RS Privat,2.0,2,0,Tidak tercatat,Tidak tercatat,0,0,Tidak tercatat
3673036,RS Sari Asih Serang,Banten,Kota Serang,B,RS Privat,65.0,14,0,Tidak tercatat,Tidak tercatat,2,1,50.0
3604024,RS Tk. IV Kencana Serang,Banten,Kota Serang,C,RS Publik,39.0,12,0,Tidak tercatat,Tidak tercatat,1,1,100.0
3673004,RS Umum Daerah Banten,Banten,Kota Serang,B,RS Publik,134.0,12,1,11.0,9.0,3,0,0.0
3673012,RS Umum Daerah Kota Serang,Banten,Kota Serang,C,RS Publik,39.0,12,1,4.0,2.0,0,0,Tidak tercatat
3673005,RS Umum Ibunda,Banten,Kota Serang,D,RS Privat,16.0,9,0,Tidak tercatat,Tidak tercatat,1,1,100.0
3671210,Brawijaya Hospital Tangerang,Banten,Kota Tangerang,C,RS Privat,64.0,11,0,Tidak tercatat,Tidak tercatat,1,1,100.0
3671076,RS An-Nisa ,Banten,Kota Tangerang,C,RS Privat,118.0,14,0,Tidak tercatat,Tidak tercatat,2,1,50.0
3671211,RS Aqidah,Banten,Kota Tangerang,D,RS Privat,33.0,12,0,Tidak tercatat,Tidak tercatat,1,1,100.0
3603188,RS Bunda Sejati,Banten,Kota Tangerang,D,RS Privat,37.0,11,0,Tidak tercatat,Tidak tercatat,1,1,100.0
3671021,RS Daan Mogot Kesdam Jaya,Banten,Kota Tangerang,D,RS Publik,26.0,10,0,Tidak tercatat,Tidak tercatat,0,0,Tidak tercatat
3671207,RS Dinda,Banten,Kota Tangerang,C,RS Privat,46.0,12,0,Tidak tercatat,Tidak tercatat,1,1,100.0
3671065,RS EMC Tangerang,Banten,Kota Tangerang,B,RS Privat,108.0,17,0,Tidak tercatat,Tidak tercatat,5,2,40.0
3671202,RS Hermina Ciledug,Banten,Kota Tangerang,D,RS Privat,35.0,9,0,Tidak tercatat,Tidak tercatat,1,1,100.0
3671225,RS Hermina Periuk Tangerang,Banten,Kota Tangerang,C,RS Privat,32.0,8,0,Tidak tercatat,Tidak tercatat,1,1,100.0
3603186,RS Ibu dan Anak Assyifa ,Banten,Kota Tangerang,C,RS Privat,22.0,10,0,Tidak tercatat,Tidak tercatat,1,1,100.0
3671219,RS Ibu dan Anak Gebang Medika,Banten,Kota Tangerang,C,RS Privat,27.0,10,0,Tidak tercatat,Tidak tercatat,1,1,100.0
3671217,RS Ibu dan Anak Karunia Bunda,Banten,Kota Tangerang,C,RS Privat,19.0,10,0,Tidak tercatat,Tidak tercatat,1,1,100.0
3671222,RS Ibu dan Anak Makiyah,Banten,Kota Tangerang,C,RS Privat,16.0,9,0,Tidak tercatat,Tidak tercatat,0,0,Tidak tercatat
3671218,RS Ibu dan Anak PKU Muhammadiyah Cipondoh,Banten,Kota Tangerang,C,RS Publik,20.0,9,0,Tidak tercatat,Tidak tercatat,1,1,100.0
3671221,RS Ibu dan Anak Pratiwi,Banten,Kota Tangerang,C,RS Privat,25.0,11,0,Tidak tercatat,Tidak tercatat,1,1,100.0
3671082,RS Islam Sari Asih Ar-rahmah,Banten,Kota Tangerang,C,RS Publik,40.0,12,0,Tidak tercatat,Tidak tercatat,1,1,100.0
3671223,RS Karang Tengah Medika,Banten,Kota Tangerang,C,RS Privat,46.0,11,0,Tidak tercatat,Tidak tercatat,1,1,100.0
3671226,RS Mandaya Royal Puri,Banten,Kota Tangerang,Belum Ditetapkan,RS Privat,55.0,12,0,Tidak tercatat,Tidak tercatat,0,0,Tidak tercatat
3671080,RS Mayapada,Banten,Kota Tangerang,B,RS Privat,137.0,20,0,Tidak tercatat,Tidak tercatat,4,2,50.0
3603182,RS Medika Lestari,Banten,Kota Tangerang,C,RS Privat,50.0,12,0,Tidak tercatat,Tidak tercatat,1,1,100.0
3671124,RS Melati,Banten,Kota Tangerang,C,RS Privat,50.0,12,0,Tidak tercatat,Tidak tercatat,0,0,Tidak tercatat
3671241,RS Metro Hospitals M. Toha,Banten,Kota Tangerang,B,RS Privat,Tidak tercatat,0,0,Tidak tercatat,Tidak tercatat,1,1,100.0
3671135,RS Mulya,Banten,Kota Tangerang,C,RS Privat,77.0,12,0,Tidak tercatat,Tidak tercatat,1,1,100.0
3671126,RS Murni Teguh Ciledug,Banten,Kota Tangerang,C,RS Privat,66.0,12,0,Tidak tercatat,Tidak tercatat,4,2,50.0
3671203,RS Primaya,Banten,Kota Tangerang,B,RS Privat,88.0,18,0,Tidak tercatat,Tidak tercatat,4,3,75.0
3671205,RS Sari Asih Ciledug,Banten,Kota Tangerang,C,RS Privat,82.0,14,0,Tidak tercatat,Tidak tercatat,3,1,33.33
3671224,RS Sari Asih Cipondoh,Banten,Kota Tangerang,C,RS Privat,55.0,13,0,Tidak tercatat,Tidak tercatat,2,1,50.0
3671043,RS Sari Asih Karawaci,Banten,Kota Tangerang,C,RS Privat,79.0,14,0,Tidak tercatat,Tidak tercatat,2,1,50.0
3671209,RS Sari Asih Sangiang,Banten,Kota Tangerang,C,RS Privat,48.0,12,0,Tidak tercatat,Tidak tercatat,1,1,100.0
3671214,RS Tiara ,Banten,Kota Tangerang,D,RS Privat,38.0,12,0,Tidak tercatat,Tidak tercatat,1,1,100.0
3671146,RS Umum Bhakti Asih,Banten,Kota Tangerang,C,RS Privat,55.0,13,0,Tidak tercatat,Tidak tercatat,1,1,100.0
3671208,RS Umum Daerah Kota Tangerang,Banten,Kota Tangerang,C,RS Publik,116.0,13,1,9.0,4.0,2,1,50.0
3671136,RS Umum Hermina Tangerang,Banten,Kota Tangerang,C,RS Privat,126.0,15,0,Tidak tercatat,Tidak tercatat,4,3,75.0
3671032,RSUP Dr. Sitanala Tangerang,Banten,Kota Tangerang,B,RS Publik,95.0,14,1,3.0,3.0,2,1,50.0
3674193,RS Buah Hati Ciputat,Banten,Kota Tangerang Selatan,C,RS Privat,50.0,11,0,Tidak tercatat,Tidak tercatat,1,1,100.0
3674171,RS Cinta Kasih,Banten,Kota Tangerang Selatan,C,RS Privat,25.0,9,0,Tidak tercatat,Tidak tercatat,1,1,100.0
3674157,RS Columbia Asia BSD,Banten,Kota Tangerang Selatan,B,RS Privat,84.0,13,0,Tidak tercatat,Tidak tercatat,3,2,66.67
3603115,RS EMC Alam Sutera,Banten,Kota Tangerang Selatan,B,RS Privat,101.0,15,0,Tidak tercatat,Tidak tercatat,4,2,50.0
3674113,RS Eka,Banten,Kota Tangerang Selatan,B,RS Privat,139.0,17,0,Tidak tercatat,Tidak tercatat,0,0,Tidak tercatat
3674019,RS Helsa Ciputat,Banten,Kota Tangerang Selatan,C,RS Privat,25.0,11,0,Tidak tercatat,Tidak tercatat,1,1,100.0
3674007,RS Hermina Ciputat,Banten,Kota Tangerang Selatan,C,RS Privat,95.0,11,0,Tidak tercatat,Tidak tercatat,2,1,50.0
3674014,RS Hermina Serpong,Banten,Kota Tangerang Selatan,C,RS Privat,43.0,11,0,Tidak tercatat,Tidak tercatat,1,1,100.0
3674021,RS Ibu dan Anak Bina Medika,Banten,Kota Tangerang Selatan,C,RS Privat,68.0,10,0,Tidak tercatat,Tidak tercatat,0,0,Tidak tercatat
3674013,RS Ibu dan Anak Buah Hati Pamulang,Banten,Kota Tangerang Selatan,C,RS Privat,26.0,9,0,Tidak tercatat,Tidak tercatat,1,1,100.0
3674008,RS Ibu dan Anak Bunda Ciputat,Banten,Kota Tangerang Selatan,C,RS Privat,52.0,11,0,Tidak tercatat,Tidak tercatat,0,0,Tidak tercatat
3674011,RS Ibu dan Anak Dhia,Banten,Kota Tangerang Selatan,C,RS Privat,37.0,10,0,Tidak tercatat,Tidak tercatat,0,0,Tidak tercatat
3603093,RS Ibu dan Anak Permata Dalima,Banten,Kota Tangerang Selatan,C,RS Privat,11.0,7,0,Tidak tercatat,Tidak tercatat,1,1,100.0
3674003,RS Ibu dan Anak Permata Sarana Husada,Banten,Kota Tangerang Selatan,C,RS Privat,23.0,10,0,Tidak tercatat,Tidak tercatat,1,1,100.0
3674015,RS Ibu dan Anak Vitalaya ,Banten,Kota Tangerang Selatan,C,RS Privat,17.0,6,0,Tidak tercatat,Tidak tercatat,1,1,100.0
3603082,RS Ichsan Medical Center,Banten,Kota Tangerang Selatan,C,RS Privat,41.0,11,0,Tidak tercatat,Tidak tercatat,1,1,100.0
3674016,RS Insan Permata,Banten,Kota Tangerang Selatan,C,RS Privat,35.0,12,0,Tidak tercatat,Tidak tercatat,0,0,Tidak tercatat
3674056,RS Islam Asshobirin,Banten,Kota Tangerang Selatan,C,RS Publik,33.0,10,0,Tidak tercatat,Tidak tercatat,1,1,100.0
3674071,RS Khusus Jiwa Dharma Graha,Banten,Kota Tangerang Selatan,C,RS Publik,3.0,1,0,Tidak tercatat,Tidak tercatat,0,0,Tidak tercatat
3671201,RS Khusus THT-Bedah KL Proklamasi BSD,Banten,Kota Tangerang Selatan,C,RS Privat,12.0,3,0,Tidak tercatat,Tidak tercatat,0,0,Tidak tercatat
3674020,RS Mitra Keluarga Bintaro,Banten,Kota Tangerang Selatan,C,RS Privat,65.0,14,0,Tidak tercatat,Tidak tercatat,0,0,Tidak tercatat
3674004,RS Permata Pamulang,Banten,Kota Tangerang Selatan,C,RS Privat,65.0,13,0,Tidak tercatat,Tidak tercatat,2,1,50.0
3674018,RS Pondok Indah Bintaro Jaya,Banten,Kota Tangerang Selatan,C,RS Privat,137.0,14,0,Tidak tercatat,Tidak tercatat,0,0,Tidak tercatat
3674102,RS Premier Bintaro,Banten,Kota Tangerang Selatan,B,RS Privat,116.0,15,0,Tidak tercatat,Tidak tercatat,4,2,50.0
3671216,RS Rumah Indonesia Sehat,Banten,Kota Tangerang Selatan,C,RS Privat,39.0,11,0,Tidak tercatat,Tidak tercatat,1,1,100.0
3674005,RS Sari Asih Ciputat,Banten,Kota Tangerang Selatan,C,RS Privat,71.0,14,0,Tidak tercatat,Tidak tercatat,3,1,33.33
3674006,RS Syarif Hidayatullah,Banten,Kota Tangerang Selatan,C,RS Publik,78.0,14,0,Tidak tercatat,Tidak tercatat,0,0,Tidak tercatat
3674168,RS Umum Daerah Kota Tangerang Selatan,Banten,Kota Tangerang Selatan,C,RS Publik,135.0,14,1,4.0,4.0,1,1,100.0
3674204,RS Umum Daerah Pondok Aren,Banten,Kota Tangerang Selatan,C,RS Publik,28.0,7,0,Tidak tercatat,Tidak tercatat,0,0,Tidak tercatat
3674022,RS Umum Daerah Serpong Utara,Banten,Kota Tangerang Selatan,C,RS Publik,60.0,11,0,Tidak tercatat,Tidak tercatat,1,1,100.0
3674205,RS. Mitra Keluarga Pamulang,Banten,Kota Tangerang Selatan,C,RS Privat,12.0,3,0,Tidak tercatat,Tidak tercatat,0,0,Tidak tercatat
3602012,RS Kartini,Banten,Lebak,C,RS Privat,76.0,12,0,Tidak tercatat,Tidak tercatat,1,1,100.0
3602022,RS Misi Lebak,Banten,Lebak,C,RS Publik,43.0,12,0,Tidak tercatat,Tidak tercatat,1,1,100.0
3602011,RS Umum Daerah Dr. Adjidarmo,Banten,Lebak,B,RS Publik,105.0,14,1,2.0,2.0,2,1,50.0
3602045,RS Umum Daerah Malingping,Banten,Lebak,C,RS Publik,38.0,12,1,2.0,2.0,1,1,100.0
3601037,RS Alinda Husada,Banten,Pandeglang,D,RS Privat,6.0,3,0,Tidak tercatat,Tidak tercatat,0,0,Tidak tercatat
3601034,RS Ibu dan Anak Permata Ibunda,Banten,Pandeglang,C,RS Privat,15.0,7,0,Tidak tercatat,Tidak tercatat,0,0,Tidak tercatat
3601048,RS SHL,Banten,Pandeglang,D,RS Privat,Tidak tercatat,0,0,Tidak tercatat,Tidak tercatat,0,0,Tidak tercatat
3601036,RS Umum Aulia Pandeglang,Banten,Pandeglang,D,RS Publik,18.0,5,0,Tidak tercatat,Tidak tercatat,0,0,Tidak tercatat
3601010,RS Umum Daerah Berkah Pandeglang,Banten,Pandeglang,B,RS Publik,86.0,13,1,5.0,5.0,1,0,0.0
3604002,RS Hermina Ciruas,Banten,Serang,C,RS Privat,100.0,12,0,Tidak tercatat,Tidak tercatat,1,1,100.0
3604047,RS Kurnia Serang,Banten,Serang,C,RS Privat,47.0,12,0,Tidak tercatat,Tidak tercatat,1,1,100.0
3604052,RS Otika Medika,Banten,Serang,D,RS Privat,Tidak tercatat,0,0,Tidak tercatat,Tidak tercatat,1,1,100.0
3604050,RS Permata Serdang,Banten,Serang,D,RS Privat,26.0,10,0,Tidak tercatat,Tidak tercatat,0,0,Tidak tercatat
3604054,RS Tonggak Husada,Banten,Serang,D,RS Privat,9.0,4,0,Tidak tercatat,Tidak tercatat,0,0,Tidak tercatat
3604013,RS Umum Daerah dr. Drajat Prawiranegara ,Banten,Serang,B,RS Publik,100.0,13,1,4.0,4.0,4,2,50.0
3603169,Metro Hospitals Cikupa,Banten,Tangerang,C,RS Privat,47.0,11,0,Tidak tercatat,Tidak tercatat,1,1,100.0
3603181,RS Bethsaida,Banten,Tangerang,B,RS Privat,118.0,15,0,Tidak tercatat,Tidak tercatat,0,0,Tidak tercatat
3603180,RS Ciputra ,Banten,Tangerang,B,RS Privat,102.0,16,0,Tidak tercatat,Tidak tercatat,4,2,50.0
3603178,RS Ibu dan Anak Bunda Sejahtera,Banten,Tangerang,C,RS Privat,23.0,10,0,Tidak tercatat,Tidak tercatat,1,1,100.0
3603173,RS Ibu dan Anak Harapan Mulia,Banten,Tangerang,C,RS Privat,Tidak tercatat,0,0,Tidak tercatat,Tidak tercatat,1,1,100.0
3603190,RS Ibu dan Anak Ilanur,Banten,Tangerang,C,RS Privat,17.0,10,0,Tidak tercatat,Tidak tercatat,1,1,100.0
3603104,RS Ibu dan Anak Selaras,Banten,Tangerang,C,RS Privat,19.0,9,0,Tidak tercatat,Tidak tercatat,1,1,100.0
3603146,RS Ibu dan Anak Tiara,Banten,Tangerang,C,RS Privat,37.0,10,0,Tidak tercatat,Tidak tercatat,1,1,100.0
3603195,RS Mentari,Banten,Tangerang,C,RS Privat,30.0,10,0,Tidak tercatat,Tidak tercatat,0,0,Tidak tercatat
3671179,RS Mitra Husada,Banten,Tangerang,C,RS Privat,35.0,10,0,Tidak tercatat,Tidak tercatat,1,1,100.0
3603192,RS Mitra Keluarga Gading Serpong,Banten,Tangerang,C,RS Privat,69.0,14,0,Tidak tercatat,Tidak tercatat,2,1,50.0
3603177,RS Permata Hati,Banten,Tangerang,C,RS Privat,19.0,9,0,Tidak tercatat,Tidak tercatat,0,0,Tidak tercatat
3603023,RS Qadr,Banten,Tangerang,C,RS Publik,56.0,11,0,Tidak tercatat,Tidak tercatat,1,1,100.0
3603047,RS Selaras,Banten,Tangerang,D,RS Privat,7.0,2,0,Tidak tercatat,Tidak tercatat,0,0,Tidak tercatat
3603193,RS Siloam Hospitals Kelapa Dua,Banten,Tangerang,C,RS Privat,62.0,12,0,Tidak tercatat,Tidak tercatat,2,0,0.0
3671054,RS Siloam Hospitals Lippo Village,Banten,Tangerang,B,RS Privat,659.0,14,0,Tidak tercatat,Tidak tercatat,6,3,50.0
3603172,RS St. Carolus Summarecon Serpong ,Banten,Tangerang,C,RS Privat,84.0,13,0,Tidak tercatat,Tidak tercatat,0,0,Tidak tercatat
3603168,RS Suci Paramita,Banten,Tangerang,D,RS Publik,17.0,9,0,Tidak tercatat,Tidak tercatat,1,1,100.0
3603183,RS Umum BUN,Banten,Tangerang,C,RS Privat,39.0,11,0,Tidak tercatat,Tidak tercatat,1,1,100.0
3603157,RS Umum Daerah Balaraja,Banten,Tangerang,B,RS Publik,106.0,14,0,Tidak tercatat,Tidak tercatat,0,0,Tidak tercatat
3603010,RS Umum Daerah Kabupaten Tangerang,Banten,Tangerang,B,RS Publik,165.0,16,1,13.0,8.0,5,4,80.0
3603191,RS Umum Daerah Pakuhaji,Banten,Tangerang,C,RS Publik,60.0,13,0,Tidak tercatat,Tidak tercatat,2,1,50.0
3603210,RS Umum Daerah Tigaraksa,Banten,Tangerang,C,RS Publik,Tidak tercatat,0,0,Tidak tercatat,Tidak tercatat,0,0,Tidak tercatat
3603185,RS Umum Hermina Bitung,Banten,Tangerang,C,RS Privat,71.0,9,0,Tidak tercatat,Tidak tercatat,1,1,100.0
3603176,RS Umum Keluarga Kita,Banten,Tangerang,C,RS Privat,47.0,12,0,Tidak tercatat,Tidak tercatat,1,1,100.0
3603175,RS Umum Murni Asih,Banten,Tangerang,C,RS Privat,21.0,11,0,Tidak tercatat,Tidak tercatat,0,0,Tidak tercatat
3603196,RS Umum Primaya Pasar Kemis,Banten,Tangerang,C,RS Privat,29.0,9,0,Tidak tercatat,Tidak tercatat,0,0,Tidak tercatat
3603189,RS UniMedika Sepatan,Banten,Tangerang,C,RS Privat,20.0,9,0,Tidak tercatat,Tidak tercatat,1,1,100.0
1701016,RS As-syifa,Bengkulu,Bengkulu Selatan,D,RS Privat,31.0,10,0,Tidak tercatat,Tidak tercatat,0,0,Tidak tercatat
1701014,RS Umum Daerah Hasanuddin Damrah Manna,Bengkulu,Bengkulu Selatan,C,RS Publik,62.0,13,1,3.0,3.0,2,0,0.0
1709038,RS Umum Daerah Bengkulu Tengah,Bengkulu,Bengkulu Tengah,D,RS Publik,33.0,10,1,4.0,2.0,1,0,0.0
1703045,Charitas Hospital Arga Makmur,Bengkulu,Bengkulu Utara,D,RS Publik,12.0,5,0,Tidak tercatat,Tidak tercatat,1,0,0.0
1703027,RS Bergerak Enggano,Bengkulu,Bengkulu Utara,D,RS Publik,1.0,1,0,Tidak tercatat,Tidak tercatat,0,0,Tidak tercatat
1703016,RS Umum Daerah Arga Makmur,Bengkulu,Bengkulu Utara,C,RS Publik,43.0,12,1,1.0,1.0,1,0,0.0
1703046,RS Umum Daerah Lagita,Bengkulu,Bengkulu Utara,D,RS Publik,24.0,9,0,Tidak tercatat,Tidak tercatat,0,0,Tidak tercatat
1704028,RS Umum Daerah Kaur,Bengkulu,Kaur,C,RS Publik,48.0,10,1,2.0,2.0,1,0,0.0
1708010,RS Umum Daerah Kepahiang,Bengkulu,Kepahiang,C,RS Publik,45.0,12,1,7.0,3.0,1,0,0.0
1771051,RS Bhayangkara Jitra Kota Bengkulu,Bengkulu,Kota Bengkulu,C,RS Publik,69.0,11,0,Tidak tercatat,Tidak tercatat,0,0,Tidak tercatat
1771009,RS Gading Medika,Bengkulu,Kota Bengkulu,C,RS Privat,55.0,11,0,Tidak tercatat,Tidak tercatat,1,0,0.0
1771073,RS Ibu dan Anak Tino Galo Kota Bengkulu,Bengkulu,Kota Bengkulu,C,RS Publik,15.0,6,0,Tidak tercatat,Tidak tercatat,0,0,Tidak tercatat
1771025,RS Jiwa Soeprapto Provinsi Bengkulu,Bengkulu,Kota Bengkulu,B,RS Publik,43.0,7,0,Tidak tercatat,Tidak tercatat,0,0,Tidak tercatat
1771036,RS Rafflesia Bengkulu,Bengkulu,Kota Bengkulu,C,RS Publik,33.0,11,0,Tidak tercatat,Tidak tercatat,1,0,0.0
1771062,RS Tiara Sella,Bengkulu,Kota Bengkulu,C,RS Privat,63.0,13,0,Tidak tercatat,Tidak tercatat,2,0,0.0
1771040,RS Tk. IV Bengkulu,Bengkulu,Kota Bengkulu,D,RS Publik,64.0,8,0,Tidak tercatat,Tidak tercatat,0,0,Tidak tercatat
1771014,RS Umum Daerah Dr. M. Yunus Bengkulu,Bengkulu,Kota Bengkulu,B,RS Publik,136.0,14,1,12.0,12.0,6,3,50.0
1771002,RS Umum Daerah Harapan dan Doa,Bengkulu,Kota Bengkulu,C,RS Publik,77.0,11,1,2.0,2.0,1,0,0.0
1771007,RS Umum Ummi Bengkulu,Bengkulu,Kota Bengkulu,C,RS Privat,50.0,13,0,Tidak tercatat,Tidak tercatat,1,0,0.0
1707026,RS Umum Daerah Lebong,Bengkulu,Lebong,C,RS Publik,28.0,11,1,3.0,2.0,0,0,Tidak tercatat
1706020,RS Ibu dan Anak AL-Barra,Bengkulu,Muko Muko,C,RS Privat,11.0,5,0,Tidak tercatat,Tidak tercatat,2,0,0.0
1706019,RS Umum Daerah Mukomuko,Bengkulu,Muko Muko,C,RS Publik,59.0,12,1,3.0,3.0,1,0,0.0
1702035,RS An-Nissa,Bengkulu,Rejang Lebong,D,RS Privat,21.0,10,0,Tidak tercatat,Tidak tercatat,1,0,0.0
1702047,RS Assalam,Bengkulu,Rejang Lebong,D,RS Privat,Tidak tercatat,0,0,Tidak tercatat,Tidak tercatat,1,0,0.0
1702015,RS Umum Daerah Kabupaten Rejang Lebong,Bengkulu,Rejang Lebong,C,RS Publik,62.0,12,1,1.0,1.0,1,0,0.0
1705018,RS Umum Daerah Tais Kabupaten Seluma,Bengkulu,Seluma,C,RS Publik,49.0,11,1,3.0,2.0,1,0,0.0
3402081,RS Bedah Adelia,DI Yogyakarta,Bantul,C,RS Privat,8.0,5,0,Tidak tercatat,Tidak tercatat,0,0,Tidak tercatat
3402042,RS Ibu Anak Ummi Khasanah,DI Yogyakarta,Bantul,C,RS Publik,12.0,6,0,Tidak tercatat,Tidak tercatat,0,0,Tidak tercatat
3402076,RS Khusus Bedah Ring Road Selatan,DI Yogyakarta,Bantul,C,RS Privat,21.0,8,0,Tidak tercatat,Tidak tercatat,1,1,100.0
3402080,RS Khusus Ibu dan Anak Kahyangan,DI Yogyakarta,Bantul,C,RS Privat,9.0,6,0,Tidak tercatat,Tidak tercatat,0,0,Tidak tercatat
3471121,RS Paru Respira,DI Yogyakarta,Bantul,C,RS Publik,40.0,10,0,Tidak tercatat,Tidak tercatat,2,1,50.0
3402086,RS Rajawali Citra ,DI Yogyakarta,Bantul,D,RS Publik,37.0,11,0,Tidak tercatat,Tidak tercatat,1,1,100.0
3402016,RS Umum Daerah Panembahan Senopati,DI Yogyakarta,Bantul,B,RS Publik,109.0,13,1,9.0,7.0,6,2,33.33
3402097,RS Umum Daerah Saras Adyatma,DI Yogyakarta,Bantul,D,RS Publik,20.0,8,0,Tidak tercatat,Tidak tercatat,1,1,100.0
3402077,RS Umum Griya Mahardika Yogyakarta,DI Yogyakarta,Bantul,D,RS Privat,23.0,11,0,Tidak tercatat,Tidak tercatat,1,1,100.0
3402053,RS Umum Nur Hidayah,DI Yogyakarta,Bantul,D,RS Publik,32.0,11,0,Tidak tercatat,Tidak tercatat,1,1,100.0
3402075,RS Umum Permata Husada,DI Yogyakarta,Bantul,D,RS Publik,22.0,9,0,Tidak tercatat,Tidak tercatat,1,1,100.0
3402064,RS Umum Rachma Husada ,DI Yogyakarta,Bantul,C,RS Publik,29.0,11,0,Tidak tercatat,Tidak tercatat,0,0,Tidak tercatat
3402020,RS Umum Santa Elisabeth,DI Yogyakarta,Bantul,D,RS Publik,41.0,11,0,Tidak tercatat,Tidak tercatat,1,1,100.0
3402084,RS Universitas Islam Indonesia,DI Yogyakarta,Bantul,C,RS Privat,57.0,12,0,Tidak tercatat,Tidak tercatat,2,1,50.0
3471074,RSPAU Dr.  Suhardi Harjolukito,DI Yogyakarta,Bantul,B,RS Publik,114.0,17,0,Tidak tercatat,Tidak tercatat,6,4,66.67
3402031,RSU PKU Muhammadiyah Bantul,DI Yogyakarta,Bantul,C,RS Publik,79.0,12,0,Tidak tercatat,Tidak tercatat,1,0,0.0
3403025,RS Bethesda Wonosari,DI Yogyakarta,Gunung Kidul,D,RS Publik,26.0,10,0,Tidak tercatat,Tidak tercatat,0,0,Tidak tercatat
3403026,RS Ibu dan anak Allaudya,DI Yogyakarta,Gunung Kidul,C,RS Privat,1.0,1,0,Tidak tercatat,Tidak tercatat,0,0,Tidak tercatat
3403038,RS Islam Gunungkidul,DI Yogyakarta,Gunung Kidul,D,RS Privat,3.0,2,0,Tidak tercatat,Tidak tercatat,1,1,100.0
3403027,RS Umum Daerah Saptosari,DI Yogyakarta,Gunung Kidul,D,RS Publik,30.0,11,0,Tidak tercatat,Tidak tercatat,1,1,100.0
3403010,RS Umum Daerah Wonosari,DI Yogyakarta,Gunung Kidul,C,RS Publik,57.0,12,1,2.0,2.0,1,1,100.0
3403021,RS Umum Nur Rohmah,DI Yogyakarta,Gunung Kidul,D,RS Publik,29.0,11,0,Tidak tercatat,Tidak tercatat,1,1,100.0
3403024,RS Umum PKU Muhammadiyah Wonosari,DI Yogyakarta,Gunung Kidul,D,RS Publik,23.0,9,0,Tidak tercatat,Tidak tercatat,1,1,100.0
3403023,RS Umum Panti Rahayu,DI Yogyakarta,Gunung Kidul,C,RS Privat,52.0,12,0,Tidak tercatat,Tidak tercatat,1,1,100.0
3403022,RS Umum Pelita Husada ,DI Yogyakarta,Gunung Kidul,D,RS Privat,22.0,11,0,Tidak tercatat,Tidak tercatat,0,0,Tidak tercatat
3471096,RS  Mata Dr. Yap,DI Yogyakarta,Kota Yogyakarta,B,RS Publik,16.0,5,0,Tidak tercatat,Tidak tercatat,1,1,100.0
3471381,RS AMC Muhammadiyah,DI Yogyakarta,Kota Yogyakarta,D,RS Privat,39.0,12,0,Tidak tercatat,Tidak tercatat,0,0,Tidak tercatat
3471336,RS Bethesda Lempuyangwangi,DI Yogyakarta,Kota Yogyakarta,D,RS Publik,47.0,12,0,Tidak tercatat,Tidak tercatat,1,0,0.0
3471063,RS Bethesda Yogyakarta,DI Yogyakarta,Kota Yogyakarta,B,RS Publik,103.0,21,0,Tidak tercatat,Tidak tercatat,7,3,42.86
3471374,RS Gigi dan Mulut Universitas Muhammadiyah Yogyakarta,DI Yogyakarta,Kota Yogyakarta,B,RS Privat,32.0,4,0,Tidak tercatat,Tidak tercatat,0,0,Tidak tercatat
3471373,RS Happy Land Medical Centre,DI Yogyakarta,Kota Yogyakarta,C,RS Privat,54.0,11,0,Tidak tercatat,Tidak tercatat,1,0,0.0
3471026,RS Islam Hidayatullah Yogyakarta,DI Yogyakarta,Kota Yogyakarta,D,RS Publik,29.0,9,0,Tidak tercatat,Tidak tercatat,0,0,Tidak tercatat
3471107,RS Khusus Ibu dan Anak  PKU Muhammadiyah Kotagede ,DI Yogyakarta,Kota Yogyakarta,C,RS Publik,29.0,11,0,Tidak tercatat,Tidak tercatat,1,1,100.0
3471325,RS Khusus Ibu dan Anak Permata Bunda,DI Yogyakarta,Kota Yogyakarta,C,RS Publik,11.0,6,0,Tidak tercatat,Tidak tercatat,0,0,Tidak tercatat
3471379,RS Khusus Ibu dan Anak Rachmi,DI Yogyakarta,Kota Yogyakarta,C,RS Privat,22.0,6,0,Tidak tercatat,Tidak tercatat,0,0,Tidak tercatat
3471085,RS Khusus Jiwa Puri Nirmala,DI Yogyakarta,Kota Yogyakarta,C,RS Publik,4.0,1,0,Tidak tercatat,Tidak tercatat,0,0,Tidak tercatat
3471282,RS Ludira Husada Tama,DI Yogyakarta,Kota Yogyakarta,D,RS Publik,62.0,9,0,Tidak tercatat,Tidak tercatat,1,1,100.0
3471041,RS PKU Muhammadiyah Yogyakarta,DI Yogyakarta,Kota Yogyakarta,B,RS Publik,88.0,12,0,Tidak tercatat,Tidak tercatat,2,2,100.0
3471377,RS Pratama Kota Yogyakarta,DI Yogyakarta,Kota Yogyakarta,D,RS Publik,43.0,11,0,Tidak tercatat,Tidak tercatat,1,1,100.0
3471380,RS Siloam Yogyakarta,DI Yogyakarta,Kota Yogyakarta,C,RS Privat,58.0,14,0,Tidak tercatat,Tidak tercatat,4,1,25.0
3471030,RS Tk. III 04.06.03 Dr. Soetarto,DI Yogyakarta,Kota Yogyakarta,C,RS Publik,73.0,13,0,Tidak tercatat,Tidak tercatat,1,1,100.0
3471234,RS Umum Daerah Kota Yogyakarta,DI Yogyakarta,Kota Yogyakarta,B,RS Publik,73.0,14,1,5.0,5.0,5,3,60.0
3471052,RS Umum Panti Rapih,DI Yogyakarta,Kota Yogyakarta,B,RS Publik,148.0,20,0,Tidak tercatat,Tidak tercatat,5,3,60.0
3401052,RS Umum Daerah Nyi Ageng Serang,DI Yogyakarta,Kulon Progo,C,RS Publik,53.0,11,0,Tidak tercatat,Tidak tercatat,1,1,100.0
3401015,RS Umum Daerah Wates,DI Yogyakarta,Kulon Progo,B,RS Publik,61.0,12,1,3.0,3.0,2,2,100.0
3401048,RS Umum Kharisma Paramedika,DI Yogyakarta,Kulon Progo,D,RS Privat,19.0,8,0,Tidak tercatat,Tidak tercatat,0,0,Tidak tercatat
3401050,RS Umum PKU Muhammadiyah Nanggulan,DI Yogyakarta,Kulon Progo,D,RS Publik,19.0,10,0,Tidak tercatat,Tidak tercatat,0,0,Tidak tercatat
3401053,RS Umum Pura Raharja Medika,DI Yogyakarta,Kulon Progo,D,RS Privat,21.0,9,0,Tidak tercatat,Tidak tercatat,0,0,Tidak tercatat
3401058,RS Umum Queen Latifa,DI Yogyakarta,Kulon Progo,D,RS Privat,13.0,8,0,Tidak tercatat,Tidak tercatat,1,1,100.0
3401051,RS Umum Rizki Amalia,DI Yogyakarta,Kulon Progo,D,RS Privat,22.0,9,0,Tidak tercatat,Tidak tercatat,0,0,Tidak tercatat
3401037,RS Umum Rizki Amalia Medika,DI Yogyakarta,Kulon Progo,D,RS Publik,32.0,11,0,Tidak tercatat,Tidak tercatat,0,0,Tidak tercatat
3401026,RSU Santo Yusup Boro,DI Yogyakarta,Kulon Progo,D,RS Publik,19.0,9,0,Tidak tercatat,Tidak tercatat,0,0,Tidak tercatat
3404033,Charitas Hospital Klepu,DI Yogyakarta,Sleman,D,RS Publik,25.0,10,0,Tidak tercatat,Tidak tercatat,1,0,0.0
3404189,RS Akademik Universitas Gadjah Mada,DI Yogyakarta,Sleman,B,RS Publik,147.0,17,0,Tidak tercatat,Tidak tercatat,6,1,16.67
3404181,RS At-Turots Al-Islamy,DI Yogyakarta,Sleman,D,RS Publik,27.0,11,0,Tidak tercatat,Tidak tercatat,1,1,100.0
3471362,RS Gigi dan Mulut UGM Prof. Soedomo,DI Yogyakarta,Sleman,B,RS Privat,173.0,7,0,Tidak tercatat,Tidak tercatat,0,0,Tidak tercatat
3404180,RS Ibu Anak Arvita Bunda,DI Yogyakarta,Sleman,C,RS Publik,18.0,7,0,Tidak tercatat,Tidak tercatat,0,0,Tidak tercatat
3404146,RS Islam Yayasan PDHI,DI Yogyakarta,Sleman,C,RS Publik,64.0,13,0,Tidak tercatat,Tidak tercatat,1,1,100.0
3404056,RS Jih,DI Yogyakarta,Sleman,B,RS Privat,158.0,14,0,Tidak tercatat,Tidak tercatat,0,0,Tidak tercatat
3404022,RS Jiwa Grhasia,DI Yogyakarta,Sleman,A,RS Publik,32.0,8,0,Tidak tercatat,Tidak tercatat,1,1,100.0
3404070,RS Khusus Bedah An-Nur,DI Yogyakarta,Sleman,C,RS Publik,22.0,8,0,Tidak tercatat,Tidak tercatat,0,0,Tidak tercatat
3404185,RS Khusus Bedah Sinduadi,DI Yogyakarta,Sleman,C,RS Privat,20.0,9,0,Tidak tercatat,Tidak tercatat,0,0,Tidak tercatat
3404187,RS Khusus Ibu Anak Sadewa,DI Yogyakarta,Sleman,C,RS Privat,59.0,10,0,Tidak tercatat,Tidak tercatat,1,1,100.0
3404045,RS Queen Latifa,DI Yogyakarta,Sleman,D,RS Privat,39.0,9,0,Tidak tercatat,Tidak tercatat,0,0,Tidak tercatat
3404184,RS Umum Bhayangkara POLDA DIY,DI Yogyakarta,Sleman,D,RS Publik,44.0,11,0,Tidak tercatat,Tidak tercatat,1,1,100.0
3404196,RS Umum Bunga Bangsa Medika,DI Yogyakarta,Sleman,D,RS Privat,9.0,3,0,Tidak tercatat,Tidak tercatat,0,0,Tidak tercatat
3404081,RS Umum Condong Catur ,DI Yogyakarta,Sleman,D,RS Privat,44.0,11,0,Tidak tercatat,Tidak tercatat,1,0,0.0
3404168,RS Umum Daerah Prambanan,DI Yogyakarta,Sleman,C,RS Publik,60.0,12,0,Tidak tercatat,Tidak tercatat,0,0,Tidak tercatat
3404011,RS Umum Daerah Sleman,DI Yogyakarta,Sleman,B,RS Publik,80.0,14,1,15.0,7.0,5,3,60.0
3404182,RS Umum Gramedika 10,DI Yogyakarta,Sleman,D,RS Privat,15.0,6,0,Tidak tercatat,Tidak tercatat,0,0,Tidak tercatat
3404193,RS Umum Hermina Yogya,DI Yogyakarta,Sleman,C,RS Privat,84.0,13,0,Tidak tercatat,Tidak tercatat,1,0,0.0
3404179,RS Umum Mitra Paramedika,DI Yogyakarta,Sleman,D,RS Publik,33.0,11,0,Tidak tercatat,Tidak tercatat,1,1,100.0
3404190,RS Umum Mitra Sehat,DI Yogyakarta,Sleman,D,RS Privat,22.0,10,0,Tidak tercatat,Tidak tercatat,0,0,Tidak tercatat
3404183,RS Umum PKU Muhammadiyah Gamping,DI Yogyakarta,Sleman,B,RS Publik,94.0,14,0,Tidak tercatat,Tidak tercatat,1,1,100.0
3404124,RS Umum Panti Nugroho,DI Yogyakarta,Sleman,D,RS Publik,48.0,11,0,Tidak tercatat,Tidak tercatat,0,0,Tidak tercatat
3404102,RS Umum Panti Rini,DI Yogyakarta,Sleman,C,RS Publik,42.0,11,0,Tidak tercatat,Tidak tercatat,0,0,Tidak tercatat
3404092,RS Umum Puri Husada Yogyakarta ,DI Yogyakarta,Sleman,D,RS Privat,28.0,10,0,Tidak tercatat,Tidak tercatat,0,0,Tidak tercatat
3404157,RS Umum Sakina Idaman,DI Yogyakarta,Sleman,C,RS Publik,22.0,10,0,Tidak tercatat,Tidak tercatat,0,0,Tidak tercatat
3404191,RS Universitas Ahmad Dahlan,DI Yogyakarta,Sleman,D,RS Privat,30.0,10,0,Tidak tercatat,Tidak tercatat,1,1,100.0
3404015,RSUP Dr. Sardjito,DI Yogyakarta,Sleman,A,RS Publik,1472.0,21,1,22.0,14.0,7,3,42.86
3101002,RS Umum Daerah Kepulauan Seribu,DKI Jakarta,Kepulauan Seribu,D,RS Publik,30.0,11,1,3.0,2.0,1,1,100.0
3174260,RS Anak dan Bunda Harapan Kita,DKI Jakarta,Kota Jakarta Barat,A,RS Publik,129.0,14,1,2.0,2.0,4,3,75.0
3174527,RS Gigi dan Mulut FKG Universitas Trisakti,DKI Jakarta,Kota Jakarta Barat,A,RS Privat,70.0,6,0,Tidak tercatat,Tidak tercatat,0,0,Tidak tercatat
3174516,RS Ibu dan Anak Ibnu Sina,DKI Jakarta,Kota Jakarta Barat,C,RS Privat,16.0,6,0,Tidak tercatat,Tidak tercatat,0,0,Tidak tercatat
3174497,RS Ibu dan Anak Metro Hospitals Kebon Jeruk,DKI Jakarta,Kota Jakarta Barat,C,RS Privat,17.0,5,0,Tidak tercatat,Tidak tercatat,0,0,Tidak tercatat
3174282,RS Jantung dan Pembuluh Darah Harapan Kita,DKI Jakarta,Kota Jakarta Barat,A,RS Publik,320.0,13,1,3.0,3.0,1,1,100.0
3174041,RS Jiwa Dr. Soeharto Heerdjan,DKI Jakarta,Kota Jakarta Barat,A,RS Publik,47.0,10,0,Tidak tercatat,Tidak tercatat,0,0,Tidak tercatat
3174063,RS Kanker Dharmais,DKI Jakarta,Kota Jakarta Barat,A,RS Publik,324.0,21,1,26.0,16.0,7,5,71.43
3174530,RS Khusus Ibu dan Anak Aries,DKI Jakarta,Kota Jakarta Barat,C,RS Privat,9.0,5,0,Tidak tercatat,Tidak tercatat,0,0,Tidak tercatat
3174515,RS Khusus Mata Jakarta Eye Center Kedoya,DKI Jakarta,Kota Jakarta Barat,A,RS Privat,19.0,6,0,Tidak tercatat,Tidak tercatat,0,0,Tidak tercatat
3174508,RS Pondok Indah Puri Indah ,DKI Jakarta,Kota Jakarta Barat,B,RS Privat,137.0,12,0,Tidak tercatat,Tidak tercatat,0,0,Tidak tercatat
3174531,RS Ukrida,DKI Jakarta,Kota Jakarta Barat,C,RS Privat,69.0,12,0,Tidak tercatat,Tidak tercatat,1,1,100.0
3174486,RS Umum  Royal Taruma,DKI Jakarta,Kota Jakarta Barat,B,RS Privat,97.0,15,0,Tidak tercatat,Tidak tercatat,0,0,Tidak tercatat
3174510,RS Umum Anggrek Mas,DKI Jakarta,Kota Jakarta Barat,D,RS Privat,19.0,8,0,Tidak tercatat,Tidak tercatat,0,0,Tidak tercatat
3174030,RS Umum Bhakti Mulia,DKI Jakarta,Kota Jakarta Barat,C,RS Publik,48.0,10,0,Tidak tercatat,Tidak tercatat,1,1,100.0
3174453,RS Umum Cinta Kasih Tzu Chi,DKI Jakarta,Kota Jakarta Barat,C,RS Publik,66.0,11,0,Tidak tercatat,Tidak tercatat,1,1,100.0
3174522,RS Umum Ciputra Hospital Citragarden City,DKI Jakarta,Kota Jakarta Barat,B,RS Privat,91.0,13,0,Tidak tercatat,Tidak tercatat,1,0,0.0
3174517,RS Umum Daerah  Kembangan,DKI Jakarta,Kota Jakarta Barat,C,RS Publik,Tidak tercatat,0,0,Tidak tercatat,Tidak tercatat,1,1,100.0
3174074,RS Umum Daerah Cengkareng,DKI Jakarta,Kota Jakarta Barat,B,RS Publik,128.0,15,1,8.0,8.0,5,5,100.0
3174518,RS Umum Daerah Kalideres,DKI Jakarta,Kota Jakarta Barat,C,RS Publik,52.0,12,0,Tidak tercatat,Tidak tercatat,1,1,100.0
3174525,RS Umum Daerah Taman Sari,DKI Jakarta,Kota Jakarta Barat,D,RS Publik,48.0,11,0,Tidak tercatat,Tidak tercatat,1,1,100.0
3174052,RS Umum Grha Kedoya,DKI Jakarta,Kota Jakarta Barat,B,RS Privat,149.0,14,0,Tidak tercatat,Tidak tercatat,0,0,Tidak tercatat
3174431,RS Umum Hermina Daan Mogot,DKI Jakarta,Kota Jakarta Barat,B,RS Privat,143.0,17,0,Tidak tercatat,Tidak tercatat,4,2,50.0
3174420,RS Umum Medika Permata Hijau,DKI Jakarta,Kota Jakarta Barat,C,RS Privat,53.0,14,0,Tidak tercatat,Tidak tercatat,2,1,50.0
3174519,RS Umum Mitra Keluarga Kalideres,DKI Jakarta,Kota Jakarta Barat,C,RS Privat,91.0,11,0,Tidak tercatat,Tidak tercatat,3,3,100.0
3174416,RS Umum Patria IKKT,DKI Jakarta,Kota Jakarta Barat,C,RS Publik,21.0,10,0,Tidak tercatat,Tidak tercatat,1,1,100.0
3174026,RS Umum Pelni Petamburan,DKI Jakarta,Kota Jakarta Barat,B,RS Privat,222.0,16,0,Tidak tercatat,Tidak tercatat,3,3,100.0
3174351,RS Umum Siloam Hospitals Kebon Jeruk,DKI Jakarta,Kota Jakarta Barat,B,RS Privat,179.0,15,0,Tidak tercatat,Tidak tercatat,0,0,Tidak tercatat
3174015,RS Umum Sumber Waras,DKI Jakarta,Kota Jakarta Barat,B,RS Publik,105.0,15,0,Tidak tercatat,Tidak tercatat,3,2,66.67
3174542,RS Umum dr Abdul Radjak Cengkareng,DKI Jakarta,Kota Jakarta Barat,D,RS Privat,20.0,9,0,Tidak tercatat,Tidak tercatat,1,1,100.0
3173707,RS Gigi Dan Mulut YARSI,DKI Jakarta,Kota Jakarta Pusat,B,RS Privat,26.0,4,0,Tidak tercatat,Tidak tercatat,0,0,Tidak tercatat
3173671,RS Gigi dan Mulut FKG Univ. Indonesia,DKI Jakarta,Kota Jakarta Pusat,A,RS Publik,492.0,7,0,Tidak tercatat,Tidak tercatat,0,0,Tidak tercatat
3173695,RS Ibu dan Anak Tambak,DKI Jakarta,Kota Jakarta Pusat,C,RS Privat,56.0,11,0,Tidak tercatat,Tidak tercatat,0,0,Tidak tercatat
3173073,RS Islam Jakarta Cempaka Putih,DKI Jakarta,Kota Jakarta Pusat,B,RS Publik,131.0,16,0,Tidak tercatat,Tidak tercatat,7,4,57.14
3173634,RS Khusus Bedah Bina Estetika,DKI Jakarta,Kota Jakarta Pusat,C,RS Publik,15.0,6,0,Tidak tercatat,Tidak tercatat,0,0,Tidak tercatat
3173120,RS Khusus Ibu Anak Bunda Jakarta,DKI Jakarta,Kota Jakarta Pusat,B,RS Privat,111.0,7,0,Tidak tercatat,Tidak tercatat,0,0,Tidak tercatat
3173623,RS Khusus JEC @Menteng,DKI Jakarta,Kota Jakarta Pusat,B,RS Privat,26.0,6,0,Tidak tercatat,Tidak tercatat,0,0,Tidak tercatat
3173532,RS Khusus THT Bedah KL Proklamasi,DKI Jakarta,Kota Jakarta Pusat,B,RS Privat,16.0,6,0,Tidak tercatat,Tidak tercatat,0,0,Tidak tercatat
3173612,RS Khusus THT Prof Nizar,DKI Jakarta,Kota Jakarta Pusat,C,RS Privat,9.0,4,0,Tidak tercatat,Tidak tercatat,0,0,Tidak tercatat
3173704,RS Khusus THT SS Medika,DKI Jakarta,Kota Jakarta Pusat,C,RS Privat,4.0,4,0,Tidak tercatat,Tidak tercatat,0,0,Tidak tercatat
3173645,RS Menteng Mitra Afia,DKI Jakarta,Kota Jakarta Pusat,C,RS Privat,40.0,12,0,Tidak tercatat,Tidak tercatat,1,1,100.0
3173062,RS Primaya PGI Cikini,DKI Jakarta,Kota Jakarta Pusat,B,RS Publik,71.0,19,0,Tidak tercatat,Tidak tercatat,5,3,60.0
3173723,RS Siloam Agora,DKI Jakarta,Kota Jakarta Pusat,C,RS Privat,24.0,4,0,Tidak tercatat,Tidak tercatat,0,0,Tidak tercatat
3173036,RS Umum AL Dr. Mintoharjo,DKI Jakarta,Kota Jakarta Pusat,B,RS Publik,161.0,14,0,Tidak tercatat,Tidak tercatat,6,4,66.67
3173543,RS Umum Abdi Waluyo,DKI Jakarta,Kota Jakarta Pusat,B,RS Publik,95.0,14,0,Tidak tercatat,Tidak tercatat,0,0,Tidak tercatat
3173105,RS Umum Budi Kemuliaan,DKI Jakarta,Kota Jakarta Pusat,C,RS Publik,101.0,13,0,Tidak tercatat,Tidak tercatat,2,2,100.0
3173696,RS Umum Bunda Jakarta,DKI Jakarta,Kota Jakarta Pusat,C,RS Privat,167.0,17,0,Tidak tercatat,Tidak tercatat,0,0,Tidak tercatat
3173700,RS Umum Daerah Cempaka Putih,DKI Jakarta,Kota Jakarta Pusat,D,RS Publik,47.0,12,0,Tidak tercatat,Tidak tercatat,1,1,100.0
3173701,RS Umum Daerah Johar Baru,DKI Jakarta,Kota Jakarta Pusat,D,RS Publik,38.0,11,0,Tidak tercatat,Tidak tercatat,1,1,100.0
3173699,RS Umum Daerah Kemayoran,DKI Jakarta,Kota Jakarta Pusat,D,RS Publik,43.0,12,0,Tidak tercatat,Tidak tercatat,1,1,100.0
3173698,RS Umum Daerah Sawah Besar,DKI Jakarta,Kota Jakarta Pusat,D,RS Publik,47.0,11,0,Tidak tercatat,Tidak tercatat,1,1,100.0
3173705,RS Umum Daerah Tanah Abang,DKI Jakarta,Kota Jakarta Pusat,D,RS Publik,44.0,11,0,Tidak tercatat,Tidak tercatat,1,1,100.0
3173521,RS Umum Daerah Tarakan,DKI Jakarta,Kota Jakarta Pusat,A,RS Publik,141.0,17,1,9.0,7.0,5,4,80.0
3173706,RS Umum Hermina Kemayoran,DKI Jakarta,Kota Jakarta Pusat,B,RS Privat,169.0,15,0,Tidak tercatat,Tidak tercatat,3,2,66.67
3173040,RS Umum Husada,DKI Jakarta,Kota Jakarta Pusat,B,RS Privat,145.0,15,0,Tidak tercatat,Tidak tercatat,6,4,66.67
3173580,RS Umum Kramat 128,DKI Jakarta,Kota Jakarta Pusat,C,RS Publik,75.0,15,0,Tidak tercatat,Tidak tercatat,4,3,75.0
3173656,RS Umum Mitra Kemayoran,DKI Jakarta,Kota Jakarta Pusat,B,RS Privat,128.0,15,0,Tidak tercatat,Tidak tercatat,0,0,Tidak tercatat
3171768,RS Umum Murni Teguh Sudirman Jakarta,DKI Jakarta,Kota Jakarta Pusat,C,RS Privat,70.0,13,0,Tidak tercatat,Tidak tercatat,2,2,100.0
3173025,RS Umum PAD Gatot Soebroto,DKI Jakarta,Kota Jakarta Pusat,A,RS Publik,349.0,21,0,Tidak tercatat,Tidak tercatat,6,5,83.33
3173474,RS Umum Pertamina Jaya,DKI Jakarta,Kota Jakarta Pusat,C,RS Privat,62.0,13,0,Tidak tercatat,Tidak tercatat,1,1,100.0
3173441,RS Umum Primaya Evasari Hospital,DKI Jakarta,Kota Jakarta Pusat,C,RS Publik,54.0,13,0,Tidak tercatat,Tidak tercatat,1,0,0.0
3173051,RS Umum Sint Carolus,DKI Jakarta,Kota Jakarta Pusat,B,RS Publik,155.0,18,0,Tidak tercatat,Tidak tercatat,4,3,75.0
3173116,RS Umum YPK Mandiri,DKI Jakarta,Kota Jakarta Pusat,D,RS Publik,71.0,10,0,Tidak tercatat,Tidak tercatat,0,0,Tidak tercatat
3173712,RS Umum Yarsi,DKI Jakarta,Kota Jakarta Pusat,B,RS Privat,100.0,14,0,Tidak tercatat,Tidak tercatat,3,2,66.67
3173506,RS Umum dr. Abdul Radjak Salemba,DKI Jakarta,Kota Jakarta Pusat,B,RS Publik,46.0,15,0,Tidak tercatat,Tidak tercatat,0,0,Tidak tercatat
3173697,RSGM LADOKGI R.E MARTADINATA,DKI Jakarta,Kota Jakarta Pusat,B,RS Publik,28.0,4,0,Tidak tercatat,Tidak tercatat,0,0,Tidak tercatat
3173014,RSUPN Dr. Cipto Mangunkusumo,DKI Jakarta,Kota Jakarta Pusat,A,RS Publik,Tidak tercatat,0,1,30.0,13.0,7,5,71.43
3171806,Mayapada Hospital Kuningan,DKI Jakarta,Kota Jakarta Selatan,D,RS Privat,68.0,11,0,Tidak tercatat,Tidak tercatat,0,0,Tidak tercatat
3171511,RS Bedah Siloam Asri,DKI Jakarta,Kota Jakarta Selatan,B,RS Privat,84.0,14,0,Tidak tercatat,Tidak tercatat,0,0,Tidak tercatat
3171807,RS Brawijaya Saharjo,DKI Jakarta,Kota Jakarta Selatan,C,RS Privat,74.0,12,0,Tidak tercatat,Tidak tercatat,0,0,Tidak tercatat
3171691,RS Gigi dan Mulut Univ. Prof. Moestopo,DKI Jakarta,Kota Jakarta Selatan,B,RS Publik,40.0,3,0,Tidak tercatat,Tidak tercatat,0,0,Tidak tercatat
3171757,RS Ibu dan Anak Brawijaya Durentiga,DKI Jakarta,Kota Jakarta Selatan,C,RS Privat,70.0,11,0,Tidak tercatat,Tidak tercatat,0,0,Tidak tercatat
3171286,RS Ibu dan Anak Budhi Jaya,DKI Jakarta,Kota Jakarta Selatan,C,RS Privat,30.0,7,0,Tidak tercatat,Tidak tercatat,0,0,Tidak tercatat
3171413,RS Ibu dan Anak JWCC Asih,DKI Jakarta,Kota Jakarta Selatan,C,RS Privat,31.0,9,0,Tidak tercatat,Tidak tercatat,0,0,Tidak tercatat
3171783,RS Ibu dan Anak Kemang Medical Care,DKI Jakarta,Kota Jakarta Selatan,B,RS Privat,68.0,11,0,Tidak tercatat,Tidak tercatat,0,0,Tidak tercatat
3171911,RS Ibu dan Anak SamMarie Wijaya,DKI Jakarta,Kota Jakarta Selatan,C,RS Privat,36.0,11,0,Tidak tercatat,Tidak tercatat,0,0,Tidak tercatat
3171083,RS Ibu dan Anak Avisena,DKI Jakarta,Kota Jakarta Selatan,C,RS Privat,11.0,6,0,Tidak tercatat,Tidak tercatat,0,0,Tidak tercatat
3171912,RS Jantung dan Pembuluh Darah Heartology,DKI Jakarta,Kota Jakarta Selatan,C,RS Privat,Tidak tercatat,0,0,Tidak tercatat,Tidak tercatat,0,0,Tidak tercatat
3171060,RS Jiwa Dharmawangsa,DKI Jakarta,Kota Jakarta Selatan,C,RS Publik,5.0,3,0,Tidak tercatat,Tidak tercatat,0,0,Tidak tercatat
3171802,RS Khusus Bedah Halimun,DKI Jakarta,Kota Jakarta Selatan,C,RS Privat,14.0,8,0,Tidak tercatat,Tidak tercatat,0,0,Tidak tercatat
3171552,RS Khusus Bedah THT Yayasan Yurino,DKI Jakarta,Kota Jakarta Selatan,C,RS Publik,5.0,4,0,Tidak tercatat,Tidak tercatat,0,0,Tidak tercatat
3171724,RS Khusus Ibu dan Anak Brawijaya,DKI Jakarta,Kota Jakarta Selatan,B,RS Privat,92.0,13,0,Tidak tercatat,Tidak tercatat,0,0,Tidak tercatat
3171216,RS Khusus Ibu dan Anak Panti Nugraha,DKI Jakarta,Kota Jakarta Selatan,C,RS Publik,5.0,2,0,Tidak tercatat,Tidak tercatat,0,0,Tidak tercatat
3171056,RS Khusus Kanker MRCCC Siloam Semanggi,DKI Jakarta,Kota Jakarta Selatan,A,RS Privat,191.0,20,0,Tidak tercatat,Tidak tercatat,2,2,100.0
3171804,RS Khusus Mata Nusantara,DKI Jakarta,Kota Jakarta Selatan,C,RS Privat,12.0,6,0,Tidak tercatat,Tidak tercatat,0,0,Tidak tercatat
3171781,RS Muhammadiyah Taman Puring,DKI Jakarta,Kota Jakarta Selatan,C,RS Publik,58.0,12,0,Tidak tercatat,Tidak tercatat,2,1,50.0
3171643,RS Orthopedi Siaga Raya,DKI Jakarta,Kota Jakarta Selatan,C,RS Publik,34.0,12,0,Tidak tercatat,Tidak tercatat,0,0,Tidak tercatat
3171034,RS Umum AL Cilandak,DKI Jakarta,Kota Jakarta Selatan,B,RS Publik,42.0,11,0,Tidak tercatat,Tidak tercatat,3,2,66.67
3171632,RS Umum Agung,DKI Jakarta,Kota Jakarta Selatan,C,RS Publik,40.0,12,0,Tidak tercatat,Tidak tercatat,1,1,100.0
3171798,RS Umum Ali Sibroh Malisi,DKI Jakarta,Kota Jakarta Selatan,C,RS Privat,47.0,12,0,Tidak tercatat,Tidak tercatat,1,1,100.0
3171782,RS Umum Andhika,DKI Jakarta,Kota Jakarta Selatan,C,RS Publik,65.0,12,0,Tidak tercatat,Tidak tercatat,1,1,100.0
3171746,RS Umum Aulia,DKI Jakarta,Kota Jakarta Selatan,C,RS Privat,68.0,13,0,Tidak tercatat,Tidak tercatat,1,1,100.0
3171785,RS Umum Bhayangkara Lemdiklat Polri,DKI Jakarta,Kota Jakarta Selatan,C,RS Publik,46.0,13,0,Tidak tercatat,Tidak tercatat,1,1,100.0
3171792,RS Umum Daerah Jagakarsa,DKI Jakarta,Kota Jakarta Selatan,D,RS Publik,44.0,11,0,Tidak tercatat,Tidak tercatat,1,1,100.0
3171800,RS Umum Daerah Jati Padang,DKI Jakarta,Kota Jakarta Selatan,D,RS Publik,51.0,11,0,Tidak tercatat,Tidak tercatat,1,1,100.0
3171801,RS Umum Daerah Kebayoran Baru,DKI Jakarta,Kota Jakarta Selatan,D,RS Publik,49.0,11,0,Tidak tercatat,Tidak tercatat,1,1,100.0
3171803,RS Umum Daerah Kebayoran Lama,DKI Jakarta,Kota Jakarta Selatan,D,RS Publik,45.0,11,0,Tidak tercatat,Tidak tercatat,1,1,100.0
3171793,RS Umum Daerah Mampang Prapatan,DKI Jakarta,Kota Jakarta Selatan,D,RS Publik,47.0,12,0,Tidak tercatat,Tidak tercatat,0,0,Tidak tercatat
3171795,RS Umum Daerah Pasar Minggu,DKI Jakarta,Kota Jakarta Selatan,B,RS Publik,122.0,16,1,8.0,8.0,5,4,80.0
3171791,RS Umum Daerah Pesanggrahan,DKI Jakarta,Kota Jakarta Selatan,C,RS Publik,68.0,11,0,Tidak tercatat,Tidak tercatat,1,1,100.0
3171790,RS Umum Daerah Tebet,DKI Jakarta,Kota Jakarta Selatan,C,RS Publik,56.0,11,0,Tidak tercatat,Tidak tercatat,1,1,100.0
3171072,RS Umum Dr. Suyoto Pusrehab Kemhan,DKI Jakarta,Kota Jakarta Selatan,B,RS Publik,161.0,16,0,Tidak tercatat,Tidak tercatat,1,1,100.0
3171621,RS Umum Gandaria,DKI Jakarta,Kota Jakarta Selatan,D,RS Privat,51.0,12,0,Tidak tercatat,Tidak tercatat,0,0,Tidak tercatat
3171045,RS Umum Jakarta,DKI Jakarta,Kota Jakarta Selatan,C,RS Publik,73.0,12,0,Tidak tercatat,Tidak tercatat,1,1,100.0
3171735,RS Umum Jakarta Medical Center (JMC),DKI Jakarta,Kota Jakarta Selatan,C,RS Privat,86.0,12,0,Tidak tercatat,Tidak tercatat,0,0,Tidak tercatat
3171713,RS Umum Kartini,DKI Jakarta,Kota Jakarta Selatan,C,RS Privat,35.0,10,0,Tidak tercatat,Tidak tercatat,0,0,Tidak tercatat
3171515,RS Umum MMC,DKI Jakarta,Kota Jakarta Selatan,B,RS Privat,164.0,18,0,Tidak tercatat,Tidak tercatat,0,0,Tidak tercatat
3171786,RS Umum Mayapada,DKI Jakarta,Kota Jakarta Selatan,B,RS Privat,219.0,17,0,Tidak tercatat,Tidak tercatat,5,4,80.0
3171665,RS Umum Medistra,DKI Jakarta,Kota Jakarta Selatan,B,RS Privat,237.0,15,0,Tidak tercatat,Tidak tercatat,0,0,Tidak tercatat
3171796,RS Umum Petukangan,DKI Jakarta,Kota Jakarta Selatan,D,RS Privat,33.0,11,0,Tidak tercatat,Tidak tercatat,1,1,100.0
3171504,RS Umum Pondok Indah,DKI Jakarta,Kota Jakarta Selatan,B,RS Privat,222.0,15,0,Tidak tercatat,Tidak tercatat,0,0,Tidak tercatat
3171574,RS Umum Prikasih,DKI Jakarta,Kota Jakarta Selatan,C,RS Publik,84.0,12,0,Tidak tercatat,Tidak tercatat,0,0,Tidak tercatat
3171023,RS Umum Pusat Pertamina,DKI Jakarta,Kota Jakarta Selatan,B,RS Privat,176.0,20,0,Tidak tercatat,Tidak tercatat,2,1,50.0
3171450,RS Umum Setia Mitra,DKI Jakarta,Kota Jakarta Selatan,C,RS Publik,58.0,13,0,Tidak tercatat,Tidak tercatat,0,0,Tidak tercatat
3171805,RS Umum Siloam Mampang,DKI Jakarta,Kota Jakarta Selatan,Belum Ditetapkan,RS Privat,55.0,12,0,Tidak tercatat,Tidak tercatat,0,0,Tidak tercatat
3171789,RS Umum Siloam TB Simatupang,DKI Jakarta,Kota Jakarta Selatan,B,RS Privat,152.0,18,0,Tidak tercatat,Tidak tercatat,0,0,Tidak tercatat
3171461,RS Umum Tebet,DKI Jakarta,Kota Jakarta Selatan,B,RS Publik,63.0,15,0,Tidak tercatat,Tidak tercatat,5,3,60.0
3171680,RS Umum Tria Dipa,DKI Jakarta,Kota Jakarta Selatan,C,RS Privat,49.0,12,0,Tidak tercatat,Tidak tercatat,1,1,100.0
3171702,RS Umum Zahirah,DKI Jakarta,Kota Jakarta Selatan,C,RS Privat,54.0,12,0,Tidak tercatat,Tidak tercatat,0,0,Tidak tercatat
3171784,RS Yadika Kebayoran Lama,DKI Jakarta,Kota Jakarta Selatan,C,RS Privat,34.0,11,0,Tidak tercatat,Tidak tercatat,0,0,Tidak tercatat
3171012,RSUP Fatmawati,DKI Jakarta,Kota Jakarta Selatan,A,RS Publik,282.0,18,1,18.0,13.0,5,4,80.0
3172061,RS Angkatan Udara dr. Esnawan Antariksa,DKI Jakarta,Kota Jakarta Timur,B,RS Publik,94.0,13,0,Tidak tercatat,Tidak tercatat,4,3,75.0
3172495,RS EMC Pulomas,DKI Jakarta,Kota Jakarta Timur,B,RS Privat,Tidak tercatat,0,0,Tidak tercatat,Tidak tercatat,3,2,66.67
3172751,RS Gigi Dan Mulut Angkatan Udara,DKI Jakarta,Kota Jakarta Timur,B,RS Publik,16.0,3,0,Tidak tercatat,Tidak tercatat,0,0,Tidak tercatat
3172765,RS Ibu dan Anak AL-Fauzan,DKI Jakarta,Kota Jakarta Timur,C,RS Privat,11.0,6,0,Tidak tercatat,Tidak tercatat,0,0,Tidak tercatat
3172770,RS Ibu dan Anak Alvernia Agusta,DKI Jakarta,Kota Jakarta Timur,C,RS Publik,6.0,4,0,Tidak tercatat,Tidak tercatat,0,0,Tidak tercatat
3172772,RS Ibu dan Anak Asta Nugraha,DKI Jakarta,Kota Jakarta Timur,C,RS Privat,11.0,5,0,Tidak tercatat,Tidak tercatat,0,0,Tidak tercatat
3172750,RS Ibu dan Anak Resti Mulya,DKI Jakarta,Kota Jakarta Timur,C,RS Privat,39.0,11,0,Tidak tercatat,Tidak tercatat,1,1,100.0
3172756,RS Ibu dan Anak SamMarie Basra,DKI Jakarta,Kota Jakarta Timur,C,RS Privat,41.0,11,0,Tidak tercatat,Tidak tercatat,0,0,Tidak tercatat
3172137,RS Ibu dan Anak Sayyidah,DKI Jakarta,Kota Jakarta Timur,C,RS Privat,30.0,10,0,Tidak tercatat,Tidak tercatat,1,1,100.0
3172505,RS Islam Jakarta Pondok Kopi,DKI Jakarta,Kota Jakarta Timur,B,RS Publik,88.0,12,0,Tidak tercatat,Tidak tercatat,3,2,66.67
3172752,RS Jantung Bina Waluya,DKI Jakarta,Kota Jakarta Timur,C,RS Privat,Tidak tercatat,0,0,Tidak tercatat,Tidak tercatat,0,0,Tidak tercatat
3172755,RS Jantung Jakarta,DKI Jakarta,Kota Jakarta Timur,B,RS Privat,48.0,10,0,Tidak tercatat,Tidak tercatat,1,1,100.0
3172735,RS Jiwa Islam Klender,DKI Jakarta,Kota Jakarta Timur,C,RS Publik,1.0,1,0,Tidak tercatat,Tidak tercatat,0,0,Tidak tercatat
3171435,RS Ketergantungan Obat,DKI Jakarta,Kota Jakarta Timur,B,RS Publik,53.0,8,0,Tidak tercatat,Tidak tercatat,1,1,100.0
3172758,RS Khusus Bedah Columbia Asia Pulomas,DKI Jakarta,Kota Jakarta Timur,A,RS Privat,115.0,17,0,Tidak tercatat,Tidak tercatat,1,1,100.0
3172301,RS Khusus Bedah Rawamangun,DKI Jakarta,Kota Jakarta Timur,C,RS Publik,23.0,10,0,Tidak tercatat,Tidak tercatat,1,1,100.0
3172746,RS Khusus Daerah Duren Sawit,DKI Jakarta,Kota Jakarta Timur,A,RS Publik,73.0,12,0,Tidak tercatat,Tidak tercatat,1,1,100.0
3172749,RS Pusat Otak Nasional Prof DR. dr. Mahar Mardjono,DKI Jakarta,Kota Jakarta Timur,A,RS Publik,Tidak tercatat,0,1,8.0,5.0,1,1,100.0
3172050,RS Pusdikkes,DKI Jakarta,Kota Jakarta Timur,C,RS Publik,55.0,10,0,Tidak tercatat,Tidak tercatat,1,1,100.0
3173084,RS Tk. II M. Ridwan Meuraksa,DKI Jakarta,Kota Jakarta Timur,B,RS Publik,84.0,12,0,Tidak tercatat,Tidak tercatat,1,1,100.0
3172083,RS Tk. IV Cijantung,DKI Jakarta,Kota Jakarta Timur,C,RS Publik,65.0,12,0,Tidak tercatat,Tidak tercatat,1,1,100.0
3172769,RS Umum  Dr. EUIS,DKI Jakarta,Kota Jakarta Timur,C,RS Privat,6.0,4,0,Tidak tercatat,Tidak tercatat,1,1,100.0
3172757,RS Umum Adhyaksa,DKI Jakarta,Kota Jakarta Timur,B,RS Publik,85.0,13,0,Tidak tercatat,Tidak tercatat,1,1,100.0
3172748,RS Umum Alia Hospital,DKI Jakarta,Kota Jakarta Timur,C,RS Privat,80.0,15,0,Tidak tercatat,Tidak tercatat,0,0,Tidak tercatat
3172753,RS Umum Antam Medika,DKI Jakarta,Kota Jakarta Timur,C,RS Privat,66.0,13,0,Tidak tercatat,Tidak tercatat,0,0,Tidak tercatat
3172072,RS Umum Bhayangkara Tk. I R.Said Sukanto,DKI Jakarta,Kota Jakarta Timur,A,RS Publik,243.0,16,0,Tidak tercatat,Tidak tercatat,4,3,75.0
3172024,RS Umum Daerah Budhi Asih,DKI Jakarta,Kota Jakarta Timur,B,RS Publik,122.0,13,1,5.0,5.0,3,3,100.0
3172771,RS Umum Daerah Cipayung,DKI Jakarta,Kota Jakarta Timur,D,RS Publik,46.0,11,0,Tidak tercatat,Tidak tercatat,1,1,100.0
3172762,RS Umum Daerah Ciracas,DKI Jakarta,Kota Jakarta Timur,D,RS Publik,56.0,12,0,Tidak tercatat,Tidak tercatat,0,0,Tidak tercatat
3172761,RS Umum Daerah Kramat Jati,DKI Jakarta,Kota Jakarta Timur,C,RS Publik,52.0,12,0,Tidak tercatat,Tidak tercatat,0,0,Tidak tercatat
3174523,RS Umum Daerah Matraman,DKI Jakarta,Kota Jakarta Timur,D,RS Publik,46.0,11,0,Tidak tercatat,Tidak tercatat,1,1,100.0
3172126,RS Umum Daerah Pasar Rebo,DKI Jakarta,Kota Jakarta Timur,B,RS Publik,107.0,15,1,10.0,8.0,5,4,80.0
3172702,RS Umum Dharma Nugraha,DKI Jakarta,Kota Jakarta Timur,C,RS Privat,31.0,10,0,Tidak tercatat,Tidak tercatat,0,0,Tidak tercatat
3172724,RS Umum Haji Jakarta,DKI Jakarta,Kota Jakarta Timur,B,RS Privat,96.0,14,0,Tidak tercatat,Tidak tercatat,2,1,50.0
3172553,RS Umum Harapan Bunda,DKI Jakarta,Kota Jakarta Timur,B,RS Privat,107.0,14,0,Tidak tercatat,Tidak tercatat,1,1,100.0
3172531,RS Umum Harapan Jayakarta,DKI Jakarta,Kota Jakarta Timur,C,RS Publik,33.0,11,0,Tidak tercatat,Tidak tercatat,1,1,100.0
3172520,RS Umum Harum,DKI Jakarta,Kota Jakarta Timur,C,RS Publik,60.0,14,0,Tidak tercatat,Tidak tercatat,1,1,100.0
3172243,RS Umum Hermina Jatinegara,DKI Jakarta,Kota Jakarta Timur,B,RS Privat,206.0,13,0,Tidak tercatat,Tidak tercatat,6,5,83.33
3172516,RS Umum Kartika Pulo Mas,DKI Jakarta,Kota Jakarta Timur,C,RS Publik,76.0,11,0,Tidak tercatat,Tidak tercatat,1,1,100.0
3172713,RS Umum Mediros,DKI Jakarta,Kota Jakarta Timur,C,RS Privat,19.0,6,0,Tidak tercatat,Tidak tercatat,0,0,Tidak tercatat
3172766,RS Umum Olahraga Nasional,DKI Jakarta,Kota Jakarta Timur,D,RS Publik,35.0,8,0,Tidak tercatat,Tidak tercatat,0,0,Tidak tercatat
3172035,RS Umum Pengayoman Cipinang,DKI Jakarta,Kota Jakarta Timur,D,RS Publik,57.0,12,0,Tidak tercatat,Tidak tercatat,0,0,Tidak tercatat
3172206,RS Umum Premier Jatinegara,DKI Jakarta,Kota Jakarta Timur,B,RS Privat,139.0,17,0,Tidak tercatat,Tidak tercatat,3,2,66.67
3172759,RS Umum Restu Kasih,DKI Jakarta,Kota Jakarta Timur,C,RS Privat,57.0,12,0,Tidak tercatat,Tidak tercatat,1,1,100.0
3172094,RS Umum Universitas Kristen Indonesia,DKI Jakarta,Kota Jakarta Timur,B,RS Publik,67.0,15,0,Tidak tercatat,Tidak tercatat,3,3,100.0
3172590,RS Umum Yadika,DKI Jakarta,Kota Jakarta Timur,C,RS Publik,50.0,13,0,Tidak tercatat,Tidak tercatat,1,1,100.0
3172013,RSUP Persahabatan,DKI Jakarta,Kota Jakarta Timur,A,RS Publik,432.0,21,1,22.0,14.0,5,4,80.0
3175363,RS Ibu dan Anak Family,DKI Jakarta,Kota Jakarta Utara,C,RS Privat,56.0,11,0,Tidak tercatat,Tidak tercatat,0,0,Tidak tercatat
3175409,RS Ibu dan Anak Grand Family,DKI Jakarta,Kota Jakarta Utara,C,RS Privat,83.0,11,0,Tidak tercatat,Tidak tercatat,0,0,Tidak tercatat
3174509,RS Ibu dan Anak St. Yusuf,DKI Jakarta,Kota Jakarta Utara,C,RS Publik,29.0,9,0,Tidak tercatat,Tidak tercatat,1,1,100.0
3175326,RS Islam Jakarta Sukapura,DKI Jakarta,Kota Jakarta Utara,C,RS Publik,Tidak tercatat,0,0,Tidak tercatat,Tidak tercatat,1,1,100.0
3175417,RS Mata JEC Primasana @Tanjung Priok,DKI Jakarta,Kota Jakarta Utara,C,RS Privat,8.0,4,0,Tidak tercatat,Tidak tercatat,0,0,Tidak tercatat
3175064,RS Penyakit Infeksi Prof. Dr. Sulianti Saroso,DKI Jakarta,Kota Jakarta Utara,A,RS Publik,93.0,14,0,Tidak tercatat,Tidak tercatat,3,2,66.67
3175042,RS Umum  Pelabuhan Tanjung Priok,DKI Jakarta,Kota Jakarta Utara,C,RS Privat,89.0,14,0,Tidak tercatat,Tidak tercatat,2,1,50.0
3175315,RS Umum  Satya Negara,DKI Jakarta,Kota Jakarta Utara,C,RS Publik,67.0,13,0,Tidak tercatat,Tidak tercatat,0,0,Tidak tercatat
3175031,RS Umum Akademik Atma Jaya,DKI Jakarta,Kota Jakarta Utara,B,RS Publik,90.0,14,0,Tidak tercatat,Tidak tercatat,2,1,50.0
3175413,RS Umum Daerah  Pademangan,DKI Jakarta,Kota Jakarta Utara,D,RS Publik,43.0,12,0,Tidak tercatat,Tidak tercatat,1,1,100.0
3175416,RS Umum Daerah  Tanjung Priok,DKI Jakarta,Kota Jakarta Utara,D,RS Publik,47.0,11,0,Tidak tercatat,Tidak tercatat,1,1,100.0
3175414,RS Umum Daerah Cilincing,DKI Jakarta,Kota Jakarta Utara,C,RS Publik,68.0,12,0,Tidak tercatat,Tidak tercatat,1,1,100.0
3175016,RS Umum Daerah Koja,DKI Jakarta,Kota Jakarta Utara,B,RS Publik,170.0,15,1,9.0,7.0,5,5,100.0
3175412,RS Umum Daerah Tugu Koja,DKI Jakarta,Kota Jakarta Utara,C,RS Publik,52.0,12,0,Tidak tercatat,Tidak tercatat,1,1,100.0
3175411,RS Umum Duta Indah,DKI Jakarta,Kota Jakarta Utara,C,RS Privat,41.0,12,0,Tidak tercatat,Tidak tercatat,1,1,100.0
3175408,RS Umum Firdaus,DKI Jakarta,Kota Jakarta Utara,C,RS Privat,47.0,12,0,Tidak tercatat,Tidak tercatat,0,0,Tidak tercatat
3175407,RS Umum Gading Pluit,DKI Jakarta,Kota Jakarta Utara,B,RS Privat,153.0,17,0,Tidak tercatat,Tidak tercatat,3,1,33.33
3175304,RS Umum Hermina Podomoro,DKI Jakarta,Kota Jakarta Utara,C,RS Privat,92.0,14,0,Tidak tercatat,Tidak tercatat,2,1,50.0
3175385,RS Umum Mitra Keluarga Kelapa Gading,DKI Jakarta,Kota Jakarta Utara,B,RS Privat,139.0,17,0,Tidak tercatat,Tidak tercatat,0,0,Tidak tercatat
3175075,RS Umum Mulyasari,DKI Jakarta,Kota Jakarta Utara,C,RS Privat,36.0,13,0,Tidak tercatat,Tidak tercatat,1,1,100.0
3175352,RS Umum Pantai Indah Kapuk,DKI Jakarta,Kota Jakarta Utara,B,RS Privat,142.0,19,0,Tidak tercatat,Tidak tercatat,0,0,Tidak tercatat
3175410,RS Umum Pekerja,DKI Jakarta,Kota Jakarta Utara,C,RS Privat,55.0,12,0,Tidak tercatat,Tidak tercatat,2,1,50.0
3175341,RS Umum Pluit,DKI Jakarta,Kota Jakarta Utara,B,RS Privat,109.0,12,0,Tidak tercatat,Tidak tercatat,0,0,Tidak tercatat
3175396,RS Umum Port Medical Center,DKI Jakarta,Kota Jakarta Utara,D,RS Privat,47.0,12,0,Tidak tercatat,Tidak tercatat,1,1,100.0
3175374,RS Umum Puri Medika,DKI Jakarta,Kota Jakarta Utara,C,RS Privat,23.0,11,0,Tidak tercatat,Tidak tercatat,1,0,0.0
3175330,RS Umum Royal Progress,DKI Jakarta,Kota Jakarta Utara,B,RS Publik,73.0,15,0,Tidak tercatat,Tidak tercatat,2,2,100.0
3175181,RS Umum Sukmul,DKI Jakarta,Kota Jakarta Utara,C,RS Privat,38.0,12,0,Tidak tercatat,Tidak tercatat,0,0,Tidak tercatat
3175418,RS Umum Tzu Chi Hospital,DKI Jakarta,Kota Jakarta Utara,B,RS Publik,170.0,15,0,Tidak tercatat,Tidak tercatat,3,2,66.67
7501044,RS Umum Daerah DR. Ir. Iwan Bokings Kab. Boalemo,Gorontalo,Boalemo,D,RS Publik,29.0,9,0,Tidak tercatat,Tidak tercatat,0,0,Tidak tercatat
7501043,RS Umum Daerah Tani dan Nelayan,Gorontalo,Boalemo,C,RS Publik,57.0,12,1,4.0,4.0,3,3,100.0
7504012,RS Umum Daerah Tombulilato,Gorontalo,Bone Bolango,D,RS Publik,Tidak tercatat,0,0,Tidak tercatat,Tidak tercatat,0,0,Tidak tercatat
7504032,RS Umum Daerah Toto Kabila,Gorontalo,Bone Bolango,C,RS Publik,60.0,12,1,7.0,3.0,1,1,100.0
7502047,RS Bhayangkara Gorontalo,Gorontalo,Gorontalo,C,RS Publik,Tidak tercatat,0,0,Tidak tercatat,Tidak tercatat,1,1,100.0
7502036,RS TK IV Korem Gorontalo,Gorontalo,Gorontalo,D,RS Publik,17.0,7,0,Tidak tercatat,Tidak tercatat,0,0,Tidak tercatat
7502035,RS Umum Daerah Boliyohuto,Gorontalo,Gorontalo,D,RS Publik,18.0,8,0,Tidak tercatat,Tidak tercatat,1,1,100.0
7502034,RS Umum Daerah dr. Hasri Ainun Habibie,Gorontalo,Gorontalo,C,RS Publik,67.0,13,0,Tidak tercatat,Tidak tercatat,2,2,100.0
7502033,RS Umum Daerah dr. M. Mohammad Dunda,Gorontalo,Gorontalo,B,RS Publik,66.0,14,1,5.0,5.0,2,2,100.0
7505013,RS Umum Daerah Tolinggula Melayani,Gorontalo,Gorontalo Utara,D PRATAMA,RS Publik,Tidak tercatat,0,0,Tidak tercatat,Tidak tercatat,0,0,Tidak tercatat
7505002,RS Umum Daerah dr. Zainal Umar Sidiki,Gorontalo,Gorontalo Utara,C,RS Publik,32.0,11,1,3.0,2.0,1,1,100.0
7571021,RS Bunda,Gorontalo,Kota Gorontalo,D,RS Privat,29.0,11,0,Tidak tercatat,Tidak tercatat,1,1,100.0
7571022,RS Ibu dan Anak Siti Khadidjah,Gorontalo,Kota Gorontalo,C,RS Publik,9.0,5,0,Tidak tercatat,Tidak tercatat,0,0,Tidak tercatat
7502021,RS Islam,Gorontalo,Kota Gorontalo,D,RS Publik,24.0,9,0,Tidak tercatat,Tidak tercatat,0,0,Tidak tercatat
7571023,RS Multazam,Gorontalo,Kota Gorontalo,D,RS Privat,43.0,11,0,Tidak tercatat,Tidak tercatat,1,1,100.0
7571024,RS Umum Bioklinik,Gorontalo,Kota Gorontalo,D,RS Privat,10.0,3,0,Tidak tercatat,Tidak tercatat,0,0,Tidak tercatat
7502032,RS Umum Daerah Otanaha ,Gorontalo,Kota Gorontalo,C,RS Publik,45.0,11,1,3.0,3.0,1,1,100.0
7571010,RS Umum Daerah Prof Dr. H. Aloei Saboe,Gorontalo,Kota Gorontalo,B,RS Publik,115.0,14,1,8.0,8.0,3,3,100.0
7503056,RS Pratama Kab. Pohuwatu,Gorontalo,Pohuwato,D PRATAMA,RS Publik,Tidak tercatat,0,0,Tidak tercatat,Tidak tercatat,0,0,Tidak tercatat
7503045,RS Umum Daerah Bumi Panua,Gorontalo,Pohuwato,C,RS Publik,64.0,14,1,7.0,3.0,2,2,100.0
1504018,RS Mitra Medika Batang Hari,Jambi,Batang Hari,C,RS Privat,19.0,7,0,Tidak tercatat,Tidak tercatat,2,2,100.0
1504015,RS Umum Daerah Haji Abdoel Madjid Batoe,Jambi,Batang Hari,C,RS Publik,50.0,12,1,3.0,3.0,0,0,Tidak tercatat
1509029,RS Ibu dan Anak Moelia,Jambi,Bungo,C,RS Privat,13.0,8,0,Tidak tercatat,Tidak tercatat,0,0,Tidak tercatat
1509031,RS Jabal Rahmah Medika,Jambi,Bungo,D,RS Privat,24.0,10,0,Tidak tercatat,Tidak tercatat,1,1,100.0
1509043,RS Kuamang Kuning,Jambi,Bungo,Belum Ditetapkan,RS Publik,Tidak tercatat,0,0,Tidak tercatat,Tidak tercatat,0,0,Tidak tercatat
1509013,RS Umum Daerah H. Hanafie,Jambi,Bungo,B,RS Publik,77.0,13,1,7.0,6.0,4,4,100.0
1509042,RS Umum Daerah Rantau Ikil,Jambi,Bungo,D,RS Publik,5.0,2,0,Tidak tercatat,Tidak tercatat,0,0,Tidak tercatat
1509028,RS Umum Permata Hati,Jambi,Bungo,C,RS Privat,34.0,12,0,Tidak tercatat,Tidak tercatat,2,2,100.0
1571034,RS Bhayangkara Jambi,Jambi,Kota Jambi,C,RS Publik,102.0,13,0,Tidak tercatat,Tidak tercatat,4,4,100.0
1571161,RS Ibu dan Anak Annisa,Jambi,Kota Jambi,C,RS Privat,29.0,7,0,Tidak tercatat,Tidak tercatat,0,0,Tidak tercatat
1571159,RS Islam Arafah,Jambi,Kota Jambi,C,RS Privat,61.0,14,0,Tidak tercatat,Tidak tercatat,4,4,100.0
1571136,RS Jiwa Daerah Provinsi Jambi,Jambi,Kota Jambi,B,RS Publik,40.0,6,0,Tidak tercatat,Tidak tercatat,1,1,100.0
1571168,RS Mitra,Jambi,Kota Jambi,C,RS Privat,53.0,13,0,Tidak tercatat,Tidak tercatat,2,2,100.0
1571180,RS Rapha Theresia,Jambi,Kota Jambi,C,RS Privat,30.0,13,0,Tidak tercatat,Tidak tercatat,2,2,100.0
1504017,RS Royal Prima,Jambi,Kota Jambi,C,RS Privat,47.0,13,0,Tidak tercatat,Tidak tercatat,2,2,100.0
1571147,RS Siloam Jambi,Jambi,Kota Jambi,B,RS Privat,73.0,13,0,Tidak tercatat,Tidak tercatat,4,4,100.0
1571023,RS Tk. III 02.06.01  dr. Bratanata,Jambi,Kota Jambi,C,RS Publik,94.0,12,0,Tidak tercatat,Tidak tercatat,4,4,100.0
1571163,RS Umum Baiturahim Jambi,Jambi,Kota Jambi,C,RS Privat,50.0,12,0,Tidak tercatat,Tidak tercatat,1,1,100.0
1571158,RS Umum Daerah H. Abdul Manap,Jambi,Kota Jambi,C,RS Publik,89.0,13,1,4.0,4.0,3,3,100.0
1571169,RS Umum Daerah H. Abdurrahman Sayoeti,Jambi,Kota Jambi,D,RS Publik,31.0,11,0,Tidak tercatat,Tidak tercatat,1,1,100.0
1571012,RS Umum Daerah Raden Mattaher Jambi,Jambi,Kota Jambi,B,RS Publik,202.0,17,1,13.0,13.0,4,4,100.0
1571165,RS Umum Erni Medika,Jambi,Kota Jambi,D,RS Privat,20.0,9,0,Tidak tercatat,Tidak tercatat,0,0,Tidak tercatat
1571162,RS Umum Kambang,Jambi,Kota Jambi,C,RS Privat,42.0,13,0,Tidak tercatat,Tidak tercatat,1,1,100.0
1571164,RS Umum Rimbo Medika,Jambi,Kota Jambi,D,RS Publik,14.0,4,0,Tidak tercatat,Tidak tercatat,0,0,Tidak tercatat
1571045,RS Umum Santa Theresia,Jambi,Kota Jambi,C,RS Privat,63.0,13,0,Tidak tercatat,Tidak tercatat,3,3,100.0
1572014,RS Umum Daerah H. Bakri Kota Sungai Penuh,Jambi,Kota Sungai penuh,D,RS Publik,Tidak tercatat,0,0,Tidak tercatat,Tidak tercatat,0,0,Tidak tercatat
1501012,RS Umum Daerah Mayjen H. A. Thalib,Jambi,Kota Sungai penuh,C,RS Publik,64.0,11,1,5.0,2.0,1,1,100.0
1572003,RS Umum Melati,Jambi,Kota Sungai penuh,D,RS Privat,18.0,7,0,Tidak tercatat,Tidak tercatat,0,0,Tidak tercatat
1502018,RS Andimas,Jambi,Merangin,D,RS Privat,9.0,6,0,Tidak tercatat,Tidak tercatat,1,1,100.0
1502019,RS Merangin Medical Centre,Jambi,Merangin,D,RS Privat,14.0,7,0,Tidak tercatat,Tidak tercatat,0,0,Tidak tercatat
1502015,RS Raudhah,Jambi,Merangin,C,RS Privat,28.0,12,0,Tidak tercatat,Tidak tercatat,1,1,100.0
1502014,RS Umum Daerah Kolonel Abundjani/Bangko,Jambi,Merangin,C,RS Publik,90.0,12,1,2.0,2.0,1,1,100.0
1505016,RS Umum Daerah Ahmad Ripin,Jambi,Muaro Jambi,C,RS Publik,41.0,11,1,2.0,2.0,1,1,100.0
1505027,RS Umum Daerah Sungai Bahar,Jambi,Muaro Jambi,D,RS Publik,25.0,11,0,Tidak tercatat,Tidak tercatat,1,1,100.0
1505028,RS Umum Daerah Sungai Gelam,Jambi,Muaro Jambi,D,RS Publik,30.0,8,0,Tidak tercatat,Tidak tercatat,1,1,100.0
1503039,RS Langit Golden Medika,Jambi,Sarolangun,C,RS Privat,27.0,9,0,Tidak tercatat,Tidak tercatat,0,0,Tidak tercatat
1503036,RS Umum Daerah Prof. Dr. H.  Chatib Quzwain,Jambi,Sarolangun,C,RS Publik,69.0,12,1,1.0,1.0,2,2,100.0
1507010,RS Umum Daerah KH. Daud Arif,Jambi,Tanjung Jabung Barat,C,RS Publik,68.0,11,1,4.0,4.0,2,2,100.0
1507013,RS Umum Daerah Suryah Khairuddin,Jambi,Tanjung Jabung Barat,D,RS Publik,27.0,11,0,Tidak tercatat,Tidak tercatat,0,0,Tidak tercatat
1506011,RS Umum Daerah Nurdin Hamzah,Jambi,Tanjung Jabung Timur,C,RS Publik,40.0,12,1,2.0,2.0,1,1,100.0
1508013,RS Umum Daerah Sultan Thaha Saifuddin,Jambi,Tebo,C,RS Publik,61.0,11,1,2.0,2.0,0,0,Tidak tercatat
1508002,RS Umum Setia Budi,Jambi,Tebo,D,RS Privat,11.0,6,0,Tidak tercatat,Tidak tercatat,0,0,Tidak tercatat
3273517,RS AMC ,Jawa Barat,Bandung,C,RS Privat,59.0,11,0,Tidak tercatat,Tidak tercatat,1,1,100.0
3204165,RS Hermina Soreang,Jawa Barat,Bandung,C,RS Privat,49.0,11,0,Tidak tercatat,Tidak tercatat,3,2,66.67
3204169,RS Muhammadiyah Bandung Selatan,Jawa Barat,Bandung,D,RS Publik,10.0,3,0,Tidak tercatat,Tidak tercatat,1,1,100.0
3204168,RS Oetomo,Jawa Barat,Bandung,C,RS Privat,Tidak tercatat,0,0,Tidak tercatat,Tidak tercatat,1,1,100.0
3273442,RS Umum Bina Sehat ,Jawa Barat,Bandung,D,RS Privat,37.0,12,0,Tidak tercatat,Tidak tercatat,2,2,100.0
3204086,RS Umum Daerah Al Ihsan Provinsi Jawa Barat,Jawa Barat,Bandung,B,RS Publik,171.0,17,1,13.0,12.0,7,6,85.71
3204170,RS Umum Daerah Bedas Cimaung,Jawa Barat,Bandung,D,RS Publik,Tidak tercatat,0,0,Tidak tercatat,Tidak tercatat,0,0,Tidak tercatat
3204171,RS Umum Daerah Bedas Kertasari,Jawa Barat,Bandung,D,RS Publik,Tidak tercatat,0,0,Tidak tercatat,Tidak tercatat,0,0,Tidak tercatat
3204101,RS Umum Daerah Cicalengka,Jawa Barat,Bandung,C,RS Publik,53.0,11,0,Tidak tercatat,Tidak tercatat,1,1,100.0
3204134,RS Umum Daerah Kesehatan Kerja,Jawa Barat,Bandung,D,RS Publik,51.0,12,0,Tidak tercatat,Tidak tercatat,2,2,100.0
3204016,RS Umum Daerah Majalaya,Jawa Barat,Bandung,B,RS Publik,131.0,14,1,4.0,4.0,2,2,100.0
3204090,RS Umum Daerah Oto Iskandar Di Nata,Jawa Barat,Bandung,B,RS Publik,92.0,13,0,Tidak tercatat,Tidak tercatat,2,2,100.0
3204135,RS Umum Karya Pangalengan Bhakti Sehat,Jawa Barat,Bandung,D,RS Privat,21.0,9,0,Tidak tercatat,Tidak tercatat,1,1,100.0
3204154,RS Umum TNI AU Lanud Sulaiman,Jawa Barat,Bandung,D,RS Publik,Tidak tercatat,0,0,Tidak tercatat,Tidak tercatat,1,1,100.0
3204133,RS Unggul Karsa Medika,Jawa Barat,Bandung,C,RS Privat,77.0,12,0,Tidak tercatat,Tidak tercatat,1,1,100.0
3217133,RS Ibu dan Anak Buah Hati,Jawa Barat,Bandung Barat,C,RS Privat,10.0,7,0,Tidak tercatat,Tidak tercatat,0,0,Tidak tercatat
3217009,RS Ibu dan Anak Graha Medika Padalarang,Jawa Barat,Bandung Barat,C,RS Privat,16.0,6,0,Tidak tercatat,Tidak tercatat,0,0,Tidak tercatat
3217008,RS Ibu dan Anak Kartini,Jawa Barat,Bandung Barat,C,RS Privat,7.0,4,0,Tidak tercatat,Tidak tercatat,0,0,Tidak tercatat
3217132,RS Ibu dan Anak Parahyangan,Jawa Barat,Bandung Barat,C,RS Privat,Tidak tercatat,0,0,Tidak tercatat,Tidak tercatat,0,0,Tidak tercatat
3217042,RS Jiwa Provinsi Jawa Barat,Jawa Barat,Bandung Barat,A,RS Publik,44.0,9,0,Tidak tercatat,Tidak tercatat,1,1,100.0
3217005,RS Karisma Cimareme,Jawa Barat,Bandung Barat,C,RS Privat,43.0,11,0,Tidak tercatat,Tidak tercatat,1,1,100.0
3217121,RS Umum Cahya Kawaluyan,Jawa Barat,Bandung Barat,C,RS Publik,71.0,13,0,Tidak tercatat,Tidak tercatat,2,2,100.0
3217007,RS Umum Daerah Cikalongwetan,Jawa Barat,Bandung Barat,C,RS Publik,45.0,13,1,6.0,4.0,2,2,100.0
3217002,RS Umum Daerah Cililin,Jawa Barat,Bandung Barat,C,RS Publik,61.0,11,1,1.0,1.0,1,1,100.0
3217004,RS Umum Daerah Lembang,Jawa Barat,Bandung Barat,C,RS Publik,49.0,11,0,Tidak tercatat,Tidak tercatat,1,1,100.0
3217006,RS Umum IMC,Jawa Barat,Bandung Barat,D,RS Privat,10.0,6,0,Tidak tercatat,Tidak tercatat,1,1,100.0
3216386,RS Amanda Cikarang Selatan,Jawa Barat,Bekasi,C,RS Privat,33.0,11,0,Tidak tercatat,Tidak tercatat,1,1,100.0
3216449,RS Ananda Babelan,Jawa Barat,Bekasi,C,RS Privat,57.0,10,0,Tidak tercatat,Tidak tercatat,1,1,100.0
3216374,RS Ananda Tambun Selatan,Jawa Barat,Bekasi,C,RS Privat,29.0,12,0,Tidak tercatat,Tidak tercatat,1,1,100.0
3216407,RS Cahaya Medika,Jawa Barat,Bekasi,D,RS Privat,4.0,3,0,Tidak tercatat,Tidak tercatat,1,1,100.0
3216444,RS Cenka,Jawa Barat,Bekasi,C,RS Privat,20.0,10,0,Tidak tercatat,Tidak tercatat,1,1,100.0
3216443,RS EMC Cibitung,Jawa Barat,Bekasi,C,RS Privat,61.0,13,0,Tidak tercatat,Tidak tercatat,2,2,100.0
3216436,RS EMC Cikarang,Jawa Barat,Bekasi,B,RS Privat,71.0,13,0,Tidak tercatat,Tidak tercatat,2,2,100.0
3216450,RS Eka Bekasi,Jawa Barat,Bekasi,B,RS Privat,87.0,14,0,Tidak tercatat,Tidak tercatat,3,3,100.0
3216451,RS Hermina Metland Cibitung,Jawa Barat,Bekasi,C,RS Privat,42.0,9,0,Tidak tercatat,Tidak tercatat,1,1,100.0
3216446,RS Ibu dan Anak Aisyah Qurrataain,Jawa Barat,Bekasi,C,RS Privat,3.0,2,0,Tidak tercatat,Tidak tercatat,0,0,Tidak tercatat
3216424,RS Ibu dan Anak Gizar,Jawa Barat,Bekasi,C,RS Privat,6.0,6,0,Tidak tercatat,Tidak tercatat,0,0,Tidak tercatat
3216447,RS Ibu dan Anak Nurul Annisa,Jawa Barat,Bekasi,D,RS Privat,Tidak tercatat,0,0,Tidak tercatat,Tidak tercatat,0,0,Tidak tercatat
3216432,RS Ibu dan Anak Viola,Jawa Barat,Bekasi,C,RS Privat,Tidak tercatat,0,0,Tidak tercatat,Tidak tercatat,0,0,Tidak tercatat
3216464,RS Mitra Keluarga Deltamas,Jawa Barat,Bekasi,C,RS Privat,13.0,3,0,Tidak tercatat,Tidak tercatat,1,1,100.0
3216465,RS Mitra Keluarga Grand Wisata,Jawa Barat,Bekasi,C,RS Privat,Tidak tercatat,0,0,Tidak tercatat,Tidak tercatat,0,0,Tidak tercatat
3216399,RS Mitra Medika Narom,Jawa Barat,Bekasi,C,RS Privat,22.0,9,0,Tidak tercatat,Tidak tercatat,1,1,100.0
3216463,RS Permata Bunda,Jawa Barat,Bekasi,C,RS Privat,13.0,6,0,Tidak tercatat,Tidak tercatat,0,0,Tidak tercatat
3216414,RS Umum Amanda,Jawa Barat,Bekasi,C,RS Privat,40.0,11,0,Tidak tercatat,Tidak tercatat,1,1,100.0
3216126,RS Umum Annisa,Jawa Barat,Bekasi,C,RS Privat,65.0,12,0,Tidak tercatat,Tidak tercatat,1,1,100.0
3275054,RS Umum As-Shofwan,Jawa Barat,Bekasi,D,RS Privat,11.0,3,0,Tidak tercatat,Tidak tercatat,1,1,100.0
3216397,RS Umum Asri Medika,Jawa Barat,Bekasi,D,RS Privat,16.0,11,0,Tidak tercatat,Tidak tercatat,1,1,100.0
3216072,RS Umum Bhakti Husada,Jawa Barat,Bekasi,C,RS Publik,38.0,11,0,Tidak tercatat,Tidak tercatat,1,1,100.0
3216434,RS Umum Budi Asih,Jawa Barat,Bekasi,D,RS Privat,15.0,4,0,Tidak tercatat,Tidak tercatat,0,0,Tidak tercatat
3216425,RS Umum Bunda Mulia,Jawa Barat,Bekasi,D,RS Privat,14.0,7,0,Tidak tercatat,Tidak tercatat,0,0,Tidak tercatat
3216388,RS Umum Cibitung Medika,Jawa Barat,Bekasi,C,RS Privat,60.0,11,0,Tidak tercatat,Tidak tercatat,1,1,100.0
3216409,RS Umum Cikarang Medika,Jawa Barat,Bekasi,C,RS Privat,26.0,12,0,Tidak tercatat,Tidak tercatat,1,1,100.0
3216440,RS Umum Daerah Cabangbungin,Jawa Barat,Bekasi,D,RS Publik,40.0,11,0,Tidak tercatat,Tidak tercatat,0,0,Tidak tercatat
3216252,RS Umum Daerah Kab.Bekasi,Jawa Barat,Bekasi,B,RS Publik,193.0,14,1,5.0,5.0,3,3,100.0
3216387,RS Umum Dokter Adam Talib,Jawa Barat,Bekasi,C,RS Privat,26.0,9,0,Tidak tercatat,Tidak tercatat,0,0,Tidak tercatat
3216439,RS Umum Dr. Iqbali Taufan,Jawa Barat,Bekasi,D,RS Privat,20.0,7,0,Tidak tercatat,Tidak tercatat,0,0,Tidak tercatat
3216385,RS Umum Harapan Keluarga Jababeka,Jawa Barat,Bekasi,C,RS Privat,33.0,11,0,Tidak tercatat,Tidak tercatat,2,2,100.0
3216408,RS Umum Harapan Mulia,Jawa Barat,Bekasi,C,RS Privat,28.0,12,0,Tidak tercatat,Tidak tercatat,1,1,100.0
3216318,RS Umum Hermina Grand Wisata,Jawa Barat,Bekasi,B,RS Privat,127.0,15,0,Tidak tercatat,Tidak tercatat,4,4,100.0
3216185,RS Umum Hosana Medica,Jawa Barat,Bekasi,C,RS Privat,49.0,10,0,Tidak tercatat,Tidak tercatat,1,1,100.0
3216351,RS Umum Kartika Husada,Jawa Barat,Bekasi,C,RS Privat,50.0,12,0,Tidak tercatat,Tidak tercatat,0,0,Tidak tercatat
3216413,RS Umum Kartika Husada Setu,Jawa Barat,Bekasi,C,RS Privat,18.0,10,0,Tidak tercatat,Tidak tercatat,1,1,100.0
3216104,RS Umum Karya Medika,Jawa Barat,Bekasi,C,RS Publik,68.0,14,0,Tidak tercatat,Tidak tercatat,1,1,100.0
3216362,RS Umum Karya Medika II,Jawa Barat,Bekasi,C,RS Privat,55.0,12,0,Tidak tercatat,Tidak tercatat,1,1,100.0
3216426,RS Umum Kasih Insani Sukatani,Jawa Barat,Bekasi,D,RS Privat,18.0,8,0,Tidak tercatat,Tidak tercatat,1,1,100.0
3216420,RS Umum Medirossa 2,Jawa Barat,Bekasi,C,RS Privat,29.0,10,0,Tidak tercatat,Tidak tercatat,1,1,100.0
3216340,RS Umum Medirossa Cikarang,Jawa Barat,Bekasi,C,RS Publik,47.0,11,0,Tidak tercatat,Tidak tercatat,1,1,100.0
3216406,RS Umum Metro Hospitals,Jawa Barat,Bekasi,C,RS Privat,26.0,8,0,Tidak tercatat,Tidak tercatat,1,1,100.0
3216393,RS Umum Mitra Keluarga Cikarang,Jawa Barat,Bekasi,B,RS Privat,61.0,13,0,Tidak tercatat,Tidak tercatat,0,0,Tidak tercatat
3216441,RS Umum Permata Keluarga Jababeka,Jawa Barat,Bekasi,C,RS Privat,60.0,12,0,Tidak tercatat,Tidak tercatat,1,1,100.0
3216416,RS Umum Permata Keluarga Lippo Cikarang,Jawa Barat,Bekasi,C,RS Privat,52.0,13,0,Tidak tercatat,Tidak tercatat,1,1,100.0
3216438,RS Umum Pinna,Jawa Barat,Bekasi,D,RS Privat,31.0,12,0,Tidak tercatat,Tidak tercatat,1,1,100.0
3216421,RS Umum Puspa Husada,Jawa Barat,Bekasi,D,RS Privat,25.0,11,0,Tidak tercatat,Tidak tercatat,1,1,100.0
3216415,RS Umum Ridhoka Salma,Jawa Barat,Bekasi,C,RS Privat,32.0,9,0,Tidak tercatat,Tidak tercatat,0,0,Tidak tercatat
3216163,RS Umum Sentra Medika,Jawa Barat,Bekasi,B,RS Publik,67.0,15,0,Tidak tercatat,Tidak tercatat,0,0,Tidak tercatat
3216435,RS Umum Tarumajaya,Jawa Barat,Bekasi,D,RS Privat,33.0,10,0,Tidak tercatat,Tidak tercatat,1,1,100.0
3216417,RS Umum Tiara,Jawa Barat,Bekasi,C,RS Privat,48.0,11,0,Tidak tercatat,Tidak tercatat,0,0,Tidak tercatat
3216462,RS Umum dr. Abdul Radjak Cibitung,Jawa Barat,Bekasi,D,RS Privat,6.0,4,0,Tidak tercatat,Tidak tercatat,1,1,100.0
3216400,RS Uni Medika Setu Bekasi,Jawa Barat,Bekasi,C,RS Privat,42.0,11,0,Tidak tercatat,Tidak tercatat,1,1,100.0
3216152,Siloam Hospitals Lippo Cikarang,Jawa Barat,Bekasi,B,RS Privat,96.0,13,0,Tidak tercatat,Tidak tercatat,3,3,100.0
3201249,RS Asysyifaa,Jawa Barat,Bogor,C,RS Privat,29.0,11,0,Tidak tercatat,Tidak tercatat,1,1,100.0
3201247,RS EMC Sentul,Jawa Barat,Bogor,B,RS Privat,87.0,15,0,Tidak tercatat,Tidak tercatat,3,3,100.0
3201258,RS Eka Hospital,Jawa Barat,Bogor,B,RS Privat,83.0,16,0,Tidak tercatat,Tidak tercatat,2,1,50.0
3201252,RS Harapan Sehati,Jawa Barat,Bogor,C,RS Privat,13.0,3,0,Tidak tercatat,Tidak tercatat,1,1,100.0
3201250,RS Helsa Citeureup,Jawa Barat,Bogor,C,RS Privat,27.0,10,0,Tidak tercatat,Tidak tercatat,0,0,Tidak tercatat
3201273,RS Hermina Ciawi,Jawa Barat,Bogor,C,RS Privat,Tidak tercatat,0,0,Tidak tercatat,Tidak tercatat,0,0,Tidak tercatat
3201239,RS Ibu dan Anak Assalam,Jawa Barat,Bogor,C,RS Privat,24.0,10,0,Tidak tercatat,Tidak tercatat,0,0,Tidak tercatat
3201130,RS Ibu dan Anak Citra Insani,Jawa Barat,Bogor,C,RS Privat,23.0,9,0,Tidak tercatat,Tidak tercatat,0,0,Tidak tercatat
3201242,RS Ibu dan Anak Kenari Graha Medika,Jawa Barat,Bogor,C,RS Privat,38.0,11,0,Tidak tercatat,Tidak tercatat,0,0,Tidak tercatat
3201271,RS Islam Aysha ,Jawa Barat,Bogor,C,RS Privat,39.0,13,0,Tidak tercatat,Tidak tercatat,1,1,100.0
3201272,RS Paragon,Jawa Barat,Bogor,C,RS Privat,12.0,3,0,Tidak tercatat,Tidak tercatat,0,0,Tidak tercatat
3201024,RS Paru Dr. M. Goenawan Partowidigdo,Jawa Barat,Bogor,A,RS Publik,73.0,15,0,Tidak tercatat,Tidak tercatat,2,2,100.0
3201259,RS Pena 98,Jawa Barat,Bogor,C,RS Privat,48.0,10,0,Tidak tercatat,Tidak tercatat,1,1,100.0
3201231,RS Sentosa,Jawa Barat,Bogor,C,RS Privat,54.0,11,0,Tidak tercatat,Tidak tercatat,0,0,Tidak tercatat
3201094,RS Umum Annisa,Jawa Barat,Bogor,C,RS Privat,45.0,10,0,Tidak tercatat,Tidak tercatat,1,1,100.0
3201115,RS Umum Bina Husada,Jawa Barat,Bogor,C,RS Privat,66.0,12,0,Tidak tercatat,Tidak tercatat,1,1,100.0
3201229,RS Umum Citama,Jawa Barat,Bogor,C,RS Privat,47.0,12,0,Tidak tercatat,Tidak tercatat,0,0,Tidak tercatat
3201050,RS Umum Daerah Ciawi,Jawa Barat,Bogor,B,RS Publik,135.0,15,0,Tidak tercatat,Tidak tercatat,5,4,80.0
3201046,RS Umum Daerah Cibinong,Jawa Barat,Bogor,B,RS Publik,157.0,14,1,5.0,5.0,4,3,75.0
3201232,RS Umum Daerah Cileungsi,Jawa Barat,Bogor,B,RS Publik,85.0,15,0,Tidak tercatat,Tidak tercatat,3,3,100.0
3201083,RS Umum Daerah Leuwiliang,Jawa Barat,Bogor,B,RS Publik,99.0,14,0,Tidak tercatat,Tidak tercatat,1,1,100.0
3201150,RS Umum Family Medical Center,Jawa Barat,Bogor,C,RS Privat,56.0,13,0,Tidak tercatat,Tidak tercatat,1,1,100.0
3201238,RS Umum Hermina Mekarsari,Jawa Barat,Bogor,C,RS Privat,61.0,12,0,Tidak tercatat,Tidak tercatat,2,2,100.0
3201245,RS Umum Karya Bhakti Pratiwi,Jawa Barat,Bogor,C,RS Privat,66.0,12,0,Tidak tercatat,Tidak tercatat,1,1,100.0
3201207,RS Umum MH. Thamrin,Jawa Barat,Bogor,C,RS Privat,66.0,13,0,Tidak tercatat,Tidak tercatat,0,0,Tidak tercatat
3201152,RS Umum Mary Cileungsi Hijau,Jawa Barat,Bogor,C,RS Privat,51.0,10,0,Tidak tercatat,Tidak tercatat,1,1,100.0
3201244,RS Umum Permata Jonggol,Jawa Barat,Bogor,C,RS Privat,55.0,12,0,Tidak tercatat,Tidak tercatat,0,0,Tidak tercatat
3201233,RS Umum Rumah Sehat Terpadu Dompet Dhuafa,Jawa Barat,Bogor,C,RS Publik,45.0,11,0,Tidak tercatat,Tidak tercatat,0,0,Tidak tercatat
3201230,RS Umum Sentra Medika Cibinong,Jawa Barat,Bogor,B,RS Privat,103.0,16,0,Tidak tercatat,Tidak tercatat,5,5,100.0
3271139,RS Umum Trimitra,Jawa Barat,Bogor,C,RS Privat,44.0,13,0,Tidak tercatat,Tidak tercatat,1,1,100.0
3271035,RSAU Dr. M. Hassan Toto,Jawa Barat,Bogor,C,RS Publik,45.0,11,0,Tidak tercatat,Tidak tercatat,0,0,Tidak tercatat
3207059,RS Khusus Orthopedi RSOP Ciamis,Jawa Barat,Ciamis,C,RS Privat,16.0,7,0,Tidak tercatat,Tidak tercatat,0,0,Tidak tercatat
3207056,RS Umum Al-Arif,Jawa Barat,Ciamis,D,RS Publik,20.0,9,0,Tidak tercatat,Tidak tercatat,0,0,Tidak tercatat
3207057,RS Umum Dadi Keluarga Ciamis,Jawa Barat,Ciamis,C,RS Privat,43.0,13,0,Tidak tercatat,Tidak tercatat,2,2,100.0
3207012,RS Umum Daerah Kab. Ciamis,Jawa Barat,Ciamis,C,RS Publik,92.0,12,1,2.0,2.0,1,1,100.0
3207060,RS Umum Daerah Kawali,Jawa Barat,Ciamis,D,RS Publik,19.0,8,0,Tidak tercatat,Tidak tercatat,1,1,100.0
3207045,RS Umum Permata Bunda,Jawa Barat,Ciamis,D,RS Publik,32.0,12,0,Tidak tercatat,Tidak tercatat,0,0,Tidak tercatat
3203041,RS Bhayangkara Cianjur,Jawa Barat,Cianjur,D,RS Publik,17.0,8,0,Tidak tercatat,Tidak tercatat,1,1,100.0
3203037,RS Umum Daerah Cimacan,Jawa Barat,Cianjur,C,RS Publik,67.0,13,0,Tidak tercatat,Tidak tercatat,2,2,100.0
3203039,RS Umum Daerah Pagelaran,Jawa Barat,Cianjur,C,RS Publik,35.0,10,0,Tidak tercatat,Tidak tercatat,0,0,Tidak tercatat
3203015,RS Umum Daerah Sayang,Jawa Barat,Cianjur,B,RS Publik,108.0,12,1,9.0,6.0,3,3,100.0
3203038,RS Umum Dr. Hafiz ,Jawa Barat,Cianjur,C,RS Privat,56.0,12,0,Tidak tercatat,Tidak tercatat,1,1,100.0
3274136,RS Jantung Hasna Medika,Jawa Barat,Cirebon,B,RS Privat,29.0,9,0,Tidak tercatat,Tidak tercatat,1,1,100.0
3209036,RS Paru Provinsi Jawa Barat,Jawa Barat,Cirebon,B,RS Publik,55.0,12,0,Tidak tercatat,Tidak tercatat,3,2,66.67
3209055,RS Pasar Minggu Cirebon,Jawa Barat,Cirebon,D,RS Privat,13.0,4,0,Tidak tercatat,Tidak tercatat,0,0,Tidak tercatat
3209025,RS Pertamina Cirebon,Jawa Barat,Cirebon,C,RS Privat,108.0,13,0,Tidak tercatat,Tidak tercatat,2,2,100.0
3209040,RS Umum Daerah Arjawinangun,Jawa Barat,Cirebon,B,RS Publik,141.0,13,1,6.0,4.0,2,2,100.0
3209014,RS Umum Daerah Waled,Jawa Barat,Cirebon,B,RS Publik,95.0,13,1,10.0,5.0,3,2,66.67
3209053,RS Umum Khalishah,Jawa Barat,Cirebon,C,RS Privat,38.0,11,0,Tidak tercatat,Tidak tercatat,1,1,100.0
3209051,RS Umum Mitra Plumbon,Jawa Barat,Cirebon,B,RS Privat,Tidak tercatat,0,0,Tidak tercatat,Tidak tercatat,7,4,57.14
3209054,RS Umum Permata Cirebon,Jawa Barat,Cirebon,B,RS Privat,78.0,14,0,Tidak tercatat,Tidak tercatat,4,4,100.0
3274135,RS Umum Sumber Hurip,Jawa Barat,Cirebon,C,RS Privat,32.0,11,0,Tidak tercatat,Tidak tercatat,0,0,Tidak tercatat
3209133,RS Umum Sumber Waras,Jawa Barat,Cirebon,B,RS Privat,61.0,12,0,Tidak tercatat,Tidak tercatat,0,0,Tidak tercatat
3209052,RS Umum Universitas Muhammadiyah Cirebon,Jawa Barat,Cirebon,C,RS Publik,25.0,9,0,Tidak tercatat,Tidak tercatat,0,0,Tidak tercatat
3205027,RS Medina,Jawa Barat,Garut,D,RS Privat,30.0,11,0,Tidak tercatat,Tidak tercatat,1,1,100.0
3205024,RS Umum Annisa Queen,Jawa Barat,Garut,D,RS Privat,9.0,6,0,Tidak tercatat,Tidak tercatat,0,0,Tidak tercatat
3205022,RS Umum Daerah Pameungpeuk Prov. Jabar,Jawa Barat,Garut,C,RS Publik,60.0,11,0,Tidak tercatat,Tidak tercatat,1,1,100.0
3205010,RS Umum Daerah dr. Slamet Garut,Jawa Barat,Garut,B,RS Publik,98.0,13,1,3.0,3.0,3,3,100.0
3205026,RS Umum Intan Husada,Jawa Barat,Garut,C,RS Privat,46.0,13,0,Tidak tercatat,Tidak tercatat,0,0,Tidak tercatat
3205039,RS Umum Nur Hayati Cikajang,Jawa Barat,Garut,D,RS Privat,Tidak tercatat,0,0,Tidak tercatat,Tidak tercatat,0,0,Tidak tercatat
3205023,RS Umum Nurhayati Garut,Jawa Barat,Garut,D,RS Publik,38.0,12,0,Tidak tercatat,Tidak tercatat,2,2,100.0
3205021,RS Umum Tk. IV Guntur,Jawa Barat,Garut,C,RS Publik,39.0,12,0,Tidak tercatat,Tidak tercatat,1,1,100.0
3212058,RS Ibu dan Anak Irhamna Indramayu,Jawa Barat,Indramayu,C,RS Privat,13.0,4,0,Tidak tercatat,Tidak tercatat,0,0,Tidak tercatat
3212071,RS Islam Zam-Zam Muhammadiyah Jatibarang,Jawa Barat,Indramayu,D,RS Publik,14.0,8,0,Tidak tercatat,Tidak tercatat,1,1,100.0
3212059,RS Mitra Plumbon Indramayu,Jawa Barat,Indramayu,C,RS Privat,68.0,13,0,Tidak tercatat,Tidak tercatat,2,2,100.0
3212073,RS Mitra Plumbon Patrol,Jawa Barat,Indramayu,C,RS Privat,Tidak tercatat,0,0,Tidak tercatat,Tidak tercatat,0,0,Tidak tercatat
3212060,RS Sentra Medika Langut,Jawa Barat,Indramayu,D,RS Privat,22.0,10,0,Tidak tercatat,Tidak tercatat,0,0,Tidak tercatat
3212057,RS Syahid Al Irsyad,Jawa Barat,Indramayu,D,RS Privat,10.0,6,0,Tidak tercatat,Tidak tercatat,0,0,Tidak tercatat
3212042,RS Umum Bhayangkara Indramayu,Jawa Barat,Indramayu,C,RS Publik,39.0,11,0,Tidak tercatat,Tidak tercatat,2,2,100.0
3212016,RS Umum Daerah Kab. Indramayu,Jawa Barat,Indramayu,B,RS Publik,80.0,13,1,3.0,3.0,5,4,80.0
3212031,RS Umum Daerah M. A. Sentot Patrol,Jawa Barat,Indramayu,C,RS Publik,43.0,11,0,Tidak tercatat,Tidak tercatat,2,1,50.0
3212056,RS Umum Daerah Mursid Ibnu Syafiuddin,Jawa Barat,Indramayu,D,RS Publik,48.0,11,0,Tidak tercatat,Tidak tercatat,1,1,100.0
3212054,RS Umum MM Indramayu,Jawa Barat,Indramayu,D,RS Privat,28.0,10,0,Tidak tercatat,Tidak tercatat,0,0,Tidak tercatat
3212055,RS Umum Pertamina Balongan Indramayu,Jawa Barat,Indramayu,D,RS Privat,28.0,11,0,Tidak tercatat,Tidak tercatat,0,0,Tidak tercatat
3215182,RS Hastien,Jawa Barat,Karawang,C,RS Privat,9.0,2,0,Tidak tercatat,Tidak tercatat,0,0,Tidak tercatat
3215169,RS Hermina Karawang,Jawa Barat,Karawang,C,RS Privat,34.0,8,0,Tidak tercatat,Tidak tercatat,2,2,100.0
3215112,RS Ibu dan Anak Dr. Djoko Pramono,Jawa Barat,Karawang,C,RS Privat,14.0,5,0,Tidak tercatat,Tidak tercatat,0,0,Tidak tercatat
3215163,RS Ibu dan Anak Sentul,Jawa Barat,Karawang,C,RS Privat,25.0,8,0,Tidak tercatat,Tidak tercatat,0,0,Tidak tercatat
3215171,RS Permata Keluarga Karawang,Jawa Barat,Karawang,C,RS Privat,44.0,11,0,Tidak tercatat,Tidak tercatat,2,2,100.0
3215170,RS Primaya Karawang,Jawa Barat,Karawang,C,RS Privat,50.0,13,0,Tidak tercatat,Tidak tercatat,4,3,75.0
3215167,RS Umum Amanda Mitra Keluarga,Jawa Barat,Karawang,D,RS Privat,17.0,9,0,Tidak tercatat,Tidak tercatat,1,1,100.0
3215023,RS Umum Bayukarta,Jawa Barat,Karawang,C,RS Publik,63.0,13,0,Tidak tercatat,Tidak tercatat,3,3,100.0
3215123,RS Umum Citra Sari Husada,Jawa Barat,Karawang,C,RS Privat,42.0,11,0,Tidak tercatat,Tidak tercatat,1,1,100.0
3215146,RS Umum Daerah Jatisari Kabupaten Karawang,Jawa Barat,Karawang,C,RS Publik,39.0,12,0,Tidak tercatat,Tidak tercatat,1,1,100.0
3215012,RS Umum Daerah Karawang,Jawa Barat,Karawang,B,RS Publik,121.0,13,1,6.0,6.0,6,4,66.67
3215100,RS Umum Delima Asih Sisma Medika,Jawa Barat,Karawang,D,RS Privat,29.0,10,0,Tidak tercatat,Tidak tercatat,0,0,Tidak tercatat
3215045,RS Umum Dewi Sri,Jawa Barat,Karawang,C,RS Privat,75.0,13,0,Tidak tercatat,Tidak tercatat,1,1,100.0
3215158,RS Umum Fikri Medika,Jawa Barat,Karawang,C,RS Privat,31.0,10,0,Tidak tercatat,Tidak tercatat,1,1,100.0
3215162,RS Umum Helsa,Jawa Barat,Karawang,C,RS Privat,19.0,8,0,Tidak tercatat,Tidak tercatat,1,1,100.0
3215078,RS Umum Islam Karawang,Jawa Barat,Karawang,C,RS Publik,42.0,12,0,Tidak tercatat,Tidak tercatat,2,2,100.0
3215134,RS Umum Izza,Jawa Barat,Karawang,C,RS Privat,61.0,12,0,Tidak tercatat,Tidak tercatat,2,2,100.0
3215056,RS Umum Karya Husada,Jawa Barat,Karawang,C,RS Privat,41.0,11,0,Tidak tercatat,Tidak tercatat,1,1,100.0
3215156,RS Umum Lira Medika,Jawa Barat,Karawang,B,RS Privat,102.0,14,0,Tidak tercatat,Tidak tercatat,1,1,100.0
3215145,RS Umum Mandaya,Jawa Barat,Karawang,C,RS Privat,61.0,12,0,Tidak tercatat,Tidak tercatat,0,0,Tidak tercatat
3215161,RS Umum Mitra Family,Jawa Barat,Karawang,C,RS Privat,31.0,10,0,Tidak tercatat,Tidak tercatat,0,0,Tidak tercatat
3215067,RS Umum Proklamasi,Jawa Barat,Karawang,C,RS Privat,35.0,12,0,Tidak tercatat,Tidak tercatat,1,1,100.0
3215160,RS Umum Puri Asih,Jawa Barat,Karawang,C,RS Privat,47.0,11,0,Tidak tercatat,Tidak tercatat,0,0,Tidak tercatat
3215164,RS Umum Rosela,Jawa Barat,Karawang,D,RS Privat,27.0,9,0,Tidak tercatat,Tidak tercatat,1,1,100.0
3215089,RS Umum Saraswati,Jawa Barat,Karawang,D,RS Privat,29.0,11,0,Tidak tercatat,Tidak tercatat,0,0,Tidak tercatat
3215165,RS Umum Sentral Medika,Jawa Barat,Karawang,D,RS Privat,25.0,10,0,Tidak tercatat,Tidak tercatat,1,1,100.0
3273547,RS Edelweiss,Jawa Barat,Kota Bandung,C,RS Privat,55.0,12,0,Tidak tercatat,Tidak tercatat,1,1,100.0
3204124,RS Gigi dan Mulut Maranatha,Jawa Barat,Kota Bandung,B,RS Privat,70.0,3,0,Tidak tercatat,Tidak tercatat,0,0,Tidak tercatat
3273546,RS Ibu dan Anak Al Islam ,Jawa Barat,Kota Bandung,C,RS Privat,33.0,10,0,Tidak tercatat,Tidak tercatat,1,1,100.0
3204129,RS Ibu dan Anak Grha Bunda,Jawa Barat,Kota Bandung,C,RS Privat,54.0,11,0,Tidak tercatat,Tidak tercatat,0,0,Tidak tercatat
3273541,RS Ibu dan Anak Harapan Bunda Bandung,Jawa Barat,Kota Bandung,C,RS Privat,35.0,9,0,Tidak tercatat,Tidak tercatat,0,0,Tidak tercatat
3273165,RS Ibu dan Anak Limijati,Jawa Barat,Kota Bandung,B,RS Privat,99.0,15,0,Tidak tercatat,Tidak tercatat,0,0,Tidak tercatat
3273528,RS Ibu dan Anak Melinda ,Jawa Barat,Kota Bandung,C,RS Privat,44.0,11,0,Tidak tercatat,Tidak tercatat,0,0,Tidak tercatat
3273558,RS Jantung dan Pembuluh Darah Paramarta,Jawa Barat,Kota Bandung,C,RS Privat,29.0,9,0,Tidak tercatat,Tidak tercatat,1,1,100.0
3204137,RS Kartini,Jawa Barat,Kota Bandung,D,RS Privat,7.0,3,0,Tidak tercatat,Tidak tercatat,1,1,100.0
3273431,RS Khusus Bedah Halmahera Siaga,Jawa Barat,Kota Bandung,C,RS Publik,29.0,8,0,Tidak tercatat,Tidak tercatat,0,0,Tidak tercatat
3273540,RS Khusus Gigi dan Mulut Kota Bandung,Jawa Barat,Kota Bandung,B,RS Publik,46.0,6,0,Tidak tercatat,Tidak tercatat,1,1,100.0
3273464,RS Khusus Gigi dan Mulut UNPAD,Jawa Barat,Kota Bandung,A,RS Publik,39.0,6,0,Tidak tercatat,Tidak tercatat,0,0,Tidak tercatat
3273453,RS Khusus Ginjal Ny. R. A. Habibie,Jawa Barat,Kota Bandung,C,RS Publik,39.0,8,0,Tidak tercatat,Tidak tercatat,0,0,Tidak tercatat
3273560,RS Khusus Jantung dan Pembuluh Darah Melinda Cardio Vascula Center,Jawa Barat,Kota Bandung,C,RS Privat,Tidak tercatat,0,0,Tidak tercatat,Tidak tercatat,0,0,Tidak tercatat
3273191,RS Khusus Mata Cicendo,Jawa Barat,Kota Bandung,A,RS Publik,112.0,10,0,Tidak tercatat,Tidak tercatat,1,0,0.0
3204130,RS Mata Bandung Eye Center,Jawa Barat,Kota Bandung,C,RS Privat,17.0,6,0,Tidak tercatat,Tidak tercatat,0,0,Tidak tercatat
3273201,RS Paru Dr. H. A. Rotinsulu,Jawa Barat,Kota Bandung,A,RS Publik,61.0,11,0,Tidak tercatat,Tidak tercatat,2,1,50.0
3273561,RS Pasundan,Jawa Barat,Kota Bandung,C,RS Privat,4.0,2,0,Tidak tercatat,Tidak tercatat,0,0,Tidak tercatat
3273085,RS Umum Advent Bandung,Jawa Barat,Kota Bandung,B,RS Publik,99.0,13,0,Tidak tercatat,Tidak tercatat,4,4,100.0
3273420,RS Umum Al-Islam Bandung,Jawa Barat,Kota Bandung,B,RS Privat,148.0,14,0,Tidak tercatat,Tidak tercatat,4,4,100.0
3273110,RS Umum Bungsu,Jawa Barat,Kota Bandung,D,RS Publik,Tidak tercatat,0,0,Tidak tercatat,Tidak tercatat,0,0,Tidak tercatat
3273260,RS Umum Daerah Bandung Kiwari,Jawa Barat,Kota Bandung,B,RS Publik,133.0,15,1,4.0,4.0,3,2,66.67
3273405,RS Umum Daerah Kota Bandung,Jawa Barat,Kota Bandung,B,RS Publik,88.0,13,0,Tidak tercatat,Tidak tercatat,3,3,100.0
3273145,RS Umum Hermina Arcamanik,Jawa Barat,Kota Bandung,C,RS Privat,150.0,15,0,Tidak tercatat,Tidak tercatat,1,1,100.0
3273539,RS Umum Hermina Pasteur ,Jawa Barat,Kota Bandung,B,RS Privat,133.0,16,0,Tidak tercatat,Tidak tercatat,4,4,100.0
3204123,RS Umum Humana Prima,Jawa Barat,Kota Bandung,C,RS Privat,60.0,12,0,Tidak tercatat,Tidak tercatat,1,1,100.0
3273052,RS Umum Immanuel Bandung,Jawa Barat,Kota Bandung,B,RS Publik,147.0,16,0,Tidak tercatat,Tidak tercatat,0,0,Tidak tercatat
3204041,RS Umum Kebonjati,Jawa Barat,Kota Bandung,C,RS Privat,Tidak tercatat,0,0,Tidak tercatat,Tidak tercatat,1,1,100.0
3273559,RS Umum Mayapada Hospital Bandung,Jawa Barat,Kota Bandung,B,RS Privat,Tidak tercatat,0,0,Tidak tercatat,Tidak tercatat,0,0,Tidak tercatat
3273543,RS Umum Melinda 2,Jawa Barat,Kota Bandung,C,RS Privat,88.0,15,0,Tidak tercatat,Tidak tercatat,0,0,Tidak tercatat
3273106,RS Umum Muhammadiyah,Jawa Barat,Kota Bandung,C,RS Publik,73.0,14,0,Tidak tercatat,Tidak tercatat,0,0,Tidak tercatat
3273096,RS Umum Pindad,Jawa Barat,Kota Bandung,C,RS Privat,69.0,12,0,Tidak tercatat,Tidak tercatat,0,0,Tidak tercatat
3273015,RS Umum Pusat Dr. Hasan Sadikin,Jawa Barat,Kota Bandung,A,RS Publik,Tidak tercatat,0,1,25.0,15.0,4,2,50.0
3273121,RS Umum Rajawali,Jawa Barat,Kota Bandung,C,RS Publik,34.0,9,0,Tidak tercatat,Tidak tercatat,0,0,Tidak tercatat
3273074,RS Umum Santo Borromeus,Jawa Barat,Kota Bandung,B,RS Publik,192.0,18,0,Tidak tercatat,Tidak tercatat,3,3,100.0
3273063,RS Umum Santo Yusup,Jawa Barat,Kota Bandung,C,RS Publik,90.0,13,0,Tidak tercatat,Tidak tercatat,2,2,100.0
3273486,RS Umum Santosa Hospital Bandung Central,Jawa Barat,Kota Bandung,A,RS Privat,193.0,19,0,Tidak tercatat,Tidak tercatat,5,3,60.0
3273542,RS Umum Santosa Hospital Bandung Kopo,Jawa Barat,Kota Bandung,A,RS Privat,184.0,17,0,Tidak tercatat,Tidak tercatat,4,3,75.0
3273176,RS Umum Tk. IV 03.07.03 Sariningsih,Jawa Barat,Kota Bandung,D,RS Publik,56.0,13,0,Tidak tercatat,Tidak tercatat,0,0,Tidak tercatat
3273030,RSAU dr. M. Salamun,Jawa Barat,Kota Bandung,B,RS Publik,139.0,12,0,Tidak tercatat,Tidak tercatat,3,2,66.67
3273026,RSU Bhayangkara Tk. II Sartika Asih,Jawa Barat,Kota Bandung,B,RS Publik,93.0,13,0,Tidak tercatat,Tidak tercatat,2,2,100.0
3279003,RS Umum Banjar Patroman,Jawa Barat,Kota Banjar,D,RS Privat,25.0,8,0,Tidak tercatat,Tidak tercatat,1,1,100.0
3279004,RS Umum Daerah Asih Husada Lengensari,Jawa Barat,Kota Banjar,D,RS Publik,22.0,7,0,Tidak tercatat,Tidak tercatat,0,0,Tidak tercatat
3207023,RS Umum Daerah Banjar,Jawa Barat,Kota Banjar,B,RS Publik,65.0,13,1,9.0,5.0,2,2,100.0
3279002,RS Umum Mitra Idaman,Jawa Barat,Kota Banjar,D,RS Privat,Tidak tercatat,0,0,Tidak tercatat,Tidak tercatat,1,1,100.0
3275414,RS CItra Arafiq Bekasi,Jawa Barat,Kota Bekasi,C,RS Privat,Tidak tercatat,0,0,Tidak tercatat,Tidak tercatat,0,0,Tidak tercatat
3216427,RS Dokter Adam Talib Cikunir,Jawa Barat,Kota Bekasi,C,RS Privat,4.0,2,0,Tidak tercatat,Tidak tercatat,0,0,Tidak tercatat
3216445,RS EMC Pekayon,Jawa Barat,Kota Bekasi,C,RS Privat,67.0,12,0,Tidak tercatat,Tidak tercatat,0,0,Tidak tercatat
3216396,RS Emhaka,Jawa Barat,Kota Bekasi,D,RS Privat,4.0,1,0,Tidak tercatat,Tidak tercatat,0,0,Tidak tercatat
3275061,RS Helsa,Jawa Barat,Kota Bekasi,C,RS Privat,32.0,10,0,Tidak tercatat,Tidak tercatat,1,1,100.0
3275403,RS Ibu dan Anak Rinova Intan,Jawa Barat,Kota Bekasi,C,RS Privat,13.0,4,0,Tidak tercatat,Tidak tercatat,0,0,Tidak tercatat
3275390,RS Ibu dan Anak Selasih Medika,Jawa Barat,Kota Bekasi,C,RS Privat,34.0,10,0,Tidak tercatat,Tidak tercatat,0,0,Tidak tercatat
3275017,RS Karunia Kasih,Jawa Barat,Kota Bekasi,C,RS Privat,41.0,11,0,Tidak tercatat,Tidak tercatat,1,1,100.0
3275024,RS Mekar Sari,Jawa Barat,Kota Bekasi,C,RS Publik,56.0,12,0,Tidak tercatat,Tidak tercatat,1,1,100.0
3216448,RS Mitra Keluarga Pratama,Jawa Barat,Kota Bekasi,C,RS Privat,62.0,13,0,Tidak tercatat,Tidak tercatat,0,0,Tidak tercatat
3275064,RS Mustika Medika Bekasi,Jawa Barat,Kota Bekasi,D,RS Privat,16.0,7,0,Tidak tercatat,Tidak tercatat,1,1,100.0
3275063,RS Primaya,Jawa Barat,Kota Bekasi,B,RS Privat,106.0,15,0,Tidak tercatat,Tidak tercatat,2,2,100.0
3275392,RS Primaya,Jawa Barat,Kota Bekasi,B,RS Privat,128.0,15,0,Tidak tercatat,Tidak tercatat,6,6,100.0
3275065,RS Primaya Bekasi Utara,Jawa Barat,Kota Bekasi,C,RS Privat,77.0,12,0,Tidak tercatat,Tidak tercatat,1,1,100.0
3275083,RS Seto Hasbadi,Jawa Barat,Kota Bekasi,D,RS Publik,23.0,8,0,Tidak tercatat,Tidak tercatat,0,0,Tidak tercatat
3275307,RS Siloam Bekasi Sepanjang Jaya,Jawa Barat,Kota Bekasi,C,RS Privat,58.0,13,0,Tidak tercatat,Tidak tercatat,1,1,100.0
3275062,RS Siloam Bekasi Timur,Jawa Barat,Kota Bekasi,C,RS Privat,73.0,13,0,Tidak tercatat,Tidak tercatat,1,1,100.0
3275035,RS Siloam Sentosa,Jawa Barat,Kota Bekasi,C,RS Privat,47.0,13,0,Tidak tercatat,Tidak tercatat,1,1,100.0
3216218,RS Umum Ananda,Jawa Barat,Kota Bekasi,B,RS Privat,54.0,12,0,Tidak tercatat,Tidak tercatat,1,1,100.0
3275229,RS Umum Anna,Jawa Barat,Kota Bekasi,C,RS Privat,91.0,14,0,Tidak tercatat,Tidak tercatat,1,1,100.0
3216402,RS Umum Anna Medika,Jawa Barat,Kota Bekasi,C,RS Privat,40.0,8,0,Tidak tercatat,Tidak tercatat,1,1,100.0
3275196,RS Umum Bella,Jawa Barat,Kota Bekasi,C,RS Privat,Tidak tercatat,0,0,Tidak tercatat,Tidak tercatat,1,1,100.0
3275130,RS Umum Bhakti Kartini,Jawa Barat,Kota Bekasi,C,RS Publik,47.0,12,0,Tidak tercatat,Tidak tercatat,1,1,100.0
3275263,RS Umum Citra Harapan,Jawa Barat,Kota Bekasi,C,RS Privat,36.0,10,0,Tidak tercatat,Tidak tercatat,1,1,100.0
3275068,RS Umum Daerah Bantar Gebang,Jawa Barat,Kota Bekasi,D,RS Publik,49.0,12,0,Tidak tercatat,Tidak tercatat,1,1,100.0
3275066,RS Umum Daerah Jatisampurna,Jawa Barat,Kota Bekasi,D,RS Publik,44.0,12,0,Tidak tercatat,Tidak tercatat,1,1,100.0
3275067,RS Umum Daerah Pondokgede,Jawa Barat,Kota Bekasi,D,RS Publik,47.0,12,0,Tidak tercatat,Tidak tercatat,1,1,100.0
3275013,RS Umum Daerah dr. Chasbullah Abdulmadjid,Jawa Barat,Kota Bekasi,B,RS Publik,142.0,15,1,6.0,6.0,2,2,100.0
3275207,RS Umum Graha Juanda,Jawa Barat,Kota Bekasi,C,RS Privat,47.0,12,0,Tidak tercatat,Tidak tercatat,1,1,100.0
3275115,RS Umum Hermina Bekasi,Jawa Barat,Kota Bekasi,B,RS Privat,196.0,11,0,Tidak tercatat,Tidak tercatat,6,6,100.0
3216389,RS Umum Hermina Galaxy,Jawa Barat,Kota Bekasi,C,RS Privat,109.0,13,0,Tidak tercatat,Tidak tercatat,1,1,100.0
3275296,RS Umum Islam dr. Subki Abdulkadir,Jawa Barat,Kota Bekasi,D,RS Publik,25.0,12,0,Tidak tercatat,Tidak tercatat,1,1,100.0
3275274,RS Umum Jati Sampurna,Jawa Barat,Kota Bekasi,C,RS Privat,69.0,12,0,Tidak tercatat,Tidak tercatat,1,1,100.0
3275052,RS Umum Juwita,Jawa Barat,Kota Bekasi,C,RS Privat,20.0,9,0,Tidak tercatat,Tidak tercatat,1,1,100.0
3216423,RS Umum Kartika Husada,Jawa Barat,Kota Bekasi,C,RS Privat,45.0,12,0,Tidak tercatat,Tidak tercatat,1,1,100.0
3275057,RS Umum Karya Medika Bantar Gebang,Jawa Barat,Kota Bekasi,C,RS Privat,23.0,9,0,Tidak tercatat,Tidak tercatat,1,1,100.0
3275039,RS Umum Masmitra,Jawa Barat,Kota Bekasi,C,RS Privat,87.0,12,0,Tidak tercatat,Tidak tercatat,1,1,100.0
3275094,RS Umum Mitra Keluarga Bekasi,Jawa Barat,Kota Bekasi,B,RS Privat,160.0,14,0,Tidak tercatat,Tidak tercatat,0,0,Tidak tercatat
3275046,RS Umum Mitra Keluarga Bekasi Timur,Jawa Barat,Kota Bekasi,B,RS Privat,91.0,13,0,Tidak tercatat,Tidak tercatat,5,5,100.0
3275373,RS Umum Mitra Keluarga Cibubur,Jawa Barat,Kota Bekasi,C,RS Privat,72.0,13,0,Tidak tercatat,Tidak tercatat,0,0,Tidak tercatat
3275141,RS Umum Permata Bekasi,Jawa Barat,Kota Bekasi,C,RS Privat,Tidak tercatat,0,0,Tidak tercatat,Tidak tercatat,1,1,100.0
3216329,RS Umum Permata Cibubur,Jawa Barat,Kota Bekasi,B,RS Privat,108.0,12,0,Tidak tercatat,Tidak tercatat,0,0,Tidak tercatat
3216174,RS Umum Rawa Lumbu,Jawa Barat,Kota Bekasi,C,RS Publik,34.0,12,0,Tidak tercatat,Tidak tercatat,1,1,100.0
3275060,RS Umum Satria Medika,Jawa Barat,Kota Bekasi,C,RS Privat,40.0,12,0,Tidak tercatat,Tidak tercatat,1,1,100.0
3216285,RS Umum St. Elisabeth,Jawa Barat,Kota Bekasi,C,RS Publik,51.0,11,0,Tidak tercatat,Tidak tercatat,1,1,100.0
3275053,RS Umum Taman Harapan Baru,Jawa Barat,Kota Bekasi,C,RS Privat,46.0,12,0,Tidak tercatat,Tidak tercatat,1,1,100.0
3275070,RS umum Daerah Teluk Pucung,Jawa Barat,Kota Bekasi,D,RS Publik,Tidak tercatat,0,0,Tidak tercatat,Tidak tercatat,1,1,100.0
3201254,Bogor Senior Hospital,Jawa Barat,Kota Bogor,D,RS Privat,53.0,13,0,Tidak tercatat,Tidak tercatat,0,0,Tidak tercatat
3271126,Mayapada Hospital Bogor,Jawa Barat,Kota Bogor,C,RS Privat,79.0,12,0,Tidak tercatat,Tidak tercatat,1,1,100.0
3271168,RS Graha Medika Bogor,Jawa Barat,Kota Bogor,C,RS Privat,14.0,9,0,Tidak tercatat,Tidak tercatat,0,0,Tidak tercatat
3201246,RS Ibu dan Anak Bunda Suryatni,Jawa Barat,Kota Bogor,C,RS Privat,30.0,9,0,Tidak tercatat,Tidak tercatat,1,1,100.0
3201257,RS Ibu dan Anak Nuraida,Jawa Barat,Kota Bogor,C,RS Privat,45.0,12,0,Tidak tercatat,Tidak tercatat,0,0,Tidak tercatat
3271162,RS Ibu dan Anak Pasutri,Jawa Barat,Kota Bogor,C,RS Privat,27.0,9,0,Tidak tercatat,Tidak tercatat,1,1,100.0
3201243,RS Ibu dan Anak Sawojajar,Jawa Barat,Kota Bogor,C,RS Privat,22.0,11,0,Tidak tercatat,Tidak tercatat,0,0,Tidak tercatat
3271046,RS Jiwa dr. H. Marzoeki Mahdi,Jawa Barat,Kota Bogor,A,RS Publik,64.0,13,0,Tidak tercatat,Tidak tercatat,0,0,Tidak tercatat
3271072,RS Umum Azra,Jawa Barat,Kota Bogor,C,RS Privat,81.0,15,0,Tidak tercatat,Tidak tercatat,2,2,100.0
3271166,RS Umum Bhayangkara Tk IV Bogor,Jawa Barat,Kota Bogor,D,RS Publik,11.0,7,0,Tidak tercatat,Tidak tercatat,0,0,Tidak tercatat
3271104,RS Umum Daerah Kota Bogor,Jawa Barat,Kota Bogor,B,RS Publik,134.0,16,1,37.0,9.0,6,6,100.0
3271115,RS Umum Hermina Bogor,Jawa Barat,Kota Bogor,B,RS Privat,115.0,13,0,Tidak tercatat,Tidak tercatat,2,2,100.0
3201218,RS Umum Islam Bogor,Jawa Barat,Kota Bogor,C,RS Publik,59.0,12,0,Tidak tercatat,Tidak tercatat,1,1,100.0
3201240,RS Umum Juliana,Jawa Barat,Kota Bogor,C,RS Privat,38.0,11,0,Tidak tercatat,Tidak tercatat,0,0,Tidak tercatat
3201236,RS Umum Medika Dramaga,Jawa Barat,Kota Bogor,C,RS Privat,71.0,12,0,Tidak tercatat,Tidak tercatat,2,2,100.0
3271161,RS Umum Melania,Jawa Barat,Kota Bogor,C,RS Privat,70.0,12,0,Tidak tercatat,Tidak tercatat,0,0,Tidak tercatat
3271164,RS Umum Mulia Pajajaran,Jawa Barat,Kota Bogor,C,RS Privat,62.0,12,0,Tidak tercatat,Tidak tercatat,1,1,100.0
3271013,RS Umum PMI Bogor,Jawa Barat,Kota Bogor,B,RS Publik,100.0,13,0,Tidak tercatat,Tidak tercatat,5,5,100.0
3271024,RS Umum Salak,Jawa Barat,Kota Bogor,C,RS Publik,66.0,12,0,Tidak tercatat,Tidak tercatat,1,1,100.0
3201251,RS Umum Siloam Hospitals Bogor,Jawa Barat,Kota Bogor,C,RS Privat,68.0,14,0,Tidak tercatat,Tidak tercatat,0,0,Tidak tercatat
3201241,RS Umum Ummi,Jawa Barat,Kota Bogor,C,RS Privat,57.0,12,0,Tidak tercatat,Tidak tercatat,1,1,100.0
3271163,RS Umum Vania,Jawa Barat,Kota Bogor,C,RS Privat,36.0,11,0,Tidak tercatat,Tidak tercatat,1,1,100.0
3277022,RS Gigi dan Mulut Pendidikan Unjani,Jawa Barat,Kota Cimahi,B,RS Privat,21.0,4,0,Tidak tercatat,Tidak tercatat,0,0,Tidak tercatat
3277019,RS Umum Avisena,Jawa Barat,Kota Cimahi,C,RS Privat,44.0,11,0,Tidak tercatat,Tidak tercatat,1,1,100.0
3277023,RS Umum Baros,Jawa Barat,Kota Cimahi,D,RS Privat,46.0,10,0,Tidak tercatat,Tidak tercatat,1,1,100.0
3277020,RS Umum Daerah Cibabat,Jawa Barat,Kota Cimahi,B,RS Publik,136.0,14,1,16.0,4.0,5,4,80.0
3277021,RS Umum Kasih Bunda,Jawa Barat,Kota Cimahi,C,RS Privat,52.0,12,0,Tidak tercatat,Tidak tercatat,1,1,100.0
3277018,RS Umum Mitra Anugrah Lestari,Jawa Barat,Kota Cimahi,C,RS Publik,Tidak tercatat,0,0,Tidak tercatat,Tidak tercatat,1,1,100.0
3204075,RS Umum Mitra Kasih,Jawa Barat,Kota Cimahi,C,RS Publik,91.0,13,0,Tidak tercatat,Tidak tercatat,2,2,100.0
3277031,RS Umum Tk. II Dustira,Jawa Barat,Kota Cimahi,B,RS Publik,160.0,14,0,Tidak tercatat,Tidak tercatat,4,4,100.0
3274137,RS Ibu dan Anak Cahaya Bunda,Jawa Barat,Kota Cirebon,C,RS Privat,38.0,11,0,Tidak tercatat,Tidak tercatat,0,0,Tidak tercatat
3274100,RS Umum Budi Asta,Jawa Barat,Kota Cirebon,D,RS Publik,17.0,8,0,Tidak tercatat,Tidak tercatat,0,0,Tidak tercatat
3274016,RS Umum Daerah Gunung Jati,Jawa Barat,Kota Cirebon,B,RS Publik,138.0,14,1,6.0,6.0,4,3,75.0
3274134,RS Umum Medimas,Jawa Barat,Kota Cirebon,C,RS Privat,Tidak tercatat,0,0,Tidak tercatat,Tidak tercatat,1,1,100.0
3274111,RS Umum Muhammadiyah,Jawa Barat,Kota Cirebon,D,RS Publik,18.0,7,0,Tidak tercatat,Tidak tercatat,0,0,Tidak tercatat
3274031,RS Umum Panti Abdi Dharma,Jawa Barat,Kota Cirebon,D,RS Privat,20.0,11,0,Tidak tercatat,Tidak tercatat,0,0,Tidak tercatat
3274053,RS Umum Pelabuhan Cirebon,Jawa Barat,Kota Cirebon,C,RS Privat,57.0,12,0,Tidak tercatat,Tidak tercatat,0,0,Tidak tercatat
3274064,RS Umum Putera Bahagia,Jawa Barat,Kota Cirebon,C,RS Privat,57.0,12,0,Tidak tercatat,Tidak tercatat,2,2,100.0
3274090,RS Umum Sumber Kasih,Jawa Barat,Kota Cirebon,C,RS Privat,58.0,12,0,Tidak tercatat,Tidak tercatat,2,2,100.0
3274020,RS Umum Tk. III Ciremai,Jawa Barat,Kota Cirebon,B,RS Publik,54.0,15,0,Tidak tercatat,Tidak tercatat,4,4,100.0
3276147,RS Ibu dan Anak Asyifa Depok,Jawa Barat,Kota Depok,C,RS Privat,26.0,11,0,Tidak tercatat,Tidak tercatat,1,1,100.0
3276149,RS Ibu dan Anak Setya Bhakti,Jawa Barat,Kota Depok,C,RS Privat,16.0,8,0,Tidak tercatat,Tidak tercatat,0,0,Tidak tercatat
3201141,RS Ibu dan Anak Tumbuh Kembang,Jawa Barat,Kota Depok,C,RS Publik,36.0,11,0,Tidak tercatat,Tidak tercatat,1,1,100.0
3276150,RS Jantung Diagram,Jawa Barat,Kota Depok,B,RS Privat,48.0,10,0,Tidak tercatat,Tidak tercatat,2,1,50.0
3276167,RS Primaya Depok,Jawa Barat,Kota Depok,C,RS Privat,43.0,12,0,Tidak tercatat,Tidak tercatat,3,3,100.0
3276154,RS Umum Alia Hospital,Jawa Barat,Kota Depok,B,RS Privat,67.0,12,0,Tidak tercatat,Tidak tercatat,3,3,100.0
3276169,RS Umum Anak Negeri Hospital,Jawa Barat,Kota Depok,C,RS Privat,Tidak tercatat,0,0,Tidak tercatat,Tidak tercatat,0,0,Tidak tercatat
3201035,RS Umum Bhakti Yudha,Jawa Barat,Kota Depok,C,RS Publik,61.0,13,0,Tidak tercatat,Tidak tercatat,1,1,100.0
3276039,RS Umum Bhayangkara Brimob,Jawa Barat,Kota Depok,C,RS Publik,46.0,12,0,Tidak tercatat,Tidak tercatat,1,1,100.0
3276155,RS Umum Brawijaya Bojongsari,Jawa Barat,Kota Depok,D,RS Privat,Tidak tercatat,0,0,Tidak tercatat,Tidak tercatat,0,0,Tidak tercatat
3201196,RS Umum Bunda Margonda,Jawa Barat,Kota Depok,C,RS Privat,90.0,13,0,Tidak tercatat,Tidak tercatat,1,1,100.0
3276153,RS Umum Citra Arafiq,Jawa Barat,Kota Depok,C,RS Privat,Tidak tercatat,0,0,Tidak tercatat,Tidak tercatat,2,2,100.0
3276166,RS Umum Citra Arafiq Sawangan,Jawa Barat,Kota Depok,C,RS Privat,Tidak tercatat,0,0,Tidak tercatat,Tidak tercatat,1,1,100.0
3276152,RS Umum Citra Medika Depok,Jawa Barat,Kota Depok,C,RS Privat,34.0,11,0,Tidak tercatat,Tidak tercatat,1,1,100.0
3276168,RS Umum Daerah Anugerah Sehat Afiat,Jawa Barat,Kota Depok,C,RS Publik,36.0,10,0,Tidak tercatat,Tidak tercatat,1,1,100.0
3276124,RS Umum Daerah Khidmat Sehat Afiat Kota Depok,Jawa Barat,Kota Depok,C,RS Publik,110.0,13,1,3.0,3.0,3,2,66.67
3276041,RS Umum Grha Permata Ibu,Jawa Barat,Kota Depok,C,RS Privat,Tidak tercatat,0,0,Tidak tercatat,Tidak tercatat,3,3,100.0
3276146,RS Umum Hasanah Graha Afiah,Jawa Barat,Kota Depok,C,RS Privat,90.0,13,0,Tidak tercatat,Tidak tercatat,2,2,100.0
3201126,RS Umum Hermina Depok,Jawa Barat,Kota Depok,B,RS Publik,160.0,17,0,Tidak tercatat,Tidak tercatat,5,5,100.0
3201185,RS Umum Meilia,Jawa Barat,Kota Depok,B,RS Privat,87.0,13,0,Tidak tercatat,Tidak tercatat,3,3,100.0
3276028,RS Umum Mitra Keluarga Depok,Jawa Barat,Kota Depok,C,RS Privat,87.0,14,0,Tidak tercatat,Tidak tercatat,2,2,100.0
3276151,RS Umum Permata Depok,Jawa Barat,Kota Depok,C,RS Privat,98.0,14,0,Tidak tercatat,Tidak tercatat,2,2,100.0
3201072,RS Umum Puri Cinere,Jawa Barat,Kota Depok,B,RS Privat,124.0,15,0,Tidak tercatat,Tidak tercatat,0,0,Tidak tercatat
3276017,RS Umum Sentra Medika,Jawa Barat,Kota Depok,B,RS Privat,91.0,12,0,Tidak tercatat,Tidak tercatat,6,5,83.33
3276135,RS Umum Simpangan Depok,Jawa Barat,Kota Depok,C,RS Privat,33.0,11,0,Tidak tercatat,Tidak tercatat,1,1,100.0
3201061,RS Umum Tugu Ibu,Jawa Barat,Kota Depok,C,RS Publik,59.0,12,0,Tidak tercatat,Tidak tercatat,1,1,100.0
3201256,RS Universitas Indonesia,Jawa Barat,Kota Depok,B,RS Publik,148.0,18,0,Tidak tercatat,Tidak tercatat,4,4,100.0
3272051,RS Umum Assyifa Sukabumi,Jawa Barat,Kota Sukabumi,C,RS Publik,69.0,13,0,Tidak tercatat,Tidak tercatat,1,1,100.0
3272025,RS Umum Bhayangkara Setukpa Lemdikpol,Jawa Barat,Kota Sukabumi,C,RS Publik,58.0,12,0,Tidak tercatat,Tidak tercatat,1,1,100.0
3272075,RS Umum Daerah Al-Mulk,Jawa Barat,Kota Sukabumi,D,RS Publik,29.0,11,0,Tidak tercatat,Tidak tercatat,1,1,100.0
3272014,"RS Umum Daerah R. Syamsudin, SH",Jawa Barat,Kota Sukabumi,B,RS Publik,125.0,15,1,7.0,6.0,3,2,66.67
3272062,RS Umum Kartika Kasih,Jawa Barat,Kota Sukabumi,C,RS Privat,54.0,12,0,Tidak tercatat,Tidak tercatat,1,1,100.0
3272036,RS Umum Ridogalih,Jawa Barat,Kota Sukabumi,D,RS Publik,29.0,12,0,Tidak tercatat,Tidak tercatat,0,0,Tidak tercatat
3278093,RS Hermina Tasikmalaya,Jawa Barat,Kota Tasikmalaya,C,RS Privat,13.0,3,0,Tidak tercatat,Tidak tercatat,1,1,100.0
3278021,RS Ibu dan Anak Bunda Aisyah,Jawa Barat,Kota Tasikmalaya,C,RS Privat,11.0,4,0,Tidak tercatat,Tidak tercatat,0,0,Tidak tercatat
3278016,RS Ibu dan Anak Sayang Bunda,Jawa Barat,Kota Tasikmalaya,C,RS Privat,11.0,6,0,Tidak tercatat,Tidak tercatat,0,0,Tidak tercatat
3278015,RS Ibu dan Anak Ummi,Jawa Barat,Kota Tasikmalaya,C,RS Privat,2.0,2,0,Tidak tercatat,Tidak tercatat,0,0,Tidak tercatat
3278017,RS Ibu dan Anak Widaningsih,Jawa Barat,Kota Tasikmalaya,C,RS Privat,5.0,4,0,Tidak tercatat,Tidak tercatat,0,0,Tidak tercatat
3206083,RS Ibu dan Anak dr. Hj. Karmini EH,Jawa Barat,Kota Tasikmalaya,C,RS Publik,11.0,6,0,Tidak tercatat,Tidak tercatat,0,0,Tidak tercatat
3278094,RS Jantung dan Pembuluh Darah Tasikmalaya,Jawa Barat,Kota Tasikmalaya,B,RS Privat,34.0,13,0,Tidak tercatat,Tidak tercatat,1,1,100.0
3206011,RS Umum Daerah dr. Soekardjo,Jawa Barat,Kota Tasikmalaya,B,RS Publik,119.0,13,1,2.0,2.0,2,1,50.0
3206055,RS Umum Islam Hj. Siti Muniroh,Jawa Barat,Kota Tasikmalaya,D,RS Publik,19.0,7,0,Tidak tercatat,Tidak tercatat,0,0,Tidak tercatat
3206070,RS Umum Jasa Kartini,Jawa Barat,Kota Tasikmalaya,C,RS Privat,93.0,13,0,Tidak tercatat,Tidak tercatat,4,4,100.0
3278082,RS Umum Permata Bunda,Jawa Barat,Kota Tasikmalaya,C,RS Privat,42.0,13,0,Tidak tercatat,Tidak tercatat,1,0,0.0
3278081,RS Umum Prasetya Bunda,Jawa Barat,Kota Tasikmalaya,C,RS Privat,29.0,10,0,Tidak tercatat,Tidak tercatat,0,0,Tidak tercatat
3278018,RS Umum Syifa Medina,Jawa Barat,Kota Tasikmalaya,D,RS Privat,13.0,8,0,Tidak tercatat,Tidak tercatat,1,1,100.0
3278014,RS Umum Tasik Medika Citratama (TMC),Jawa Barat,Kota Tasikmalaya,C,RS Privat,Tidak tercatat,0,0,Tidak tercatat,Tidak tercatat,1,1,100.0
3208061,RS Jantung Hasna Medika Kuningan,Jawa Barat,Kuningan,B,RS Privat,25.0,7,0,Tidak tercatat,Tidak tercatat,0,0,Tidak tercatat
3208063,RS Mitra Husada Ciawigebang,Jawa Barat,Kuningan,D,RS Privat,27.0,10,0,Tidak tercatat,Tidak tercatat,0,0,Tidak tercatat
3208065,RS Permata Kuningan,Jawa Barat,Kuningan,C,RS Privat,37.0,13,0,Tidak tercatat,Tidak tercatat,2,2,100.0
3208064,RS Umum Aria Kamuning,Jawa Barat,Kuningan,D,RS Privat,19.0,10,0,Tidak tercatat,Tidak tercatat,0,0,Tidak tercatat
3208013,RS Umum Daerah 45 Kuningan,Jawa Barat,Kuningan,B,RS Publik,114.0,13,1,7.0,6.0,3,3,100.0
3208059,RS Umum Daerah Linggajati Kuningan,Jawa Barat,Kuningan,C,RS Publik,44.0,12,0,Tidak tercatat,Tidak tercatat,1,1,100.0
3208057,RS Umum El-Syifa,Jawa Barat,Kuningan,D,RS Privat,17.0,7,0,Tidak tercatat,Tidak tercatat,0,0,Tidak tercatat
3208046,RS Umum Juanda,Jawa Barat,Kuningan,C,RS Privat,51.0,12,0,Tidak tercatat,Tidak tercatat,1,1,100.0
3208060,RS Umum KMC Luragung,Jawa Barat,Kuningan,C,RS Privat,26.0,10,0,Tidak tercatat,Tidak tercatat,0,0,Tidak tercatat
3208058,RS Umum Kuningan Medical Center,Jawa Barat,Kuningan,C,RS Privat,40.0,10,0,Tidak tercatat,Tidak tercatat,0,0,Tidak tercatat
3208035,RS Umum Sekar Kamulyan,Jawa Barat,Kuningan,C,RS Publik,31.0,10,0,Tidak tercatat,Tidak tercatat,1,1,100.0
3208024,RS Umum Wijaya Kusumah,Jawa Barat,Kuningan,C,RS Publik,33.0,11,0,Tidak tercatat,Tidak tercatat,1,1,100.0
3210036,RS Bedah Budi Kasih,Jawa Barat,Majalengka,C,RS Publik,10.0,6,0,Tidak tercatat,Tidak tercatat,0,0,Tidak tercatat
3210037,RS Mitra Plumbon Majalengka,Jawa Barat,Majalengka,C,RS Privat,47.0,12,0,Tidak tercatat,Tidak tercatat,1,1,100.0
3210025,RS Umum Daerah Cideres,Jawa Barat,Majalengka,B,RS Publik,59.0,12,1,6.0,5.0,3,3,100.0
3210014,RS Umum Daerah Majalengka,Jawa Barat,Majalengka,C,RS Publik,67.0,11,0,Tidak tercatat,Tidak tercatat,0,0,Tidak tercatat
3210049,RS Umum Daerah Talaga,Jawa Barat,Majalengka,D,RS Publik,Tidak tercatat,0,0,Tidak tercatat,Tidak tercatat,0,0,Tidak tercatat
3210038,RS Umum Livasya,Jawa Barat,Majalengka,C,RS Privat,11.0,7,0,Tidak tercatat,Tidak tercatat,0,0,Tidak tercatat
3218001,RS Umum Daerah Pandega Pangandaran,Jawa Barat,Pangandaran,C,RS Publik,62.0,12,1,1.0,1.0,2,2,100.0
3214041,RS Ibu dan Anak Bunda Fathia,Jawa Barat,Purwakarta,C,RS Privat,11.0,6,0,Tidak tercatat,Tidak tercatat,0,0,Tidak tercatat
3214036,RS Ibu dan Anak Dian,Jawa Barat,Purwakarta,C,RS Privat,12.0,4,0,Tidak tercatat,Tidak tercatat,0,0,Tidak tercatat
3214035,RS Umum Amira,Jawa Barat,Purwakarta,C,RS Privat,40.0,12,0,Tidak tercatat,Tidak tercatat,1,1,100.0
3214033,RS Umum Asri Purwakarta,Jawa Barat,Purwakarta,C,RS Privat,41.0,11,0,Tidak tercatat,Tidak tercatat,1,1,100.0
3214038,RS Umum Bhakti Husada II Purwakarta,Jawa Barat,Purwakarta,C,RS Privat,37.0,10,0,Tidak tercatat,Tidak tercatat,1,1,100.0
3214011,RS Umum Daerah Bayu Asih,Jawa Barat,Purwakarta,B,RS Publik,91.0,13,1,13.0,8.0,3,2,66.67
3214037,RS Umum Holistic Purwakarta,Jawa Barat,Purwakarta,C,RS Privat,22.0,10,0,Tidak tercatat,Tidak tercatat,1,1,100.0
3214040,RS Umum Karina Medika,Jawa Barat,Purwakarta,D,RS Privat,26.0,11,0,Tidak tercatat,Tidak tercatat,1,1,100.0
3214034,RS Umum Rama Hadi,Jawa Barat,Purwakarta,C,RS Privat,50.0,14,0,Tidak tercatat,Tidak tercatat,1,1,100.0
3214031,RS Umum Siloam Purwakarta,Jawa Barat,Purwakarta,B,RS Privat,90.0,12,0,Tidak tercatat,Tidak tercatat,3,2,66.67
3214032,RS Umum dr. Abdul Radjak Purwakarta,Jawa Barat,Purwakarta,B,RS Privat,64.0,13,0,Tidak tercatat,Tidak tercatat,2,2,100.0
3213062,RS Hamori,Jawa Barat,Subang,C,RS Privat,Tidak tercatat,0,0,Tidak tercatat,Tidak tercatat,2,1,50.0
3213050,RS Indosehat 2003,Jawa Barat,Subang,D,RS Privat,20.0,6,0,Tidak tercatat,Tidak tercatat,1,1,100.0
3213048,RS Karisma,Jawa Barat,Subang,D,RS Privat,Tidak tercatat,0,0,Tidak tercatat,Tidak tercatat,0,0,Tidak tercatat
3213049,RS Khusus Ibu dan Anak Grha Mutiara,Jawa Barat,Subang,C,RS Privat,12.0,4,0,Tidak tercatat,Tidak tercatat,0,0,Tidak tercatat
3213061,RS Rayhan,Jawa Barat,Subang,C,RS Privat,9.0,7,0,Tidak tercatat,Tidak tercatat,0,0,Tidak tercatat
3213010,RS Umum Daerah Subang,Jawa Barat,Subang,B,RS Publik,109.0,11,1,5.0,5.0,1,1,100.0
3213047,RS Umum Haji Syaiful Anwar,Jawa Barat,Subang,D,RS Privat,14.0,9,0,Tidak tercatat,Tidak tercatat,0,0,Tidak tercatat
3213044,RS Umum Mutiara Hati,Jawa Barat,Subang,C,RS Privat,Tidak tercatat,0,0,Tidak tercatat,Tidak tercatat,0,0,Tidak tercatat
3213021,RS Umum PTPN VIII ,Jawa Barat,Subang,D,RS Privat,39.0,11,0,Tidak tercatat,Tidak tercatat,0,0,Tidak tercatat
3213045,RS Umum Pamanukan Medical Center (PMC),Jawa Barat,Subang,C,RS Privat,39.0,12,0,Tidak tercatat,Tidak tercatat,2,1,50.0
3213032,RSAU dr. Hoediyono Lanud Suryadarma,Jawa Barat,Subang,D,RS Publik,10.0,6,0,Tidak tercatat,Tidak tercatat,0,0,Tidak tercatat
3202086,RS DKH Cibadak,Jawa Barat,Sukabumi,C,RS Privat,48.0,13,0,Tidak tercatat,Tidak tercatat,1,1,100.0
3202088,RS Primaya Sukabumi,Jawa Barat,Sukabumi,C,RS Privat,41.0,12,0,Tidak tercatat,Tidak tercatat,3,3,100.0
3202073,RS Umum Betha Medika ,Jawa Barat,Sukabumi,C,RS Privat,74.0,12,0,Tidak tercatat,Tidak tercatat,1,1,100.0
3202084,RS Umum Bhakti Medicare,Jawa Barat,Sukabumi,C,RS Privat,65.0,13,0,Tidak tercatat,Tidak tercatat,2,2,100.0
3202051,RS Umum Daerah Jampang Kulon,Jawa Barat,Sukabumi,C,RS Publik,57.0,11,1,1.0,1.0,2,2,100.0
3202040,RS Umum Daerah Palabuhanratu,Jawa Barat,Sukabumi,C,RS Publik,66.0,14,0,Tidak tercatat,Tidak tercatat,1,1,100.0
3202087,RS Umum Daerah Sagaranten,Jawa Barat,Sukabumi,D,RS Publik,19.0,8,0,Tidak tercatat,Tidak tercatat,1,1,100.0
3202014,RS Umum Daerah Sekarwangi,Jawa Barat,Sukabumi,B,RS Publik,79.0,13,0,Tidak tercatat,Tidak tercatat,2,2,100.0
3202062,RS Umum Hermina Sukabumi,Jawa Barat,Sukabumi,C,RS Privat,67.0,13,0,Tidak tercatat,Tidak tercatat,2,2,100.0
3211015,RS Umum Daerah Sumedang,Jawa Barat,Sumedang,B,RS Publik,122.0,12,1,3.0,3.0,2,2,100.0
3211027,RS Umum Harapan Keluarga,Jawa Barat,Sumedang,D,RS Privat,33.0,10,0,Tidak tercatat,Tidak tercatat,2,1,50.0
3211026,RS Umum Pakuwon,Jawa Barat,Sumedang,C,RS Privat,37.0,10,0,Tidak tercatat,Tidak tercatat,0,0,Tidak tercatat
3206084,RS Ibu dan Anak Respati,Jawa Barat,Tasikmalaya,C,RS Privat,11.0,4,0,Tidak tercatat,Tidak tercatat,0,0,Tidak tercatat
3206023,RS Umum Daerah Singaparna Medika Citrautama,Jawa Barat,Tasikmalaya,C,RS Publik,101.0,13,1,4.0,4.0,4,4,100.0
3304010,RS Umum Daerah Hj. Anna Lasmanah Banjarnegara,Jawa Tengah,Banjarnegara,C,RS Publik,62.0,13,1,4.0,4.0,3,3,100.0
3304021,RS Umum Emmanuel,Jawa Tengah,Banjarnegara,C,RS Publik,Tidak tercatat,0,0,Tidak tercatat,Tidak tercatat,2,2,100.0
3304032,RS Umum Islam Banjarnegara,Jawa Tengah,Banjarnegara,D,RS Publik,56.0,13,0,Tidak tercatat,Tidak tercatat,1,1,100.0
3304035,RS Umum PKU Muhammadiyah Banjarnegara,Jawa Tengah,Banjarnegara,D,RS Publik,33.0,11,0,Tidak tercatat,Tidak tercatat,1,1,100.0
3302235S,RS Darurat Covid Univ. Muhammadiyah Purwokerto,Jawa Tengah,Banyumas,Belum Ditetapkan,RS Publik,Tidak tercatat,0,0,Tidak tercatat,Tidak tercatat,0,0,Tidak tercatat
3302246S,RS Darurat Covid-19 Banyumas,Jawa Tengah,Banyumas,Belum Ditetapkan,RS Publik,Tidak tercatat,0,0,Tidak tercatat,Tidak tercatat,0,0,Tidak tercatat
3302232,RS Hermina Purwokerto,Jawa Tengah,Banyumas,C,RS Privat,64.0,12,0,Tidak tercatat,Tidak tercatat,1,1,100.0
3302226,RS Ibu dan Anak Budhi Asih,Jawa Tengah,Banyumas,C,RS Publik,12.0,4,0,Tidak tercatat,Tidak tercatat,0,0,Tidak tercatat
3302174,RS Ibu dan Anak Bunda Arif,Jawa Tengah,Banyumas,C,RS Publik,19.0,7,0,Tidak tercatat,Tidak tercatat,1,1,100.0
3302249,RS JIH Purwokerto,Jawa Tengah,Banyumas,C,RS Privat,38.0,11,0,Tidak tercatat,Tidak tercatat,0,0,Tidak tercatat
3302063,RS Khusus Bedah Jatiwinangun,Jawa Tengah,Banyumas,C,RS Privat,23.0,9,0,Tidak tercatat,Tidak tercatat,0,0,Tidak tercatat
3302225,RS Khusus Bedah Mitra Ariva,Jawa Tengah,Banyumas,C,RS Publik,17.0,7,0,Tidak tercatat,Tidak tercatat,0,0,Tidak tercatat
3302228,RS Khusus Gigi dan Mulut Univ. Jenderal Soedirman,Jawa Tengah,Banyumas,B,RS Publik,26.0,4,0,Tidak tercatat,Tidak tercatat,0,0,Tidak tercatat
3302248,RS Khusus Mata Purwokerto,Jawa Tengah,Banyumas,C,RS Publik,6.0,3,0,Tidak tercatat,Tidak tercatat,0,0,Tidak tercatat
3302052,RS Khusus Orthopaedi Purwokerto,Jawa Tengah,Banyumas,C,RS Privat,9.0,4,0,Tidak tercatat,Tidak tercatat,0,0,Tidak tercatat
3302121,RS Umum Amanah,Jawa Tengah,Banyumas,D,RS Publik,Tidak tercatat,0,0,Tidak tercatat,Tidak tercatat,1,1,100.0
3302074,RS Umum An Ni'mah,Jawa Tengah,Banyumas,D,RS Privat,27.0,9,0,Tidak tercatat,Tidak tercatat,1,1,100.0
3302165,RS Umum Ananda Purwokerto,Jawa Tengah,Banyumas,C,RS Publik,43.0,12,0,Tidak tercatat,Tidak tercatat,1,1,100.0
3302154,RS Umum Bunda,Jawa Tengah,Banyumas,D,RS Publik,16.0,10,0,Tidak tercatat,Tidak tercatat,0,0,Tidak tercatat
3302229,RS Umum Dadi Keluarga,Jawa Tengah,Banyumas,C,RS Privat,57.0,17,0,Tidak tercatat,Tidak tercatat,4,4,100.0
3302191,RS Umum Daerah Ajibarang,Jawa Tengah,Banyumas,C,RS Publik,57.0,12,0,Tidak tercatat,Tidak tercatat,1,1,100.0
3302026,RS Umum Daerah Prof Dr. Margono Soekarjo,Jawa Tengah,Banyumas,B,RS Publik,179.0,18,1,15.0,9.0,7,6,85.71
3302143,RS Umum Hidayah Purwokerto,Jawa Tengah,Banyumas,D,RS Privat,19.0,8,0,Tidak tercatat,Tidak tercatat,0,0,Tidak tercatat
3302132,RS Umum Islam Purwokerto,Jawa Tengah,Banyumas,C,RS Publik,56.0,13,0,Tidak tercatat,Tidak tercatat,4,4,100.0
3302227,RS Umum Medika Lestari Banyumas,Jawa Tengah,Banyumas,D,RS Privat,24.0,10,0,Tidak tercatat,Tidak tercatat,0,0,Tidak tercatat
3302041,RS Umum Santa Elisabeth Purwokerto,Jawa Tengah,Banyumas,C,RS Publik,46.0,12,0,Tidak tercatat,Tidak tercatat,2,2,100.0
3302224,RS Umum Siaga Medika Banyumas,Jawa Tengah,Banyumas,C,RS Publik,38.0,13,0,Tidak tercatat,Tidak tercatat,1,1,100.0
3302180,RS Umum Sinar Kasih,Jawa Tengah,Banyumas,D,RS Publik,29.0,10,0,Tidak tercatat,Tidak tercatat,0,0,Tidak tercatat
3302030,RS Umum Tk. III Wijayakusuma,Jawa Tengah,Banyumas,C,RS Publik,55.0,12,0,Tidak tercatat,Tidak tercatat,1,1,100.0
3302213,RS Umum Wiradadi Husada,Jawa Tengah,Banyumas,C,RS Publik,48.0,17,0,Tidak tercatat,Tidak tercatat,2,2,100.0
3302015,RS umum Daerah Banyumas,Jawa Tengah,Banyumas,B,RS Publik,103.0,14,1,7.0,4.0,5,4,80.0
3325015,RS Umum Daerah Batang,Jawa Tengah,Batang,C,RS Publik,58.0,12,1,12.0,7.0,2,2,100.0
3325039,RS Umum Daerah Limpung,Jawa Tengah,Batang,D,RS Publik,32.0,11,0,Tidak tercatat,Tidak tercatat,1,1,100.0
3325037,RS Umum Qim,Jawa Tengah,Batang,C,RS Privat,54.0,13,0,Tidak tercatat,Tidak tercatat,1,1,100.0
3316074,RS Ibu dan Anak NU Cakra Medika,Jawa Tengah,Blora,C,RS Privat,5.0,4,0,Tidak tercatat,Tidak tercatat,1,1,100.0
3316062,RS Umum Bantuan Blora,Jawa Tengah,Blora,D,RS Publik,20.0,9,0,Tidak tercatat,Tidak tercatat,0,0,Tidak tercatat
3316025,RS Umum Daerah Dr. R. Soeprapto Cepu,Jawa Tengah,Blora,C,RS Publik,60.0,12,1,6.0,3.0,1,1,100.0
3316014,RS Umum Daerah Dr. R. Soetijono Blora,Jawa Tengah,Blora,C,RS Publik,56.0,12,0,Tidak tercatat,Tidak tercatat,0,0,Tidak tercatat
3316063,RS Umum PKU Muhammadiyah Blora,Jawa Tengah,Blora,D,RS Privat,40.0,11,0,Tidak tercatat,Tidak tercatat,0,0,Tidak tercatat
3316051,RS Umum PKU Muhammadiyah Cepu,Jawa Tengah,Blora,C,RS Publik,40.0,11,0,Tidak tercatat,Tidak tercatat,1,1,100.0
3316040,RS Umum Permata Blora,Jawa Tengah,Blora,D,RS Publik,37.0,10,0,Tidak tercatat,Tidak tercatat,1,1,100.0
3309147S,RS Darurat Covid-19 Donohudan,Jawa Tengah,Boyolali,Belum Ditetapkan,RS Publik,Tidak tercatat,0,0,Tidak tercatat,Tidak tercatat,0,0,Tidak tercatat
3309135,RS Indriati Boyolali,Jawa Tengah,Boyolali,D,RS Privat,34.0,12,0,Tidak tercatat,Tidak tercatat,1,1,100.0
3309085,RS Umum  Karanggede Sisma Medika,Jawa Tengah,Boyolali,D,RS Privat,30.0,10,0,Tidak tercatat,Tidak tercatat,1,1,100.0
3309128,RS Umum Asy-Syifa Sambi,Jawa Tengah,Boyolali,D,RS Publik,33.0,12,0,Tidak tercatat,Tidak tercatat,1,1,100.0
3309015,RS Umum Daerah Pandan Arang Boyolali,Jawa Tengah,Boyolali,B,RS Publik,101.0,15,1,8.0,8.0,5,5,100.0
3309107,RS Umum Daerah Simo,Jawa Tengah,Boyolali,D,RS Publik,38.0,14,0,Tidak tercatat,Tidak tercatat,1,1,100.0
3309096,RS Umum Daerah Waras Wiris,Jawa Tengah,Boyolali,C,RS Publik,39.0,12,0,Tidak tercatat,Tidak tercatat,2,2,100.0
3309129,RS Umum Hidayah Boyolali,Jawa Tengah,Boyolali,D,RS Privat,33.0,12,0,Tidak tercatat,Tidak tercatat,1,1,100.0
3309131,RS Umum Islam Banyubening Boyolali ,Jawa Tengah,Boyolali,D,RS Privat,41.0,11,0,Tidak tercatat,Tidak tercatat,1,1,100.0
3309136,RS Umum Islam Boyolali,Jawa Tengah,Boyolali,C,RS Privat,36.0,12,0,Tidak tercatat,Tidak tercatat,0,0,Tidak tercatat
3309132,RS Umum Natalia,Jawa Tengah,Boyolali,D,RS Privat,23.0,10,0,Tidak tercatat,Tidak tercatat,0,0,Tidak tercatat
3309063,RS Umum PKU Aisyiyah Boyolali,Jawa Tengah,Boyolali,D,RS Publik,43.0,13,0,Tidak tercatat,Tidak tercatat,2,2,100.0
3309074,RS Umum Umi Barokah,Jawa Tengah,Boyolali,D,RS Publik,38.0,11,0,Tidak tercatat,Tidak tercatat,1,1,100.0
3329113,RS Harapan Sehat Bumiayu,Jawa Tengah,Brebes,D,RS Privat,12.0,8,0,Tidak tercatat,Tidak tercatat,0,0,Tidak tercatat
3329112,RS Harapan Sehat Jatibarang,Jawa Tengah,Brebes,D,RS Privat,23.0,10,0,Tidak tercatat,Tidak tercatat,0,0,Tidak tercatat
3329105,RS Ibu dan Anak Permata Insani,Jawa Tengah,Brebes,C,RS Privat,20.0,7,0,Tidak tercatat,Tidak tercatat,0,0,Tidak tercatat
3329108,RS Umum Alam Medica ,Jawa Tengah,Brebes,D,RS Privat,38.0,10,0,Tidak tercatat,Tidak tercatat,0,0,Tidak tercatat
3329109,RS Umum Amanah Mahmudah,Jawa Tengah,Brebes,D,RS Privat,25.0,11,0,Tidak tercatat,Tidak tercatat,0,0,Tidak tercatat
3329078,RS Umum Bhakti Asih Brebes,Jawa Tengah,Brebes,C,RS Privat,76.0,13,0,Tidak tercatat,Tidak tercatat,2,2,100.0
3329114,RS Umum Bhakti Asih Jatibarang,Jawa Tengah,Brebes,C,RS Privat,26.0,11,0,Tidak tercatat,Tidak tercatat,1,1,100.0
3329012,RS Umum Daerah Brebes,Jawa Tengah,Brebes,B,RS Publik,94.0,13,1,10.0,7.0,4,4,100.0
3329102,RS Umum Daerah Bumiayu,Jawa Tengah,Brebes,D,RS Publik,37.0,11,0,Tidak tercatat,Tidak tercatat,0,0,Tidak tercatat
3329125,RS Umum Daerah Ir. Soekarno Kab. Brebes,Jawa Tengah,Brebes,D,RS Publik,13.0,6,0,Tidak tercatat,Tidak tercatat,0,0,Tidak tercatat
3329067,RS Umum Dedy Jaya,Jawa Tengah,Brebes,D,RS Privat,14.0,7,0,Tidak tercatat,Tidak tercatat,1,1,100.0
3329101,RS Umum Dera As-Syifa,Jawa Tengah,Brebes,D,RS Privat,28.0,10,0,Tidak tercatat,Tidak tercatat,0,0,Tidak tercatat
3329103,RS Umum Islami Mutiara Bunda,Jawa Tengah,Brebes,C,RS Privat,47.0,11,0,Tidak tercatat,Tidak tercatat,1,1,100.0
3329056,RS Umum Muhammadiyah Siti Aminah,Jawa Tengah,Brebes,C,RS Publik,57.0,13,0,Tidak tercatat,Tidak tercatat,1,1,100.0
3329045,RS Umum Siti Asiyah,Jawa Tengah,Brebes,D,RS Publik,16.0,8,0,Tidak tercatat,Tidak tercatat,0,0,Tidak tercatat
3301095,RS Ibu dan Anak Annisa,Jawa Tengah,Cilacap,C,RS Publik,16.0,7,0,Tidak tercatat,Tidak tercatat,0,0,Tidak tercatat
3301115,RS Priscilla Medical Center,Jawa Tengah,Cilacap,C,RS Privat,27.0,11,0,Tidak tercatat,Tidak tercatat,1,1,100.0
3301109,RS Umum Afdila Cilacap,Jawa Tengah,Cilacap,D,RS Privat,27.0,11,0,Tidak tercatat,Tidak tercatat,0,0,Tidak tercatat
3301108,RS Umum Aghisna Medika Kroya,Jawa Tengah,Cilacap,C,RS Privat,23.0,9,0,Tidak tercatat,Tidak tercatat,1,1,100.0
3301114,RS Umum Aghisna Medika Sidareja,Jawa Tengah,Cilacap,D,RS Privat,23.0,9,0,Tidak tercatat,Tidak tercatat,0,0,Tidak tercatat
3301105,RS Umum Aprillia,Jawa Tengah,Cilacap,D,RS Publik,25.0,8,0,Tidak tercatat,Tidak tercatat,0,0,Tidak tercatat
3301014,RS Umum Daerah Cilacap,Jawa Tengah,Cilacap,B,RS Publik,78.0,12,1,4.0,4.0,3,2,66.67
3301084,RS Umum Daerah Majenang,Jawa Tengah,Cilacap,C,RS Publik,68.0,11,0,Tidak tercatat,Tidak tercatat,1,1,100.0
3301106,RS Umum Duta Mulya,Jawa Tengah,Cilacap,D,RS Privat,36.0,10,0,Tidak tercatat,Tidak tercatat,0,0,Tidak tercatat
3301073,RS Umum Islam Fatimah,Jawa Tengah,Cilacap,C,RS Publik,51.0,12,0,Tidak tercatat,Tidak tercatat,1,1,100.0
3301036,RS Umum Pertamina Cilacap,Jawa Tengah,Cilacap,D,RS Privat,45.0,12,0,Tidak tercatat,Tidak tercatat,0,0,Tidak tercatat
3301112,RS Umum Raffa Majenang,Jawa Tengah,Cilacap,C,RS Privat,24.0,9,0,Tidak tercatat,Tidak tercatat,0,0,Tidak tercatat
3301107,RS Umum Santa Maria Cilacap,Jawa Tengah,Cilacap,D,RS Publik,28.0,12,0,Tidak tercatat,Tidak tercatat,1,1,100.0
3321036,RS Hj. Fatimah Sulhan PKU Muhammadiyah Demak,Jawa Tengah,Demak,D,RS Publik,26.0,11,0,Tidak tercatat,Tidak tercatat,1,1,100.0
3321035,RS Umum Daerah Sultan Fatah Karangawen Demak,Jawa Tengah,Demak,C,RS Publik,51.0,12,0,Tidak tercatat,Tidak tercatat,1,1,100.0
3321011,RS Umum Daerah Sunan Kalijaga,Jawa Tengah,Demak,C,RS Publik,93.0,12,1,8.0,5.0,3,3,100.0
3321033,RS Umum Islam NU Demak,Jawa Tengah,Demak,C,RS Publik,50.0,11,0,Tidak tercatat,Tidak tercatat,1,1,100.0
3321034,RS Umum Pelita Anugerah,Jawa Tengah,Demak,C,RS Privat,56.0,12,0,Tidak tercatat,Tidak tercatat,1,1,100.0
3315073,RS Marganingsih,Jawa Tengah,Grobogan,D,RS Privat,7.0,3,0,Tidak tercatat,Tidak tercatat,0,0,Tidak tercatat
3315072,RS Ortopedi Siaga Utama,Jawa Tengah,Grobogan,C,RS Privat,14.0,6,0,Tidak tercatat,Tidak tercatat,0,0,Tidak tercatat
3315035,RS Permata Bunda,Jawa Tengah,Grobogan,C,RS Publik,60.0,12,0,Tidak tercatat,Tidak tercatat,1,1,100.0
3315074,RS Sekar Laras,Jawa Tengah,Grobogan,D,RS Privat,Tidak tercatat,0,0,Tidak tercatat,Tidak tercatat,0,0,Tidak tercatat
3315013,RS Umum Daerah Dr. R.Soedjati Soemodiardjo,Jawa Tengah,Grobogan,B,RS Publik,71.0,12,1,10.0,7.0,4,4,100.0
3315061,RS Umum Daerah Ki Ageng Getas Pendowo Gubug,Jawa Tengah,Grobogan,D,RS Publik,32.0,11,0,Tidak tercatat,Tidak tercatat,1,1,100.0
3315060,RS Umum Daerah Ki Ageng Selo,Jawa Tengah,Grobogan,D,RS Publik,35.0,10,0,Tidak tercatat,Tidak tercatat,1,1,100.0
3315057,RS Umum Habibullah,Jawa Tengah,Grobogan,D,RS Publik,Tidak tercatat,0,0,Tidak tercatat,Tidak tercatat,0,0,Tidak tercatat
3315059,RS Umum Islam Purwodadi ,Jawa Tengah,Grobogan,D,RS Publik,34.0,8,0,Tidak tercatat,Tidak tercatat,1,1,100.0
3315046,RS Umum PKU Muhammadiyah Gubug,Jawa Tengah,Grobogan,D,RS Publik,48.0,10,0,Tidak tercatat,Tidak tercatat,1,1,100.0
3315024,RS Umum Panti Rahayu,Jawa Tengah,Grobogan,C,RS Publik,54.0,11,0,Tidak tercatat,Tidak tercatat,1,1,100.0
3315075,RS Umum Trimedika Ketapang,Jawa Tengah,Grobogan,D,RS Privat,Tidak tercatat,0,0,Tidak tercatat,Tidak tercatat,0,0,Tidak tercatat
3320043,RS Graha Husada Jepara,Jawa Tengah,Jepara,D,RS Publik,39.0,11,0,Tidak tercatat,Tidak tercatat,0,0,Tidak tercatat
3320046,RS PKU Aisyiyah Jepara,Jawa Tengah,Jepara,D,RS Publik,24.0,11,0,Tidak tercatat,Tidak tercatat,1,1,100.0
3320021,RS Umum Daerah Kelet Provinsi Jawa Tengah,Jawa Tengah,Jepara,C,RS Publik,54.0,12,0,Tidak tercatat,Tidak tercatat,1,1,100.0
3320010,RS Umum Daerah R. A. Kartini,Jawa Tengah,Jepara,B,RS Publik,98.0,14,1,9.0,6.0,3,3,100.0
3320089,RS Umum PKU Muhammadiyah Mayong,Jawa Tengah,Jepara,C,RS Publik,42.0,12,0,Tidak tercatat,Tidak tercatat,0,0,Tidak tercatat
3320032,RS Umum Sultan Hadlirin Jepara,Jawa Tengah,Jepara,C,RS Publik,48.0,12,0,Tidak tercatat,Tidak tercatat,1,1,100.0
3313042,RS Ibu dan Anak Dian Pertiwi ,Jawa Tengah,Karanganyar,C,RS Privat,17.0,9,0,Tidak tercatat,Tidak tercatat,0,0,Tidak tercatat
3313067,RS Mangesti Rahayu,Jawa Tengah,Karanganyar,C,RS Privat,Tidak tercatat,0,0,Tidak tercatat,Tidak tercatat,0,0,Tidak tercatat
3313033,RS PKU Muhammadiyah Karanganyar,Jawa Tengah,Karanganyar,C,RS Publik,61.0,13,0,Tidak tercatat,Tidak tercatat,1,1,100.0
3313011,RS Umum Daerah Karanganyar,Jawa Tengah,Karanganyar,C,RS Publik,97.0,13,1,13.0,6.0,3,3,100.0
3313054,RS Umum Indo Sehat Karanganyar ,Jawa Tengah,Karanganyar,D,RS Privat,22.0,10,0,Tidak tercatat,Tidak tercatat,0,0,Tidak tercatat
3313055,RS Umum Jafar Medika Karanganyar,Jawa Tengah,Karanganyar,D,RS Publik,26.0,10,0,Tidak tercatat,Tidak tercatat,0,0,Tidak tercatat
3313053,RS Umum Jati Husada Karanganyar,Jawa Tengah,Karanganyar,D,RS Privat,29.0,12,0,Tidak tercatat,Tidak tercatat,0,0,Tidak tercatat
3313056,RS Umum Mojosongo 2,Jawa Tengah,Karanganyar,D,RS Privat,17.0,9,0,Tidak tercatat,Tidak tercatat,0,0,Tidak tercatat
3313022,RSAU dr. Siswanto Lanud Adi Soemarmo,Jawa Tengah,Karanganyar,D,RS Publik,36.0,10,0,Tidak tercatat,Tidak tercatat,1,1,100.0
3305120,RS Umum Daerah Prembun,Jawa Tengah,Kebumen,C,RS Publik,53.0,13,0,Tidak tercatat,Tidak tercatat,2,2,100.0
3305011,RS Umum Daerah dr. Soedirman Kabupaten Kebumen,Jawa Tengah,Kebumen,C,RS Publik,78.0,14,1,9.0,6.0,2,2,100.0
3305066,RS Umum PKU Muhamadiyah Gombong,Jawa Tengah,Kebumen,B,RS Publik,107.0,17,0,Tidak tercatat,Tidak tercatat,5,4,80.0
3305118,RS Umum PKU Muhammadiyah Kutowinangun ,Jawa Tengah,Kebumen,D,RS Publik,29.0,11,0,Tidak tercatat,Tidak tercatat,1,1,100.0
3305117,RS Umum PKU Muhammadiyah Petanahan Kebumen,Jawa Tengah,Kebumen,D,RS Publik,29.0,12,0,Tidak tercatat,Tidak tercatat,1,1,100.0
3305103,RS Umum PKU Muhammadiyah Sruweng,Jawa Tengah,Kebumen,C,RS Publik,40.0,12,0,Tidak tercatat,Tidak tercatat,1,1,100.0
3305033,RS Umum Palang Biru Gombong,Jawa Tengah,Kebumen,C,RS Publik,39.0,11,0,Tidak tercatat,Tidak tercatat,1,1,100.0
3305023,RS Umum Permata Medika Kebumen,Jawa Tengah,Kebumen,C,RS Privat,Tidak tercatat,0,0,Tidak tercatat,Tidak tercatat,0,0,Tidak tercatat
3305092,RS Umum Purbowangi,Jawa Tengah,Kebumen,C,RS Publik,31.0,11,0,Tidak tercatat,Tidak tercatat,1,1,100.0
3305114,RS Umum Purwogondo,Jawa Tengah,Kebumen,D,RS Publik,31.0,12,0,Tidak tercatat,Tidak tercatat,1,1,100.0
3305081,RS Umum Wijayakusuma,Jawa Tengah,Kebumen,D,RS Publik,46.0,11,0,Tidak tercatat,Tidak tercatat,1,1,100.0
3324052,RS PKU Aisyiyah Kendal,Jawa Tengah,Kendal,D,RS Publik,8.0,3,0,Tidak tercatat,Tidak tercatat,0,0,Tidak tercatat
3324038,RS Umum Baitul Hikmah,Jawa Tengah,Kendal,D,RS Privat,44.0,12,0,Tidak tercatat,Tidak tercatat,0,0,Tidak tercatat
3324040,RS Umum Charlie Hospital,Jawa Tengah,Kendal,D,RS Privat,31.0,11,0,Tidak tercatat,Tidak tercatat,1,1,100.0
3324014,RS Umum Daerah  Dr. H. Soewondo Kendal,Jawa Tengah,Kendal,B,RS Publik,110.0,13,1,9.0,6.0,2,2,100.0
3324036,RS Umum Islam Kendal,Jawa Tengah,Kendal,C,RS Publik,71.0,13,0,Tidak tercatat,Tidak tercatat,1,1,100.0
3324037,RS Umum Muhammadiyah Darul Istiqomah Kendal,Jawa Tengah,Kendal,D,RS Publik,43.0,12,0,Tidak tercatat,Tidak tercatat,1,1,100.0
3310026,RS Jiwa Daerah Dr. RM. Soedjarwadi,Jawa Tengah,Klaten,A,RS Publik,37.0,10,0,Tidak tercatat,Tidak tercatat,2,2,100.0
3310426,RS PKU Muhammadiyah Prambanan,Jawa Tengah,Klaten,D,RS Publik,21.0,11,0,Tidak tercatat,Tidak tercatat,1,1,100.0
3310052,RS Umum 'Aisyiyah Klaten,Jawa Tengah,Klaten,C,RS Publik,32.0,10,0,Tidak tercatat,Tidak tercatat,1,1,100.0
3310395,RS Umum Cakra Husada,Jawa Tengah,Klaten,C,RS Publik,43.0,11,0,Tidak tercatat,Tidak tercatat,1,1,100.0
3310421,RS Umum Daerah Bagas Waras,Jawa Tengah,Klaten,C,RS Publik,64.0,13,1,7.0,4.0,1,1,100.0
3310405,RS Umum Diponegoro Dua Satu Klaten,Jawa Tengah,Klaten,C,RS Publik,37.0,11,0,Tidak tercatat,Tidak tercatat,2,1,50.0
3310417,RS Umum Islam Cawas Klaten,Jawa Tengah,Klaten,D,RS Privat,42.0,12,0,Tidak tercatat,Tidak tercatat,1,1,100.0
3310384,RS Umum Islam Klaten,Jawa Tengah,Klaten,B,RS Publik,98.0,15,0,Tidak tercatat,Tidak tercatat,4,4,100.0
3310419,RS Umum Mitra Pedan,Jawa Tengah,Klaten,D,RS Privat,Tidak tercatat,0,0,Tidak tercatat,Tidak tercatat,1,1,100.0
3310416,RS Umum PKU Muhammadiyah Delanggu,Jawa Tengah,Klaten,C,RS Publik,65.0,13,0,Tidak tercatat,Tidak tercatat,2,2,100.0
3310418,RS Umum PKU Muhammadiyah Jatinom,Jawa Tengah,Klaten,D,RS Publik,42.0,13,0,Tidak tercatat,Tidak tercatat,1,1,100.0
3310425,RS Umum PKU Muhammadiyah Pedan,Jawa Tengah,Klaten,D,RS Publik,27.0,10,0,Tidak tercatat,Tidak tercatat,1,1,100.0
3310015,RS Umum Pusat Dr. Soeradji Tirtonegoro,Jawa Tengah,Klaten,A,RS Publik,101.0,20,1,11.0,8.0,4,4,100.0
3371105,RS Ibu dan Anak Gladiool,Jawa Tengah,Kota Magelang,C,RS Publik,30.0,9,0,Tidak tercatat,Tidak tercatat,0,0,Tidak tercatat
3371040,RS Jiwa Prof. Dr. Soerojo,Jawa Tengah,Kota Magelang,A,RS Publik,59.0,12,0,Tidak tercatat,Tidak tercatat,2,2,100.0
3371144,RS Umum Daerah Budi Rahayu,Jawa Tengah,Kota Magelang,D,RS Publik,29.0,11,0,Tidak tercatat,Tidak tercatat,1,1,100.0
3371014,RS Umum Daerah Tidar,Jawa Tengah,Kota Magelang,B,RS Publik,138.0,15,1,11.0,6.0,5,5,100.0
3371131,RS Umum Harapan,Jawa Tengah,Kota Magelang,C,RS Privat,60.0,12,0,Tidak tercatat,Tidak tercatat,1,1,100.0
3371142,RS Umum Islam Magelang,Jawa Tengah,Kota Magelang,D,RS Publik,42.0,10,0,Tidak tercatat,Tidak tercatat,1,1,100.0
3371084,RS Umum Lestari Raharja,Jawa Tengah,Kota Magelang,D,RS Publik,36.0,10,0,Tidak tercatat,Tidak tercatat,0,0,Tidak tercatat
3371025,RS Umum Tk. II Dr. Soedjono,Jawa Tengah,Kota Magelang,B,RS Publik,54.0,14,0,Tidak tercatat,Tidak tercatat,4,4,100.0
3375074,RS Umum  ARO,Jawa Tengah,Kota Pekalongan,D,RS Privat,19.0,11,0,Tidak tercatat,Tidak tercatat,0,0,Tidak tercatat
3375072,RS Umum Anugerah Pekalongan,Jawa Tengah,Kota Pekalongan,D,RS Privat,Tidak tercatat,0,0,Tidak tercatat,Tidak tercatat,1,1,100.0
3375022,RS Umum Budi Rahayu,Jawa Tengah,Kota Pekalongan,C,RS Publik,62.0,13,0,Tidak tercatat,Tidak tercatat,2,2,100.0
3326049,RS Umum Daerah Bendan Kota Pekalongan,Jawa Tengah,Kota Pekalongan,C,RS Publik,Tidak tercatat,0,1,11.0,6.0,2,2,100.0
3375073,RS Umum H. A. Zaky Djunaid,Jawa Tengah,Kota Pekalongan,D,RS Privat,37.0,11,0,Tidak tercatat,Tidak tercatat,1,1,100.0
3375075,RS Umum Hermina Pekalongan,Jawa Tengah,Kota Pekalongan,D,RS Privat,50.0,11,0,Tidak tercatat,Tidak tercatat,1,1,100.0
3375071,RS Umum Karomah Holistic,Jawa Tengah,Kota Pekalongan,D,RS Privat,22.0,9,0,Tidak tercatat,Tidak tercatat,0,0,Tidak tercatat
3375033,RS Umum Siti Khodijah,Jawa Tengah,Kota Pekalongan,C,RS Publik,75.0,11,0,Tidak tercatat,Tidak tercatat,0,0,Tidak tercatat
3373092,RS Ibu dan Anak Hermina Mutiara Bunda,Jawa Tengah,Kota Salatiga,C,RS Privat,37.0,11,0,Tidak tercatat,Tidak tercatat,0,0,Tidak tercatat
3373042,RS Paru Dr. Ario Wirawan,Jawa Tengah,Kota Salatiga,A,RS Publik,64.0,12,0,Tidak tercatat,Tidak tercatat,5,5,100.0
3373016,RS Umum Daerah Kota Salatiga,Jawa Tengah,Kota Salatiga,B,RS Publik,80.0,14,1,8.0,8.0,2,2,100.0
3373090,RS Umum Puri Asih,Jawa Tengah,Kota Salatiga,C,RS Privat,47.0,12,0,Tidak tercatat,Tidak tercatat,1,1,100.0
3373091,RS Umum Sejahtera Bhakti,Jawa Tengah,Kota Salatiga,D,RS Privat,6.0,4,0,Tidak tercatat,Tidak tercatat,0,0,Tidak tercatat
3373020,RS Umum Tk. IV 04.07.03 dr. Asmir,Jawa Tengah,Kota Salatiga,C,RS Publik,64.0,12,0,Tidak tercatat,Tidak tercatat,1,1,100.0
3374342,RS Daerah KRMT Wongsonegoro,Jawa Tengah,Kota Semarang,B,RS Publik,143.0,15,1,7.0,4.0,6,6,100.0
3374373,RS Gigi dan Mulut Unimus,Jawa Tengah,Kota Semarang,C,RS Privat,25.0,4,0,Tidak tercatat,Tidak tercatat,0,0,Tidak tercatat
3374369,RS Ibu dan Anak Ananda Pasar Ace,Jawa Tengah,Kota Semarang,C,RS Privat,10.0,6,0,Tidak tercatat,Tidak tercatat,0,0,Tidak tercatat
3374273,RS Ibu dan Anak Anugerah,Jawa Tengah,Kota Semarang,C,RS Privat,15.0,7,0,Tidak tercatat,Tidak tercatat,0,0,Tidak tercatat
3374284,RS Ibu dan Anak Bunda Semarang,Jawa Tengah,Kota Semarang,C,RS Publik,28.0,6,0,Tidak tercatat,Tidak tercatat,0,0,Tidak tercatat
3374316,RS Ibu dan Anak Gunung Sawo,Jawa Tengah,Kota Semarang,C,RS Publik,27.0,9,0,Tidak tercatat,Tidak tercatat,0,0,Tidak tercatat
3374353,RS Ibu dan Anak Kusuma Pradja,Jawa Tengah,Kota Semarang,C,RS Privat,23.0,6,0,Tidak tercatat,Tidak tercatat,0,0,Tidak tercatat
3322072,RS Ibu dan Anak Plamongan Indah,Jawa Tengah,Kota Semarang,C,RS Privat,14.0,7,0,Tidak tercatat,Tidak tercatat,1,1,100.0
3374371,RS Ibu dan Anak Siloam Semarang,Jawa Tengah,Kota Semarang,C,RS Privat,34.0,11,0,Tidak tercatat,Tidak tercatat,0,0,Tidak tercatat
3374372,RS Islam Gigi dan Mulut Sultan Agung,Jawa Tengah,Kota Semarang,B,RS Privat,213.0,4,0,Tidak tercatat,Tidak tercatat,0,0,Tidak tercatat
3374123,RS Jiwa Daerah  Dr. Amino Gondohutomo,Jawa Tengah,Kota Semarang,A,RS Publik,63.0,11,0,Tidak tercatat,Tidak tercatat,1,1,100.0
3374388,RS Keluarga Sehat III Semarang,Jawa Tengah,Kota Semarang,C,RS Publik,38.0,12,0,Tidak tercatat,Tidak tercatat,0,0,Tidak tercatat
3374366,RS Khusus Bedah Columbia Asia Semarang,Jawa Tengah,Kota Semarang,A,RS Privat,86.0,17,0,Tidak tercatat,Tidak tercatat,3,2,66.67
3374375,RS Mata JEC-Candi Semarang,Jawa Tengah,Kota Semarang,C,RS Privat,9.0,3,0,Tidak tercatat,Tidak tercatat,0,0,Tidak tercatat
3374240,RS Panti Wilasa ,Jawa Tengah,Kota Semarang,C,RS Publik,101.0,17,0,Tidak tercatat,Tidak tercatat,1,1,100.0
3374387,RS Primaya Kota Semarang,Jawa Tengah,Kota Semarang,C,RS Privat,49.0,11,0,Tidak tercatat,Tidak tercatat,1,1,100.0
3374080,RS Roemani Muhammadiyah Semarang,Jawa Tengah,Kota Semarang,C,RS Publik,121.0,14,0,Tidak tercatat,Tidak tercatat,2,2,100.0
3374331,RS Umum Banyumanik,Jawa Tengah,Kota Semarang,D,RS Privat,34.0,11,0,Tidak tercatat,Tidak tercatat,1,1,100.0
3374374,RS Umum Banyumanik 2,Jawa Tengah,Kota Semarang,C,RS Privat,36.0,12,0,Tidak tercatat,Tidak tercatat,1,1,100.0
3374203,RS Umum Bhayangkara Akpol Semarang ,Jawa Tengah,Kota Semarang,C,RS Publik,20.0,6,0,Tidak tercatat,Tidak tercatat,1,1,100.0
3374091,RS Umum Bhayangkara Semarang ,Jawa Tengah,Kota Semarang,C,RS Publik,65.0,10,0,Tidak tercatat,Tidak tercatat,1,1,100.0
3374134,RS Umum Daerah Tugurejo Semarang,Jawa Tengah,Kota Semarang,B,RS Publik,129.0,17,0,Tidak tercatat,Tidak tercatat,5,5,100.0
3374365,RS Umum Hermina Banyumanik Semarang,Jawa Tengah,Kota Semarang,C,RS Privat,86.0,14,0,Tidak tercatat,Tidak tercatat,2,1,50.0
3374145,RS Umum Hermina Pandanaran,Jawa Tengah,Kota Semarang,C,RS Privat,91.0,16,0,Tidak tercatat,Tidak tercatat,4,3,75.0
3374367,RS Umum Nasional Diponegoro,Jawa Tengah,Kota Semarang,C,RS Publik,96.0,14,0,Tidak tercatat,Tidak tercatat,3,3,100.0
3374112,RS Umum Panti Wilasa Citarum,Jawa Tengah,Kota Semarang,C,RS Publik,118.0,13,0,Tidak tercatat,Tidak tercatat,2,1,50.0
3374054,RS Umum Permata Medika ,Jawa Tengah,Kota Semarang,C,RS Privat,61.0,12,0,Tidak tercatat,Tidak tercatat,1,1,100.0
3374010,RS Umum Pusat Dr. Kariadi,Jawa Tengah,Kota Semarang,A,RS Publik,667.0,16,1,22.0,12.0,7,6,85.71
3374021,RS Umum St. Elisabeth Semarang,Jawa Tengah,Kota Semarang,B,RS Publik,145.0,21,0,Tidak tercatat,Tidak tercatat,5,3,60.0
3374076,RS Umum Sultan Agung Semarang,Jawa Tengah,Kota Semarang,B,RS Publik,120.0,16,0,Tidak tercatat,Tidak tercatat,5,3,60.0
3374043,RS Umum Telogorejo Semarang,Jawa Tengah,Kota Semarang,B,RS Publik,169.0,14,0,Tidak tercatat,Tidak tercatat,7,5,71.43
3374065,RS Umum Tk.III Bhakti Wira Tamtama Smg,Jawa Tengah,Kota Semarang,C,RS Publik,94.0,11,0,Tidak tercatat,Tidak tercatat,1,1,100.0
3374032,RS Umum William Booth,Jawa Tengah,Kota Semarang,C,RS Publik,39.0,11,0,Tidak tercatat,Tidak tercatat,0,0,Tidak tercatat
3372253,RS Bhayangkara Surakarta,Jawa Tengah,Kota Surakarta,D,RS Publik,14.0,6,0,Tidak tercatat,Tidak tercatat,0,0,Tidak tercatat
3372239,RS Gigi dan Mulut Soelastri,Jawa Tengah,Kota Surakarta,C,RS Privat,23.0,6,0,Tidak tercatat,Tidak tercatat,0,0,Tidak tercatat
3372241,RS JIH Solo,Jawa Tengah,Kota Surakarta,C,RS Privat,91.0,13,0,Tidak tercatat,Tidak tercatat,0,0,Tidak tercatat
3372052,RS Jiwa Daerah Surakarta,Jawa Tengah,Kota Surakarta,A,RS Publik,39.0,8,0,Tidak tercatat,Tidak tercatat,1,1,100.0
3372235,RS Khusus Mata Solo,Jawa Tengah,Kota Surakarta,C,RS Privat,8.0,3,0,Tidak tercatat,Tidak tercatat,0,0,Tidak tercatat
3372242,RS Onkologi Solo,Jawa Tengah,Kota Surakarta,C,RS Privat,20.0,11,0,Tidak tercatat,Tidak tercatat,0,0,Tidak tercatat
3372238,RS PKU Muhammadiyah Sampangan Surakarta,Jawa Tengah,Kota Surakarta,D,RS Publik,Tidak tercatat,0,0,Tidak tercatat,Tidak tercatat,0,0,Tidak tercatat
3372096,RS PKU Muhammadiyah Surakarta,Jawa Tengah,Kota Surakarta,B,RS Publik,135.0,15,0,Tidak tercatat,Tidak tercatat,6,4,66.67
3372041,RS Umum Brayat Minulya,Jawa Tengah,Kota Surakarta,C,RS Publik,58.0,13,0,Tidak tercatat,Tidak tercatat,2,2,100.0
3372240,RS Umum Daerah Bung Karno Kota Surakarta,Jawa Tengah,Kota Surakarta,C,RS Publik,51.0,13,1,8.0,4.0,1,1,100.0
3372015,RS Umum Daerah Dr. Moewardi Surakarta,Jawa Tengah,Kota Surakarta,A,RS Publik,243.0,18,1,18.0,14.0,7,5,71.43
3372234,RS Umum Daerah Ibu Fatmawati Soekarno,Jawa Tengah,Kota Surakarta,C,RS Publik,67.0,12,1,5.0,5.0,1,1,100.0
3372026,RS Umum Dr. Oen,Jawa Tengah,Kota Surakarta,B,RS Publik,118.0,13,0,Tidak tercatat,Tidak tercatat,6,4,66.67
3372236,RS Umum Hermina Solo,Jawa Tengah,Kota Surakarta,C,RS Privat,77.0,13,0,Tidak tercatat,Tidak tercatat,2,2,100.0
3372132,RS Umum Islam Kustati,Jawa Tengah,Kota Surakarta,C,RS Publik,83.0,12,0,Tidak tercatat,Tidak tercatat,2,1,50.0
3372165,RS Umum Kasih Ibu,Jawa Tengah,Kota Surakarta,B,RS Privat,112.0,18,0,Tidak tercatat,Tidak tercatat,7,5,71.43
3372074,RS Umum Panti Waluyo,Jawa Tengah,Kota Surakarta,C,RS Publik,72.0,11,0,Tidak tercatat,Tidak tercatat,2,2,100.0
3372201,RS Umum Pusat Surakarta,Jawa Tengah,Kota Surakarta,C,RS Publik,61.0,12,1,6.0,3.0,2,2,100.0
3372030,RS Umum Tk III Slamet Riyadi Surakarta,Jawa Tengah,Kota Surakarta,C,RS Publik,62.0,12,0,Tidak tercatat,Tidak tercatat,1,1,100.0
3372191,RS Umum Triharsi,Jawa Tengah,Kota Surakarta,C,RS Publik,46.0,12,0,Tidak tercatat,Tidak tercatat,1,1,100.0
3376093,RS Ibu dan Anak Kasih Ibu Tegal,Jawa Tengah,Kota Tegal,C,RS Publik,12.0,7,0,Tidak tercatat,Tidak tercatat,0,0,Tidak tercatat
3376012,RS Umum Daerah Kardinah ,Jawa Tengah,Kota Tegal,B,RS Publik,99.0,15,1,13.0,8.0,4,4,100.0
3376082,RS Umum Islam Harapan Anda,Jawa Tengah,Kota Tegal,B,RS Publik,76.0,14,0,Tidak tercatat,Tidak tercatat,6,5,83.33
3328042,RS Umum Mitra Keluarga Tegal,Jawa Tengah,Kota Tegal,C,RS Privat,61.0,12,0,Tidak tercatat,Tidak tercatat,2,2,100.0
3319021,RS Aisyiyah Kudus,Jawa Tengah,Kudus,D,RS Privat,53.0,12,0,Tidak tercatat,Tidak tercatat,1,1,100.0
3319023,RS Ibu dan Anak Harapan Bunda,Jawa Tengah,Kudus,C,RS Privat,11.0,7,0,Tidak tercatat,Tidak tercatat,0,0,Tidak tercatat
3319025,RS Ibu dan Anak Miriam,Jawa Tengah,Kudus,C,RS Publik,17.0,10,0,Tidak tercatat,Tidak tercatat,0,0,Tidak tercatat
3319091,RS Ibu dan Anak Permata Hati,Jawa Tengah,Kudus,C,RS Publik,11.0,6,0,Tidak tercatat,Tidak tercatat,0,0,Tidak tercatat
3319113,RS Sarkies 'Aisyiyah Kudus,Jawa Tengah,Kudus,C,RS Privat,26.0,11,0,Tidak tercatat,Tidak tercatat,1,1,100.0
3319080,RS Umum  Islam Sunan Kudus,Jawa Tengah,Kudus,C,RS Publik,77.0,13,0,Tidak tercatat,Tidak tercatat,2,2,100.0
3319043,RS Umum  Nurussyifa,Jawa Tengah,Kudus,D,RS Publik,40.0,13,0,Tidak tercatat,Tidak tercatat,1,1,100.0
3319102,RS Umum Bantuan Kudus,Jawa Tengah,Kudus,D,RS Publik,26.0,11,0,Tidak tercatat,Tidak tercatat,1,1,100.0
3319010,RS Umum Daerah dr. Loekmono Hadi,Jawa Tengah,Kudus,B,RS Publik,83.0,14,1,7.0,4.0,4,4,100.0
3319022,RS Umum Kumala Siwimijen Kudus,Jawa Tengah,Kudus,D,RS Publik,35.0,13,0,Tidak tercatat,Tidak tercatat,1,1,100.0
3319032,RS Umum Mardi Rahayu,Jawa Tengah,Kudus,B,RS Publik,121.0,14,0,Tidak tercatat,Tidak tercatat,5,4,80.0
3308022,RS Daerah Merah Putih,Jawa Tengah,Magelang,C,RS Publik,55.0,12,1,9.0,4.0,1,1,100.0
3308017,RS Umum Aisyiyah Muntilan ,Jawa Tengah,Magelang,D,RS Privat,49.0,11,0,Tidak tercatat,Tidak tercatat,1,1,100.0
3308033,RS Umum Daerah Bukit Menoreh,Jawa Tengah,Magelang,Belum Ditetapkan,RS Publik,Tidak tercatat,0,0,Tidak tercatat,Tidak tercatat,0,0,Tidak tercatat
3308014,RS Umum Daerah Muntilan Kab. Magelang,Jawa Tengah,Magelang,C,RS Publik,65.0,12,1,7.0,7.0,2,2,100.0
3308018,RS Umum N-21 Gemilang ,Jawa Tengah,Magelang,D,RS Privat,12.0,7,0,Tidak tercatat,Tidak tercatat,0,0,Tidak tercatat
3308019,RS Umum Padma Lalita,Jawa Tengah,Magelang,D,RS Privat,15.0,6,0,Tidak tercatat,Tidak tercatat,0,0,Tidak tercatat
3308021,RS Umum Syubbanul Wathon,Jawa Tengah,Magelang,C,RS Privat,36.0,12,0,Tidak tercatat,Tidak tercatat,1,1,100.0
3318114,RS Keluarga Sehat Tayu,Jawa Tengah,Pati,D,RS Privat,46.0,11,0,Tidak tercatat,Tidak tercatat,1,1,100.0
3318109,RS Umum  Budi Agung Pati,Jawa Tengah,Pati,D,RS Privat,43.0,12,0,Tidak tercatat,Tidak tercatat,1,1,100.0
3318113,RS Umum As-Suyuthiyyah ,Jawa Tengah,Pati,D,RS Privat,34.0,11,0,Tidak tercatat,Tidak tercatat,1,1,100.0
3318086,RS Umum Daerah Kayen Pati,Jawa Tengah,Pati,C,RS Publik,45.0,11,0,Tidak tercatat,Tidak tercatat,1,1,100.0
3318016,RS Umum Daerah RAA Soewondo,Jawa Tengah,Pati,B,RS Publik,91.0,16,1,6.0,3.0,4,4,100.0
3318110,RS Umum Fastabiq Sehat PKU Muhammadiyah Pati,Jawa Tengah,Pati,C,RS Publik,56.0,12,0,Tidak tercatat,Tidak tercatat,1,1,100.0
3318064,RS Umum Islam Pati,Jawa Tengah,Pati,C,RS Publik,50.0,13,0,Tidak tercatat,Tidak tercatat,1,1,100.0
3318108,RS Umum Keluarga Sehat ,Jawa Tengah,Pati,C,RS Privat,83.0,14,0,Tidak tercatat,Tidak tercatat,5,4,80.0
3318075,RS Umum Mitra Bangsa Pati,Jawa Tengah,Pati,C,RS Publik,56.0,12,0,Tidak tercatat,Tidak tercatat,1,1,100.0
3318111,RS Umum Sebening Kasih,Jawa Tengah,Pati,D,RS Privat,74.0,11,0,Tidak tercatat,Tidak tercatat,1,1,100.0
3326051,RS Ibu dan Anak Aisyiyah Pekajangan Pekalongan,Jawa Tengah,Pekalongan,C,RS Publik,30.0,6,0,Tidak tercatat,Tidak tercatat,0,0,Tidak tercatat
3326016,RS Islam PKU Muhammadiyah Pekajangan,Jawa Tengah,Pekalongan,C,RS Publik,60.0,11,0,Tidak tercatat,Tidak tercatat,1,1,100.0
3326063,RS Prima Sehat Pekalongan,Jawa Tengah,Pekalongan,D,RS Privat,Tidak tercatat,0,0,Tidak tercatat,Tidak tercatat,0,0,Tidak tercatat
3326038,RS Umum Daerah Kajen Kab. Pekalongan,Jawa Tengah,Pekalongan,C,RS Publik,52.0,10,0,Tidak tercatat,Tidak tercatat,1,1,100.0
3326062,RS Umum Daerah Kesesi Pekalongan,Jawa Tengah,Pekalongan,D,RS Publik,9.0,7,0,Tidak tercatat,Tidak tercatat,0,0,Tidak tercatat
3326011,RS Umum Daerah Kraton Kab. Pekalongan,Jawa Tengah,Pekalongan,B,RS Publik,79.0,16,1,13.0,7.0,5,5,100.0
3327048,RS Harapan Sehat Pemalang,Jawa Tengah,Pemalang,D,RS Privat,16.0,10,0,Tidak tercatat,Tidak tercatat,1,1,100.0
3327046,RS Ibu dan Anak Siti Aminah Pemalang,Jawa Tengah,Pemalang,C,RS Privat,Tidak tercatat,0,0,Tidak tercatat,Tidak tercatat,0,0,Tidak tercatat
3327032,RS Muhammadiyah Rodliyah Achid,Jawa Tengah,Pemalang,D,RS Publik,29.0,12,0,Tidak tercatat,Tidak tercatat,2,2,100.0
3327049,RS Umum Comal Baru,Jawa Tengah,Pemalang,D,RS Privat,23.0,11,0,Tidak tercatat,Tidak tercatat,1,1,100.0
3327010,RS Umum Daerah Dr. M. Ashari Pemalang,Jawa Tengah,Pemalang,C,RS Publik,90.0,14,1,2.0,2.0,3,3,100.0
3327043,RS Umum Islam Al-Ikhlas,Jawa Tengah,Pemalang,C,RS Publik,44.0,12,0,Tidak tercatat,Tidak tercatat,1,1,100.0
3327047,RS Umum Muhammadiyah Mardhatillah,Jawa Tengah,Pemalang,D,RS Publik,24.0,11,0,Tidak tercatat,Tidak tercatat,1,1,100.0
3327045,RS Umum Prima Medika,Jawa Tengah,Pemalang,C,RS Privat,44.0,12,0,Tidak tercatat,Tidak tercatat,1,1,100.0
3327021,RS Umum Santa Maria Pemalang,Jawa Tengah,Pemalang,C,RS Publik,48.0,12,0,Tidak tercatat,Tidak tercatat,0,0,Tidak tercatat
3327044,RS Umum Siaga Medika Pemalang ,Jawa Tengah,Pemalang,C,RS Privat,43.0,12,0,Tidak tercatat,Tidak tercatat,2,2,100.0
3303099,RS Ibu dan Anak Ummu Hani,Jawa Tengah,Purbalingga,C,RS Privat,33.0,10,0,Tidak tercatat,Tidak tercatat,0,0,Tidak tercatat
3303103,RS Islam At-Tin Husada,Jawa Tengah,Purbalingga,Belum Ditetapkan,RS Privat,26.0,12,0,Tidak tercatat,Tidak tercatat,1,1,100.0
3303097,RS Umum Daerah Panti Nugroho,Jawa Tengah,Purbalingga,D,RS Publik,38.0,10,0,Tidak tercatat,Tidak tercatat,1,1,100.0
3303016,RS Umum Daerah dr. R. Goeteng Taroenadibrata,Jawa Tengah,Purbalingga,C,RS Publik,76.0,14,1,6.0,3.0,3,3,100.0
3303075,RS Umum Harapan Ibu,Jawa Tengah,Purbalingga,C,RS Publik,41.0,12,0,Tidak tercatat,Tidak tercatat,1,1,100.0
3303064,RS Umum Nirmala,Jawa Tengah,Purbalingga,C,RS Publik,34.0,11,0,Tidak tercatat,Tidak tercatat,1,1,100.0
3303102,RS Umum PKU Muhammadiyah Purbalingga,Jawa Tengah,Purbalingga,D,RS Publik,Tidak tercatat,0,0,Tidak tercatat,Tidak tercatat,1,1,100.0
3303101,RS Umum Siaga Medika Purbalingga ,Jawa Tengah,Purbalingga,C,RS Privat,43.0,13,0,Tidak tercatat,Tidak tercatat,2,2,100.0
3306111,RS Amanah Umat Purworejo,Jawa Tengah,Purworejo,C,RS Privat,32.0,13,0,Tidak tercatat,Tidak tercatat,1,1,100.0
3306105,RS Ibu dan Anak Permata,Jawa Tengah,Purworejo,C,RS Privat,17.0,9,0,Tidak tercatat,Tidak tercatat,1,1,100.0
3306023,RS Umum  Aisyiyah,Jawa Tengah,Purworejo,D,RS Publik,25.0,10,0,Tidak tercatat,Tidak tercatat,0,0,Tidak tercatat
3306112,RS Umum Ananda Purworejo,Jawa Tengah,Purworejo,D,RS Privat,Tidak tercatat,0,0,Tidak tercatat,Tidak tercatat,0,0,Tidak tercatat
3306110,RS Umum Budi Sehat Purworejo,Jawa Tengah,Purworejo,D,RS Privat,24.0,11,0,Tidak tercatat,Tidak tercatat,1,1,100.0
3306012,RS Umum Daerah Dr. Tjitrowardojo Purworejo,Jawa Tengah,Purworejo,B,RS Publik,62.0,13,1,11.0,5.0,4,4,100.0
3306113,RS Umum Daerah R.A.A Tjokronegoro,Jawa Tengah,Purworejo,C,RS Publik,45.0,12,0,Tidak tercatat,Tidak tercatat,1,1,100.0
3306109,RS Umum Islam Purworejo,Jawa Tengah,Purworejo,D,RS Publik,18.0,9,0,Tidak tercatat,Tidak tercatat,0,0,Tidak tercatat
3306108,RS Umum Kasih Ibu Purworejo,Jawa Tengah,Purworejo,D,RS Publik,13.0,6,0,Tidak tercatat,Tidak tercatat,0,0,Tidak tercatat
3306104,RS Umum Palang Biru Kutoarjo,Jawa Tengah,Purworejo,C,RS Publik,30.0,11,0,Tidak tercatat,Tidak tercatat,2,2,100.0
3306082,RS Umum Panti Waluyo Yakkum Purworejo,Jawa Tengah,Purworejo,D,RS Publik,24.0,11,0,Tidak tercatat,Tidak tercatat,1,1,100.0
3306106,RS Umum Purwa Husada,Jawa Tengah,Purworejo,D,RS Privat,14.0,8,0,Tidak tercatat,Tidak tercatat,0,0,Tidak tercatat
3317027,RS Bhina Bhakti Husada,Jawa Tengah,Rembang,C,RS Privat,44.0,11,0,Tidak tercatat,Tidak tercatat,0,0,Tidak tercatat
3317038,RS PKU Muhammadiyah Pamotan,Jawa Tengah,Rembang,D,RS Publik,29.0,9,0,Tidak tercatat,Tidak tercatat,1,1,100.0
3317015,RS Umum Daerah dr. R. Soetrasno Rembang,Jawa Tengah,Rembang,C,RS Publik,88.0,13,1,9.0,8.0,4,4,100.0
3317026,RS Umum Islam Arafah,Jawa Tengah,Rembang,D,RS Publik,49.0,11,0,Tidak tercatat,Tidak tercatat,1,1,100.0
3322084,At-Tin Hospital,Jawa Tengah,Semarang,C,RS Privat,3.0,3,0,Tidak tercatat,Tidak tercatat,1,1,100.0
3322071,RS Umum Bina Kasih,Jawa Tengah,Semarang,D,RS Publik,22.0,10,0,Tidak tercatat,Tidak tercatat,0,0,Tidak tercatat
3322023,RS Umum Daerah dr. Gondo Suwarno,Jawa Tengah,Semarang,C,RS Publik,71.0,13,0,Tidak tercatat,Tidak tercatat,1,1,100.0
3322012,RS Umum Daerah dr. Gunawan Mangunkusumo,Jawa Tengah,Semarang,C,RS Publik,64.0,12,1,4.0,1.0,1,1,100.0
3322034,RS Umum Ken Saras,Jawa Tengah,Semarang,C,RS Privat,118.0,18,0,Tidak tercatat,Tidak tercatat,6,5,83.33
3322073,RS Umum Kusuma Ungaran ,Jawa Tengah,Semarang,D,RS Privat,34.0,11,0,Tidak tercatat,Tidak tercatat,1,1,100.0
3314078,RS Ibu dan Anak Restu Ibu,Jawa Tengah,Sragen,C,RS Publik,27.0,10,0,Tidak tercatat,Tidak tercatat,0,0,Tidak tercatat
3314067,RS Umum Assalam,Jawa Tengah,Sragen,D,RS Privat,27.0,11,0,Tidak tercatat,Tidak tercatat,1,1,100.0
3314108,RS Umum Daerah Sukowati Tangen,Jawa Tengah,Sragen,D,RS Publik,26.0,8,0,Tidak tercatat,Tidak tercatat,0,0,Tidak tercatat
3314012,RS Umum Daerah dr. Soehadi Prijonegoro,Jawa Tengah,Sragen,B,RS Publik,Tidak tercatat,0,1,13.0,7.0,6,5,83.33
3314089,RS Umum Daerah dr. Soeratno Gemolong,Jawa Tengah,Sragen,C,RS Publik,37.0,14,0,Tidak tercatat,Tidak tercatat,2,2,100.0
3314056,RS Umum Islam Amal Sehat Sragen,Jawa Tengah,Sragen,C,RS Publik,49.0,13,0,Tidak tercatat,Tidak tercatat,2,1,50.0
3314092,RS Umum Islam Yakssi Gemolong,Jawa Tengah,Sragen,D,RS Privat,32.0,10,0,Tidak tercatat,Tidak tercatat,0,0,Tidak tercatat
3314023,RS Umum Mardi Lestari Sragen,Jawa Tengah,Sragen,D,RS Publik,32.0,11,0,Tidak tercatat,Tidak tercatat,1,1,100.0
3314090,RS Umum PKU Muhammadiyah Sragen ,Jawa Tengah,Sragen,D,RS Privat,36.0,13,0,Tidak tercatat,Tidak tercatat,1,1,100.0
3314096,RS Umum Rizky Amalia,Jawa Tengah,Sragen,D,RS Privat,30.0,11,0,Tidak tercatat,Tidak tercatat,1,1,100.0
3314097,RS Umum Saras Ibnu Sina Sukowati,Jawa Tengah,Sragen,D,RS Privat,32.0,11,0,Tidak tercatat,Tidak tercatat,0,0,Tidak tercatat
3314045,RS Umum Sarila Husada,Jawa Tengah,Sragen,C,RS Publik,49.0,12,0,Tidak tercatat,Tidak tercatat,2,2,100.0
3311231,RS Islam Surakarta YARSIS,Jawa Tengah,Sukoharjo,C,RS Publik,64.0,13,0,Tidak tercatat,Tidak tercatat,3,3,100.0
3311027,RS Khusus Orthopedi Karima Utama,Jawa Tengah,Sukoharjo,C,RS Privat,32.0,8,0,Tidak tercatat,Tidak tercatat,1,1,100.0
3372063,RS Orthopedi Prof. Dr. R. Soeharso,Jawa Tengah,Sukoharjo,A,RS Publik,51.0,10,0,Tidak tercatat,Tidak tercatat,2,2,100.0
3311230,RS PKU Muhammadiyah Kartasura,Jawa Tengah,Sukoharjo,D,RS Publik,17.0,9,0,Tidak tercatat,Tidak tercatat,0,0,Tidak tercatat
3311016,RS Umum Daerah Ir. Soekarno Kabupaten Sukoharjo,Jawa Tengah,Sukoharjo,B,RS Publik,94.0,14,1,10.0,5.0,3,3,100.0
3311224,RS Umum Dr. Oen Solo Baru,Jawa Tengah,Sukoharjo,C,RS Publik,89.0,13,0,Tidak tercatat,Tidak tercatat,3,3,100.0
3311229,RS Umum Indriati,Jawa Tengah,Sukoharjo,C,RS Privat,Tidak tercatat,0,0,Tidak tercatat,Tidak tercatat,6,5,83.33
3311213,RS Umum Nirmala Suri,Jawa Tengah,Sukoharjo,C,RS Privat,68.0,13,0,Tidak tercatat,Tidak tercatat,2,2,100.0
3311225,RS Umum PKU Muhammadiyah Sukoharjo,Jawa Tengah,Sukoharjo,C,RS Publik,49.0,12,0,Tidak tercatat,Tidak tercatat,1,1,100.0
3311228,RS Umum Universitas Sebelas Maret,Jawa Tengah,Sukoharjo,C,RS Publik,102.0,16,0,Tidak tercatat,Tidak tercatat,5,5,100.0
3328081,RS Harapan Sehat Slawi,Jawa Tengah,Tegal,D,RS Privat,18.0,8,0,Tidak tercatat,Tidak tercatat,1,1,100.0
3328082,RS Hawari Essa,Jawa Tengah,Tegal,D,RS Privat,21.0,9,0,Tidak tercatat,Tidak tercatat,0,0,Tidak tercatat
3328079,RS Ibu dan Anak Pala Raya,Jawa Tengah,Tegal,C,RS Privat,28.0,8,0,Tidak tercatat,Tidak tercatat,0,0,Tidak tercatat
3328093,RS Mitra Keluarga Slawi,Jawa Tengah,Tegal,C,RS Privat,Tidak tercatat,0,0,Tidak tercatat,Tidak tercatat,0,0,Tidak tercatat
3328094,RS Mitra Siaga Tarub,Jawa Tengah,Tegal,C,RS Privat,Tidak tercatat,0,0,Tidak tercatat,Tidak tercatat,0,0,Tidak tercatat
3376023,RS Umum  Mitra Siaga,Jawa Tengah,Tegal,C,RS Privat,64.0,13,0,Tidak tercatat,Tidak tercatat,1,1,100.0
3328078,RS Umum Adella,Jawa Tengah,Tegal,D,RS Privat,26.0,9,0,Tidak tercatat,Tidak tercatat,0,0,Tidak tercatat
3328035,RS Umum Daerah Suradadi,Jawa Tengah,Tegal,C,RS Publik,51.0,11,0,Tidak tercatat,Tidak tercatat,1,1,100.0
3328011,RS Umum Daerah dr. Soeselo Slawi Kabupaten Tegal,Jawa Tengah,Tegal,B,RS Publik,120.0,13,1,7.0,4.0,3,3,100.0
3376034,RS Umum Tk. IV Tegal,Jawa Tengah,Tegal,D,RS Publik,22.0,8,0,Tidak tercatat,Tidak tercatat,0,0,Tidak tercatat
3328055,RSI PKU Muhammadiyah Tegal,Jawa Tengah,Tegal,C,RS Publik,71.0,12,0,Tidak tercatat,Tidak tercatat,1,1,100.0
3323050,RS PKU Muhammadiyah Temanggung,Jawa Tengah,Temanggung,C,RS Publik,58.0,12,0,Tidak tercatat,Tidak tercatat,0,0,Tidak tercatat
3323013,RS Umum Daerah Djojonegoro Temanggung,Jawa Tengah,Temanggung,B,RS Publik,75.0,15,1,12.0,10.0,6,6,100.0
3323046,RS Umum Gunung Sawo Kab. Temanggung,Jawa Tengah,Temanggung,D,RS Publik,27.0,10,0,Tidak tercatat,Tidak tercatat,0,0,Tidak tercatat
3323024,RS Umum Ngesti Waluyo,Jawa Tengah,Temanggung,C,RS Publik,50.0,13,0,Tidak tercatat,Tidak tercatat,2,2,100.0
3312307,RS Fitri Candra,Jawa Tengah,Wonogiri,D,RS Privat,22.0,9,0,Tidak tercatat,Tidak tercatat,0,0,Tidak tercatat
3312295,RS Hermina Wonogiri,Jawa Tengah,Wonogiri,C,RS Privat,32.0,10,0,Tidak tercatat,Tidak tercatat,1,1,100.0
3312310,RS PKU Muhammadiyah Wonogiri,Jawa Tengah,Wonogiri,D,RS Publik,30.0,10,0,Tidak tercatat,Tidak tercatat,1,1,100.0
3312306,RS Umum  Amal Sehat,Jawa Tengah,Wonogiri,C,RS Privat,31.0,11,0,Tidak tercatat,Tidak tercatat,2,2,100.0
3312309,RS Umum Astrini,Jawa Tengah,Wonogiri,D,RS Privat,33.0,11,0,Tidak tercatat,Tidak tercatat,1,1,100.0
3312010,RS Umum Daerah Dr. Soediran Mangun Sumarso Wonogi,Jawa Tengah,Wonogiri,B,RS Publik,94.0,12,1,3.0,3.0,4,4,100.0
3312021,RS Umum Maguan Husada,Jawa Tengah,Wonogiri,D,RS Privat,27.0,9,0,Tidak tercatat,Tidak tercatat,0,0,Tidak tercatat
3312284,RS Umum Muhammadiyah Selogiri,Jawa Tengah,Wonogiri,D,RS Publik,49.0,12,0,Tidak tercatat,Tidak tercatat,1,1,100.0
3312308,RS Umum Mulia Hati Wonogiri,Jawa Tengah,Wonogiri,D,RS Privat,35.0,13,0,Tidak tercatat,Tidak tercatat,1,1,100.0
3307035,RS Ibu dan Anak Adina,Jawa Tengah,Wonosobo,C,RS Publik,26.0,7,0,Tidak tercatat,Tidak tercatat,0,0,Tidak tercatat
3307051,RS Umum  PKU Muhammadiyah Wonosobo,Jawa Tengah,Wonosobo,C,RS Privat,73.0,13,0,Tidak tercatat,Tidak tercatat,1,1,100.0
3307062,RS Umum AISs Wonosobo,Jawa Tengah,Wonosobo,D,RS Privat,10.0,5,0,Tidak tercatat,Tidak tercatat,0,0,Tidak tercatat
3307050,RS Umum Islam Wonosobo,Jawa Tengah,Wonosobo,C,RS Publik,51.0,12,0,Tidak tercatat,Tidak tercatat,1,1,100.0
3307013,RS Umum Setjonegoro Wonosobo,Jawa Tengah,Wonosobo,C,RS Publik,105.0,13,1,11.0,5.0,2,2,100.0
3526031,RS Ibu Dan Anak Hikmah Sawi,Jawa Timur,Bangkalan,C,RS Privat,1.0,1,0,Tidak tercatat,Tidak tercatat,0,0,Tidak tercatat
3526030,RS Ibu dan Anak Aisyiyah,Jawa Timur,Bangkalan,C,RS Publik,Tidak tercatat,0,0,Tidak tercatat,Tidak tercatat,0,0,Tidak tercatat
3526045,RS Ibu dan Anak Glamour Husada Kebun,Jawa Timur,Bangkalan,C,RS Privat,9.0,4,0,Tidak tercatat,Tidak tercatat,0,0,Tidak tercatat
3526032,RS Khusus Bedah Al Ishaqiy,Jawa Timur,Bangkalan,C,RS Privat,4.0,3,0,Tidak tercatat,Tidak tercatat,0,0,Tidak tercatat
3526029,RS Umum Anna Medika Madura,Jawa Timur,Bangkalan,D,RS Privat,9.0,3,0,Tidak tercatat,Tidak tercatat,1,1,100.0
3526011,RS Umum Daerah Syarifah Ambami Rato Ebu,Jawa Timur,Bangkalan,B,RS Publik,96.0,14,1,4.0,4.0,4,4,100.0
3526027,RS Umum Lukas,Jawa Timur,Bangkalan,D,RS Privat,5.0,2,0,Tidak tercatat,Tidak tercatat,0,0,Tidak tercatat
3510103,RS Al Huda ,Jawa Timur,Banyuwangi,C,RS Privat,50.0,14,0,Tidak tercatat,Tidak tercatat,2,2,100.0
3510108,RS Al-Rohmah Banyuwangi,Jawa Timur,Banyuwangi,D,RS Privat,22.0,11,0,Tidak tercatat,Tidak tercatat,0,0,Tidak tercatat
3510106,RS Graha Medika,Jawa Timur,Banyuwangi,C,RS Privat,38.0,13,0,Tidak tercatat,Tidak tercatat,1,1,100.0
3510054,RS Islam Fatimah,Jawa Timur,Banyuwangi,C,RS Privat,37.0,12,0,Tidak tercatat,Tidak tercatat,2,2,100.0
3510102,RS Nahdlatul Ulama Banyuwangi,Jawa Timur,Banyuwangi,C,RS Privat,29.0,11,0,Tidak tercatat,Tidak tercatat,1,1,100.0
3510107,RS Umum Abdhi Famili,Jawa Timur,Banyuwangi,D,RS Privat,20.0,10,0,Tidak tercatat,Tidak tercatat,0,0,Tidak tercatat
3510105,RS Umum Bakti Mulia Banyuwangi,Jawa Timur,Banyuwangi,D,RS Privat,Tidak tercatat,0,0,Tidak tercatat,Tidak tercatat,0,0,Tidak tercatat
3510021,RS Umum Bhakti Husada,Jawa Timur,Banyuwangi,C,RS Privat,29.0,11,0,Tidak tercatat,Tidak tercatat,1,1,100.0
3510010,RS Umum Daerah Blambangan,Jawa Timur,Banyuwangi,B,RS Publik,68.0,15,1,6.0,5.0,5,5,100.0
3510043,RS Umum Daerah Genteng,Jawa Timur,Banyuwangi,C,RS Publik,61.0,13,0,Tidak tercatat,Tidak tercatat,2,2,100.0
3510104,RS Umum PKU Muhammadiyah Rogojampi,Jawa Timur,Banyuwangi,D,RS Privat,26.0,12,0,Tidak tercatat,Tidak tercatat,0,0,Tidak tercatat
3510109,RS Umum Rahayu Medika,Jawa Timur,Banyuwangi,D,RS Privat,18.0,8,0,Tidak tercatat,Tidak tercatat,0,0,Tidak tercatat
3510076,RS Yasmin,Jawa Timur,Banyuwangi,C,RS Privat,46.0,13,0,Tidak tercatat,Tidak tercatat,1,1,100.0
3505041,RS Umum Al-Ittihad,Jawa Timur,Blitar,D,RS Privat,30.0,11,0,Tidak tercatat,Tidak tercatat,0,0,Tidak tercatat
3505054,RS Umum An-Nisaa,Jawa Timur,Blitar,D,RS Privat,29.0,12,0,Tidak tercatat,Tidak tercatat,1,1,100.0
3505035,RS Umum Ananda,Jawa Timur,Blitar,D,RS Privat,38.0,12,0,Tidak tercatat,Tidak tercatat,0,0,Tidak tercatat
3505024,RS Umum Aulia Blitar,Jawa Timur,Blitar,D,RS Privat,32.0,12,0,Tidak tercatat,Tidak tercatat,1,1,100.0
3505013,RS Umum Daerah Ngudi Waluyo Wlingi,Jawa Timur,Blitar,B,RS Publik,95.0,14,1,1.0,1.0,3,3,100.0
3505045,RS Umum Daerah Srengat Kab. Blitar,Jawa Timur,Blitar,C,RS Publik,51.0,13,0,Tidak tercatat,Tidak tercatat,2,2,100.0
3505043,RS Umum Medika Utama,Jawa Timur,Blitar,C,RS Privat,27.0,12,0,Tidak tercatat,Tidak tercatat,1,1,100.0
3505044,RS Umum Wava Husada Kesamben,Jawa Timur,Blitar,D,RS Privat,23.0,12,0,Tidak tercatat,Tidak tercatat,1,1,100.0
3522059,RS Bhayangkara Wahyu Tutuko Bojonegoro ,Jawa Timur,Bojonegoro,C,RS Publik,36.0,11,0,Tidak tercatat,Tidak tercatat,0,0,Tidak tercatat
3522064,RS Ibu dan Anak Fatma,Jawa Timur,Bojonegoro,C,RS Privat,29.0,6,0,Tidak tercatat,Tidak tercatat,1,1,100.0
3522062,RS Muslimat NU Muna Anggita Bojonegoro,Jawa Timur,Bojonegoro,D,RS Publik,15.0,7,0,Tidak tercatat,Tidak tercatat,0,0,Tidak tercatat
3522025,RS Umum Aisyiyah Bojonegoro,Jawa Timur,Bojonegoro,C,RS Privat,59.0,12,0,Tidak tercatat,Tidak tercatat,2,2,100.0
3522014,RS Umum Daerah Dr. R. Sosodoro Djatikoesoemo,Jawa Timur,Bojonegoro,B,RS Publik,88.0,14,1,6.0,6.0,3,3,100.0
3522075,RS Umum Daerah Kepohbaru,Jawa Timur,Bojonegoro,D,RS Publik,7.0,5,0,Tidak tercatat,Tidak tercatat,0,0,Tidak tercatat
3522047,RS Umum Daerah Sumberrejo,Jawa Timur,Bojonegoro,D,RS Publik,38.0,13,0,Tidak tercatat,Tidak tercatat,2,2,100.0
3522061,RS Umum Ibnu Sina Bojonegoro,Jawa Timur,Bojonegoro,D,RS Privat,23.0,10,0,Tidak tercatat,Tidak tercatat,0,0,Tidak tercatat
3522036,RS Umum Muhamadiyah Sumberejo,Jawa Timur,Bojonegoro,D,RS Publik,35.0,11,0,Tidak tercatat,Tidak tercatat,0,0,Tidak tercatat
3522060,RS Umum Muhammadiyah Kalitidu,Jawa Timur,Bojonegoro,D,RS Privat,23.0,11,0,Tidak tercatat,Tidak tercatat,0,0,Tidak tercatat
3522058,RS umum Daerah Padangan,Jawa Timur,Bojonegoro,C,RS Publik,31.0,12,0,Tidak tercatat,Tidak tercatat,2,2,100.0
3511012,RS Bhayangkara Bondowoso ,Jawa Timur,Bondowoso,C,RS Publik,37.0,13,0,Tidak tercatat,Tidak tercatat,3,3,100.0
3511013,RS Mitra Medika Bondowoso,Jawa Timur,Bondowoso,C,RS Privat,32.0,11,0,Tidak tercatat,Tidak tercatat,0,0,Tidak tercatat
3511011,RS Umum dr. H.Koesnadi Bondowoso,Jawa Timur,Bondowoso,B,RS Publik,69.0,14,1,9.0,6.0,6,6,100.0
3525087,RS Denisa,Jawa Timur,Gresik,D,RS Privat,24.0,11,0,Tidak tercatat,Tidak tercatat,1,1,100.0
3525105,RS Eka Husada,Jawa Timur,Gresik,C,RS Privat,17.0,8,0,Tidak tercatat,Tidak tercatat,2,2,100.0
3525093,RS Fathma Medika,Jawa Timur,Gresik,C,RS Privat,66.0,12,0,Tidak tercatat,Tidak tercatat,1,1,100.0
3525092,RS Grha Husada Gresik ,Jawa Timur,Gresik,D,RS Privat,33.0,11,0,Tidak tercatat,Tidak tercatat,0,0,Tidak tercatat
3525104,RS Ibu dan Anak Khodijah,Jawa Timur,Gresik,C,RS Privat,8.0,6,0,Tidak tercatat,Tidak tercatat,0,0,Tidak tercatat
3525088,RS Muhammadiyah Gresik,Jawa Timur,Gresik,C,RS Publik,44.0,12,0,Tidak tercatat,Tidak tercatat,1,1,100.0
3525095,RS PKU Muhammadiyah Sekapuk,Jawa Timur,Gresik,D,RS Privat,26.0,12,0,Tidak tercatat,Tidak tercatat,1,1,100.0
3525076,RS Petrokimia Gresik,Jawa Timur,Gresik,C,RS Privat,Tidak tercatat,0,0,Tidak tercatat,Tidak tercatat,4,4,100.0
3525096,RS Petrokimia Gresik Driyorejo,Jawa Timur,Gresik,C,RS Privat,41.0,12,0,Tidak tercatat,Tidak tercatat,1,1,100.0
3525021,RS Semen Gresik,Jawa Timur,Gresik,B,RS Privat,82.0,11,0,Tidak tercatat,Tidak tercatat,6,6,100.0
3525097,RS Surya Medika,Jawa Timur,Gresik,D,RS Privat,26.0,12,0,Tidak tercatat,Tidak tercatat,1,1,100.0
3525010,RS Umum Daerah Ibnu Sina Kab. Gresik,Jawa Timur,Gresik,B,RS Publik,109.0,15,1,7.0,7.0,5,5,100.0
3525101,RS Umum Daerah Umar Mas'ud Bawean,Jawa Timur,Gresik,D,RS Publik,26.0,8,0,Tidak tercatat,Tidak tercatat,0,0,Tidak tercatat
3525098,RS Umum Islam Cahaya Giri Gresik,Jawa Timur,Gresik,D,RS Privat,18.0,7,0,Tidak tercatat,Tidak tercatat,0,0,Tidak tercatat
3525089,RS Umum Mabarrot MWC NU,Jawa Timur,Gresik,D,RS Privat,24.0,8,0,Tidak tercatat,Tidak tercatat,0,0,Tidak tercatat
3525043,RS Umum Nyai Ageng Pinatih Gresik,Jawa Timur,Gresik,C,RS Privat,27.0,11,0,Tidak tercatat,Tidak tercatat,0,0,Tidak tercatat
3525099,RS Umum Rachmi Dewi ,Jawa Timur,Gresik,D,RS Privat,21.0,9,0,Tidak tercatat,Tidak tercatat,1,1,100.0
3525102,RS Umum Randegansari Husada,Jawa Timur,Gresik,D,RS Privat,18.0,8,0,Tidak tercatat,Tidak tercatat,1,1,100.0
3525091,RS Umum Wali Songo I,Jawa Timur,Gresik,D,RS Privat,25.0,11,0,Tidak tercatat,Tidak tercatat,1,1,100.0
3525090,RS Umum Wates Husada,Jawa Timur,Gresik,D,RS Privat,24.0,12,0,Tidak tercatat,Tidak tercatat,1,1,100.0
3509135,RS Bina Sehat Jember,Jawa Timur,Jember,C,RS Privat,79.0,14,0,Tidak tercatat,Tidak tercatat,2,2,100.0
3509134,RS Daerah Balung Jember,Jawa Timur,Jember,C,RS Publik,74.0,13,0,Tidak tercatat,Tidak tercatat,1,1,100.0
3509123,RS Daerah Kalisat Jember,Jawa Timur,Jember,C,RS Publik,46.0,11,0,Tidak tercatat,Tidak tercatat,1,1,100.0
3509112,RS Gigi dan Mulut Universitas Jember,Jawa Timur,Jember,C,RS Publik,51.0,6,0,Tidak tercatat,Tidak tercatat,0,0,Tidak tercatat
3509138,RS Kaliwates Jember,Jawa Timur,Jember,C,RS Privat,74.0,13,0,Tidak tercatat,Tidak tercatat,2,2,100.0
3509043,RS Paru Jember,Jawa Timur,Jember,B,RS Publik,43.0,12,0,Tidak tercatat,Tidak tercatat,2,2,100.0
3509021,RS Perkebunan PTPN X (Persero) Jember,Jawa Timur,Jember,C,RS Privat,71.0,13,0,Tidak tercatat,Tidak tercatat,3,3,100.0
3509140,RS Siloam Jember,Jawa Timur,Jember,C,RS Privat,39.0,12,0,Tidak tercatat,Tidak tercatat,2,2,100.0
3509032,RS Tk. III Baladhika Husada Jember,Jawa Timur,Jember,C,RS Publik,52.0,13,0,Tidak tercatat,Tidak tercatat,5,5,100.0
3509136,RS Umum Citra Husada Jember,Jawa Timur,Jember,C,RS Privat,60.0,13,0,Tidak tercatat,Tidak tercatat,0,0,Tidak tercatat
3509010,RS Umum Daerah Dr. Soebandi,Jawa Timur,Jember,B,RS Publik,108.0,15,1,6.0,6.0,6,6,100.0
3509137,RS Umum Srikandi IBI Jember,Jawa Timur,Jember,C,RS Publik,19.0,6,0,Tidak tercatat,Tidak tercatat,0,0,Tidak tercatat
3509151,RS Umum Universitas Muhammadiyah Jember,Jawa Timur,Jember,C,RS Privat,Tidak tercatat,0,0,Tidak tercatat,Tidak tercatat,0,0,Tidak tercatat
3509101,RS Utama Husada Jember,Jawa Timur,Jember,D,RS Privat,12.0,4,0,Tidak tercatat,Tidak tercatat,0,0,Tidak tercatat
3517025,RS Airlangga Jombang,Jawa Timur,Jombang,D,RS Privat,18.0,9,0,Tidak tercatat,Tidak tercatat,0,0,Tidak tercatat
3517093,RS Al-Aziz,Jawa Timur,Jombang,D,RS Publik,29.0,11,0,Tidak tercatat,Tidak tercatat,0,0,Tidak tercatat
3517098,RS Bedah Surya Dharma Husada,Jawa Timur,Jombang,C,RS Privat,9.0,4,0,Tidak tercatat,Tidak tercatat,0,0,Tidak tercatat
3517111,RS Hasyim Asy'ari,Jawa Timur,Jombang,D,RS Privat,Tidak tercatat,0,0,Tidak tercatat,Tidak tercatat,1,1,100.0
3517043,RS Ibu dan Anak Muslimat Jombang,Jawa Timur,Jombang,C,RS Privat,27.0,9,0,Tidak tercatat,Tidak tercatat,1,1,100.0
3517021,RS Kristen Mojowarno,Jawa Timur,Jombang,C,RS Publik,33.0,13,0,Tidak tercatat,Tidak tercatat,1,1,100.0
3517092,RS Muhammadiyah Jombang,Jawa Timur,Jombang,D,RS Publik,24.0,10,0,Tidak tercatat,Tidak tercatat,0,0,Tidak tercatat
3517010,RS Umum Daerah Kab. Jombang,Jawa Timur,Jombang,B,RS Publik,106.0,14,1,3.0,3.0,4,4,100.0
3517089,RS Umum Daerah Ploso,Jawa Timur,Jombang,D,RS Publik,45.0,14,0,Tidak tercatat,Tidak tercatat,2,2,100.0
3517076,RS Umum Islam Jombang,Jawa Timur,Jombang,D,RS Privat,38.0,13,0,Tidak tercatat,Tidak tercatat,1,1,100.0
3517094,RS Umum Nadhlatul Ulama Jombang,Jawa Timur,Jombang,D,RS Privat,38.0,11,0,Tidak tercatat,Tidak tercatat,0,0,Tidak tercatat
3517109,RS Umum PKU Muhammadiyah Mojoagung,Jawa Timur,Jombang,D,RS Publik,36.0,13,0,Tidak tercatat,Tidak tercatat,2,2,100.0
3517095,RS Umum Pelengkap Medical Center,Jawa Timur,Jombang,D,RS Privat,31.0,10,0,Tidak tercatat,Tidak tercatat,1,1,100.0
3517091,RS Umum dr. Moedjito Dwidjosiswojo,Jawa Timur,Jombang,D,RS Privat,25.0,10,0,Tidak tercatat,Tidak tercatat,2,2,100.0
3517087,RS Unipdu Medika Jombang,Jawa Timur,Jombang,D,RS Privat,15.0,5,0,Tidak tercatat,Tidak tercatat,0,0,Tidak tercatat
3506060,RS Ibu dan Anak Kasih Bunda,Jawa Timur,Kediri,C,RS Privat,6.0,4,0,Tidak tercatat,Tidak tercatat,0,0,Tidak tercatat
3506064,RS Ibu dan Anak Permata Hati Pare Kediri,Jawa Timur,Kediri,C,RS Privat,11.0,6,0,Tidak tercatat,Tidak tercatat,0,0,Tidak tercatat
3506059,RS Muhammadiyah Siti Khodijah,Jawa Timur,Kediri,D,RS Privat,43.0,12,0,Tidak tercatat,Tidak tercatat,1,1,100.0
3506025,RS Toeloengredjo,Jawa Timur,Kediri,C,RS Privat,59.0,13,0,Tidak tercatat,Tidak tercatat,2,2,100.0
3506062,RS Umum  Aura Syifa,Jawa Timur,Kediri,C,RS Privat,38.0,12,0,Tidak tercatat,Tidak tercatat,1,1,100.0
3506063,RS Umum  Wilujeng,Jawa Timur,Kediri,D,RS Privat,25.0,10,0,Tidak tercatat,Tidak tercatat,1,1,100.0
3506036,RS Umum Amelia,Jawa Timur,Kediri,D,RS Privat,34.0,13,0,Tidak tercatat,Tidak tercatat,2,2,100.0
3506058,RS Umum Arga Husada,Jawa Timur,Kediri,D,RS Publik,18.0,8,0,Tidak tercatat,Tidak tercatat,0,0,Tidak tercatat
3506014,RS Umum Daerah Kabupaten Kediri,Jawa Timur,Kediri,B,RS Publik,73.0,13,1,2.0,2.0,3,3,100.0
3506066,RS Umum Daerah Simpang Lima Gumul Kediri,Jawa Timur,Kediri,C,RS Publik,61.0,14,0,Tidak tercatat,Tidak tercatat,3,3,100.0
3506047,RS Umum Muhammadiyah Surya Melati ,Jawa Timur,Kediri,D,RS Privat,25.0,9,0,Tidak tercatat,Tidak tercatat,1,1,100.0
3579074,RS Baptis Batu,Jawa Timur,Kota Batu,C,RS Publik,35.0,12,0,Tidak tercatat,Tidak tercatat,1,1,100.0
3579003,RS Bhayangkara Hasta Brata Batu ,Jawa Timur,Kota Batu,C,RS Publik,33.0,13,0,Tidak tercatat,Tidak tercatat,1,1,100.0
3579005,RS Ibu dan Anak Haji,Jawa Timur,Kota Batu,C,RS Privat,13.0,7,0,Tidak tercatat,Tidak tercatat,0,0,Tidak tercatat
3579004,RS Punten,Jawa Timur,Kota Batu,D,RS Privat,14.0,8,0,Tidak tercatat,Tidak tercatat,1,1,100.0
3579030,RS Umum Karsa Husada Kota Batu ,Jawa Timur,Kota Batu,B,RS Publik,80.0,14,1,17.0,6.0,5,5,100.0
3579002,RS Umum dr. Etty Asharto Batu,Jawa Timur,Kota Batu,D,RS Privat,25.0,12,0,Tidak tercatat,Tidak tercatat,1,1,100.0
3572072,RS Ibu dan Anak Tanjungsari,Jawa Timur,Kota Blitar,C,RS Privat,9.0,6,0,Tidak tercatat,Tidak tercatat,0,0,Tidak tercatat
3572073,RS Islam Aminah,Jawa Timur,Kota Blitar,C,RS Publik,45.0,13,0,Tidak tercatat,Tidak tercatat,1,1,100.0
3572021,RS Katolik Budi Rahayu,Jawa Timur,Kota Blitar,C,RS Publik,35.0,12,0,Tidak tercatat,Tidak tercatat,1,1,100.0
3572065,RS Umum Aminah Blitar,Jawa Timur,Kota Blitar,C,RS Publik,47.0,13,0,Tidak tercatat,Tidak tercatat,2,2,100.0
3572010,RS Umum Daerah Mardi Waluyo,Jawa Timur,Kota Blitar,B,RS Publik,70.0,14,1,6.0,4.0,3,3,100.0
3572043,RS Umum Syuhada Haji,Jawa Timur,Kota Blitar,D,RS Privat,33.0,12,0,Tidak tercatat,Tidak tercatat,0,0,Tidak tercatat
3571042,RS Baptis Kediri,Jawa Timur,Kota Kediri,B,RS Publik,68.0,13,0,Tidak tercatat,Tidak tercatat,2,2,100.0
3506065,RS Gigi Mulut IIK Bhakti Wiyata,Jawa Timur,Kota Kediri,C,RS Privat,Tidak tercatat,0,0,Tidak tercatat,Tidak tercatat,0,0,Tidak tercatat
3571145,RS Ibu dan Anak Citra Keluarga,Jawa Timur,Kota Kediri,C,RS Privat,15.0,6,0,Tidak tercatat,Tidak tercatat,0,0,Tidak tercatat
3571148,RS Ibu dan Anak Melinda,Jawa Timur,Kota Kediri,C,RS Privat,9.0,5,0,Tidak tercatat,Tidak tercatat,0,0,Tidak tercatat
3571111,RS Ibu dan Anak Nirmala Kediri,Jawa Timur,Kota Kediri,C,RS Privat,22.0,9,0,Tidak tercatat,Tidak tercatat,0,0,Tidak tercatat
3571122,RS Muhammadiyah Ahmad Dahlan,Jawa Timur,Kota Kediri,C,RS Publik,60.0,13,0,Tidak tercatat,Tidak tercatat,2,2,100.0
3571020,RS TK. IV 05.07.02 Kediri,Jawa Timur,Kota Kediri,C,RS Publik,29.0,10,0,Tidak tercatat,Tidak tercatat,1,1,100.0
3571031,RS Umum Bhayangkara Kediri,Jawa Timur,Kota Kediri,B,RS Publik,72.0,13,0,Tidak tercatat,Tidak tercatat,5,5,100.0
3571016,RS Umum Daerah Gambiran,Jawa Timur,Kota Kediri,B,RS Publik,91.0,14,1,16.0,8.0,4,4,100.0
3571150,RS Umum Daerah Kilisuci,Jawa Timur,Kota Kediri,C,RS Publik,94.0,11,0,Tidak tercatat,Tidak tercatat,0,0,Tidak tercatat
3571053,RS Umum Daha Husada,Jawa Timur,Kota Kediri,D,RS Publik,46.0,11,0,Tidak tercatat,Tidak tercatat,1,1,100.0
3571146,RS Umum Lirboyo,Jawa Timur,Kota Kediri,D,RS Privat,30.0,12,0,Tidak tercatat,Tidak tercatat,1,1,100.0
3571147,RS Umum Ratih,Jawa Timur,Kota Kediri,D,RS Privat,Tidak tercatat,0,0,Tidak tercatat,Tidak tercatat,0,0,Tidak tercatat
3577052,RS Ibu dan Anak Al Hasanah,Jawa Timur,Kota Madiun,C,RS Privat,13.0,5,0,Tidak tercatat,Tidak tercatat,0,0,Tidak tercatat
3519026,RS Paru Manguharjo Madiun,Jawa Timur,Kota Madiun,C,RS Publik,31.0,12,0,Tidak tercatat,Tidak tercatat,2,2,100.0
3577015,RS Umum Daerah Dr. Soedono Madiun,Jawa Timur,Kota Madiun,B,RS Publik,117.0,13,1,6.0,5.0,5,5,100.0
3577085,RS Umum Daerah Kota Madiun,Jawa Timur,Kota Madiun,C,RS Publik,58.0,13,0,Tidak tercatat,Tidak tercatat,4,4,100.0
3577098,RS Umum Darmayu Madiun,Jawa Timur,Kota Madiun,C,RS Privat,Tidak tercatat,0,0,Tidak tercatat,Tidak tercatat,0,0,Tidak tercatat
3577086,RS Umum Griya Husada Madiun,Jawa Timur,Kota Madiun,C,RS Privat,45.0,12,0,Tidak tercatat,Tidak tercatat,1,1,100.0
3577074,RS Umum Islam Siti Aisyah,Jawa Timur,Kota Madiun,C,RS Privat,49.0,13,0,Tidak tercatat,Tidak tercatat,2,2,100.0
3577026,RS Umum Santa Clara,Jawa Timur,Kota Madiun,C,RS Privat,39.0,12,0,Tidak tercatat,Tidak tercatat,1,1,100.0
3577030,RS Umum TNI AD Tk. IV 05.04.01 Kota Madiun,Jawa Timur,Kota Madiun,D,RS Publik,23.0,11,0,Tidak tercatat,Tidak tercatat,2,2,100.0
3573261,RS Bhirawa Bhakti,Jawa Timur,Kota Malang,D,RS Publik,18.0,9,0,Tidak tercatat,Tidak tercatat,0,0,Tidak tercatat
3573254,RS Ibu dan Anak Galeri Candra Malang,Jawa Timur,Kota Malang,C,RS Privat,23.0,6,0,Tidak tercatat,Tidak tercatat,0,0,Tidak tercatat
3573097,RS Ibu dan Anak Husada Bunda,Jawa Timur,Kota Malang,C,RS Privat,23.0,9,0,Tidak tercatat,Tidak tercatat,0,0,Tidak tercatat
3573243,RS Ibu dan Anak Mardi Waloeja Kauman Malang,Jawa Timur,Kota Malang,C,RS Privat,12.0,7,0,Tidak tercatat,Tidak tercatat,1,1,100.0
3573251,RS Ibu dan Anak Mardi Waloeja Rampal Malang,Jawa Timur,Kota Malang,C,RS Privat,Tidak tercatat,0,0,Tidak tercatat,Tidak tercatat,0,0,Tidak tercatat
3573264,RS Ibu dan Anak Melati Children Hospital,Jawa Timur,Kota Malang,C,RS Privat,12.0,6,0,Tidak tercatat,Tidak tercatat,0,0,Tidak tercatat
3573253,RS Ibu dan Anak Melati Husada,Jawa Timur,Kota Malang,C,RS Privat,40.0,5,0,Tidak tercatat,Tidak tercatat,1,1,100.0
3573135,RS Ibu dan Anak Muhammadiyah Malang,Jawa Timur,Kota Malang,C,RS Privat,22.0,8,0,Tidak tercatat,Tidak tercatat,1,1,100.0
3573252,RS Ibu dan Anak Mutiara Bunda,Jawa Timur,Kota Malang,C,RS Privat,28.0,7,0,Tidak tercatat,Tidak tercatat,0,0,Tidak tercatat
3573247,RS Ibu dan Anak Permata Hati,Jawa Timur,Kota Malang,C,RS Privat,10.0,6,0,Tidak tercatat,Tidak tercatat,0,0,Tidak tercatat
3573244,RS Ibu dan Anak Puri,Jawa Timur,Kota Malang,C,RS Privat,23.0,8,0,Tidak tercatat,Tidak tercatat,1,1,100.0
3573250,RS Ibu dan Anak Puri Bunda,Jawa Timur,Kota Malang,C,RS Privat,38.0,9,0,Tidak tercatat,Tidak tercatat,1,1,100.0
3573260,RS Ibu dan Anak Refa husada,Jawa Timur,Kota Malang,C,RS Privat,20.0,9,0,Tidak tercatat,Tidak tercatat,0,0,Tidak tercatat
3573226,RS Islam Malang,Jawa Timur,Kota Malang,C,RS Privat,69.0,14,0,Tidak tercatat,Tidak tercatat,1,1,100.0
3573022,RS Tk. II Dr. Soepraoen,Jawa Timur,Kota Malang,B,RS Publik,65.0,15,0,Tidak tercatat,Tidak tercatat,5,5,100.0
3573276,RS Umum BRI Medika Malang,Jawa Timur,Kota Malang,D,RS Privat,Tidak tercatat,0,0,Tidak tercatat,Tidak tercatat,0,0,Tidak tercatat
3573011,RS Umum Daerah Dr. Saiful Anwar,Jawa Timur,Kota Malang,A,RS Publik,340.0,15,1,14.0,10.0,7,6,85.71
3573258,RS Umum Daerah Kota Malang,Jawa Timur,Kota Malang,C,RS Publik,54.0,12,1,2.0,2.0,2,2,100.0
3573246,RS Umum Hermina Tangkubanprahu,Jawa Timur,Kota Malang,C,RS Privat,82.0,14,0,Tidak tercatat,Tidak tercatat,2,2,100.0
3573215,RS Umum Islam Aisyiyah Malang,Jawa Timur,Kota Malang,C,RS Privat,73.0,14,0,Tidak tercatat,Tidak tercatat,2,2,100.0
3573066,RS Umum Lavalette Malang,Jawa Timur,Kota Malang,B,RS Privat,93.0,18,0,Tidak tercatat,Tidak tercatat,5,5,100.0
3573044,RS Umum Panti Nirmala,Jawa Timur,Kota Malang,B,RS Privat,90.0,15,0,Tidak tercatat,Tidak tercatat,5,5,100.0
3573055,RS Umum Panti Waluya Sawahan Malang,Jawa Timur,Kota Malang,B,RS Privat,85.0,14,0,Tidak tercatat,Tidak tercatat,3,3,100.0
3573249,RS Umum Permata Bunda,Jawa Timur,Kota Malang,D,RS Privat,24.0,12,0,Tidak tercatat,Tidak tercatat,1,1,100.0
3573257,RS Umum Persada Hospital,Jawa Timur,Kota Malang,B,RS Privat,126.0,13,0,Tidak tercatat,Tidak tercatat,5,5,100.0
3573262,RS Universitas Brawijaya,Jawa Timur,Kota Malang,C,RS Publik,60.0,13,0,Tidak tercatat,Tidak tercatat,2,2,100.0
3576076,RS Emma,Jawa Timur,Kota Mojokerto,C,RS Publik,39.0,12,0,Tidak tercatat,Tidak tercatat,0,0,Tidak tercatat
3576036,RS Gatoel,Jawa Timur,Kota Mojokerto,C,RS Privat,67.0,13,0,Tidak tercatat,Tidak tercatat,3,3,100.0
3576051,RS Islam Hasanah Muhammadiyah ,Jawa Timur,Kota Mojokerto,C,RS Publik,41.0,10,0,Tidak tercatat,Tidak tercatat,1,1,100.0
3576074,RS Kamar Medika,Jawa Timur,Kota Mojokerto,D,RS Privat,32.0,12,0,Tidak tercatat,Tidak tercatat,0,0,Tidak tercatat
3576040,RS Reksa Waluya,Jawa Timur,Kota Mojokerto,C,RS Publik,29.0,12,0,Tidak tercatat,Tidak tercatat,1,1,100.0
3576014,RSUD dr. Wahidin Sudiro Husodo Kota Mojokerto,Jawa Timur,Kota Mojokerto,B,RS Publik,89.0,15,1,8.0,5.0,6,6,100.0
3514057,RS Graha Sehat Medika,Jawa Timur,Kota Pasuruan,D,RS Privat,30.0,10,0,Tidak tercatat,Tidak tercatat,1,1,100.0
3575013,RS Umum Daerah Dr. R. Soedarsono Kota Pasuruan,Jawa Timur,Kota Pasuruan,C,RS Publik,70.0,12,1,6.0,3.0,2,2,100.0
3574068,RS Ibu dan Anak Amanah,Jawa Timur,Kota Probolinggo,C,RS Privat,28.0,8,0,Tidak tercatat,Tidak tercatat,0,0,Tidak tercatat
3574069,RS Ibu dan Anak Muhammadiyah Kota Probolinggo,Jawa Timur,Kota Probolinggo,C,RS Privat,24.0,5,0,Tidak tercatat,Tidak tercatat,0,0,Tidak tercatat
3574080,RS Umum Daerah Ar Rozy,Jawa Timur,Kota Probolinggo,Belum Ditetapkan,RS Publik,Tidak tercatat,0,0,Tidak tercatat,Tidak tercatat,0,0,Tidak tercatat
3574012,RS Umum Daerah dr. Mohamad Saleh Kota Probolinggo,Jawa Timur,Kota Probolinggo,B,RS Publik,53.0,14,1,9.0,4.0,4,4,100.0
3574023,RS Umum Dharma Husada,Jawa Timur,Kota Probolinggo,D,RS Privat,22.0,11,0,Tidak tercatat,Tidak tercatat,1,1,100.0
3578808,Mayapada Hospital Surabaya ,Jawa Timur,Kota Surabaya,C,RS Privat,63.0,15,0,Tidak tercatat,Tidak tercatat,1,1,100.0
3578064,RS Adi Husada Undaan,Jawa Timur,Kota Surabaya,B,RS Privat,138.0,17,0,Tidak tercatat,Tidak tercatat,0,0,Tidak tercatat
3578476,RS Al Irsyad Surabaya,Jawa Timur,Kota Surabaya,C,RS Publik,66.0,13,0,Tidak tercatat,Tidak tercatat,0,0,Tidak tercatat
3578614,RS Bhakti Rahayu,Jawa Timur,Kota Surabaya,C,RS Privat,35.0,12,0,Tidak tercatat,Tidak tercatat,2,2,100.0
3578764,RS Bhayangkara TK II HS. Samsoeri Mertojoso,Jawa Timur,Kota Surabaya,B,RS Publik,85.0,13,0,Tidak tercatat,Tidak tercatat,4,4,100.0
3578235,RS Bunda ,Jawa Timur,Kota Surabaya,D,RS Privat,26.0,10,0,Tidak tercatat,Tidak tercatat,1,1,100.0
3578053,RS Darmo,Jawa Timur,Kota Surabaya,C,RS Publik,91.0,13,0,Tidak tercatat,Tidak tercatat,0,0,Tidak tercatat
3578625,RS Gigi dan Mulut FKG Universitas Airlangga,Jawa Timur,Kota Surabaya,B,RS Publik,501.0,2,0,Tidak tercatat,Tidak tercatat,1,1,100.0
3578731,RS Gigi dan Mulut Nala Husada,Jawa Timur,Kota Surabaya,B,RS Publik,32.0,4,0,Tidak tercatat,Tidak tercatat,0,0,Tidak tercatat
3578603,RS Gotong Royong,Jawa Timur,Kota Surabaya,C,RS Publik,78.0,14,0,Tidak tercatat,Tidak tercatat,2,2,100.0
3578560,RS Husada Utama Surabaya,Jawa Timur,Kota Surabaya,B,RS Privat,85.0,13,0,Tidak tercatat,Tidak tercatat,4,4,100.0
3578812,RS Ibu dan Anak Adi Guna,Jawa Timur,Kota Surabaya,C,RS Privat,15.0,5,0,Tidak tercatat,Tidak tercatat,0,0,Tidak tercatat
3578773,RS Ibu dan Anak Bantuan 05.08.05 Surabaya,Jawa Timur,Kota Surabaya,C,RS Publik,22.0,6,0,Tidak tercatat,Tidak tercatat,0,0,Tidak tercatat
3578767,RS Ibu dan Anak Cempaka Putih Permata,Jawa Timur,Kota Surabaya,C,RS Privat,16.0,8,0,Tidak tercatat,Tidak tercatat,0,0,Tidak tercatat
3578795,RS Ibu dan Anak Ferina,Jawa Timur,Kota Surabaya,C,RS Privat,24.0,6,0,Tidak tercatat,Tidak tercatat,0,0,Tidak tercatat
3578791,RS Ibu dan Anak Graha Medika,Jawa Timur,Kota Surabaya,C,RS Privat,18.0,8,0,Tidak tercatat,Tidak tercatat,1,1,100.0
3578261,RS Ibu dan Anak IBI Surabaya,Jawa Timur,Kota Surabaya,C,RS Publik,13.0,7,0,Tidak tercatat,Tidak tercatat,0,0,Tidak tercatat
3578769,RS Ibu dan Anak Kendangsari Merr,Jawa Timur,Kota Surabaya,C,RS Privat,67.0,8,0,Tidak tercatat,Tidak tercatat,0,0,Tidak tercatat
3578789,RS Ibu dan Anak Kendangsari Surabaya,Jawa Timur,Kota Surabaya,C,RS Privat,Tidak tercatat,0,0,Tidak tercatat,Tidak tercatat,0,0,Tidak tercatat
3578779,RS Ibu dan Anak Lombok Dua Dua,Jawa Timur,Kota Surabaya,C,RS Privat,26.0,7,0,Tidak tercatat,Tidak tercatat,0,0,Tidak tercatat
3578768,RS Ibu dan Anak Lombok Dua Dua Lontar,Jawa Timur,Kota Surabaya,C,RS Privat,22.0,8,0,Tidak tercatat,Tidak tercatat,1,1,100.0
3578774,RS Ibu dan Anak Nur Ummi Numbi,Jawa Timur,Kota Surabaya,C,RS Privat,16.0,7,0,Tidak tercatat,Tidak tercatat,1,1,100.0
3578784,RS Ibu dan Anak Perdana Medica,Jawa Timur,Kota Surabaya,C,RS Privat,13.0,6,0,Tidak tercatat,Tidak tercatat,0,0,Tidak tercatat
3578593,RS Ibu dan Anak Pura Raharja,Jawa Timur,Kota Surabaya,C,RS Publik,27.0,9,0,Tidak tercatat,Tidak tercatat,1,1,100.0
3578794,RS Ibu dan Anak Pusura Tegalsari,Jawa Timur,Kota Surabaya,C,RS Privat,8.0,6,0,Tidak tercatat,Tidak tercatat,0,0,Tidak tercatat
3578771,RS Ibu dan Anak Putri Surabaya,Jawa Timur,Kota Surabaya,C,RS Privat,46.0,10,0,Tidak tercatat,Tidak tercatat,1,1,100.0
3578742,RS Islam Darus Syifa,Jawa Timur,Kota Surabaya,C,RS Publik,61.0,14,0,Tidak tercatat,Tidak tercatat,3,3,100.0
3578111,RS Islam Surabaya,Jawa Timur,Kota Surabaya,B,RS Privat,95.0,15,0,Tidak tercatat,Tidak tercatat,2,2,100.0
3578192,RS Jiwa Menur,Jawa Timur,Kota Surabaya,A,RS Publik,50.0,9,0,Tidak tercatat,Tidak tercatat,0,0,Tidak tercatat
3578042,RS Katolik St. Vincentius a Paulo,Jawa Timur,Kota Surabaya,B,RS Publik,155.0,14,0,Tidak tercatat,Tidak tercatat,0,0,Tidak tercatat
3578809S,RS Lapangan/ Darurat Wisma Opak Pangkalan Marinir ,Jawa Timur,Kota Surabaya,Belum Ditetapkan,RS Publik,Tidak tercatat,0,0,Tidak tercatat,Tidak tercatat,0,0,Tidak tercatat
3578772,RS Manyar Medical Centre,Jawa Timur,Kota Surabaya,C,RS Privat,59.0,13,0,Tidak tercatat,Tidak tercatat,1,1,100.0
3578144,RS Marinir Ewa Pangalila Gunungsari,Jawa Timur,Kota Surabaya,C,RS Publik,55.0,10,0,Tidak tercatat,Tidak tercatat,1,1,100.0
3578786,RS Mata Masyarakat Jawa Timur,Jawa Timur,Kota Surabaya,B,RS Publik,18.0,6,0,Tidak tercatat,Tidak tercatat,0,0,Tidak tercatat
3578202,RS Mata Undaan,Jawa Timur,Kota Surabaya,B,RS Publik,12.0,6,0,Tidak tercatat,Tidak tercatat,1,1,100.0
3578785,RS Mitra Keluarga Kenjeran,Jawa Timur,Kota Surabaya,C,RS Privat,81.0,13,0,Tidak tercatat,Tidak tercatat,3,3,100.0
3578246,RS Muji Rahayu,Jawa Timur,Kota Surabaya,D,RS Privat,28.0,11,0,Tidak tercatat,Tidak tercatat,1,1,100.0
3578778,RS National Hospital,Jawa Timur,Kota Surabaya,B,RS Privat,127.0,12,0,Tidak tercatat,Tidak tercatat,0,0,Tidak tercatat
3578753,RS Onkologi,Jawa Timur,Kota Surabaya,C,RS Privat,25.0,9,0,Tidak tercatat,Tidak tercatat,0,0,Tidak tercatat
3578780,RS Orthopedi dan Traumatologi Surabaya,Jawa Timur,Kota Surabaya,C,RS Privat,37.0,9,0,Tidak tercatat,Tidak tercatat,0,0,Tidak tercatat
3578793,RS PKU Muhammadiyah Surabaya,Jawa Timur,Kota Surabaya,D,RS Publik,24.0,11,0,Tidak tercatat,Tidak tercatat,0,0,Tidak tercatat
3578556,RS Premier Surabaya,Jawa Timur,Kota Surabaya,B,RS Privat,153.0,11,0,Tidak tercatat,Tidak tercatat,0,0,Tidak tercatat
3578086,RS Primasatya Husada Citra (PHC) Surabaya,Jawa Timur,Kota Surabaya,B,RS Privat,108.0,13,0,Tidak tercatat,Tidak tercatat,3,3,100.0
3578166,RS Soemitro Lanud Moeljono Surabaya,Jawa Timur,Kota Surabaya,D,RS Publik,25.0,12,0,Tidak tercatat,Tidak tercatat,1,1,100.0
3578782,RS Surabaya Medical Service,Jawa Timur,Kota Surabaya,D,RS Publik,8.0,5,0,Tidak tercatat,Tidak tercatat,0,0,Tidak tercatat
3578090,RS TNI AL Dr. Oepomo,Jawa Timur,Kota Surabaya,D,RS Publik,18.0,8,0,Tidak tercatat,Tidak tercatat,1,1,100.0
3578810,RS Ubaya,Jawa Timur,Kota Surabaya,B,RS Privat,Tidak tercatat,0,0,Tidak tercatat,Tidak tercatat,1,1,100.0
3578582,RS Umum  Mitra Keluarga Surabaya,Jawa Timur,Kota Surabaya,B,RS Privat,104.0,14,0,Tidak tercatat,Tidak tercatat,0,0,Tidak tercatat
3578100,RS Umum Adi Husada Kapasari,Jawa Timur,Kota Surabaya,C,RS Publik,Tidak tercatat,0,0,Tidak tercatat,Tidak tercatat,1,1,100.0
3578213,RS Umum Daerah Bhakti Dharma Husada,Jawa Timur,Kota Surabaya,B,RS Publik,91.0,14,0,Tidak tercatat,Tidak tercatat,4,4,100.0
3578016,RS Umum Daerah Dr. Soetomo,Jawa Timur,Kota Surabaya,A,RS Publik,2628.0,16,1,24.0,12.0,6,5,83.33
3578523,RS Umum Daerah Haji Provinsi Jawa Timur,Jawa Timur,Kota Surabaya,B,RS Publik,128.0,13,1,6.0,6.0,4,4,100.0
3578322,RS Umum Daerah Husada Prima,Jawa Timur,Kota Surabaya,C,RS Publik,61.0,12,0,Tidak tercatat,Tidak tercatat,1,1,100.0
3578571,RS Umum Daerah dr. Mohamad Soewandhie,Jawa Timur,Kota Surabaya,B,RS Publik,140.0,15,0,Tidak tercatat,Tidak tercatat,7,6,85.71
3578224,RS Umum Islam Surabaya Jemursari ,Jawa Timur,Kota Surabaya,B,RS Privat,127.0,15,0,Tidak tercatat,Tidak tercatat,4,4,100.0
3578781,RS Umum Royal Surabaya ,Jawa Timur,Kota Surabaya,B,RS Privat,67.0,14,0,Tidak tercatat,Tidak tercatat,3,3,100.0
3578443,RS Umum Siloam Hospitals Surabaya,Jawa Timur,Kota Surabaya,B,RS Privat,133.0,17,0,Tidak tercatat,Tidak tercatat,4,4,100.0
3578122,RS Umum Tk. III Brawijaya,Jawa Timur,Kota Surabaya,C,RS Publik,56.0,13,0,Tidak tercatat,Tidak tercatat,2,2,100.0
3578777,RS Universitas Airlangga ,Jawa Timur,Kota Surabaya,B,RS Publik,151.0,14,0,Tidak tercatat,Tidak tercatat,5,5,100.0
3578770,RS Wijaya Surabaya,Jawa Timur,Kota Surabaya,D,RS Publik,17.0,12,0,Tidak tercatat,Tidak tercatat,0,0,Tidak tercatat
3578031,RS William Booth Surabaya,Jawa Timur,Kota Surabaya,C,RS Publik,55.0,13,0,Tidak tercatat,Tidak tercatat,1,1,100.0
3578766,RS Wiyung Sejahtera,Jawa Timur,Kota Surabaya,C,RS Privat,49.0,12,0,Tidak tercatat,Tidak tercatat,1,1,100.0
3578020,RSPAL dr. Ramelan,Jawa Timur,Kota Surabaya,A,RS Publik,269.0,16,0,Tidak tercatat,Tidak tercatat,6,6,100.0
3524044,RS Abdurrahman Syamsuri (Arsy),Jawa Timur,Lamongan,D,RS Publik,31.0,11,0,Tidak tercatat,Tidak tercatat,1,1,100.0
3524074,RS An-Noor Medika Lamongan,Jawa Timur,Lamongan,D,RS Privat,Tidak tercatat,0,0,Tidak tercatat,Tidak tercatat,0,0,Tidak tercatat
3524043,RS Bedah Mitra Sehat,Jawa Timur,Lamongan,C,RS Privat,13.0,7,0,Tidak tercatat,Tidak tercatat,1,1,100.0
3524020,RS Islam Nashrul Ummah,Jawa Timur,Lamongan,C,RS Privat,44.0,12,0,Tidak tercatat,Tidak tercatat,2,2,100.0
3524075,RS Mata KMU Lamongan,Jawa Timur,Lamongan,C,RS Privat,Tidak tercatat,0,0,Tidak tercatat,Tidak tercatat,0,0,Tidak tercatat
3524047,RS Muhammadiyah Babat,Jawa Timur,Lamongan,D,RS Privat,26.0,11,0,Tidak tercatat,Tidak tercatat,0,0,Tidak tercatat
3524056,RS Muhammadiyah Kalikapas Lamongan,Jawa Timur,Lamongan,D,RS Publik,26.0,11,0,Tidak tercatat,Tidak tercatat,2,2,100.0
3524073,RS Nahdlatul Ulama Babat,Jawa Timur,Lamongan,D,RS Privat,16.0,8,0,Tidak tercatat,Tidak tercatat,0,0,Tidak tercatat
3524072,RS Permata Hati Lamongan,Jawa Timur,Lamongan,D,RS Privat,13.0,7,0,Tidak tercatat,Tidak tercatat,1,1,100.0
3524048,RS Umum Citra Medika Lamongan,Jawa Timur,Lamongan,D,RS Privat,20.0,8,0,Tidak tercatat,Tidak tercatat,0,0,Tidak tercatat
3524016,RS Umum Daerah Dr. Soegiri Lamongan,Jawa Timur,Lamongan,B,RS Publik,Tidak tercatat,0,1,8.0,3.0,3,3,100.0
3524052,RS Umum Daerah Karangkembang,Jawa Timur,Lamongan,D,RS Publik,20.0,10,0,Tidak tercatat,Tidak tercatat,0,0,Tidak tercatat
3524042,RS Umum Daerah Ngimbang,Jawa Timur,Lamongan,C,RS Publik,43.0,13,0,Tidak tercatat,Tidak tercatat,1,1,100.0
3512035,RS Umum Fatimah Lamongan,Jawa Timur,Lamongan,C,RS Privat,22.0,12,0,Tidak tercatat,Tidak tercatat,1,1,100.0
3524046,RS Umum Intan Medika,Jawa Timur,Lamongan,C,RS Privat,29.0,12,0,Tidak tercatat,Tidak tercatat,1,1,100.0
3524049,RS Umum Muhammadiyah Babat,Jawa Timur,Lamongan,C,RS Privat,29.0,13,0,Tidak tercatat,Tidak tercatat,1,1,100.0
3524031,RS Umum Muhammadiyah Lamongan,Jawa Timur,Lamongan,B,RS Privat,90.0,14,0,Tidak tercatat,Tidak tercatat,3,3,100.0
3524050,RS Umum Permata Bunda,Jawa Timur,Lamongan,D,RS Privat,6.0,4,0,Tidak tercatat,Tidak tercatat,0,0,Tidak tercatat
3524045,RS Umum dr. Suyudi,Jawa Timur,Lamongan,C,RS Privat,42.0,12,0,Tidak tercatat,Tidak tercatat,1,1,100.0
3508054,RS Bhayangkara Lumajang ,Jawa Timur,Lumajang,C,RS Publik,46.0,13,0,Tidak tercatat,Tidak tercatat,1,1,100.0
3508016,RS Daerah Dr. Haryoto Kabupaten Lumajang,Jawa Timur,Lumajang,B,RS Publik,94.0,13,1,1.0,1.0,4,4,100.0
3508055,RS Djatiroto,Jawa Timur,Lumajang,C,RS Privat,33.0,11,0,Tidak tercatat,Tidak tercatat,1,1,100.0
3508056,RS Islam Lumajang,Jawa Timur,Lumajang,C,RS Privat,37.0,11,0,Tidak tercatat,Tidak tercatat,2,2,100.0
3508071,RS NU Permata,Jawa Timur,Lumajang,D,RS Publik,14.0,7,0,Tidak tercatat,Tidak tercatat,0,0,Tidak tercatat
3508058,RS Umum Daerah Pasirian Kabupaten Lumajang,Jawa Timur,Lumajang,C,RS Publik,29.0,11,0,Tidak tercatat,Tidak tercatat,1,1,100.0
3508060,RS Umum Muhammadiyah Lumajang,Jawa Timur,Lumajang,D,RS Publik,24.0,9,0,Tidak tercatat,Tidak tercatat,0,0,Tidak tercatat
3508053,RS Wijaya Kusuma,Jawa Timur,Lumajang,C,RS Privat,48.0,14,0,Tidak tercatat,Tidak tercatat,2,2,100.0
3519023,RS Umum Daerah Caruban,Jawa Timur,Madiun,C,RS Publik,50.0,12,1,3.0,3.0,0,0,Tidak tercatat
3519024,RS Umum Daerah Dolopo,Jawa Timur,Madiun,C,RS Publik,59.0,12,0,Tidak tercatat,Tidak tercatat,1,1,100.0
3519012,RS Umum Dungus,Jawa Timur,Madiun,C,RS Publik,Tidak tercatat,0,0,Tidak tercatat,Tidak tercatat,1,1,100.0
3520041,RS Angkatan Udara dr. Efram Harsana,Jawa Timur,Magetan,C,RS Publik,53.0,14,0,Tidak tercatat,Tidak tercatat,2,2,100.0
3520017S,RS Darurat Ki Mageti,Jawa Timur,Magetan,Belum Ditetapkan,RS Publik,Tidak tercatat,0,0,Tidak tercatat,Tidak tercatat,0,0,Tidak tercatat
3520016,RS Ibu dan Anak Melati Magetan,Jawa Timur,Magetan,C,RS Privat,12.0,5,0,Tidak tercatat,Tidak tercatat,0,0,Tidak tercatat
3520015,RS Ibu dan Anak Samudra Husada,Jawa Timur,Magetan,C,RS Privat,16.0,6,0,Tidak tercatat,Tidak tercatat,0,0,Tidak tercatat
3520014,RS Ibu dan Anak Sekar Wangi,Jawa Timur,Magetan,C,RS Privat,12.0,5,0,Tidak tercatat,Tidak tercatat,0,0,Tidak tercatat
3520013,RS Umum Bhakti Persada,Jawa Timur,Magetan,D,RS Privat,14.0,5,0,Tidak tercatat,Tidak tercatat,0,0,Tidak tercatat
3520012,RS Umum Daerah dr. Sayidiman Magetan,Jawa Timur,Magetan,C,RS Publik,73.0,13,1,3.0,3.0,1,1,100.0
3507102,RS Angkatan Udara dr. Mohammad Moenir,Jawa Timur,Malang,D,RS Publik,39.0,11,0,Tidak tercatat,Tidak tercatat,1,1,100.0
3507015,RS Bala Keselamatan Bokor,Jawa Timur,Malang,D,RS Privat,28.0,10,0,Tidak tercatat,Tidak tercatat,1,1,100.0
3573256,RS Bantuan 05.08.04 Lawang,Jawa Timur,Malang,D,RS Publik,16.0,9,0,Tidak tercatat,Tidak tercatat,0,0,Tidak tercatat
3507248,RS Bedah Hasta Husada,Jawa Timur,Malang,C,RS Privat,35.0,11,0,Tidak tercatat,Tidak tercatat,2,2,100.0
3507107,RS Ben Mari,Jawa Timur,Malang,D,RS Privat,28.0,13,0,Tidak tercatat,Tidak tercatat,1,1,100.0
3507259,RS Enggal Dangan,Jawa Timur,Malang,D,RS Privat,Tidak tercatat,0,0,Tidak tercatat,Tidak tercatat,0,0,Tidak tercatat
3507026,RS Jiwa Dr. Radjiman Wediodiningrat Lawang,Jawa Timur,Malang,A,RS Publik,49.0,11,0,Tidak tercatat,Tidak tercatat,1,1,100.0
3507105,RS Lawang Medika,Jawa Timur,Malang,D,RS Privat,34.0,12,0,Tidak tercatat,Tidak tercatat,2,2,100.0
3507070,RS Marsudi Waluyo,Jawa Timur,Malang,D,RS Publik,53.0,12,0,Tidak tercatat,Tidak tercatat,1,1,100.0
3507098,RS Mitra Delima,Jawa Timur,Malang,C,RS Privat,41.0,13,0,Tidak tercatat,Tidak tercatat,2,2,100.0
3507099,RS Prasetya Husada,Jawa Timur,Malang,C,RS Privat,33.0,12,0,Tidak tercatat,Tidak tercatat,0,0,Tidak tercatat
3507104,RS Prima Husada,Jawa Timur,Malang,C,RS Privat,62.0,13,0,Tidak tercatat,Tidak tercatat,2,2,100.0
3507100,RS Siti Miriam,Jawa Timur,Malang,D,RS Privat,17.0,7,0,Tidak tercatat,Tidak tercatat,0,0,Tidak tercatat
3507230,RS Sumber Sentosa,Jawa Timur,Malang,D,RS Privat,24.0,12,0,Tidak tercatat,Tidak tercatat,1,1,100.0
3507052,RS Umum Daerah Kanjuruhan Kepanjen Kab. Malang,Jawa Timur,Malang,B,RS Publik,88.0,14,1,7.0,6.0,4,4,100.0
3507085,RS Umum Daerah Lawang ,Jawa Timur,Malang,C,RS Publik,43.0,12,0,Tidak tercatat,Tidak tercatat,1,1,100.0
3507260,RS Umum Daerah Ngantang,Jawa Timur,Malang,D,RS Publik,Tidak tercatat,0,0,Tidak tercatat,Tidak tercatat,0,0,Tidak tercatat
3507204,RS Umum Islam Gondang Legi,Jawa Timur,Malang,C,RS Privat,41.0,12,0,Tidak tercatat,Tidak tercatat,1,1,100.0
3507241,RS Umum Islam Madinah Kasembon,Jawa Timur,Malang,D,RS Privat,28.0,12,0,Tidak tercatat,Tidak tercatat,1,1,100.0
3507117,RS Umum Pindad,Jawa Timur,Malang,C,RS Privat,41.0,12,0,Tidak tercatat,Tidak tercatat,2,2,100.0
3507116,RS Umum Salsabila Husada,Jawa Timur,Malang,D,RS Privat,14.0,8,0,Tidak tercatat,Tidak tercatat,0,0,Tidak tercatat
3507108,RS Umum Universitas Muhammadiyah Malang,Jawa Timur,Malang,C,RS Privat,73.0,13,0,Tidak tercatat,Tidak tercatat,2,2,100.0
3507119,RS Umum Wajak Husada,Jawa Timur,Malang,D,RS Privat,25.0,10,0,Tidak tercatat,Tidak tercatat,0,0,Tidak tercatat
3507096,RS Umum Wava Husada ,Jawa Timur,Malang,B,RS Privat,103.0,14,0,Tidak tercatat,Tidak tercatat,2,2,100.0
3516034,RS Dharma Husada,Jawa Timur,Mojokerto,D,RS Privat,19.0,8,0,Tidak tercatat,Tidak tercatat,0,0,Tidak tercatat
3516033,RS Islam Arofah,Jawa Timur,Mojokerto,D,RS Privat,15.0,7,0,Tidak tercatat,Tidak tercatat,0,0,Tidak tercatat
3516062,RS Islam Sakinah,Jawa Timur,Mojokerto,C,RS Privat,Tidak tercatat,0,0,Tidak tercatat,Tidak tercatat,2,2,100.0
3516075,RS Mawaddah Medika,Jawa Timur,Mojokerto,C,RS Privat,43.0,12,0,Tidak tercatat,Tidak tercatat,0,0,Tidak tercatat
3516036,RS Mutiara Hati Mojokerto,Jawa Timur,Mojokerto,D,RS Privat,24.0,9,0,Tidak tercatat,Tidak tercatat,0,0,Tidak tercatat
3516032,RS Sido Waras,Jawa Timur,Mojokerto,C,RS Privat,44.0,13,0,Tidak tercatat,Tidak tercatat,1,1,100.0
3516020,RS Umum Daerah Prof. Dr. Soekandar,Jawa Timur,Mojokerto,B,RS Publik,Tidak tercatat,0,1,2.0,2.0,4,4,100.0
3516073,RS Umum Daerah Raden Achmad Basoeni,Jawa Timur,Mojokerto,C,RS Publik,58.0,14,0,Tidak tercatat,Tidak tercatat,2,2,100.0
3516016,RS Umum Daerah Sumberglagah,Jawa Timur,Mojokerto,C,RS Publik,45.0,11,0,Tidak tercatat,Tidak tercatat,1,1,100.0
3516039,RS Umum Dian Husada,Jawa Timur,Mojokerto,D,RS Privat,32.0,11,0,Tidak tercatat,Tidak tercatat,0,0,Tidak tercatat
3516037,RS Umum Kartini  ,Jawa Timur,Mojokerto,D,RS Publik,33.0,12,0,Tidak tercatat,Tidak tercatat,0,0,Tidak tercatat
3518022,RS Daerah Kertosono,Jawa Timur,Nganjuk,C,RS Publik,51.0,11,0,Tidak tercatat,Tidak tercatat,1,1,100.0
3518047,RS Ibu dan Anak Alf Subtin,Jawa Timur,Nganjuk,C,RS Privat,14.0,6,0,Tidak tercatat,Tidak tercatat,0,0,Tidak tercatat
3518046,RS Islam Aisyiyah Nganjuk,Jawa Timur,Nganjuk,D,RS Publik,33.0,11,0,Tidak tercatat,Tidak tercatat,1,1,100.0
3518045,RS Umum Bhayangkara Tk. III Nganjuk,Jawa Timur,Nganjuk,C,RS Publik,36.0,10,0,Tidak tercatat,Tidak tercatat,1,1,100.0
3518011,RS Umum Daerah Nganjuk,Jawa Timur,Nganjuk,B,RS Publik,76.0,14,1,3.0,3.0,6,6,100.0
3521015,RS Umum At-Tin Husada,Jawa Timur,Ngawi,C,RS Privat,50.0,13,0,Tidak tercatat,Tidak tercatat,1,1,100.0
3521013,RS Umum Daerah Dr. Soeroto Ngawi,Jawa Timur,Ngawi,C,RS Publik,75.0,14,1,4.0,4.0,3,3,100.0
3521027,RS Umum Daerah Geneng,Jawa Timur,Ngawi,D,RS Publik,Tidak tercatat,0,0,Tidak tercatat,Tidak tercatat,1,1,100.0
3521028,RS Umum Daerah Mantingan,Jawa Timur,Ngawi,D,RS Publik,Tidak tercatat,0,0,Tidak tercatat,Tidak tercatat,1,1,100.0
3521014,RS Umum Widodo,Jawa Timur,Ngawi,C,RS Privat,55.0,12,0,Tidak tercatat,Tidak tercatat,1,1,100.0
3501016,RS Umum Daerah  dr. Darsono,Jawa Timur,Pacitan,C,RS Publik,60.0,13,1,13.0,1.0,2,2,100.0
3501019,RS Umum Medical Mandiri Pacitan,Jawa Timur,Pacitan,D,RS Privat,14.0,9,0,Tidak tercatat,Tidak tercatat,0,0,Tidak tercatat
3501017,RSU Agung Mulia,Jawa Timur,Pacitan,D,RS Privat,17.0,10,0,Tidak tercatat,Tidak tercatat,0,0,Tidak tercatat
3528026,RS Ibu dan Anak Mukti Husada,Jawa Timur,Pamekasan,C,RS Privat,8.0,5,0,Tidak tercatat,Tidak tercatat,0,0,Tidak tercatat
3528040,RS Ibu dan Anak Siti Aisyah Pamekasan,Jawa Timur,Pamekasan,C,RS Publik,13.0,6,0,Tidak tercatat,Tidak tercatat,0,0,Tidak tercatat
3528025,RS Umum Asyifa Husada Pamekasan,Jawa Timur,Pamekasan,D,RS Privat,23.0,11,0,Tidak tercatat,Tidak tercatat,0,0,Tidak tercatat
3528013,RS Umum Daerah Dr. H. Slamet Martodirdjo Pamekasan,Jawa Timur,Pamekasan,B,RS Publik,68.0,14,1,3.0,3.0,4,4,100.0
3528027,RS Umum Daerah Mohammad Noer Pamekasan,Jawa Timur,Pamekasan,C,RS Publik,65.0,14,0,Tidak tercatat,Tidak tercatat,2,2,100.0
3528028,RS Umum Daerah Waru Pamekasan,Jawa Timur,Pamekasan,D,RS Publik,32.0,9,0,Tidak tercatat,Tidak tercatat,0,0,Tidak tercatat
3528029,RS Umum Kusuma Hospital,Jawa Timur,Pamekasan,D,RS Privat,25.0,11,0,Tidak tercatat,Tidak tercatat,0,0,Tidak tercatat
3528024,RS Umum Larasati Pamekasan,Jawa Timur,Pamekasan,D,RS Privat,32.0,12,0,Tidak tercatat,Tidak tercatat,1,1,100.0
3575016,RS Asih Abyakta,Jawa Timur,Pasuruan,D,RS Privat,27.0,12,0,Tidak tercatat,Tidak tercatat,2,2,100.0
3514025,RS Islam Masyithoh Bangil,Jawa Timur,Pasuruan,D,RS Privat,11.0,4,0,Tidak tercatat,Tidak tercatat,2,2,100.0
3514060,RS Mata Pasuruan,Jawa Timur,Pasuruan,C,RS Privat,2.0,1,0,Tidak tercatat,Tidak tercatat,0,0,Tidak tercatat
3514053,RS Mitra Sehat Medika ,Jawa Timur,Pasuruan,D,RS Privat,30.0,8,0,Tidak tercatat,Tidak tercatat,2,2,100.0
3514059,RS Prima Husada,Jawa Timur,Pasuruan,C,RS Privat,50.0,13,0,Tidak tercatat,Tidak tercatat,2,2,100.0
3514054,RS Sahabat,Jawa Timur,Pasuruan,D,RS Privat,23.0,9,0,Tidak tercatat,Tidak tercatat,0,0,Tidak tercatat
3514052,RS Umum Bhayangkara Pusdik Brimob ,Jawa Timur,Pasuruan,D,RS Publik,29.0,12,0,Tidak tercatat,Tidak tercatat,0,0,Tidak tercatat
3514036,RS Umum Daerah Bangil,Jawa Timur,Pasuruan,B,RS Publik,107.0,15,1,4.0,4.0,4,4,100.0
3514058,RS Umum Daerah Grati,Jawa Timur,Pasuruan,C,RS Publik,44.0,12,0,Tidak tercatat,Tidak tercatat,1,1,100.0
3502145,RS Griya Waluya,Jawa Timur,Ponorogo,D,RS Privat,11.0,6,0,Tidak tercatat,Tidak tercatat,0,0,Tidak tercatat
3502112,RS Umum Aisyiyah Ponorogo,Jawa Timur,Ponorogo,C,RS Privat,54.0,13,0,Tidak tercatat,Tidak tercatat,2,2,100.0
3502158,RS Umum Daerah Bantarangin,Jawa Timur,Ponorogo,Belum Ditetapkan,RS Publik,Tidak tercatat,0,0,Tidak tercatat,Tidak tercatat,0,0,Tidak tercatat
3502010,RS Umum Daerah Dr. Harjono S. Kabupaten Ponorogo,Jawa Timur,Ponorogo,B,RS Publik,110.0,13,1,4.0,2.0,3,3,100.0
3502123,RS Umum Darmayu Ponorogo,Jawa Timur,Ponorogo,C,RS Privat,Tidak tercatat,0,0,Tidak tercatat,Tidak tercatat,1,1,100.0
3502134,RS Umum Muhammadiyah Ponorogo,Jawa Timur,Ponorogo,C,RS Privat,50.0,13,0,Tidak tercatat,Tidak tercatat,2,2,100.0
3502146,RS Umum Muslimat Ponorogo,Jawa Timur,Ponorogo,C,RS Privat,41.0,12,0,Tidak tercatat,Tidak tercatat,0,0,Tidak tercatat
3502157,RS Yasyfin Darussalam Gontor,Jawa Timur,Ponorogo,D,RS Privat,19.0,9,0,Tidak tercatat,Tidak tercatat,1,1,100.0
3513024,RS Graha Sehat,Jawa Timur,Probolinggo,C,RS Privat,28.0,13,0,Tidak tercatat,Tidak tercatat,2,2,100.0
3513025,RS Ibu dan Anak Fatimah Kraksaan,Jawa Timur,Probolinggo,C,RS Privat,17.0,8,0,Tidak tercatat,Tidak tercatat,0,0,Tidak tercatat
3513027,RS Rizani,Jawa Timur,Probolinggo,C,RS Privat,27.0,12,0,Tidak tercatat,Tidak tercatat,2,2,100.0
3513026,RS Umum  Wonolangan,Jawa Timur,Probolinggo,C,RS Privat,32.0,12,0,Tidak tercatat,Tidak tercatat,2,2,100.0
3513067,RS Umum Daerah Tongas ,Jawa Timur,Probolinggo,C,RS Publik,33.0,11,0,Tidak tercatat,Tidak tercatat,1,1,100.0
3513013,RS Umum Daerah Waluyo Jati Kraksaan,Jawa Timur,Probolinggo,B,RS Publik,52.0,13,1,1.0,1.0,2,2,100.0
3527013,RS Nindhita,Jawa Timur,Sampang,D,RS Privat,10.0,7,0,Tidak tercatat,Tidak tercatat,0,0,Tidak tercatat
3527014,RS Umum Daerah Ketapang,Jawa Timur,Sampang,D,RS Publik,22.0,10,0,Tidak tercatat,Tidak tercatat,0,0,Tidak tercatat
3527012,RS Umum Daerah dr. Mohammad Zyn Kab. Sampang,Jawa Timur,Sampang,B,RS Publik,64.0,13,1,5.0,4.0,3,3,100.0
3515140,RS Arafah Anwar Medika Sukodono,Jawa Timur,Sidoarjo,D,RS Privat,31.0,12,0,Tidak tercatat,Tidak tercatat,1,1,100.0
3515135,RS Bantuan 05.08.03 Sidoarjo,Jawa Timur,Sidoarjo,D,RS Publik,32.0,11,0,Tidak tercatat,Tidak tercatat,1,1,100.0
3515134,RS Ibu dan Anak Buah Delima,Jawa Timur,Sidoarjo,C,RS Publik,6.0,5,0,Tidak tercatat,Tidak tercatat,0,0,Tidak tercatat
3515125,RS Ibu dan Anak Kirana,Jawa Timur,Sidoarjo,C,RS Privat,17.0,5,0,Tidak tercatat,Tidak tercatat,0,0,Tidak tercatat
3515133,RS Ibu dan Anak Metro Hospitals Sidoarjo,Jawa Timur,Sidoarjo,C,RS Privat,19.0,8,0,Tidak tercatat,Tidak tercatat,0,0,Tidak tercatat
3515158,RS Ibu dan Anak Pondok Jati,Jawa Timur,Sidoarjo,C,RS Privat,13.0,6,0,Tidak tercatat,Tidak tercatat,0,0,Tidak tercatat
3515137,RS Ibu dan Anak Pondok Tjandra,Jawa Timur,Sidoarjo,C,RS Privat,17.0,10,0,Tidak tercatat,Tidak tercatat,1,1,100.0
3515129,RS Ibu dan Anak Soerya,Jawa Timur,Sidoarjo,C,RS Privat,24.0,8,0,Tidak tercatat,Tidak tercatat,0,0,Tidak tercatat
3515106,RS Islam Siti Hajar Sidoarjo,Jawa Timur,Sidoarjo,B,RS Privat,94.0,16,0,Tidak tercatat,Tidak tercatat,5,5,100.0
3515136,RS Mata Fatma,Jawa Timur,Sidoarjo,C,RS Privat,6.0,4,0,Tidak tercatat,Tidak tercatat,1,1,100.0
3515145,RS Mitra Keluarga Pondok Tjandra,Jawa Timur,Sidoarjo,C,RS Privat,59.0,13,0,Tidak tercatat,Tidak tercatat,0,0,Tidak tercatat
3515146,RS Pusura Candi,Jawa Timur,Sidoarjo,D,RS Privat,17.0,11,0,Tidak tercatat,Tidak tercatat,1,1,100.0
3515144,RS Sheila Medika,Jawa Timur,Sidoarjo,D,RS Privat,8.0,5,0,Tidak tercatat,Tidak tercatat,1,1,100.0
3515030,RS Umum  Pusdik Polri Porong ,Jawa Timur,Sidoarjo,C,RS Publik,45.0,12,0,Tidak tercatat,Tidak tercatat,1,1,100.0
3515138,RS Umum Aisyiyah Siti Fatimah,Jawa Timur,Sidoarjo,D,RS Publik,28.0,12,0,Tidak tercatat,Tidak tercatat,1,1,100.0
3515126,RS Umum Al-Islam H. M. Mawardi,Jawa Timur,Sidoarjo,C,RS Publik,44.0,12,0,Tidak tercatat,Tidak tercatat,1,1,100.0
3515142,RS Umum Aminah,Jawa Timur,Sidoarjo,D,RS Privat,21.0,11,0,Tidak tercatat,Tidak tercatat,1,1,100.0
3515121,RS Umum Anwar Medika ,Jawa Timur,Sidoarjo,C,RS Publik,82.0,13,0,Tidak tercatat,Tidak tercatat,3,3,100.0
3515127,RS Umum Assakinah Medika,Jawa Timur,Sidoarjo,D,RS Privat,9.0,6,0,Tidak tercatat,Tidak tercatat,0,0,Tidak tercatat
3515141,RS Umum Bunda,Jawa Timur,Sidoarjo,C,RS Privat,30.0,9,0,Tidak tercatat,Tidak tercatat,0,0,Tidak tercatat
3515131,RS Umum Citra Medika,Jawa Timur,Sidoarjo,C,RS Privat,38.0,12,0,Tidak tercatat,Tidak tercatat,1,1,100.0
3515015,RS Umum Daerah Sidoarjo,Jawa Timur,Sidoarjo,A,RS Publik,133.0,17,1,11.0,10.0,6,5,83.33
3515157,RS Umum Daerah Sidoarjo Barat,Jawa Timur,Sidoarjo,C,RS Publik,40.0,10,0,Tidak tercatat,Tidak tercatat,1,1,100.0
3515096,RS Umum Delta Surya,Jawa Timur,Sidoarjo,C,RS Privat,68.0,14,0,Tidak tercatat,Tidak tercatat,2,2,100.0
3515110,RS Umum Jasem,Jawa Timur,Sidoarjo,D,RS Privat,37.0,11,0,Tidak tercatat,Tidak tercatat,0,0,Tidak tercatat
3515122,RS Umum Mitra Keluarga Waru,Jawa Timur,Sidoarjo,B,RS Privat,86.0,14,0,Tidak tercatat,Tidak tercatat,2,2,100.0
3515143,RS Umum Mitra Sehat Mandiri Sidoarjo,Jawa Timur,Sidoarjo,D,RS Privat,Tidak tercatat,0,0,Tidak tercatat,Tidak tercatat,1,1,100.0
3515130,RS Umum Prima Husada,Jawa Timur,Sidoarjo,D,RS Privat,27.0,10,0,Tidak tercatat,Tidak tercatat,0,0,Tidak tercatat
3515132,RS Umum Rahman Rahim,Jawa Timur,Sidoarjo,D,RS Privat,34.0,12,0,Tidak tercatat,Tidak tercatat,1,1,100.0
3515026,RS Umum Siti Khodijah Muhammadiyah Cabang Sepanjan,Jawa Timur,Sidoarjo,B,RS Privat,81.0,16,0,Tidak tercatat,Tidak tercatat,5,5,100.0
3515123,RS Umum Usada ,Jawa Timur,Sidoarjo,D,RS Privat,19.0,9,0,Tidak tercatat,Tidak tercatat,1,1,100.0
3512034,RS Elizabeth,Jawa Timur,Situbondo,C,RS Privat,17.0,6,0,Tidak tercatat,Tidak tercatat,2,2,100.0
3512039,RS Ibu dan Anak Jatimed,Jawa Timur,Situbondo,C,RS Privat,8.0,4,0,Tidak tercatat,Tidak tercatat,0,0,Tidak tercatat
3512050,RS Ibu dan Anak Karinda Husada ,Jawa Timur,Situbondo,C,RS Privat,4.0,4,0,Tidak tercatat,Tidak tercatat,0,0,Tidak tercatat
3512051,RS Mata Situbondo,Jawa Timur,Situbondo,C,RS Privat,Tidak tercatat,0,0,Tidak tercatat,Tidak tercatat,1,1,100.0
3512037,RS Umum Daerah Asembagus Kabupaten Situbondo,Jawa Timur,Situbondo,D,RS Publik,29.0,11,0,Tidak tercatat,Tidak tercatat,1,1,100.0
3512036,RS Umum Daerah Besuki Kabupaten Situbondo,Jawa Timur,Situbondo,D,RS Publik,26.0,9,0,Tidak tercatat,Tidak tercatat,1,1,100.0
3512012,RS Umum Daerah dr. Abdoer Rahem Situbondo,Jawa Timur,Situbondo,C,RS Publik,72.0,13,1,5.0,2.0,3,3,100.0
3512038,RS Umum Mitra Sehat Kabupaten Situbondo,Jawa Timur,Situbondo,D,RS Privat,26.0,11,0,Tidak tercatat,Tidak tercatat,2,2,100.0
3512052,RS Umum Mulia Medical Center,Jawa Timur,Situbondo,D,RS Privat,8.0,4,0,Tidak tercatat,Tidak tercatat,0,0,Tidak tercatat
3529026,RS Ibu dan Anak Esto Ebhu,Jawa Timur,Sumenep,C,RS Privat,7.0,5,0,Tidak tercatat,Tidak tercatat,0,0,Tidak tercatat
3529025,RS Islam Garam Kalianget,Jawa Timur,Sumenep,C,RS Publik,37.0,11,0,Tidak tercatat,Tidak tercatat,2,2,100.0
3529040,RS Umum Daerah Abuya Kangean,Jawa Timur,Sumenep,D,RS Publik,18.0,6,0,Tidak tercatat,Tidak tercatat,0,0,Tidak tercatat
3529014,RS Umum Daerah dr. H. Moh. Anwar ,Jawa Timur,Sumenep,C,RS Publik,60.0,13,1,4.0,4.0,5,5,100.0
3529029,RS Umum Sumekar,Jawa Timur,Sumenep,D,RS Privat,19.0,9,0,Tidak tercatat,Tidak tercatat,0,0,Tidak tercatat
3503045,RS Ibu dan Anak HST,Jawa Timur,Trenggalek,C,RS Privat,9.0,7,0,Tidak tercatat,Tidak tercatat,0,0,Tidak tercatat
3503022,RS Umum Budi Asih Trenggalek,Jawa Timur,Trenggalek,D,RS Publik,25.0,10,0,Tidak tercatat,Tidak tercatat,0,0,Tidak tercatat
3503062,RS Umum Daerah Panggul,Jawa Timur,Trenggalek,D,RS Publik,Tidak tercatat,0,0,Tidak tercatat,Tidak tercatat,0,0,Tidak tercatat
3503011,RS Umum Daerah dr. Soedomo Trenggalek,Jawa Timur,Trenggalek,C,RS Publik,83.0,14,1,3.0,3.0,1,1,100.0
3523056,RS Graha Husada,Jawa Timur,Tuban,D,RS Privat,17.0,9,0,Tidak tercatat,Tidak tercatat,0,0,Tidak tercatat
3523041,RS Medika Mulia Tuban,Jawa Timur,Tuban,C,RS Publik,44.0,12,0,Tidak tercatat,Tidak tercatat,1,1,100.0
3523052,RS Muhammadiyah Tuban,Jawa Timur,Tuban,D,RS Privat,29.0,11,0,Tidak tercatat,Tidak tercatat,0,0,Tidak tercatat
3523053,RS Nahdlatul Ulama Tuban,Jawa Timur,Tuban,C,RS Privat,65.0,13,0,Tidak tercatat,Tidak tercatat,0,0,Tidak tercatat
3523015,RS Umum Daerah Dr. R. Koesma Tuban,Jawa Timur,Tuban,B,RS Publik,Tidak tercatat,0,1,3.0,3.0,4,4,100.0
3523055,RS Umum Daerah R. Ali Manshur,Jawa Timur,Tuban,D,RS Publik,20.0,9,0,Tidak tercatat,Tidak tercatat,1,1,100.0
3504074,RS Ibu dan Anak Amanda,Jawa Timur,Tulungagung,C,RS Privat,12.0,5,0,Tidak tercatat,Tidak tercatat,0,0,Tidak tercatat
3504057,RS Ibu dan Anak Fauziah ,Jawa Timur,Tulungagung,C,RS Privat,18.0,5,0,Tidak tercatat,Tidak tercatat,0,0,Tidak tercatat
3504078,RS Ibu dan Anak Trisna Medika,Jawa Timur,Tulungagung,C,RS Privat,14.0,5,0,Tidak tercatat,Tidak tercatat,0,0,Tidak tercatat
3504073,RS Putra Waspada Tulungagung,Jawa Timur,Tulungagung,C,RS Privat,31.0,12,0,Tidak tercatat,Tidak tercatat,1,1,100.0
3504068,RS Umum Bhayangkara Tulungagung,Jawa Timur,Tulungagung,C,RS Publik,31.0,9,0,Tidak tercatat,Tidak tercatat,1,1,100.0
3504087,RS Umum Daerah Campurdarat,Jawa Timur,Tulungagung,D,RS Publik,23.0,10,0,Tidak tercatat,Tidak tercatat,0,0,Tidak tercatat
3504012,RS Umum Daerah Dr. Iskak Tulungagung,Jawa Timur,Tulungagung,B,RS Publik,133.0,15,1,7.0,7.0,5,5,100.0
3504056,RS Umum Era Medika ,Jawa Timur,Tulungagung,C,RS Privat,29.0,12,0,Tidak tercatat,Tidak tercatat,1,1,100.0
3504070,RS Umum Islam  Madinah,Jawa Timur,Tulungagung,D,RS Privat,28.0,12,0,Tidak tercatat,Tidak tercatat,1,1,100.0
3504045,RS Umum Islam Orpeha,Jawa Timur,Tulungagung,C,RS Privat,28.0,12,0,Tidak tercatat,Tidak tercatat,1,1,100.0
3504071,RS Umum Muhammadiyah Bandung,Jawa Timur,Tulungagung,D,RS Publik,30.0,12,0,Tidak tercatat,Tidak tercatat,1,1,100.0
3504081,RS Umum Prima Medika,Jawa Timur,Tulungagung,D,RS Privat,21.0,10,0,Tidak tercatat,Tidak tercatat,0,0,Tidak tercatat
3504069,RS Umum Satiti Prima Husada,Jawa Timur,Tulungagung,D,RS Privat,18.0,9,0,Tidak tercatat,Tidak tercatat,0,0,Tidak tercatat
6102055,RS Umum Bethesda Serukam,Kalimantan Barat,Bengkayang,C,RS Publik,23.0,9,0,Tidak tercatat,Tidak tercatat,1,1,100.0
6102012,"RS Umum Daerah Drs. Jacobus Luna, M.Si",Kalimantan Barat,Bengkayang,C,RS Publik,45.0,10,1,2.0,2.0,1,1,100.0
6108012,RS Umum Daerah Badau,Kalimantan Barat,Kapuas Hulu,D,RS Publik,6.0,3,0,Tidak tercatat,Tidak tercatat,0,0,Tidak tercatat
6108014,RS Umum Daerah Semitau,Kalimantan Barat,Kapuas Hulu,D,RS Publik,8.0,4,0,Tidak tercatat,Tidak tercatat,0,0,Tidak tercatat
6108011,RS Umum Daerah dr. Achmad Diponegoro Putussibau,Kalimantan Barat,Kapuas Hulu,C,RS Publik,49.0,9,1,0.0,0.0,1,1,100.0
6111002,RS Umum Daerah Sultan Muhammad Jamaludin I,Kalimantan Barat,Kayong Utara,C,RS Publik,33.0,6,1,2.0,1.0,0,0,Tidak tercatat
6106020,RS Fatima Ketapang,Kalimantan Barat,Ketapang,C,RS Publik,48.0,12,0,Tidak tercatat,Tidak tercatat,1,1,100.0
6106021,RS Ibu dan Anak Permata Bunda,Kalimantan Barat,Ketapang,C,RS Privat,21.0,5,0,Tidak tercatat,Tidak tercatat,0,0,Tidak tercatat
6106016,RS Umum Daerah Dr. Agoesdjam Ketapang,Kalimantan Barat,Ketapang,C,RS Publik,73.0,12,1,3.0,3.0,1,1,100.0
6171067,RS Anton Soedjarwo Pontianak ,Kalimantan Barat,Kota Pontianak,C,RS Publik,84.0,12,0,Tidak tercatat,Tidak tercatat,0,0,Tidak tercatat
6171124,RS Anugerah Bunda Khatulistiwa,Kalimantan Barat,Kota Pontianak,C,RS Privat,62.0,15,0,Tidak tercatat,Tidak tercatat,0,0,Tidak tercatat
6171085,RS Bersalin Jeumpa Pontianak,Kalimantan Barat,Kota Pontianak,C,RS Privat,7.0,3,0,Tidak tercatat,Tidak tercatat,0,0,Tidak tercatat
6171136,RS Bersalin Nabasa Pontianak,Kalimantan Barat,Kota Pontianak,C,RS Privat,14.0,3,0,Tidak tercatat,Tidak tercatat,0,0,Tidak tercatat
6171113,RS Islam Yarsi Pontianak,Kalimantan Barat,Kota Pontianak,C,RS Publik,51.0,9,0,Tidak tercatat,Tidak tercatat,1,1,100.0
6171144S,RS Lapangan (RS Darurat) Covid-19 Kota Pontianak,Kalimantan Barat,Kota Pontianak,Belum Ditetapkan,RS Publik,Tidak tercatat,0,0,Tidak tercatat,Tidak tercatat,0,0,Tidak tercatat
6171143S,RS Lapangan Perawatan Pasien Covid-19,Kalimantan Barat,Kota Pontianak,C,RS Publik,Tidak tercatat,0,0,Tidak tercatat,Tidak tercatat,0,0,Tidak tercatat
6171141,RS Mitra Medika Pontianak,Kalimantan Barat,Kota Pontianak,C,RS Privat,80.0,13,0,Tidak tercatat,Tidak tercatat,0,0,Tidak tercatat
6171078,RS Pro Medika Pontianak,Kalimantan Barat,Kota Pontianak,D,RS Privat,24.0,9,0,Tidak tercatat,Tidak tercatat,0,0,Tidak tercatat
6171011,RS Umum Daerah Dr. Soedarso Pontianak,Kalimantan Barat,Kota Pontianak,A,RS Publik,Tidak tercatat,0,1,12.0,11.0,5,5,100.0
6171156,RS Umum Daerah Pontianak Utara,Kalimantan Barat,Kota Pontianak,D,RS Publik,6.0,2,0,Tidak tercatat,Tidak tercatat,0,0,Tidak tercatat
6171138,RS Umum Daerah Sultan Syarif  Mohammad Alkadrie,Kalimantan Barat,Kota Pontianak,C,RS Publik,91.0,12,1,1.0,1.0,2,2,100.0
6171140,RS Umum Kharitas Bhakti,Kalimantan Barat,Kota Pontianak,D,RS Privat,49.0,12,0,Tidak tercatat,Tidak tercatat,0,0,Tidak tercatat
6171155,RS Umum Medika Djaya,Kalimantan Barat,Kota Pontianak,D,RS Privat,Tidak tercatat,0,0,Tidak tercatat,Tidak tercatat,0,0,Tidak tercatat
6171033,RS Umum St. Antonius Pontianak,Kalimantan Barat,Kota Pontianak,B,RS Publik,60.0,16,0,Tidak tercatat,Tidak tercatat,0,0,Tidak tercatat
6171139,RS Universitas Tanjungpura,Kalimantan Barat,Kota Pontianak,C,RS Publik,81.0,12,0,Tidak tercatat,Tidak tercatat,3,3,100.0
6172002,RS Ibu dan Anak Wempe Singkawang,Kalimantan Barat,Kota Singkawang,C,RS Privat,13.0,5,0,Tidak tercatat,Tidak tercatat,0,0,Tidak tercatat
6172066,RS Jiwa Provinsi Kalimantan Barat,Kalimantan Barat,Kota Singkawang,B,RS Publik,20.0,5,0,Tidak tercatat,Tidak tercatat,0,0,Tidak tercatat
6172044,RS Tk. IV 12.07.01 Singkawang,Kalimantan Barat,Kota Singkawang,D,RS Publik,Tidak tercatat,0,0,Tidak tercatat,Tidak tercatat,0,0,Tidak tercatat
6172011,RS Umum Daerah Dr. Abdul Aziz Singkawang,Kalimantan Barat,Kota Singkawang,B,RS Publik,78.0,13,1,2.0,2.0,1,1,100.0
6172124,RS Umum Harapan Bersama Singkawang,Kalimantan Barat,Kota Singkawang,C,RS Privat,39.0,12,0,Tidak tercatat,Tidak tercatat,1,1,100.0
6172135,RS Umum Sa'adah,Kalimantan Barat,Kota Singkawang,D,RS Privat,Tidak tercatat,0,0,Tidak tercatat,Tidak tercatat,0,0,Tidak tercatat
6172113,RS Umum Santo Vincentius Singkawang,Kalimantan Barat,Kota Singkawang,C,RS Publik,48.0,11,0,Tidak tercatat,Tidak tercatat,1,1,100.0
6112135,RS Angkatan Udara dr. Mohammad Sutomo,Kalimantan Barat,Kubu Raya,C,RS Publik,29.0,7,0,Tidak tercatat,Tidak tercatat,0,0,Tidak tercatat
6112002,RS Ibu dan Anak Anugrah,Kalimantan Barat,Kubu Raya,C,RS Privat,31.0,9,0,Tidak tercatat,Tidak tercatat,0,0,Tidak tercatat
6171022,RS Tk. II Kartika Husada Kes.Dam XII Tanjungpura,Kalimantan Barat,Kubu Raya,C,RS Publik,48.0,11,0,Tidak tercatat,Tidak tercatat,1,1,100.0
6112003,RS Umum Daerah Kabupaten Kubu Raya,Kalimantan Barat,Kubu Raya,D,RS Publik,26.0,9,1,2.0,1.0,0,0,Tidak tercatat
6103013,RS Umum Daerah Kabupaten Landak,Kalimantan Barat,Landak,C,RS Publik,46.0,11,1,1.0,1.0,1,1,100.0
6110013,RS Umum Citra Husada Nanga Pinoh,Kalimantan Barat,Melawi,D,RS Privat,Tidak tercatat,0,0,Tidak tercatat,Tidak tercatat,0,0,Tidak tercatat
6110016,RS Umum Daerah Belimbing,Kalimantan Barat,Melawi,D,RS Publik,18.0,4,0,Tidak tercatat,Tidak tercatat,0,0,Tidak tercatat
6110012,RS Umum Daerah Kabupaten Melawi,Kalimantan Barat,Melawi,C,RS Publik,50.0,11,1,1.0,1.0,1,1,100.0
6110015,RS Umum Kasih Bunda Jaya Nanga Pinoh,Kalimantan Barat,Melawi,D,RS Privat,17.0,7,0,Tidak tercatat,Tidak tercatat,0,0,Tidak tercatat
6104014,RS Umum Daerah Dr. Rubini Mempawah,Kalimantan Barat,Mempawah,C,RS Publik,78.0,13,1,0.0,0.0,3,3,100.0
6101135,RS Santa Elizabeth,Kalimantan Barat,Sambas,D,RS Publik,18.0,6,0,Tidak tercatat,Tidak tercatat,0,0,Tidak tercatat
6101033,RS Umum Daerah Pemangkat,Kalimantan Barat,Sambas,C,RS Publik,50.0,9,1,6.0,1.0,1,1,100.0
6101022,RS Umum Daerah Sambas,Kalimantan Barat,Sambas,C,RS Publik,53.0,9,1,0.0,0.0,1,1,100.0
6101137,RS Umum Daerah Teluk Keramat,Kalimantan Barat,Sambas,D,RS Publik,6.0,3,0,Tidak tercatat,Tidak tercatat,0,0,Tidak tercatat
6105026,RS Parindu,Kalimantan Barat,Sanggau,C,RS Privat,8.0,4,0,Tidak tercatat,Tidak tercatat,1,1,100.0
6105015,RS Umum Daerah M. Th. Djaman Sanggau,Kalimantan Barat,Sanggau,C,RS Publik,72.0,13,1,2.0,2.0,1,1,100.0
6105031,RS Umum Daerah Temenggung Gergaji,Kalimantan Barat,Sanggau,D,RS Publik,8.0,3,0,Tidak tercatat,Tidak tercatat,0,0,Tidak tercatat
6105028,RS Umum Sentra Medika Sanggau,Kalimantan Barat,Sanggau,D,RS Privat,Tidak tercatat,0,0,Tidak tercatat,Tidak tercatat,0,0,Tidak tercatat
6109012,RS Umum Daerah Sekadau,Kalimantan Barat,Sekadau,C,RS Publik,51.0,10,1,2.0,2.0,1,1,100.0
6107024,RS Ibu dan Anak Bujang Dara Sintang,Kalimantan Barat,Sintang,C,RS Privat,8.0,5,0,Tidak tercatat,Tidak tercatat,0,0,Tidak tercatat
6107038,RS Jiwa Sudiyanto,Kalimantan Barat,Sintang,C,RS Publik,Tidak tercatat,0,0,Tidak tercatat,Tidak tercatat,0,0,Tidak tercatat
6107026,RS Pratama Serawai,Kalimantan Barat,Sintang,D PRATAMA,RS Publik,2.0,1,0,Tidak tercatat,Tidak tercatat,0,0,Tidak tercatat
6107022,RS Tk. IV 12.07.02 Sintang,Kalimantan Barat,Sintang,D,RS Publik,35.0,9,0,Tidak tercatat,Tidak tercatat,0,0,Tidak tercatat
6107025,RS Umum Anugrah Bunda Jaya Sintang,Kalimantan Barat,Sintang,D,RS Privat,18.0,9,0,Tidak tercatat,Tidak tercatat,0,0,Tidak tercatat
6107010,RS Umum Daerah Ade Muhammad Djoen Sintang ,Kalimantan Barat,Sintang,C,RS Publik,71.0,13,1,3.0,3.0,3,3,100.0
6107027,RS Umum Sayang Ibu Sintang,Kalimantan Barat,Sintang,D,RS Privat,Tidak tercatat,0,0,Tidak tercatat,Tidak tercatat,0,0,Tidak tercatat
6311016,RS Umum Daerah Datu Kandang Haji,Kalimantan Selatan,Balangan,C,RS Publik,51.0,11,1,2.0,1.0,1,1,100.0
6303028,RS Ibu dan Anak Mutiara Bunda,Kalimantan Selatan,Banjar,C,RS Privat,9.0,5,0,Tidak tercatat,Tidak tercatat,0,0,Tidak tercatat
6304016,RS Jiwa Sambang Lihum,Kalimantan Selatan,Banjar,A,RS Publik,33.0,6,0,Tidak tercatat,Tidak tercatat,1,1,100.0
6303030,RS Umum Aveciena Medika,Kalimantan Selatan,Banjar,D,RS Privat,Tidak tercatat,0,0,Tidak tercatat,Tidak tercatat,0,0,Tidak tercatat
6303033,RS Umum Ciputra Mitra Hospital,Kalimantan Selatan,Banjar,B,RS Privat,75.0,15,0,Tidak tercatat,Tidak tercatat,0,0,Tidak tercatat
6303015,RS Umum Daerah Ratu Zalecha,Kalimantan Selatan,Banjar,B,RS Publik,75.0,14,1,5.0,5.0,2,2,100.0
6303026,RS Umum Danau Salak,Kalimantan Selatan,Banjar,D,RS Privat,3.0,2,0,Tidak tercatat,Tidak tercatat,0,0,Tidak tercatat
6303027,RS Umum Pelita Insani,Kalimantan Selatan,Banjar,C,RS Privat,38.0,12,0,Tidak tercatat,Tidak tercatat,0,0,Tidak tercatat
6304020,RS Umum Daerah  H. Abdul Aziz Marabahan,Kalimantan Selatan,Barito Kuala,C,RS Publik,81.0,13,1,1.0,1.0,0,0,Tidak tercatat
6306025,RS Ibu dan Anak Permata Bunda,Kalimantan Selatan,Hulu Sungai Selatan,C,RS Privat,13.0,6,0,Tidak tercatat,Tidak tercatat,0,0,Tidak tercatat
6306026,RS Sumber Jaya Sehat,Kalimantan Selatan,Hulu Sungai Selatan,D,RS Privat,10.0,4,0,Tidak tercatat,Tidak tercatat,0,0,Tidak tercatat
6306023,RS Umum Ceria,Kalimantan Selatan,Hulu Sungai Selatan,D,RS Privat,27.0,10,0,Tidak tercatat,Tidak tercatat,1,1,100.0
6306011,RS Umum Daerah Brigjed H. Hasan Basry Kandangan,Kalimantan Selatan,Hulu Sungai Selatan,B,RS Publik,97.0,14,1,6.0,4.0,5,5,100.0
6306024,RS Umum Daerah Daha Sejahtera,Kalimantan Selatan,Hulu Sungai Selatan,D,RS Publik,34.0,9,0,Tidak tercatat,Tidak tercatat,1,1,100.0
6307012,RS Umum Daerah  H Damanhuri Barabai,Kalimantan Selatan,Hulu Sungai Tengah,C,RS Publik,98.0,14,1,4.0,2.0,1,1,100.0
6308014,RS Mulia Amuntai,Kalimantan Selatan,Hulu Sungai Utara,D,RS Privat,14.0,5,0,Tidak tercatat,Tidak tercatat,0,0,Tidak tercatat
6308013,RS Umum Daerah Pambalah Batung,Kalimantan Selatan,Hulu Sungai Utara,C,RS Publik,62.0,11,1,3.0,1.0,1,1,100.0
6372022,RS Islam Sultan Agung Banjarbaru,Kalimantan Selatan,Kota Banjar baru,C,RS Privat,54.0,12,0,Tidak tercatat,Tidak tercatat,1,1,100.0
6372016,RS TK IV Guntung Payung ,Kalimantan Selatan,Kota Banjar baru,D,RS Publik,19.0,7,0,Tidak tercatat,Tidak tercatat,0,0,Tidak tercatat
6371141,RS TNI AU Sjamsudin Noor,Kalimantan Selatan,Kota Banjar baru,D,RS Publik,22.0,8,0,Tidak tercatat,Tidak tercatat,0,0,Tidak tercatat
6372019,RS Umum Almansyur Medika Banjarbaru,Kalimantan Selatan,Kota Banjar baru,D,RS Privat,23.0,12,0,Tidak tercatat,Tidak tercatat,1,1,100.0
6372018,RS Umum Mawar ,Kalimantan Selatan,Kota Banjar baru,D,RS Privat,22.0,9,0,Tidak tercatat,Tidak tercatat,0,0,Tidak tercatat
6372020,RS Umum Nirwana,Kalimantan Selatan,Kota Banjar baru,D,RS Privat,25.0,6,0,Tidak tercatat,Tidak tercatat,0,0,Tidak tercatat
6372021,RS Umum Permata Husada Banjarbaru,Kalimantan Selatan,Kota Banjar baru,D,RS Privat,24.0,9,0,Tidak tercatat,Tidak tercatat,0,0,Tidak tercatat
6372017,RS Umum Syifa Medika,Kalimantan Selatan,Kota Banjar baru,C,RS Privat,64.0,12,0,Tidak tercatat,Tidak tercatat,1,1,100.0
6372014,RSD Idaman Kota Banjarbaru,Kalimantan Selatan,Kota Banjar baru,C,RS Publik,96.0,13,1,8.0,3.0,1,1,100.0
6371152,RS Bhayangkara Tk. III Banjarmasin,Kalimantan Selatan,Kota Banjarmasin,C,RS Publik,60.0,12,0,Tidak tercatat,Tidak tercatat,1,1,100.0
6371155,RS Ibu dan Anak Annisa,Kalimantan Selatan,Kota Banjarmasin,C,RS Privat,18.0,8,0,Tidak tercatat,Tidak tercatat,0,0,Tidak tercatat
6371170,RS Ibu dan Anak Mahkota Bunda,Kalimantan Selatan,Kota Banjarmasin,C,RS Privat,Tidak tercatat,0,0,Tidak tercatat,Tidak tercatat,0,0,Tidak tercatat
6371046,RS Islam Banjarmasin,Kalimantan Selatan,Kota Banjarmasin,C,RS Publik,51.0,13,0,Tidak tercatat,Tidak tercatat,0,0,Tidak tercatat
6371130,RS Khusus Bedah Banjarmasin Siaga,Kalimantan Selatan,Kota Banjarmasin,B,RS Privat,24.0,13,0,Tidak tercatat,Tidak tercatat,1,1,100.0
6371153,RS Khusus Gigi dan Mulut Gusti Hasan Aman,Kalimantan Selatan,Kota Banjarmasin,B,RS Publik,58.0,6,0,Tidak tercatat,Tidak tercatat,0,0,Tidak tercatat
6371158,RS Siloam Banjarmasin,Kalimantan Selatan,Kota Banjarmasin,D,RS Privat,28.0,10,0,Tidak tercatat,Tidak tercatat,0,0,Tidak tercatat
6371050,RS Tk. III Dr. R. Soeharsono,Kalimantan Selatan,Kota Banjarmasin,C,RS Publik,54.0,12,0,Tidak tercatat,Tidak tercatat,1,1,100.0
6371072,RS Umum Daerah Dr. H. Moch. Ansari Saleh,Kalimantan Selatan,Kota Banjarmasin,B,RS Publik,130.0,14,0,Tidak tercatat,Tidak tercatat,4,4,100.0
6371156,RS Umum Daerah Sultan Suriansyah Banjarmasin,Kalimantan Selatan,Kota Banjarmasin,C,RS Publik,61.0,13,1,1.0,1.0,2,2,100.0
6371013,RS Umum Daerah Ulin Banjarmasin,Kalimantan Selatan,Kota Banjarmasin,A,RS Publik,205.0,22,1,15.0,11.0,6,6,100.0
6371094,RS Umum Sari Mulia,Kalimantan Selatan,Kota Banjarmasin,C,RS Publik,Tidak tercatat,0,0,Tidak tercatat,Tidak tercatat,3,3,100.0
6371024,RS Umum Suaka Insan,Kalimantan Selatan,Kota Banjarmasin,C,RS Publik,73.0,12,0,Tidak tercatat,Tidak tercatat,0,0,Tidak tercatat
6302014,RS Umum Daerah Pangeran Jaya Sumitra,Kalimantan Selatan,Kota baru,C,RS Publik,53.0,14,1,2.0,2.0,4,4,100.0
6302026,RS Umum Daerah Sengayam,Kalimantan Selatan,Kota baru,D,RS Publik,14.0,5,0,Tidak tercatat,Tidak tercatat,0,0,Tidak tercatat
6309014,RS Umum Daerah H. Badaruddin Kasim,Kalimantan Selatan,Tabalong,C,RS Publik,50.0,11,1,1.0,1.0,1,1,100.0
6309025,RS Umum Pertamina Tanjung,Kalimantan Selatan,Tabalong,C,RS Privat,35.0,11,0,Tidak tercatat,Tidak tercatat,0,0,Tidak tercatat
6310016,RS Ibu dan Anak Paradise,Kalimantan Selatan,Tanah Bumbu,C,RS Privat,9.0,3,0,Tidak tercatat,Tidak tercatat,0,0,Tidak tercatat
6310018,RS Marina Permata,Kalimantan Selatan,Tanah Bumbu,C,RS Privat,35.0,12,0,Tidak tercatat,Tidak tercatat,1,1,100.0
6310015,RS Umum Daerah dr. H. Andi Abdurrahman Noor,Kalimantan Selatan,Tanah Bumbu,C,RS Publik,74.0,12,1,1.0,1.0,1,1,100.0
6301015,RS Borneo Citra Medika,Kalimantan Selatan,Tanah Laut,C,RS Privat,30.0,10,0,Tidak tercatat,Tidak tercatat,0,0,Tidak tercatat
6301016,RS Ibu dan Anak Ibunda,Kalimantan Selatan,Tanah Laut,C,RS Privat,7.0,4,0,Tidak tercatat,Tidak tercatat,0,0,Tidak tercatat
6301013,RS Umum Daerah H. Boejasin Pelaihari,Kalimantan Selatan,Tanah Laut,C,RS Publik,79.0,12,1,2.0,2.0,2,2,100.0
6301020,RS Umum Daerah KH. Mansyur,Kalimantan Selatan,Tanah Laut,D,RS Publik,29.0,7,0,Tidak tercatat,Tidak tercatat,1,1,100.0
6305010,RS Umum Daerah Datu Sanggul Rantau,Kalimantan Selatan,Tapin,C,RS Publik,64.0,13,1,6.0,1.0,1,1,100.0
6305011,RS Umum Handayati,Kalimantan Selatan,Tapin,D,RS Privat,29.0,10,0,Tidak tercatat,Tidak tercatat,1,1,100.0
6204016,RS Umum Daerah Jaraga Sasameh,Kalimantan Tengah,Barito Selatan,C,RS Publik,76.0,11,1,1.0,1.0,1,1,100.0
6212020,RS Umum Daerah Tamiang Layang,Kalimantan Tengah,Barito Timur,C,RS Publik,57.0,13,1,2.0,2.0,3,3,100.0
6205011,RS Umum Daerah Muara Teweh,Kalimantan Tengah,Barito Utara,C,RS Publik,44.0,12,1,12.0,2.0,0,0,Tidak tercatat
6211016,RS Pratama Tumbang Telaken,Kalimantan Tengah,Gunung Mas,D PRATAMA,RS Publik,8.0,3,0,Tidak tercatat,Tidak tercatat,0,0,Tidak tercatat
6211026,RS Umum Daerah Kuala Kurun,Kalimantan Tengah,Gunung Mas,C,RS Publik,37.0,10,1,3.0,1.0,1,1,100.0
6203015,RS Umum Daerah Dr. H. Soemarno Sosroaatmojo,Kalimantan Tengah,Kapuas,C,RS Publik,65.0,11,1,1.0,1.0,1,1,100.0
6209035,RS Pratama Tumbang Samba,Kalimantan Tengah,Katingan,D PRATAMA,RS Publik,8.0,4,0,Tidak tercatat,Tidak tercatat,0,0,Tidak tercatat
6209024,RS Umum Daerah  Mas Amsyar Kasongan,Kalimantan Tengah,Katingan,C,RS Publik,38.0,13,1,0.0,0.0,2,2,100.0
6271080,RS Advent Palangkaraya,Kalimantan Tengah,Kota Palangka Raya,D,RS Privat,Tidak tercatat,0,0,Tidak tercatat,Tidak tercatat,0,0,Tidak tercatat
6271025,RS Bhayangkara Palangka Raya,Kalimantan Tengah,Kota Palangka Raya,C,RS Publik,41.0,11,0,Tidak tercatat,Tidak tercatat,2,2,100.0
6271031,RS Ibu dan Anak Bunda Palangkaraya,Kalimantan Tengah,Kota Palangka Raya,Belum Ditetapkan,RS Privat,15.0,6,0,Tidak tercatat,Tidak tercatat,0,0,Tidak tercatat
6271028,RS Ibu dan Anak Yasmin Palangka Raya,Kalimantan Tengah,Kota Palangka Raya,C,RS Privat,22.0,8,0,Tidak tercatat,Tidak tercatat,0,0,Tidak tercatat
6271024,RS Islam PKU Muhammadiyah Palangka Raya,Kalimantan Tengah,Kota Palangka Raya,C,RS Publik,50.0,12,0,Tidak tercatat,Tidak tercatat,1,1,100.0
6271029,RS Permata Hati,Kalimantan Tengah,Kota Palangka Raya,C,RS Privat,16.0,9,0,Tidak tercatat,Tidak tercatat,0,0,Tidak tercatat
6271027,RS Primaya Betang Pambelum,Kalimantan Tengah,Kota Palangka Raya,C,RS Privat,61.0,14,0,Tidak tercatat,Tidak tercatat,1,1,100.0
6271030,RS Siloam Palangka Raya,Kalimantan Tengah,Kota Palangka Raya,C,RS Privat,26.0,11,0,Tidak tercatat,Tidak tercatat,1,1,100.0
6271023,RS Tk. IV Palangkaraya,Kalimantan Tengah,Kota Palangka Raya,D,RS Publik,Tidak tercatat,0,0,Tidak tercatat,Tidak tercatat,0,0,Tidak tercatat
6271012,RS Umum Daerah Dr. Doris Sylvanus Palangka Raya,Kalimantan Tengah,Kota Palangka Raya,B,RS Publik,193.0,14,1,9.0,9.0,6,6,100.0
6271026,RS Umum Kelas D Kota Palangka Raya,Kalimantan Tengah,Kota Palangka Raya,D,RS Publik,48.0,11,1,4.0,1.0,1,1,100.0
6201013,RS Citra Husada Pangkalan Bun,Kalimantan Tengah,Kotawaringin Barat,D,RS Privat,11.0,3,0,Tidak tercatat,Tidak tercatat,1,1,100.0
6201027,RS Umum Daerah Kutaringin,Kalimantan Tengah,Kotawaringin Barat,D,RS Publik,Tidak tercatat,0,0,Tidak tercatat,Tidak tercatat,0,0,Tidak tercatat
6201012,RS Umum Daerah Sultan Imanuddin,Kalimantan Tengah,Kotawaringin Barat,B,RS Publik,98.0,13,1,2.0,2.0,4,4,100.0
6201016,RS Umum Harapan Insani,Kalimantan Tengah,Kotawaringin Barat,D,RS Privat,9.0,2,0,Tidak tercatat,Tidak tercatat,0,0,Tidak tercatat
6202025,RS Kelas D Pratama Parenggean,Kalimantan Tengah,Kotawaringin Timur,D PRATAMA,RS Publik,11.0,4,0,Tidak tercatat,Tidak tercatat,0,0,Tidak tercatat
6202013,RS Umum Daerah Dr Murjani Sampit,Kalimantan Tengah,Kotawaringin Timur,B,RS Publik,81.0,14,1,7.0,7.0,6,6,100.0
6202036,RS Umum Daerah Samuda,Kalimantan Tengah,Kotawaringin Timur,D PRATAMA,RS Publik,7.0,3,0,Tidak tercatat,Tidak tercatat,0,0,Tidak tercatat
6207012,RS Umum Daerah Kabupaten Lamandau,Kalimantan Tengah,Lamandau,C,RS Publik,49.0,11,1,3.0,2.0,1,1,100.0
6213022,RS Umum Daerah Puruk Cahu,Kalimantan Tengah,Murung Raya,C,RS Publik,42.0,12,1,0.0,0.0,1,1,100.0
6271068,RS Jiwa Kalawa Atei,Kalimantan Tengah,Pulang Pisau,B,RS Publik,25.0,5,0,Tidak tercatat,Tidak tercatat,0,0,Tidak tercatat
6210015,RS Umum Daerah Pulang Pisau,Kalimantan Tengah,Pulang Pisau,C,RS Publik,38.0,10,1,6.0,1.0,0,0,Tidak tercatat
6208013,RS Umum Daerah Hanau,Kalimantan Tengah,Seruyan,C,RS Publik,34.0,10,1,3.0,1.0,2,2,100.0
6208014,RS Umum Daerah Kuala Pembuang,Kalimantan Tengah,Seruyan,C,RS Publik,42.0,9,1,0.0,0.0,1,1,100.0
6207033,RS Umum Daerah Sukamara,Kalimantan Tengah,Sukamara,C,RS Publik,Tidak tercatat,0,1,2.0,1.0,1,1,100.0
6405011,RS Umum Daerah Dr. Abdul Rivai,Kalimantan Timur,Berau,C,RS Publik,86.0,12,1,7.0,4.0,0,0,Tidak tercatat
6405012,RS Umum Daerah Talisayan,Kalimantan Timur,Berau,D,RS Publik,26.0,8,1,3.0,1.0,0,0,Tidak tercatat
6471073,RS Bhayangkara Balikpapan,Kalimantan Timur,Kota Balikpapan,C,RS Publik,76.0,13,0,Tidak tercatat,Tidak tercatat,1,1,100.0
6471086,RS Hermina Balikpapan,Kalimantan Timur,Kota Balikpapan,C,RS Privat,64.0,15,0,Tidak tercatat,Tidak tercatat,2,2,100.0
6471085,RS Ibu Anak Asih  Balikpapan,Kalimantan Timur,Kota Balikpapan,C,RS Privat,20.0,5,0,Tidak tercatat,Tidak tercatat,0,0,Tidak tercatat
6471062,RS Ibu dan Anak Sayang Ibu,Kalimantan Timur,Kota Balikpapan,C,RS Publik,22.0,6,0,Tidak tercatat,Tidak tercatat,1,1,100.0
6471082,RS Khusus Mata SMEC Balikpapan,Kalimantan Timur,Kota Balikpapan,C,RS Privat,4.0,4,0,Tidak tercatat,Tidak tercatat,0,0,Tidak tercatat
6471087,RS Medika Utama Manggar,Kalimantan Timur,Kota Balikpapan,D,RS Privat,23.0,8,0,Tidak tercatat,Tidak tercatat,1,1,100.0
6471074,RS Medika Utama Permata,Kalimantan Timur,Kota Balikpapan,C,RS Privat,39.0,10,0,Tidak tercatat,Tidak tercatat,2,2,100.0
6471025,RS Pertamina Balikpapan,Kalimantan Timur,Kota Balikpapan,C,RS Privat,151.0,15,0,Tidak tercatat,Tidak tercatat,4,4,100.0
6471051,RS Restu Ibu,Kalimantan Timur,Kota Balikpapan,C,RS Privat,84.0,14,0,Tidak tercatat,Tidak tercatat,3,3,100.0
6471075,RS Siloam Hospitals Balikpapan,Kalimantan Timur,Kota Balikpapan,B,RS Privat,69.0,14,0,Tidak tercatat,Tidak tercatat,5,5,100.0
6471036,RS Tk. II Dr. R. Hardjanto,Kalimantan Timur,Kota Balikpapan,C,RS Publik,40.0,11,0,Tidak tercatat,Tidak tercatat,2,2,100.0
6471077,RS Umum Balikpapan Baru,Kalimantan Timur,Kota Balikpapan,D,RS Privat,46.0,12,0,Tidak tercatat,Tidak tercatat,1,1,100.0
6471079,RS Umum Daerah Beriman,Kalimantan Timur,Kota Balikpapan,C,RS Publik,63.0,14,0,Tidak tercatat,Tidak tercatat,2,2,100.0
6471014,RS Umum Daerah Dr. Kanujoso Djatiwibowo,Kalimantan Timur,Kota Balikpapan,A,RS Publik,153.0,18,1,16.0,11.0,7,7,100.0
6471078,RS Umum Tingkat IV  Lanud Balikpapan,Kalimantan Timur,Kota Balikpapan,D,RS Publik,9.0,6,0,Tidak tercatat,Tidak tercatat,0,0,Tidak tercatat
6474033,RS Amalia Bontang,Kalimantan Timur,Kota Bontang,C,RS Privat,50.0,12,0,Tidak tercatat,Tidak tercatat,1,1,100.0
6474034,RS Islam Bontang,Kalimantan Timur,Kota Bontang,C,RS Privat,46.0,11,0,Tidak tercatat,Tidak tercatat,1,1,100.0
6474010,RS LNG Badak,Kalimantan Timur,Kota Bontang,D,RS Privat,Tidak tercatat,0,0,Tidak tercatat,Tidak tercatat,0,0,Tidak tercatat
6474021,RS Pupuk Kaltim,Kalimantan Timur,Kota Bontang,C,RS Privat,78.0,14,0,Tidak tercatat,Tidak tercatat,3,3,100.0
6474032,RS Umum Daerah Taman Husada Bontang,Kalimantan Timur,Kota Bontang,B,RS Publik,78.0,15,1,5.0,3.0,4,4,100.0
6472130,RS Hermina Samarinda,Kalimantan Timur,Kota Samarinda,C,RS Privat,84.0,9,0,Tidak tercatat,Tidak tercatat,3,3,100.0
6472052,RS Ibu dan Anak  Aisyiyah Samarinda,Kalimantan Timur,Kota Samarinda,C,RS Publik,21.0,8,0,Tidak tercatat,Tidak tercatat,0,0,Tidak tercatat
6472143,RS Ibu dan Anak Jimmy Medika Borneo,Kalimantan Timur,Kota Samarinda,C,RS Privat,8.0,3,0,Tidak tercatat,Tidak tercatat,1,1,100.0
6472132,RS Islam Samarinda,Kalimantan Timur,Kota Samarinda,D,RS Publik,1.0,1,0,Tidak tercatat,Tidak tercatat,0,0,Tidak tercatat
6472063,RS Jiwa Atma Husada Mahakam,Kalimantan Timur,Kota Samarinda,A,RS Publik,29.0,5,0,Tidak tercatat,Tidak tercatat,1,1,100.0
6472121,RS Khusus Ibu dan Anak Qurrata A'yun,Kalimantan Timur,Kota Samarinda,C,RS Privat,24.0,6,0,Tidak tercatat,Tidak tercatat,0,0,Tidak tercatat
6472131,RS Mata Provinsi Kalimantan Timur,Kalimantan Timur,Kota Samarinda,C,RS Publik,15.0,5,0,Tidak tercatat,Tidak tercatat,0,0,Tidak tercatat
6472123,RS Samarinda Medika Citra,Kalimantan Timur,Kota Samarinda,C,RS Privat,91.0,15,0,Tidak tercatat,Tidak tercatat,4,4,100.0
6472124,RS Siaga Al-Munawwarah Samarinda,Kalimantan Timur,Kota Samarinda,C,RS Privat,23.0,8,0,Tidak tercatat,Tidak tercatat,2,2,100.0
6472096,RS Umum Bhakti Nugraha,Kalimantan Timur,Kota Samarinda,D,RS Publik,13.0,6,0,Tidak tercatat,Tidak tercatat,0,0,Tidak tercatat
6472015,RS Umum Daerah Abdul Wahab Sjahranie,Kalimantan Timur,Kota Samarinda,A,RS Publik,253.0,18,1,13.0,13.0,6,5,83.33
6472118,RS Umum Daerah Inche Abdoel Moeis,Kalimantan Timur,Kota Samarinda,C,RS Publik,90.0,13,1,1.0,1.0,2,2,100.0
6472128,RS Umum Daerah KORPRI Provinsi Kalimantan Timur,Kalimantan Timur,Kota Samarinda,D,RS Publik,19.0,6,0,Tidak tercatat,Tidak tercatat,0,0,Tidak tercatat
6472030,RS Umum Dirgahayu,Kalimantan Timur,Kota Samarinda,C,RS Publik,88.0,12,0,Tidak tercatat,Tidak tercatat,3,3,100.0
6472107,RS Umum Haji Darjad,Kalimantan Timur,Kota Samarinda,C,RS Privat,11.0,9,0,Tidak tercatat,Tidak tercatat,0,0,Tidak tercatat
6472041,RS Umum Tk. IV Samarinda,Kalimantan Timur,Kota Samarinda,D,RS Publik,6.0,3,0,Tidak tercatat,Tidak tercatat,0,0,Tidak tercatat
6402053,RS Santa Familia,Kalimantan Timur,Kutai Barat,D,RS Privat,11.0,6,0,Tidak tercatat,Tidak tercatat,0,0,Tidak tercatat
6402041,RS Umum Daerah Harapan Insan Sendawar,Kalimantan Timur,Kutai Barat,C,RS Publik,71.0,12,1,7.0,3.0,1,1,100.0
6402064,RS Umum Daerah Pratama Sendawar,Kalimantan Timur,Kutai Barat,D PRATAMA,RS Publik,Tidak tercatat,0,0,Tidak tercatat,Tidak tercatat,0,0,Tidak tercatat
6403052,RS Umum Daerah Aji Batara Agung Dewa Sakti,Kalimantan Timur,Kutai Kartanegara,C,RS Publik,54.0,10,0,Tidak tercatat,Tidak tercatat,2,2,100.0
6403015,RS Umum Daerah Aji Muhammad Parikesit,Kalimantan Timur,Kutai Kartanegara,B,RS Publik,100.0,15,1,4.0,4.0,5,5,100.0
6403017,RS Umum Daerah Dayaku Raja,Kalimantan Timur,Kutai Kartanegara,D,RS Publik,31.0,7,0,Tidak tercatat,Tidak tercatat,1,1,100.0
6404047,RS Ibu Anak Asy Syifa,Kalimantan Timur,Kutai Timur,C,RS Privat,7.0,5,0,Tidak tercatat,Tidak tercatat,0,0,Tidak tercatat
6404045,RS Ibu Anak Cahaya Sangatta,Kalimantan Timur,Kutai Timur,C,RS Privat,Tidak tercatat,0,0,Tidak tercatat,Tidak tercatat,1,1,100.0
6404054,RS Pelita Kasih,Kalimantan Timur,Kutai Timur,D,RS Privat,10.0,6,0,Tidak tercatat,Tidak tercatat,0,0,Tidak tercatat
6404044,RS Pupuk Kaltim Prima Sangata,Kalimantan Timur,Kutai Timur,D,RS Privat,22.0,8,0,Tidak tercatat,Tidak tercatat,0,0,Tidak tercatat
6404032,RS Umum Daerah Kudungga,Kalimantan Timur,Kutai Timur,B,RS Publik,72.0,13,1,3.0,3.0,2,2,100.0
6404051,RS Umum Daerah Sangkulirang,Kalimantan Timur,Kutai Timur,D,RS Publik,22.0,8,0,Tidak tercatat,Tidak tercatat,0,0,Tidak tercatat
6404046,RS Umum Medika Sangatta,Kalimantan Timur,Kutai Timur,D,RS Privat,48.0,11,0,Tidak tercatat,Tidak tercatat,1,1,100.0
6404043,RS Umum Meloy,Kalimantan Timur,Kutai Timur,D,RS Privat,14.0,9,0,Tidak tercatat,Tidak tercatat,0,0,Tidak tercatat
6411001,RS Gerbang Sehat Mahulu,Kalimantan Timur,Mahakam Hulu,D PRATAMA,RS Publik,19.0,5,1,1.0,1.0,0,0,Tidak tercatat
6411002,RS Nawacita Datah Dave,Kalimantan Timur,Mahakam Hulu,D PRATAMA,RS Publik,9.0,3,0,Tidak tercatat,Tidak tercatat,0,0,Tidak tercatat
6401018,RS Umum Daerah Kerang,Kalimantan Timur,Paser,D,RS Publik,12.0,5,0,Tidak tercatat,Tidak tercatat,0,0,Tidak tercatat
6401014,RS Umum Daerah Panglima Sebaya,Kalimantan Timur,Paser,B,RS Publik,107.0,13,1,1.0,1.0,3,3,100.0
6409036,RS Umum Daerah Ratu Aji Putri Botung,Kalimantan Timur,Penajam Paser Utara,C,RS Publik,Tidak tercatat,0,1,2.0,2.0,3,3,100.0
6409047,RS Umum Daerah Sepaku Tipe D,Kalimantan Timur,Penajam Paser Utara,D,RS Publik,12.0,6,0,Tidak tercatat,Tidak tercatat,0,0,Tidak tercatat
6404021,RS Umum Daerah Tanjung Selor,Kalimantan Utara,Bulungan,C,RS Publik,62.0,13,1,3.0,3.0,2,2,100.0
6473042,RS AL Ilyas Tarakan,Kalimantan Utara,Kota Tarakan,D,RS Publik,34.0,11,0,Tidak tercatat,Tidak tercatat,1,1,100.0
6571045,RS Bhayangkara Tarakan,Kalimantan Utara,Kota Tarakan,D,RS Publik,13.0,6,0,Tidak tercatat,Tidak tercatat,1,1,100.0
6473043,RS Pertamina Tarakan,Kalimantan Utara,Kota Tarakan,C,RS Privat,49.0,12,0,Tidak tercatat,Tidak tercatat,1,1,100.0
6571056,RS Umum Carsa Tarakan,Kalimantan Utara,Kota Tarakan,D,RS Privat,Tidak tercatat,0,0,Tidak tercatat,Tidak tercatat,1,1,100.0
6473016,RS Umum Daerah dr.H. Jusuf SK,Kalimantan Utara,Kota Tarakan,B,RS Publik,152.0,15,1,6.0,6.0,6,6,100.0
6571044,RS Umum Kota Tarakan,Kalimantan Utara,Kota Tarakan,C,RS Publik,42.0,10,1,3.0,1.0,1,1,100.0
6408014,RS Pratama Langap,Kalimantan Utara,Malinau,D PRATAMA,RS Publik,1.0,1,0,Tidak tercatat,Tidak tercatat,0,0,Tidak tercatat
6501013,RS Pratama Long Ampung,Kalimantan Utara,Malinau,D PRATAMA,RS Publik,3.0,2,0,Tidak tercatat,Tidak tercatat,0,0,Tidak tercatat
6406012,RS Umum Daerah Kabupaten Malinau ,Kalimantan Utara,Malinau,C,RS Publik,72.0,12,1,1.0,1.0,3,3,100.0
6504039,RS Pratama Krayan,Kalimantan Utara,Nunukan,D PRATAMA,RS Publik,Tidak tercatat,0,0,Tidak tercatat,Tidak tercatat,0,0,Tidak tercatat
6504027,RS Pratama Sebatik,Kalimantan Utara,Nunukan,D PRATAMA,RS Publik,12.0,5,0,Tidak tercatat,Tidak tercatat,0,0,Tidak tercatat
6504038,RS Pratama Sebuku,Kalimantan Utara,Nunukan,D PRATAMA,RS Publik,Tidak tercatat,0,0,Tidak tercatat,Tidak tercatat,0,0,Tidak tercatat
6408025,RS Umum Daerah Kabupaten Nunukan,Kalimantan Utara,Nunukan,C,RS Publik,68.0,12,1,2.0,2.0,1,1,100.0
6503013,RS Kelas D Pratama Tanjung Keramat,Kalimantan Utara,Tana Tidung,D PRATAMA,RS Publik,Tidak tercatat,0,0,Tidak tercatat,Tidak tercatat,0,0,Tidak tercatat
6503002,RS Umum Daerah Akhmad Berahim,Kalimantan Utara,Tana Tidung,D,RS Publik,28.0,7,1,0.0,0.0,1,1,100.0
1901020,RS Jiwa Daerah dr. Samsi Jacobalis,Kepulauan Bangka Belitung,Bangka,B,RS Publik,26.0,6,0,Tidak tercatat,Tidak tercatat,1,1,100.0
1902042,RS Umum Arsani,Kepulauan Bangka Belitung,Bangka,C,RS Privat,41.0,11,0,Tidak tercatat,Tidak tercatat,1,1,100.0
1901044,RS Umum Daerah DR. Eko Maulana Ali,Kepulauan Bangka Belitung,Bangka,D,RS Publik,24.0,10,0,Tidak tercatat,Tidak tercatat,1,1,100.0
1901016,RS Umum Daerah Depati Bahrin,Kepulauan Bangka Belitung,Bangka,C,RS Publik,70.0,14,1,1.0,1.0,4,4,100.0
1901043,RS Umum Daerah Dr. (HC) Ir. Soekarno,Kepulauan Bangka Belitung,Bangka,B,RS Publik,Tidak tercatat,0,1,8.0,8.0,4,3,75.0
1901046,RS Umum Daerah Sjafrie Rachman Puding Besar,Kepulauan Bangka Belitung,Bangka,D PRATAMA,RS Publik,16.0,7,0,Tidak tercatat,Tidak tercatat,0,0,Tidak tercatat
1901031,RS Umum Medika Stannia,Kepulauan Bangka Belitung,Bangka,C,RS Privat,44.0,12,0,Tidak tercatat,Tidak tercatat,0,0,Tidak tercatat
1903005,RS Gunung Manik,Kepulauan Bangka Belitung,Bangka Barat,D,RS Privat,4.0,3,0,Tidak tercatat,Tidak tercatat,0,0,Tidak tercatat
1903002,RS Umum Bakti Timah Muntok,Kepulauan Bangka Belitung,Bangka Barat,D,RS Privat,20.0,8,0,Tidak tercatat,Tidak tercatat,0,0,Tidak tercatat
1903013,RS Umum Daerah Sejiran Setason,Kepulauan Bangka Belitung,Bangka Barat,C,RS Publik,64.0,12,1,2.0,2.0,2,2,100.0
1905024,RS Umum Daerah Kab. Bangka Selatan,Kepulauan Bangka Belitung,Bangka Selatan,C,RS Publik,43.0,11,1,1.0,1.0,1,1,100.0
1905026,RS Umum Daerah Kriopanting Payung,Kepulauan Bangka Belitung,Bangka Selatan,D,RS Publik,27.0,11,0,Tidak tercatat,Tidak tercatat,1,1,100.0
1904016,RS Bhayangkara Polda Kep. Bangka Belitung,Kepulauan Bangka Belitung,Bangka Tengah,D,RS Publik,23.0,10,0,Tidak tercatat,Tidak tercatat,0,0,Tidak tercatat
1904015,RS Pratama Bangka Tengah,Kepulauan Bangka Belitung,Bangka Tengah,D PRATAMA,RS Publik,10.0,4,0,Tidak tercatat,Tidak tercatat,0,0,Tidak tercatat
1904014,RS Siloam Bangka,Kepulauan Bangka Belitung,Bangka Tengah,C,RS Privat,42.0,13,0,Tidak tercatat,Tidak tercatat,1,1,100.0
1904013,RS Umum Daerah Drs. H. Abu Hanifah,Kepulauan Bangka Belitung,Bangka Tengah,C,RS Publik,49.0,13,1,0.0,0.0,1,1,100.0
1902053S,RS Darurat Covid-19 Hendry Winarto ,Kepulauan Bangka Belitung,Belitung,Belum Ditetapkan,RS Publik,Tidak tercatat,0,0,Tidak tercatat,Tidak tercatat,0,0,Tidak tercatat
1902011,RS Umum Almah,Kepulauan Bangka Belitung,Belitung,D,RS Privat,10.0,8,0,Tidak tercatat,Tidak tercatat,0,0,Tidak tercatat
1902010,RS Umum Daerah dr. H. Marsidi Judono,Kepulauan Bangka Belitung,Belitung,C,RS Publik,53.0,13,1,3.0,3.0,2,2,100.0
1902012,RS Utama,Kepulauan Bangka Belitung,Belitung,D,RS Privat,33.0,13,0,Tidak tercatat,Tidak tercatat,0,0,Tidak tercatat
1906014,RS Umum Daerah  Muhammad Zein,Kepulauan Bangka Belitung,Belitung Timur,C,RS Publik,60.0,13,1,8.0,3.0,2,2,100.0
1971043,RS Bakti Timah Pangkalpinang,Kepulauan Bangka Belitung,Kota Pangkal Pinang,C,RS Privat,74.0,14,0,Tidak tercatat,Tidak tercatat,1,1,100.0
1971005,RS Ibu dan Anak Dzakirah,Kepulauan Bangka Belitung,Kota Pangkal Pinang,C,RS Privat,8.0,5,0,Tidak tercatat,Tidak tercatat,0,0,Tidak tercatat
1971003,RS Ibu dan Anak Muhaya,Kepulauan Bangka Belitung,Kota Pangkal Pinang,C,RS Privat,21.0,7,0,Tidak tercatat,Tidak tercatat,0,0,Tidak tercatat
1971006,RS Ibu dan Anak Rona,Kepulauan Bangka Belitung,Kota Pangkal Pinang,C,RS Privat,9.0,5,0,Tidak tercatat,Tidak tercatat,1,1,100.0
1971004,RS Kalbu Intan Medika,Kepulauan Bangka Belitung,Kota Pangkal Pinang,C,RS Privat,23.0,11,0,Tidak tercatat,Tidak tercatat,1,1,100.0
1971002,RS Primaya Bhakti Wara,Kepulauan Bangka Belitung,Kota Pangkal Pinang,C,RS Privat,57.0,12,0,Tidak tercatat,Tidak tercatat,1,1,100.0
1971021,RS Umum Daerah Depati Hamzah,Kepulauan Bangka Belitung,Kota Pangkal Pinang,C,RS Publik,78.0,13,1,2.0,2.0,2,2,100.0
2002010,RS Jiwa dan Ketergantungan Obat Engku Haji Daud,Kepulauan Riau,Bintan,B,RS Publik,41.0,11,0,Tidak tercatat,Tidak tercatat,1,1,100.0
2002002,RS Umum Daerah  Kabupaten Bintan,Kepulauan Riau,Bintan,C,RS Publik,63.0,12,1,0.0,0.0,1,1,100.0
2001045,RS Umum Bhakti Timah,Kepulauan Riau,Karimun,C,RS Privat,17.0,10,0,Tidak tercatat,Tidak tercatat,1,1,100.0
2001013,RS Umum Daerah Muhammad Sani Kabupaten Karimun,Kepulauan Riau,Karimun,C,RS Publik,78.0,13,1,2.0,2.0,3,3,100.0
2101003,RS Umum Daerah Tanjung Batu Kundur,Kepulauan Riau,Karimun,D PRATAMA,RS Publik,15.0,4,0,Tidak tercatat,Tidak tercatat,0,0,Tidak tercatat
2101014,RSUD TANJUNG BATU KUNDUR,Kepulauan Riau,Karimun,D PRATAMA,RS Publik,Tidak tercatat,0,0,Tidak tercatat,Tidak tercatat,0,0,Tidak tercatat
2005002,RS Umum Daerah Bergerak Jemaja,Kepulauan Riau,Kepulauan Anambas,D,RS Publik,15.0,6,1,1.0,1.0,0,0,Tidak tercatat
2003125,RS Umum Daerah Palmatak,Kepulauan Riau,Kepulauan Anambas,D,RS Publik,17.0,8,1,Tidak tercatat,0.0,1,1,100.0
2105005,RS Umum Daerah Tarempa,Kepulauan Riau,Kepulauan Anambas,D,RS Publik,28.0,7,1,2.0,1.0,1,1,100.0
2171078,RS Awal Bros Botania,Kepulauan Riau,Kota Batam,C,RS Privat,48.0,12,0,Tidak tercatat,Tidak tercatat,2,2,100.0
2071034,RS Badan Pengusahaan Batam,Kepulauan Riau,Kota Batam,B,RS Publik,Tidak tercatat,0,0,Tidak tercatat,Tidak tercatat,6,6,100.0
2171061,RS Bhayangkara Batam Polda Kepri,Kepulauan Riau,Kota Batam,D,RS Publik,21.0,8,0,Tidak tercatat,Tidak tercatat,1,1,100.0
2171065,RS Hj. Bunda Halimah Batam,Kepulauan Riau,Kota Batam,B,RS Privat,46.0,12,0,Tidak tercatat,Tidak tercatat,1,1,100.0
2071054,RS Ibu dan  Anak Griya Medika Batam,Kepulauan Riau,Kota Batam,C,RS Privat,13.0,8,0,Tidak tercatat,Tidak tercatat,1,1,100.0
2071057,RS Ibu dan Anak Frisdhy Angel,Kepulauan Riau,Kota Batam,C,RS Privat,15.0,6,0,Tidak tercatat,Tidak tercatat,0,0,Tidak tercatat
2171063,RS Ibu dan Anak Kasih Sayang Ibu,Kepulauan Riau,Kota Batam,C,RS Privat,4.0,3,0,Tidak tercatat,Tidak tercatat,0,0,Tidak tercatat
2071048,RS Ibu dan Anak Mutiara Aini,Kepulauan Riau,Kota Batam,C,RS Privat,24.0,12,0,Tidak tercatat,Tidak tercatat,0,0,Tidak tercatat
2171077,RS Jasmine,Kepulauan Riau,Kota Batam,D,RS Privat,12.0,7,0,Tidak tercatat,Tidak tercatat,0,0,Tidak tercatat
2171062,RS Keluarga Husada Batam,Kepulauan Riau,Kota Batam,C,RS Privat,25.0,8,0,Tidak tercatat,Tidak tercatat,0,0,Tidak tercatat
2171083,RS Mutiara Aini,Kepulauan Riau,Kota Batam,C,RS Privat,16.0,9,0,Tidak tercatat,Tidak tercatat,1,1,100.0
2171064,RS Santa Elisabeth Sei Lekop,Kepulauan Riau,Kota Batam,D,RS Privat,28.0,12,0,Tidak tercatat,Tidak tercatat,1,1,100.0
2071103,RS Umum Awal Bros Batam,Kepulauan Riau,Kota Batam,B,RS Privat,111.0,14,0,Tidak tercatat,Tidak tercatat,7,7,100.0
2071012,RS Umum Budi Kemuliaan Batam,Kepulauan Riau,Kota Batam,B,RS Publik,86.0,13,0,Tidak tercatat,Tidak tercatat,1,1,100.0
2071056,RS Umum Camatha Sahidya,Kepulauan Riau,Kota Batam,C,RS Privat,35.0,11,0,Tidak tercatat,Tidak tercatat,1,1,100.0
2071037,RS Umum Charis Medika,Kepulauan Riau,Kota Batam,C,RS Privat,27.0,11,0,Tidak tercatat,Tidak tercatat,1,1,100.0
2071114,RS Umum Daerah Embung Fatimah Kota Batam,Kepulauan Riau,Kota Batam,B,RS Publik,100.0,13,1,3.0,3.0,6,6,100.0
2071050,RS Umum Graha Hermine,Kepulauan Riau,Kota Batam,C,RS Privat,55.0,12,0,Tidak tercatat,Tidak tercatat,1,1,100.0
2071023,RS Umum Harapan Bunda Batam,Kepulauan Riau,Kota Batam,C,RS Publik,34.0,11,0,Tidak tercatat,Tidak tercatat,1,1,100.0
2071015,RS Umum Santa Elisabeth Batam,Kepulauan Riau,Kota Batam,C,RS Publik,53.0,12,0,Tidak tercatat,Tidak tercatat,1,1,100.0
2071053,RS Umum Santa Elisabeth Batam Kota,Kepulauan Riau,Kota Batam,C,RS Privat,64.0,12,0,Tidak tercatat,Tidak tercatat,1,1,100.0
2071059,RS Umum Soedarsono Darmosoewito,Kepulauan Riau,Kota Batam,C,RS Publik,29.0,10,0,Tidak tercatat,Tidak tercatat,1,1,100.0
2072012,RS Umum Daerah Kota Tanjung Pinang,Kepulauan Riau,Kota Tanjung Pinang,C,RS Publik,69.0,13,1,2.0,1.0,1,1,100.0
2072002,RS Umum Daerah Raja Ahmad Tabib,Kepulauan Riau,Kota Tanjung Pinang,B,RS Publik,131.0,14,1,8.0,8.0,6,6,100.0
2072023,Rumkital dr. Midiyato Suratani,Kepulauan Riau,Kota Tanjung Pinang,B,RS Publik,Tidak tercatat,0,0,Tidak tercatat,Tidak tercatat,3,3,100.0
2004012,RS Umum Daerah Dabo Kabupaten Lingga,Kepulauan Riau,Lingga,C,RS Publik,23.0,9,1,2.0,2.0,1,1,100.0
2004136,RS Umum Daerah Encik Mariyam,Kepulauan Riau,Lingga,D,RS Publik,22.0,8,0,Tidak tercatat,Tidak tercatat,0,0,Tidak tercatat
2003011,RS Umum Daerah Natuna,Kepulauan Riau,Natuna,C,RS Publik,49.0,11,1,1.0,1.0,1,1,100.0
2003056,RSAU dr. Yuniati Wisma Karyani,Kepulauan Riau,Natuna,D,RS Publik,7.0,4,0,Tidak tercatat,Tidak tercatat,0,0,Tidak tercatat
1871447,RS Belleza Kedaton Bandar Lampung,Lampung,Kota Bandar Lampung,C,RS Privat,31.0,7,0,Tidak tercatat,Tidak tercatat,0,0,Tidak tercatat
1871438,RS Bhayangkara Polda Lampung,Lampung,Kota Bandar Lampung,C,RS Publik,45.0,8,0,Tidak tercatat,Tidak tercatat,1,1,100.0
1871450,RS Budi Medika,Lampung,Kota Bandar Lampung,C,RS Privat,21.0,6,0,Tidak tercatat,Tidak tercatat,2,2,100.0
1871449,RS Hermina Lampung,Lampung,Kota Bandar Lampung,C,RS Privat,27.0,11,0,Tidak tercatat,Tidak tercatat,0,0,Tidak tercatat
1871446,RS Ibu dan Anak Bunda Asy Syifa,Lampung,Kota Bandar Lampung,C,RS Privat,20.0,9,0,Tidak tercatat,Tidak tercatat,0,0,Tidak tercatat
1871440,RS Ibu dan Anak Mutiara Putri,Lampung,Kota Bandar Lampung,C,RS Privat,25.0,8,0,Tidak tercatat,Tidak tercatat,0,0,Tidak tercatat
1871442,RS Ibu dan Anak Puri Betik Hati,Lampung,Kota Bandar Lampung,C,RS Privat,26.0,7,0,Tidak tercatat,Tidak tercatat,1,1,100.0
1871439,RS Ibu dan Anak Restu Bunda,Lampung,Kota Bandar Lampung,C,RS Privat,19.0,7,0,Tidak tercatat,Tidak tercatat,0,0,Tidak tercatat
1871443,RS Ibu dan Anak Santa Anna,Lampung,Kota Bandar Lampung,C,RS Privat,18.0,6,0,Tidak tercatat,Tidak tercatat,0,0,Tidak tercatat
1871223,RS Khusus Mata Permana Sari,Lampung,Kota Bandar Lampung,C,RS Publik,2.0,1,0,Tidak tercatat,Tidak tercatat,0,0,Tidak tercatat
1871448,RS Mata Lampung Eye Center (LEC),Lampung,Kota Bandar Lampung,C,RS Privat,8.0,2,0,Tidak tercatat,Tidak tercatat,0,0,Tidak tercatat
1871026,RS Tk. IV 02.07.04,Lampung,Kota Bandar Lampung,C,RS Publik,45.0,11,0,Tidak tercatat,Tidak tercatat,1,1,100.0
1871282,RS Umum Advent Bandar Lampung,Lampung,Kota Bandar Lampung,C,RS Publik,71.0,13,0,Tidak tercatat,Tidak tercatat,2,2,100.0
1871234,RS Umum Bumi Waras,Lampung,Kota Bandar Lampung,C,RS Publik,71.0,14,0,Tidak tercatat,Tidak tercatat,1,1,100.0
1801017,RS Umum Daerah Dr H Abdul Moeloek,Lampung,Kota Bandar Lampung,A,RS Publik,223.0,16,1,11.0,11.0,7,7,100.0
1871048,RS Umum Daerah Dr. A. Dadi Tjokrodipo,Lampung,Kota Bandar Lampung,C,RS Publik,97.0,13,1,1.0,1.0,2,2,100.0
1871416,RS Umum Graha Husada,Lampung,Kota Bandar Lampung,C,RS Privat,54.0,10,0,Tidak tercatat,Tidak tercatat,1,1,100.0
1871180,RS Umum Imanuel Way Halim,Lampung,Kota Bandar Lampung,B,RS Publik,88.0,13,0,Tidak tercatat,Tidak tercatat,3,3,100.0
1871427,RS Umum Pertamina-Bintang Amin Lampung,Lampung,Kota Bandar Lampung,C,RS Privat,55.0,11,0,Tidak tercatat,Tidak tercatat,2,2,100.0
1871405,RS Umum Urip Sumoharjo,Lampung,Kota Bandar Lampung,B,RS Privat,142.0,16,0,Tidak tercatat,Tidak tercatat,4,4,100.0
1872066,RS Azizah,Lampung,Kota Metro,D,RS Privat,12.0,5,0,Tidak tercatat,Tidak tercatat,0,0,Tidak tercatat
1872053,RS Ibu dan Anak Anugerah Medical Center Metro,Lampung,Kota Metro,C,RS Publik,28.0,7,0,Tidak tercatat,Tidak tercatat,1,1,100.0
1872065,RS Ibu dan Anak Asih Kota Metro,Lampung,Kota Metro,C,RS Publik,7.0,3,0,Tidak tercatat,Tidak tercatat,0,0,Tidak tercatat
1871020,RS Umum  Mardi Waluyo,Lampung,Kota Metro,C,RS Publik,62.0,12,0,Tidak tercatat,Tidak tercatat,1,1,100.0
1872016,RS Umum Daerah Ahmad Yani Metro,Lampung,Kota Metro,B,RS Publik,99.0,16,1,15.0,4.0,3,3,100.0
1872067,RS Umum Daerah Sumbersari Bantul,Lampung,Kota Metro,D,RS Publik,18.0,8,0,Tidak tercatat,Tidak tercatat,1,1,100.0
1872031,RS Umum Islam Metro,Lampung,Kota Metro,D,RS Publik,25.0,9,0,Tidak tercatat,Tidak tercatat,1,1,100.0
1872042,RS Umum Muhammadiyah Metro,Lampung,Kota Metro,C,RS Publik,63.0,14,0,Tidak tercatat,Tidak tercatat,2,2,100.0
1872064,RS Umum Permata Hati Metro,Lampung,Kota Metro,C,RS Publik,26.0,8,0,Tidak tercatat,Tidak tercatat,1,1,100.0
1801016,RS Ibu dan Anak Bunda,Lampung,Lampung Barat,C,RS Privat,10.0,5,0,Tidak tercatat,Tidak tercatat,0,0,Tidak tercatat
1801015,RS Umum Daerah Alimuddin Umar,Lampung,Lampung Barat,C,RS Publik,40.0,11,1,5.0,2.0,1,1,100.0
1803036,RS Airan Raya,Lampung,Lampung Selatan,C,RS Privat,Tidak tercatat,0,0,Tidak tercatat,Tidak tercatat,1,1,100.0
1803034,RS Ibu Anak Hidayah Ibu,Lampung,Lampung Selatan,C,RS Privat,6.0,5,0,Tidak tercatat,Tidak tercatat,0,0,Tidak tercatat
1803033,RS Natar Medika,Lampung,Lampung Selatan,C,RS Privat,40.0,11,0,Tidak tercatat,Tidak tercatat,1,1,100.0
1803048,RS Siti Khodijah,Lampung,Lampung Selatan,D,RS Privat,7.0,4,0,Tidak tercatat,Tidak tercatat,0,0,Tidak tercatat
1803035,RS Umum Daerah Bandar Negara Husada,Lampung,Lampung Selatan,C,RS Publik,34.0,6,0,Tidak tercatat,Tidak tercatat,1,1,100.0
1803021,"RS Umum Daerah Dr. H. Bob Bazar, SKM",Lampung,Lampung Selatan,C,RS Publik,61.0,13,1,0.0,0.0,0,0,Tidak tercatat
1805060,RS Artha Bunda,Lampung,Lampung Tengah,D,RS Privat,Tidak tercatat,0,0,Tidak tercatat,Tidak tercatat,0,0,Tidak tercatat
1805047,RS Ibu Anak Puri Adhya Paramita,Lampung,Lampung Tengah,C,RS Privat,17.0,7,0,Tidak tercatat,Tidak tercatat,0,0,Tidak tercatat
1805049,RS Ibu Anak Puti Bungsu,Lampung,Lampung Tengah,C,RS Privat,19.0,5,0,Tidak tercatat,Tidak tercatat,0,0,Tidak tercatat
1805048,RS Umum Az - Zahra,Lampung,Lampung Tengah,C,RS Privat,35.0,11,0,Tidak tercatat,Tidak tercatat,1,1,100.0
1805034,RS Umum Daerah Demang Sepulau Raya,Lampung,Lampung Tengah,C,RS Publik,73.0,13,1,0.0,0.0,2,2,100.0
1805045,RS Umum Harapan Bunda,Lampung,Lampung Tengah,C,RS Privat,44.0,13,0,Tidak tercatat,Tidak tercatat,1,1,100.0
1805024,RS Umum Islam Asy-Syifaa Bandar Jaya,Lampung,Lampung Tengah,C,RS Privat,Tidak tercatat,0,0,Tidak tercatat,Tidak tercatat,1,1,100.0
1805046,RS Umum Kartini,Lampung,Lampung Tengah,D,RS Privat,24.0,11,0,Tidak tercatat,Tidak tercatat,1,1,100.0
1805012,RS Umum Mitra Mulia Husada,Lampung,Lampung Tengah,D,RS Privat,36.0,10,0,Tidak tercatat,Tidak tercatat,1,1,100.0
1805023,RS Umum Yukum Medical Centre,Lampung,Lampung Tengah,C,RS Privat,53.0,13,0,Tidak tercatat,Tidak tercatat,1,1,100.0
1804012,RS AKA Medika Sribhawono,Lampung,Lampung Timur,C,RS Privat,22.0,10,0,Tidak tercatat,Tidak tercatat,1,1,100.0
1804014,RS Ibu dan Anak Ibunda,Lampung,Lampung Timur,C,RS Publik,6.0,5,0,Tidak tercatat,Tidak tercatat,0,0,Tidak tercatat
1804013,RS Ibu dan Anak Mawar,Lampung,Lampung Timur,C,RS Privat,30.0,10,0,Tidak tercatat,Tidak tercatat,0,0,Tidak tercatat
1804011,RS Umum Daerah Sukadana,Lampung,Lampung Timur,C,RS Publik,66.0,12,1,1.0,1.0,2,2,100.0
1804015,RS Umum Permata Hati,Lampung,Lampung Timur,C,RS Privat,Tidak tercatat,0,0,Tidak tercatat,Tidak tercatat,0,0,Tidak tercatat
1806038,RS Candimas Medical Center,Lampung,Lampung Utara,D,RS Privat,24.0,12,0,Tidak tercatat,Tidak tercatat,1,1,100.0
1806037,RS Maria Regina,Lampung,Lampung Utara,D,RS Publik,25.0,11,0,Tidak tercatat,Tidak tercatat,0,0,Tidak tercatat
1806039,RS Medika Insani,Lampung,Lampung Utara,C,RS Privat,21.0,10,0,Tidak tercatat,Tidak tercatat,0,0,Tidak tercatat
1806013,RS Umum Daerah May Jen HM Ryacudu,Lampung,Lampung Utara,C,RS Publik,57.0,13,1,1.0,1.0,2,2,100.0
1806036,RS Umum HI. Muhammad Yusuf,Lampung,Lampung Utara,D,RS Privat,11.0,8,0,Tidak tercatat,Tidak tercatat,0,0,Tidak tercatat
1806035,RS Umum Handayani,Lampung,Lampung Utara,C,RS Privat,52.0,13,0,Tidak tercatat,Tidak tercatat,1,1,100.0
1811013,RS Mesuji Healthcare Center,Lampung,Mesuji,D,RS Privat,Tidak tercatat,0,0,Tidak tercatat,Tidak tercatat,0,0,Tidak tercatat
1811002,RS Umum Daerah Ragab Begawe Caram,Lampung,Mesuji,C,RS Publik,53.0,11,1,6.0,3.0,1,1,100.0
1871176,RS Jiwa Daerah Provinsi Lampung,Lampung,Pesawaran,B,RS Publik,29.0,6,0,Tidak tercatat,Tidak tercatat,0,0,Tidak tercatat
1809002,RS Umum Daerah Pesawaran,Lampung,Pesawaran,C,RS Publik,48.0,12,1,4.0,3.0,1,1,100.0
1809003,RS Umum Gladish Medical Center,Lampung,Pesawaran,D,RS Privat,30.0,11,0,Tidak tercatat,Tidak tercatat,0,0,Tidak tercatat
1813001,RS Umum Daerah KH. Muhammad Thohir KRUI,Lampung,Pesisir Barat,D,RS Publik,Tidak tercatat,0,1,4.0,4.0,0,0,Tidak tercatat
1810005,RS Ibu dan Anak Harapan Bunda,Lampung,Pringsewu,C,RS Privat,6.0,2,0,Tidak tercatat,Tidak tercatat,0,0,Tidak tercatat
1810004,RS Ibu dan Anak Mutiara Hati,Lampung,Pringsewu,C,RS Privat,6.0,3,0,Tidak tercatat,Tidak tercatat,0,0,Tidak tercatat
1810007,RS Khusus Bedah Kurnia Medical Center,Lampung,Pringsewu,C,RS Privat,1.0,1,0,Tidak tercatat,Tidak tercatat,0,0,Tidak tercatat
1803010,RS Umum Daerah Pringsewu,Lampung,Pringsewu,C,RS Publik,67.0,13,1,10.0,6.0,2,2,100.0
1802038,RS Umum Mitra Husada,Lampung,Pringsewu,C,RS Privat,77.0,14,0,Tidak tercatat,Tidak tercatat,1,1,100.0
1810003,RS Umum Surya Asih,Lampung,Pringsewu,D,RS Privat,31.0,10,0,Tidak tercatat,Tidak tercatat,1,1,100.0
1871002,RS Wisma Rini,Lampung,Pringsewu,D,RS Privat,24.0,9,0,Tidak tercatat,Tidak tercatat,1,1,100.0
1802016,RS Panti Secanti,Lampung,Tanggamus,D,RS Publik,28.0,10,0,Tidak tercatat,Tidak tercatat,0,0,Tidak tercatat
1802027,RS Umum Daerah Batin Mangunang,Lampung,Tanggamus,C,RS Publik,41.0,13,1,1.0,1.0,0,0,Tidak tercatat
1808018,RS Griya Medika Dompet Dhuafa,Lampung,Tulang Bawang,D,RS Privat,23.0,10,0,Tidak tercatat,Tidak tercatat,1,1,100.0
1808015,RS Umum Daerah Menggala Tulang Bawang,Lampung,Tulang Bawang,B,RS Publik,88.0,15,1,2.0,2.0,1,1,100.0
1808016,RS Umum Mutiara Bunda,Lampung,Tulang Bawang,D,RS Privat,30.0,12,0,Tidak tercatat,Tidak tercatat,1,1,100.0
1808017,RS Umum Penawar Medika,Lampung,Tulang Bawang,D,RS Privat,28.0,9,0,Tidak tercatat,Tidak tercatat,1,1,100.0
1812002,RS Umum Asy-Syifa Medika,Lampung,Tulang Bawang Barat,D,RS Privat,23.0,10,0,Tidak tercatat,Tidak tercatat,0,0,Tidak tercatat
1812003,RS Umum Daerah Tulang Bawang Barat,Lampung,Tulang Bawang Barat,D,RS Publik,25.0,11,1,6.0,6.0,1,1,100.0
1807014,RS Umum Daerah Zainal Abidin Pagar Alam,Lampung,Way Kanan,C,RS Publik,51.0,10,1,0.0,0.0,1,1,100.0
1807016,RS Umum Haji Kamino,Lampung,Way Kanan,C,RS Publik,29.0,10,0,Tidak tercatat,Tidak tercatat,1,1,100.0
8103020,RS Umum Daerah Kab. Buru,Maluku,Buru,D,RS Publik,45.0,10,1,0.0,0.0,0,0,Tidak tercatat
8109002,RS Pratama Raja Latubau Soel Negeri Fogi,Maluku,Buru Selatan,D PRATAMA,RS Publik,3.0,2,0,Tidak tercatat,Tidak tercatat,0,0,Tidak tercatat
8109018,RS Umum Daerah dr. Salim Alkatiri,Maluku,Buru Selatan,D,RS Publik,25.0,9,1,4.0,4.0,1,1,100.0
8105019,RS Umum Daerah Cendrawasih Dobo,Maluku,Kepulauan Aru,D,RS Publik,19.0,8,1,4.0,4.0,1,1,100.0
8171110,RS Al Fatah,Maluku,Kota Ambon,C,RS Publik,24.0,8,0,Tidak tercatat,Tidak tercatat,1,1,100.0
8171125S,RS Alternatif BPSDM Provinsi Maluku,Maluku,Kota Ambon,Belum Ditetapkan,RS Publik,44.0,4,0,Tidak tercatat,Tidak tercatat,0,0,Tidak tercatat
8171121,RS Bhayangkara Ambon,Maluku,Kota Ambon,C,RS Publik,27.0,9,0,Tidak tercatat,Tidak tercatat,1,1,100.0
8171074,RS Hative Passo,Maluku,Kota Ambon,D,RS Publik,19.0,9,0,Tidak tercatat,Tidak tercatat,0,0,Tidak tercatat
8171126S,RS Lapangan Covid-19 Kota Ambon,Maluku,Kota Ambon,Belum Ditetapkan,RS Publik,Tidak tercatat,0,0,Tidak tercatat,Tidak tercatat,0,0,Tidak tercatat
8171124,RS Siloam Ambon,Maluku,Kota Ambon,C,RS Privat,36.0,11,0,Tidak tercatat,Tidak tercatat,2,2,100.0
8171085,RS Sumber Hidup GPM,Maluku,Kota Ambon,C,RS Publik,3.0,1,0,Tidak tercatat,Tidak tercatat,1,1,100.0
8171030,RS TNI AL dr. FX. Soehardjo,Maluku,Kota Ambon,D,RS Publik,19.0,8,0,Tidak tercatat,Tidak tercatat,0,0,Tidak tercatat
8171026,RS Tk. II Prof. dr. J. A. Latumeten,Maluku,Kota Ambon,B,RS Publik,55.0,12,0,Tidak tercatat,Tidak tercatat,1,1,100.0
8171096,RS Umum Bakti Rahayu,Maluku,Kota Ambon,D,RS Publik,13.0,5,0,Tidak tercatat,Tidak tercatat,1,1,100.0
8171015,RS Umum Dr. M. Haulussy Ambon,Maluku,Kota Ambon,B,RS Publik,133.0,14,1,4.0,4.0,4,4,100.0
8171123,RS Umum Pusat Dr. Johannes Leimena Ambon,Maluku,Kota Ambon,B,RS Publik,107.0,13,1,5.0,5.0,4,4,100.0
8171063,RSKD Provinsi Maluku,Maluku,Kota Ambon,B,RS Publik,13.0,5,0,Tidak tercatat,Tidak tercatat,1,1,100.0
8172004S,RS Alternatif Khusus Covid-19 Tanpa Gejala,Maluku,Kota Tual,Belum Ditetapkan,RS Publik,Tidak tercatat,0,0,Tidak tercatat,Tidak tercatat,0,0,Tidak tercatat
8172002,RS Umum Daerah Maren H. Noho Renuat Kota Tual,Maluku,Kota Tual,D,RS Publik,28.0,10,1,6.0,5.0,1,1,100.0
8108002,RS Umum Daerah Tiakur,Maluku,Maluku Barat Daya,D,RS Publik,19.0,6,1,6.0,5.0,0,0,Tidak tercatat
8103002,RS Umum Daerah Banda,Maluku,Maluku Tengah,D,RS Publik,10.0,4,0,Tidak tercatat,Tidak tercatat,0,0,Tidak tercatat
8103053,RS Umum Daerah dr. Ishak Umarella,Maluku,Maluku Tengah,C,RS Publik,43.0,10,1,4.0,4.0,1,1,100.0
8103042,RS Umum Masohi,Maluku,Maluku Tengah,C,RS Publik,66.0,13,1,4.0,2.0,2,2,100.0
8103016,RS Umum Saparua,Maluku,Maluku Tengah,D,RS Publik,12.0,3,0,Tidak tercatat,Tidak tercatat,0,0,Tidak tercatat
8102055S,RS Alternatif Covid-19 Tanpa Gejala,Maluku,Maluku Tenggara,Belum Ditetapkan,RS Publik,3.0,3,0,Tidak tercatat,Tidak tercatat,0,0,Tidak tercatat
8101026,RS Hati Kudus Langgur,Maluku,Maluku Tenggara,D,RS Publik,10.0,5,0,Tidak tercatat,Tidak tercatat,0,0,Tidak tercatat
8101015,RS Umum Karel Sadsuitubun,Maluku,Maluku Tenggara,C,RS Publik,36.0,12,1,0.0,0.0,0,0,Tidak tercatat
8101041,RS Fatima Saumlaki,Maluku,Maluku Tenggara Barat,D,RS Publik,2.0,1,0,Tidak tercatat,Tidak tercatat,0,0,Tidak tercatat
8101063,RS Umum Daerah Dr. P. P. Magretti Saumlaki,Maluku,Maluku Tenggara Barat,D,RS Publik,32.0,9,1,7.0,6.0,1,1,100.0
8101064,RS Umum Daerah dr. D. Anatototi,Maluku,Maluku Tenggara Barat,D,RS Publik,2.0,2,0,Tidak tercatat,Tidak tercatat,0,0,Tidak tercatat
8106011,RS Pratama Wasala,Maluku,Seram Bagian Barat,D PRATAMA,RS Publik,3.0,2,0,Tidak tercatat,Tidak tercatat,0,0,Tidak tercatat
8106010,RS Umum Piru,Maluku,Seram Bagian Barat,C,RS Publik,28.0,11,1,0.0,0.0,1,1,100.0
8107021,RS Umum Daerah Bula,Maluku,Seram Bagian Timur,C,RS Publik,36.0,11,1,1.0,1.0,1,1,100.0
8107024,RS Umum Daerah Goran Riun,Maluku,Seram Bagian Timur,D,RS Publik,15.0,5,0,Tidak tercatat,Tidak tercatat,0,0,Tidak tercatat
8201021,RS Umum Daerah Jailolo,Maluku Utara,Halmahera Barat,C,RS Publik,40.0,11,1,0.0,0.0,2,2,100.0
8204011,RS Pratama Bisui Kab. Halmahera Selatan,Maluku Utara,Halmahera Selatan,D,RS Publik,Tidak tercatat,0,0,Tidak tercatat,Tidak tercatat,0,0,Tidak tercatat
8204010,RS Umum Daerah  Labuha,Maluku Utara,Halmahera Selatan,C,RS Publik,18.0,6,1,1.0,1.0,2,2,100.0
8204012,RS Umum Obi,Maluku Utara,Halmahera Selatan,D,RS Publik,12.0,2,0,Tidak tercatat,Tidak tercatat,0,0,Tidak tercatat
8205021,RS Umum Daerah Weda,Maluku Utara,Halmahera Tengah,D,RS Publik,48.0,11,1,4.0,4.0,1,1,100.0
8206012,RS Umum Daerah Maba,Maluku Utara,Halmahera Timur,D,RS Publik,28.0,9,1,6.0,5.0,0,0,Tidak tercatat
8205033,RS Bethesda GMIH Tobelo,Maluku Utara,Halmahera Utara,D,RS Publik,13.0,6,0,Tidak tercatat,Tidak tercatat,0,0,Tidak tercatat
8201010,RS Umum Daerah Tobelo,Maluku Utara,Halmahera Utara,C,RS Publik,75.0,10,1,2.0,2.0,0,0,Tidak tercatat
8203020,RS Umum Daerah Sanana,Maluku Utara,Kepulauan Sula,D,RS Publik,34.0,8,1,0.0,0.0,0,0,Tidak tercatat
8271058,RS Bhayangkara Tk. IV Ternate,Maluku Utara,Kota Ternate,D,RS Publik,12.0,5,0,Tidak tercatat,Tidak tercatat,0,0,Tidak tercatat
8271070,RS Ibu dan Anak Andina,Maluku Utara,Kota Ternate,C,RS Privat,Tidak tercatat,0,0,Tidak tercatat,Tidak tercatat,0,0,Tidak tercatat
8271042,RS Islam PKU Muhammadiyah Maluku Utara,Maluku Utara,Kota Ternate,D,RS Publik,10.0,8,0,Tidak tercatat,Tidak tercatat,1,1,100.0
8271057,RS Prima Ternate,Maluku Utara,Kota Ternate,D,RS Publik,13.0,5,0,Tidak tercatat,Tidak tercatat,1,1,100.0
8271020,RS Tk. IV 16.07.01 TNI AD Ternate,Maluku Utara,Kota Ternate,D,RS Publik,22.0,9,0,Tidak tercatat,Tidak tercatat,0,0,Tidak tercatat
8271016,RS Umum Daerah Dr. H. Chasan Boesoirie Ternate,Maluku Utara,Kota Ternate,B,RS Publik,87.0,14,1,3.0,3.0,4,4,100.0
8271069,RS Umum Daerah Kota Ternate,Maluku Utara,Kota Ternate,D,RS Publik,16.0,7,1,4.0,4.0,0,0,Tidak tercatat
8271031,RS Umum Dharma Ibu Ternate,Maluku Utara,Kota Ternate,D,RS Publik,21.0,8,0,Tidak tercatat,Tidak tercatat,0,0,Tidak tercatat
8272004,RS Jiwa Sofifi,Maluku Utara,Kota Tidore Kepulauan,C,RS Publik,12.0,3,0,Tidak tercatat,Tidak tercatat,0,0,Tidak tercatat
8202043,RS Umum Daerah Kota Tidore Kepulauan,Maluku Utara,Kota Tidore Kepulauan,C,RS Publik,83.0,11,1,12.0,7.0,2,2,100.0
8272003,RS Umum Sofifi,Maluku Utara,Kota Tidore Kepulauan,D,RS Publik,36.0,9,0,Tidak tercatat,Tidak tercatat,0,0,Tidak tercatat
8207011,RS Umum Daerah  Sultan H. Mudaffar Sjah,Maluku Utara,Pulau Morotai,D PRATAMA,RS Publik,Tidak tercatat,0,0,Tidak tercatat,Tidak tercatat,0,0,Tidak tercatat
8205032,RS Umum Daerah Ir. Soekarno Kab. Pulau Morotai,Maluku Utara,Pulau Morotai,C,RS Publik,51.0,9,1,3.0,3.0,1,1,100.0
8208001,RS Umum Daerah Bobong,Maluku Utara,Pulau Taliabu,D PRATAMA,RS Publik,12.0,6,1,5.0,5.0,0,0,Tidak tercatat
5206015,RS Umum Bima,Nusa Tenggara Barat,Bima,C,RS Publik,110.0,12,1,7.0,6.0,1,1,100.0
5206029,RS Umum Daerah Sondosia Kab. Bima,Nusa Tenggara Barat,Bima,D,RS Publik,35.0,4,0,Tidak tercatat,Tidak tercatat,0,0,Tidak tercatat
5205016,RS Umum Daerah Manggelewa,Nusa Tenggara Barat,Dompu,D,RS Publik,35.0,8,0,Tidak tercatat,Tidak tercatat,0,0,Tidak tercatat
5205014,RS Umum Dompu,Nusa Tenggara Barat,Dompu,C,RS Publik,73.0,11,1,6.0,5.0,1,1,100.0
5206028,RS PKU Muhammadiyah Bima,Nusa Tenggara Barat,Kota Bima,D,RS Publik,23.0,8,0,Tidak tercatat,Tidak tercatat,1,1,100.0
5272005,RS Umum Daerah Kota Bima,Nusa Tenggara Barat,Kota Bima,D,RS Publik,65.0,12,1,0.0,0.0,1,1,100.0
5206030,RS dr. Agung,Nusa Tenggara Barat,Kota Bima,D,RS Privat,24.0,10,0,Tidak tercatat,Tidak tercatat,0,0,Tidak tercatat
5271021,RS Angkatan Darat REM Wira Bhakti Mataram,Nusa Tenggara Barat,Kota Mataram,D,RS Publik,61.0,11,0,Tidak tercatat,Tidak tercatat,1,1,100.0
5271065,RS Bhayangkara Mataram,Nusa Tenggara Barat,Kota Mataram,C,RS Publik,44.0,13,0,Tidak tercatat,Tidak tercatat,1,1,100.0
5271098,RS Bio Medika,Nusa Tenggara Barat,Kota Mataram,D,RS Privat,33.0,12,0,Tidak tercatat,Tidak tercatat,0,0,Tidak tercatat
5272003,RS Harapan Keluarga,Nusa Tenggara Barat,Kota Mataram,C,RS Privat,69.0,13,0,Tidak tercatat,Tidak tercatat,1,1,100.0
5271099,RS Ibu dan Anak Permata Hati,Nusa Tenggara Barat,Kota Mataram,C,RS Privat,29.0,6,0,Tidak tercatat,Tidak tercatat,0,0,Tidak tercatat
5271102,RS Ibu dan Anak Tresna,Nusa Tenggara Barat,Kota Mataram,C,RS Privat,9.0,4,0,Tidak tercatat,Tidak tercatat,0,0,Tidak tercatat
5271032,RS Islam Siti Hajar,Nusa Tenggara Barat,Kota Mataram,C,RS Publik,49.0,12,0,Tidak tercatat,Tidak tercatat,2,2,100.0
5271054,RS Jiwa Mutiara Sukma,Nusa Tenggara Barat,Kota Mataram,B,RS Publik,33.0,9,0,Tidak tercatat,Tidak tercatat,1,1,100.0
5271103,RS Mata Nusa Tenggara Barat,Nusa Tenggara Barat,Kota Mataram,C,RS Publik,Tidak tercatat,0,0,Tidak tercatat,Tidak tercatat,0,0,Tidak tercatat
5271104,RS Metro Medika,Nusa Tenggara Barat,Kota Mataram,C,RS Privat,24.0,12,0,Tidak tercatat,Tidak tercatat,1,1,100.0
5271076,RS Risa Sentra Medika,Nusa Tenggara Barat,Kota Mataram,C,RS Privat,60.0,14,0,Tidak tercatat,Tidak tercatat,0,0,Tidak tercatat
5271087,RS Umum Daerah Kota Mataram,Nusa Tenggara Barat,Kota Mataram,B,RS Publik,Tidak tercatat,0,1,3.0,3.0,3,3,100.0
5271010,RS Umum Daerah Provinsi NTB,Nusa Tenggara Barat,Kota Mataram,A,RS Publik,262.0,15,1,13.0,11.0,7,6,85.71
5271043,RS Umum Khatolik Saint Antonius  Ampenan,Nusa Tenggara Barat,Kota Mataram,D,RS Publik,24.0,9,0,Tidak tercatat,Tidak tercatat,0,0,Tidak tercatat
5271101,RS Universitas Mataram,Nusa Tenggara Barat,Kota Mataram,C,RS Privat,81.0,14,0,Tidak tercatat,Tidak tercatat,1,1,100.0
5271100,Siloam Hospitals Mataram,Nusa Tenggara Barat,Kota Mataram,C,RS Privat,54.0,13,0,Tidak tercatat,Tidak tercatat,0,0,Tidak tercatat
5201012,RS Umum Daerah Awet Muda Narmada,Nusa Tenggara Barat,Lombok Barat,C,RS Publik,65.0,12,0,Tidak tercatat,Tidak tercatat,1,1,100.0
5201010,RS Umum Daerah Patut Patuh Patju,Nusa Tenggara Barat,Lombok Barat,B,RS Publik,80.0,13,1,0.0,0.0,3,3,100.0
5202024,RS Cahaya Medika,Nusa Tenggara Barat,Lombok Tengah,D,RS Privat,5.0,1,0,Tidak tercatat,Tidak tercatat,1,1,100.0
5202023,RS Ibu dan Anak Bhumi Bunda,Nusa Tenggara Barat,Lombok Tengah,C,RS Publik,6.0,4,0,Tidak tercatat,Tidak tercatat,0,0,Tidak tercatat
5202022,RS Islam Yatofa,Nusa Tenggara Barat,Lombok Tengah,D,RS Publik,36.0,10,0,Tidak tercatat,Tidak tercatat,2,2,100.0
5202035,RS Mandalika Provinsi Nusa Tenggara Barat,Nusa Tenggara Barat,Lombok Tengah,C,RS Publik,26.0,8,0,Tidak tercatat,Tidak tercatat,1,1,100.0
5202036,RS Umum Adikarsa,Nusa Tenggara Barat,Lombok Tengah,D,RS Privat,Tidak tercatat,0,0,Tidak tercatat,Tidak tercatat,0,0,Tidak tercatat
5202011,RS Umum Praya,Nusa Tenggara Barat,Lombok Tengah,C,RS Publik,105.0,14,1,0.0,0.0,2,2,100.0
5203029,RS Ibu dan Anak Kuncup Bunga,Nusa Tenggara Barat,Lombok Timur,C,RS Privat,7.0,3,0,Tidak tercatat,Tidak tercatat,0,0,Tidak tercatat
5203042,RS Ibu dan Anak Permata Hati Lombok Timur,Nusa Tenggara Barat,Lombok Timur,C,RS Privat,18.0,7,0,Tidak tercatat,Tidak tercatat,0,0,Tidak tercatat
5203024,RS Islam Namira,Nusa Tenggara Barat,Lombok Timur,C,RS Privat,30.0,10,0,Tidak tercatat,Tidak tercatat,0,0,Tidak tercatat
5203028,RS Islam S. Anggoro,Nusa Tenggara Barat,Lombok Timur,D,RS Privat,21.0,10,0,Tidak tercatat,Tidak tercatat,0,0,Tidak tercatat
5203025,RS Lotim Medical Center,Nusa Tenggara Barat,Lombok Timur,D,RS Privat,30.0,11,0,Tidak tercatat,Tidak tercatat,2,2,100.0
5203012,RS Umum Daerah Dr. R. Soedjono Selong,Nusa Tenggara Barat,Lombok Timur,B,RS Publik,134.0,13,1,3.0,2.0,3,3,100.0
5203027,RS Umum Daerah Lombok Timur,Nusa Tenggara Barat,Lombok Timur,D,RS Publik,40.0,10,0,Tidak tercatat,Tidak tercatat,1,1,100.0
5203030,RS Umum Daerah Patuh Karya,Nusa Tenggara Barat,Lombok Timur,D,RS Publik,28.0,7,0,Tidak tercatat,Tidak tercatat,0,0,Tidak tercatat
5203041,RS Umum Daerah Selaparang,Nusa Tenggara Barat,Lombok Timur,D PRATAMA,RS Publik,Tidak tercatat,0,0,Tidak tercatat,Tidak tercatat,0,0,Tidak tercatat
5208002,RS Umum Kab. Lombok Utara,Nusa Tenggara Barat,Lombok Utara,C,RS Publik,75.0,11,1,5.0,5.0,1,1,100.0
5206027,RS H. L. Manambai Abdulkadir,Nusa Tenggara Barat,Sumbawa,C,RS Publik,101.0,13,1,2.0,2.0,2,2,100.0
5207004,RS Surya Medika PKU Muhammadiyah Sumbawa,Nusa Tenggara Barat,Sumbawa,D,RS Publik,24.0,10,0,Tidak tercatat,Tidak tercatat,1,1,100.0
5204013,RS Umum Sumbawa Besar,Nusa Tenggara Barat,Sumbawa,C,RS Publik,79.0,14,1,13.0,7.0,2,2,100.0
5207002,RS Umum Daerah Asy-Syifa Sumbawa Barat,Nusa Tenggara Barat,Sumbawa Barat,C,RS Publik,53.0,10,1,6.0,4.0,1,1,100.0
5307010,RS Daerah Kalabahi,Nusa Tenggara Timur,Alor,C,RS Publik,55.0,11,1,0.0,0.0,1,1,100.0
5307021,RS Umum Kelas D Pratama Mola,Nusa Tenggara Timur,Alor,D PRATAMA,RS Publik,6.0,2,0,Tidak tercatat,Tidak tercatat,0,0,Tidak tercatat
5306020,RS Katholik Marianum Halilulik,Nusa Tenggara Timur,Belu,D,RS Publik,18.0,10,0,Tidak tercatat,Tidak tercatat,0,0,Tidak tercatat
5306031,RS Sito Husada,Nusa Tenggara Timur,Belu,D,RS Publik,10.0,5,0,Tidak tercatat,Tidak tercatat,1,1,100.0
5306053,RS Tk. IV 09.07.04 Atambua,Nusa Tenggara Timur,Belu,D,RS Publik,18.0,6,0,Tidak tercatat,Tidak tercatat,0,0,Tidak tercatat
5306016,RS Umum Daerah MGR Gabriel Manek,Nusa Tenggara Timur,Belu,C,RS Publik,Tidak tercatat,0,1,1.0,1.0,1,1,100.0
5311025,RS Kelas D Pratama Tanali,Nusa Tenggara Timur,Ende,D PRATAMA,RS Publik,4.0,2,0,Tidak tercatat,Tidak tercatat,0,0,Tidak tercatat
5311024,RS St Antonius Jopu,Nusa Tenggara Timur,Ende,D,RS Publik,14.0,3,0,Tidak tercatat,Tidak tercatat,0,0,Tidak tercatat
5311013,RS Umum Daerah Ende,Nusa Tenggara Timur,Ende,C,RS Publik,58.0,11,1,1.0,1.0,2,2,100.0
5309046,RS Pratama Adonara,Nusa Tenggara Timur,Flores Timur,D PRATAMA,RS Publik,Tidak tercatat,0,0,Tidak tercatat,Tidak tercatat,0,0,Tidak tercatat
5309012,RS Umum Daerah dr. Hendrikus Fernandez Larantuka,Nusa Tenggara Timur,Flores Timur,C,RS Publik,57.0,9,1,2.0,2.0,1,1,100.0
5303033,RS Bhayangkara,Nusa Tenggara Timur,Kota Kupang,C,RS Publik,57.0,11,0,Tidak tercatat,Tidak tercatat,2,2,100.0
5371047,RS Ibu dan Anak Dedari,Nusa Tenggara Timur,Kota Kupang,C,RS Publik,37.0,8,0,Tidak tercatat,Tidak tercatat,2,2,100.0
5371059,RS Jiwa Naimata,Nusa Tenggara Timur,Kota Kupang,C,RS Publik,19.0,4,0,Tidak tercatat,Tidak tercatat,1,1,100.0
5371057,RS Kartini,Nusa Tenggara Timur,Kota Kupang,D,RS Privat,39.0,12,0,Tidak tercatat,Tidak tercatat,2,2,100.0
5371054,RS Mamami,Nusa Tenggara Timur,Kota Kupang,C,RS Privat,37.0,8,0,Tidak tercatat,Tidak tercatat,0,0,Tidak tercatat
5303028,RS Siloam Kupang,Nusa Tenggara Timur,Kota Kupang,B,RS Privat,57.0,10,0,Tidak tercatat,Tidak tercatat,3,3,100.0
5371052,RS St. Carolus Borromeus,Nusa Tenggara Timur,Kota Kupang,C,RS Publik,69.0,13,0,Tidak tercatat,Tidak tercatat,1,1,100.0
5371046,RS TNI AL Lantamal VII Kupang,Nusa Tenggara Timur,Kota Kupang,C,RS Publik,29.0,11,0,Tidak tercatat,Tidak tercatat,0,0,Tidak tercatat
5303022,RS Tk. III Wirasakti Kupang,Nusa Tenggara Timur,Kota Kupang,C,RS Publik,46.0,10,0,Tidak tercatat,Tidak tercatat,1,1,100.0
5303013,RS Umum Daerah S. K. Lerik,Nusa Tenggara Timur,Kota Kupang,C,RS Publik,55.0,12,1,3.0,3.0,2,2,100.0
5371058,RS Umum Leona Kupang,Nusa Tenggara Timur,Kota Kupang,C,RS Publik,60.0,10,0,Tidak tercatat,Tidak tercatat,1,1,100.0
5371011,RS Umum Prof. Dr. WZ Johanes,Nusa Tenggara Timur,Kota Kupang,B,RS Publik,140.0,14,1,6.0,6.0,6,6,100.0
5303056,RS Umum Pusat dr. Ben Mboi,Nusa Tenggara Timur,Kota Kupang,B,RS Publik,51.0,15,1,4.0,4.0,3,3,100.0
5371060,RS Umum Universitas Nusa Cendana,Nusa Tenggara Timur,Kota Kupang,C,RS Publik,18.0,7,0,Tidak tercatat,Tidak tercatat,0,0,Tidak tercatat
5303045,RS Umum Daerah Naibonat,Nusa Tenggara Timur,Kupang,C,RS Publik,48.0,12,1,5.0,3.0,0,0,Tidak tercatat
5308023,RS  Bukit Lewoleba,Nusa Tenggara Timur,Lembata,D,RS Publik,11.0,2,0,Tidak tercatat,Tidak tercatat,0,0,Tidak tercatat
5309034,RS Damian Lembata,Nusa Tenggara Timur,Lembata,D,RS Publik,11.0,5,0,Tidak tercatat,Tidak tercatat,0,0,Tidak tercatat
5308045,RS Umum Daerah Lewoleba,Nusa Tenggara Timur,Lembata,C,RS Publik,33.0,8,1,4.0,3.0,1,1,100.0
5306042,RS Umum Penyangga Perbatasan Betun,Nusa Tenggara Timur,Malaka,C,RS Publik,Tidak tercatat,0,1,3.0,2.0,1,1,100.0
5313026,RS  ST Rafael Cancar,Nusa Tenggara Timur,Manggarai,D,RS Publik,11.0,3,0,Tidak tercatat,Tidak tercatat,0,0,Tidak tercatat
5313037,RS Pratama Reo,Nusa Tenggara Timur,Manggarai,D PRATAMA,RS Publik,Tidak tercatat,0,0,Tidak tercatat,Tidak tercatat,0,0,Tidak tercatat
5313015,RS Umum Daerah Ruteng,Nusa Tenggara Timur,Manggarai,C,RS Publik,54.0,10,1,2.0,2.0,1,1,100.0
5315002,RS Siloam Labuan Bajo,Nusa Tenggara Timur,Manggarai Barat,C,RS Privat,49.0,11,0,Tidak tercatat,Tidak tercatat,1,1,100.0
5315003,RS Umum Daerah Komodo,Nusa Tenggara Timur,Manggarai Barat,C,RS Publik,56.0,11,1,3.0,3.0,1,1,100.0
5315004,RS Umum Santo Yoseph Labuan bajo,Nusa Tenggara Timur,Manggarai Barat,D,RS Publik,11.0,5,0,Tidak tercatat,Tidak tercatat,0,0,Tidak tercatat
5319002,RS Umum Daerah Borong,Nusa Tenggara Timur,Manggarai Timur,D,RS Publik,31.0,10,1,3.0,2.0,0,0,Tidak tercatat
5318002,RS Umum Daerah Aeramo Kabupaten Nagekeo,Nusa Tenggara Timur,Nagekeo,C,RS Publik,49.0,9,1,2.0,2.0,1,1,100.0
5312014,RS Umum Bajawa,Nusa Tenggara Timur,Ngada,C,RS Publik,Tidak tercatat,0,1,1.0,1.0,1,1,100.0
5303024,RS Umum Daerah Rote Ndao Ba'a ,Nusa Tenggara Timur,Rote Ndao,D,RS Publik,44.0,11,1,6.0,4.0,1,1,100.0
5320002,RS Umum Daerah Sabu Raijua,Nusa Tenggara Timur,Sabu Raijua,D,RS Publik,Tidak tercatat,0,1,4.0,3.0,0,0,Tidak tercatat
5310023,RS St Elizabeth Lela,Nusa Tenggara Timur,Sikka,D,RS Publik,10.0,5,0,Tidak tercatat,Tidak tercatat,0,0,Tidak tercatat
5310012,RS Umum Dr TC Hillers Maumere,Nusa Tenggara Timur,Sikka,C,RS Publik,77.0,11,1,2.0,2.0,2,2,100.0
5310034,RS Umum St. Gabriel Kewapante Sikka,Nusa Tenggara Timur,Sikka,D,RS Publik,10.0,4,0,Tidak tercatat,Tidak tercatat,0,0,Tidak tercatat
5301011,RS Kristen Lende Moripa,Nusa Tenggara Timur,Sumba Barat,D,RS Publik,19.0,9,0,Tidak tercatat,Tidak tercatat,0,0,Tidak tercatat
5301035,RS Umum Hobakalla,Nusa Tenggara Timur,Sumba Barat,D,RS Publik,4.0,2,0,Tidak tercatat,Tidak tercatat,0,0,Tidak tercatat
5301033,RS Umum Waikabubak,Nusa Tenggara Timur,Sumba Barat,C,RS Publik,48.0,12,1,2.0,2.0,2,2,100.0
5301022,RS Karitas Weetabula,Nusa Tenggara Timur,Sumba Barat Daya,C,RS Publik,31.0,10,0,Tidak tercatat,Tidak tercatat,0,0,Tidak tercatat
5317002,RS Umum Daerah Reda Bolo,Nusa Tenggara Timur,Sumba Barat Daya,D,RS Publik,34.0,9,1,6.0,4.0,0,0,Tidak tercatat
5316003,RS Umum Daerah Waibakul,Nusa Tenggara Timur,Sumba Tengah,C,RS Publik,30.0,8,1,4.0,4.0,0,0,Tidak tercatat
5302045,RS Ibu dan Anak Mitra Ananda,Nusa Tenggara Timur,Sumba Timur,C,RS Privat,Tidak tercatat,0,0,Tidak tercatat,Tidak tercatat,0,0,Tidak tercatat
5302012,RS Kristen Lindimara,Nusa Tenggara Timur,Sumba Timur,D,RS Publik,23.0,6,0,Tidak tercatat,Tidak tercatat,1,1,100.0
5302023,RS Umum Daerah Waingapu,Nusa Tenggara Timur,Sumba Timur,C,RS Publik,51.0,14,1,2.0,2.0,1,1,100.0
5302034,RS Umum Imanuel Sumba,Nusa Tenggara Timur,Sumba Timur,D,RS Publik,9.0,4,0,Tidak tercatat,Tidak tercatat,1,1,100.0
5304015,RS Umum Muder Ignacia,Nusa Tenggara Timur,Timor Tengah Selatan,D PRATAMA,RS Publik,9.0,3,0,Tidak tercatat,Tidak tercatat,0,0,Tidak tercatat
5304014,RS Umum Soe,Nusa Tenggara Timur,Timor Tengah Selatan,C,RS Publik,53.0,11,1,1.0,1.0,1,1,100.0
5305024,RS Umum Bunda Pembantu Abadi Naob,Nusa Tenggara Timur,Timor Tengah Utara,D,RS Publik,8.0,4,0,Tidak tercatat,Tidak tercatat,0,0,Tidak tercatat
5305015,RS Umum Daerah Kefamenanu,Nusa Tenggara Timur,Timor Tengah Utara,C,RS Publik,43.0,11,1,7.0,4.0,1,1,100.0
5305025,RS Umum Leona,Nusa Tenggara Timur,Timor Tengah Utara,C,RS Privat,23.0,10,0,Tidak tercatat,Tidak tercatat,1,1,100.0
9205030,RS Angkatan Laut dr. R Gandhi AT,Papua,Biak Numfor,C,RS Publik,7.0,4,0,Tidak tercatat,Tidak tercatat,0,0,Tidak tercatat
9205015,RS Umum Biak,Papua,Biak Numfor,C,RS Publik,64.0,11,1,2.0,2.0,3,3,100.0
9203017,RS AU Tkt. IV Lanud Silas Papare,Papua,Jayapura,D PRATAMA,RS Publik,7.0,3,0,Tidak tercatat,Tidak tercatat,0,0,Tidak tercatat
9271078,RS Umum Daerah Yowari Sentani,Papua,Jayapura,C,RS Publik,52.0,11,1,2.0,2.0,1,1,100.0
9220043,RS Umum Daerah Kwaingga Kabupaten Keerom,Papua,Keerom,D,RS Publik,30.0,7,1,5.0,4.0,0,0,Tidak tercatat
9204014,RS Umum Daerah Serui,Papua,Kepulauan Yapen,C,RS Publik,42.0,9,1,6.0,5.0,1,1,100.0
9271067,RS Bhayangkara Jayapura,Papua,Kota Jayapura,C,RS Publik,77.0,12,0,Tidak tercatat,Tidak tercatat,1,1,100.0
9271056,RS Dian Harapan,Papua,Kota Jayapura,C,RS Publik,59.0,10,0,Tidak tercatat,Tidak tercatat,2,2,100.0
9271045,RS Jiwa Abepura,Papua,Kota Jayapura,B,RS Publik,19.0,2,0,Tidak tercatat,Tidak tercatat,0,0,Tidak tercatat
9271079,RS Provita Jayapura,Papua,Kota Jayapura,C,RS Privat,52.0,11,0,Tidak tercatat,Tidak tercatat,1,1,100.0
9203016,RS TNI Angkatan Darat Marthen Indey Jayapura,Papua,Kota Jayapura,C,RS Publik,38.0,11,0,Tidak tercatat,Tidak tercatat,1,1,100.0
9203015,RS TNI Angkatan Laut dr. Soedibjo Sardadi,Papua,Kota Jayapura,C,RS Publik,33.0,11,0,Tidak tercatat,Tidak tercatat,0,0,Tidak tercatat
9271023,RS Umum Abepura,Papua,Kota Jayapura,C,RS Publik,48.0,9,1,2.0,2.0,1,1,100.0
9271080,RS Umum Daerah Ramela Muara Tami,Papua,Kota Jayapura,D,RS Publik,21.0,5,0,Tidak tercatat,Tidak tercatat,1,1,100.0
9271012,RS Umum Jayapura,Papua,Kota Jayapura,B,RS Publik,131.0,13,1,10.0,10.0,5,5,100.0
9228002,RS Umum Daerah Kawera,Papua,Mamberamo Raya,D PRATAMA,RS Publik,22.0,5,1,3.0,3.0,0,0,Tidak tercatat
9219044,RS Hendrik Fintay Kabupaten Sarmi,Papua,Sarmi,D,RS Publik,8.0,2,1,4.0,3.0,0,0,Tidak tercatat
9227011,RS Umum Daerah Supiori,Papua,Supiori,D,RS Publik,31.0,8,1,2.0,2.0,1,1,100.0
9226002,RS Umum Daerah Rumah Rodo Fabo ,Papua,Waropen,D PRATAMA,RS Publik,6.0,3,1,2.0,2.0,0,0,Tidak tercatat
9101010,RS Umum Daerah Fakfak,Papua Barat,Fakfak,C,RS Publik,62.0,10,1,0.0,0.0,0,0,Tidak tercatat
9102034,RS Umum Daerah Kaimana,Papua Barat,Kaimana,D,RS Publik,56.0,9,1,2.0,1.0,0,0,Tidak tercatat
9102033,RS AL dr. Azhar Zahir Manokwari,Papua Barat,Manokwari,D,RS Publik,54.0,12,0,Tidak tercatat,Tidak tercatat,0,0,Tidak tercatat
9105005,RS Bhayangkara Lodewijk Mandatjan,Papua Barat,Manokwari,D,RS Publik,32.0,10,0,Tidak tercatat,Tidak tercatat,1,1,100.0
9105017,RS Divari Medical Center,Papua Barat,Manokwari,D,RS Privat,13.0,3,0,Tidak tercatat,Tidak tercatat,0,0,Tidak tercatat
9105004,RS Pratama Warmare,Papua Barat,Manokwari,D PRATAMA,RS Publik,6.0,4,0,Tidak tercatat,Tidak tercatat,0,0,Tidak tercatat
9102022,RS Tk.IV 18.07.02 J. A. Dimara,Papua Barat,Manokwari,Belum Ditetapkan,RS Publik,4.0,3,0,Tidak tercatat,Tidak tercatat,0,0,Tidak tercatat
9102011,RS Umum Daerah Manokwari,Papua Barat,Manokwari,C,RS Publik,48.0,13,1,1.0,1.0,1,1,100.0
9105006,RS Umum Daerah Provinsi Papua Barat,Papua Barat,Manokwari,C,RS Publik,50.0,9,1,4.0,4.0,0,0,Tidak tercatat
9111001,RS Umum Elia Waran,Papua Barat,Manokwari Selatan,C,RS Publik,27.0,6,1,1.0,1.0,0,0,Tidak tercatat
9104002,RS Umum Daerah Teluk Bintuni,Papua Barat,Teluk Bintuni,C,RS Publik,43.0,10,1,1.0,1.0,0,0,Tidak tercatat
9103035,RS Umum Daerah Dr. Alberth H. Torey,Papua Barat,Teluk Wondama,C,RS Publik,33.0,9,1,3.0,1.0,0,0,Tidak tercatat
9171047,RS Angkatan Laut dr. R. Oetojo,Papua Barat Daya,Kota Sorong,D,RS Publik,41.0,8,0,Tidak tercatat,Tidak tercatat,0,0,Tidak tercatat
9107002,RS Kasih Herlina,Papua Barat Daya,Kota Sorong,D,RS Privat,16.0,7,0,Tidak tercatat,Tidak tercatat,0,0,Tidak tercatat
9107003,RS Maleo,Papua Barat Daya,Kota Sorong,D,RS Privat,Tidak tercatat,0,0,Tidak tercatat,Tidak tercatat,0,0,Tidak tercatat
9171046,RS Mutiara,Papua Barat Daya,Kota Sorong,D,RS Privat,23.0,8,0,Tidak tercatat,Tidak tercatat,0,0,Tidak tercatat
9171021,RS Pertamina Sorong,Papua Barat Daya,Kota Sorong,D,RS Privat,Tidak tercatat,0,0,Tidak tercatat,Tidak tercatat,1,1,100.0
9171048S,RS Rujukan Covid-19 Kota Sorong,Papua Barat Daya,Kota Sorong,Belum Ditetapkan,RS Publik,16.0,7,0,Tidak tercatat,Tidak tercatat,0,0,Tidak tercatat
9271034,RS TK IV dr. Aryoko,Papua Barat Daya,Kota Sorong,Belum Ditetapkan,RS Publik,8.0,3,0,Tidak tercatat,Tidak tercatat,0,0,Tidak tercatat
9171032,RS Umum Daerah Sele Be Solu,Papua Barat Daya,Kota Sorong,C,RS Publik,68.0,11,1,2.0,2.0,1,1,100.0
9110011,RS Umum Pratama Type D Kab. Maybrat,Papua Barat Daya,Maybrat,D PRATAMA,RS Publik,Tidak tercatat,0,1,2.0,1.0,0,0,Tidak tercatat
9108002,RS Umum Daerah Raja Ampat,Papua Barat Daya,Raja Ampat,D,RS Publik,35.0,9,1,0.0,0.0,0,0,Tidak tercatat
9171010,RS Umum Daerah Kabupaten Sorong,Papua Barat Daya,Sorong,C,RS Publik,52.0,12,1,3.0,3.0,1,1,100.0
9106013,RS Umum Daerah Scholoo Keyen,Papua Barat Daya,Sorong Selatan,C,RS Publik,35.0,11,1,0.0,0.0,1,1,100.0
9109002,RS Umum Kelas D Pratama Kab. Tambrauw,Papua Barat Daya,Tambrauw,D PRATAMA,RS Publik,5.0,3,1,0.0,0.0,0,0,Tidak tercatat
9202013,RS Umum Wamena,Papua Pegunungan,Jayawijaya,C,RS Publik,48.0,12,1,1.0,1.0,1,1,100.0
9230002,RS Umum Daerah Tiom,Papua Pegunungan,Lanny Jaya,D,RS Publik,7.0,2,1,1.0,1.0,0,0,Tidak tercatat
9231002,RS Umum Daerah Lukas Enembe Kab. Memberamo Tengah,Papua Pegunungan,Mamberamo Tengah,D PRATAMA,RS Publik,13.0,5,1,4.0,3.0,0,0,Tidak tercatat
9229002,RS Pratama Elvrida Sara,Papua Pegunungan,Nduga,D,RS Publik,6.0,2,1,2.0,2.0,0,0,Tidak tercatat
9217013,RS Umum Daerah Oksibil,Papua Pegunungan,Pegunungan Bintang,D,RS Publik,22.0,8,1,3.0,3.0,0,0,Tidak tercatat
9218002,RS Umum Daerah Karubaga,Papua Pegunungan,Tolikara,D PRATAMA,RS Publik,17.0,6,1,0.0,0.0,0,0,Tidak tercatat
9202024,RS Efata Angguruk,Papua Pegunungan,Yahukimo,Belum Ditetapkan,RS Publik,Tidak tercatat,0,0,Tidak tercatat,Tidak tercatat,0,0,Tidak tercatat
9202014,RS Umum Daerah Dekai,Papua Pegunungan,Yahukimo,D,RS Publik,15.0,5,1,0.0,0.0,1,1,100.0
9232011,RS Umum Daerah Er Dabi,Papua Pegunungan,Yalimo,D,RS Publik,Tidak tercatat,0,1,0.0,0.0,0,0,Tidak tercatat
9215011,RS Umum Daerah Perpetua J. Safanpo,Papua Selatan,Asmat,D,RS Publik,24.0,7,1,1.0,1.0,1,1,100.0
9213038,RS Bergerak Kab. Boven Digoel,Papua Selatan,Boven Digoel,D PRATAMA,RS Publik,5.0,2,0,Tidak tercatat,Tidak tercatat,0,0,Tidak tercatat
9213039,RS Umum Daerah Boven Digoel,Papua Selatan,Boven Digoel,D,RS Publik,Tidak tercatat,0,1,5.0,4.0,0,0,Tidak tercatat
9214012,RS Umum Daerah Kabupaten Mappi,Papua Selatan,Mappi,D,RS Publik,23.0,8,1,0.0,0.0,0,0,Tidak tercatat
9201034,RS Bunda pengharapan Merauke,Papua Selatan,Merauke,C,RS Publik,7.0,2,0,Tidak tercatat,Tidak tercatat,0,0,Tidak tercatat
9201035,RS TNI Angkatan Laut Merauke,Papua Selatan,Merauke,D,RS Publik,17.0,5,0,Tidak tercatat,Tidak tercatat,0,0,Tidak tercatat
9201046,RS Tingkat IV 17.07.01 Jenderal LB Moerdani,Papua Selatan,Merauke,D,RS Publik,3.0,1,0,Tidak tercatat,Tidak tercatat,0,0,Tidak tercatat
9201012,RS Umum Merauke,Papua Selatan,Merauke,C,RS Publik,92.0,13,1,5.0,5.0,2,2,100.0
9236003,RS Umum Daerah Pratama Waghete,Papua Tengah,Deiyai,D,RS Publik,1.0,1,1,3.0,3.0,0,0,Tidak tercatat
9234003,RS Umum Daerah Pratama Dogiyai,Papua Tengah,Dogiyai,D PRATAMA,RS Publik,Tidak tercatat,0,1,3.0,3.0,0,0,Tidak tercatat
9235002,RS Umum Daerah Kabupaten Intan Jaya,Papua Tengah,Intan Jaya,D,RS Publik,5.0,2,1,4.0,4.0,0,0,Tidak tercatat
9212013,RS Kasih Herlina,Papua Tengah,Mimika,D,RS Privat,16.0,8,0,Tidak tercatat,Tidak tercatat,0,0,Tidak tercatat
9201011,RS Mitra Masyarakat Timika,Papua Tengah,Mimika,C,RS Publik,53.0,12,0,Tidak tercatat,Tidak tercatat,1,1,100.0
9101021,RS PT. Freeport Indonesia,Papua Tengah,Mimika,D,RS Privat,35.0,9,0,Tidak tercatat,Tidak tercatat,1,1,100.0
9212011,RS Umum Daerah Kabupaten Mimika,Papua Tengah,Mimika,C,RS Publik,61.0,12,1,3.0,3.0,1,1,100.0
9212026,RS Waa Banti,Papua Tengah,Mimika,D,RS Publik,Tidak tercatat,0,0,Tidak tercatat,Tidak tercatat,0,0,Tidak tercatat
9202012,RS Umum Nabire,Papua Tengah,Nabire,C,RS Publik,55.0,11,1,1.0,1.0,1,1,100.0
9202023,RS Umum Daerah Paniai,Papua Tengah,Paniai,C,RS Publik,32.0,11,1,0.0,0.0,1,1,100.0
9233011,RS Umum Daerah Ilaga,Papua Tengah,Puncak,D,RS Publik,7.0,3,1,0.0,0.0,0,0,Tidak tercatat
9211014,RS Immanuel,Papua Tengah,Puncak Jaya,Belum Ditetapkan,RS Publik,1.0,1,0,Tidak tercatat,Tidak tercatat,0,0,Tidak tercatat
9211010,RS Umum Daerah Mulia,Papua Tengah,Puncak Jaya,D,RS Publik,19.0,7,1,0.0,0.0,0,0,Tidak tercatat
1408067,RS Pertamina Hulu Rokan,Riau,Bengkalis,D,RS Privat,18.0,9,0,Tidak tercatat,Tidak tercatat,0,0,Tidak tercatat
1408055,RS Umum  Mutia Sari,Riau,Bengkalis,D,RS Publik,36.0,12,0,Tidak tercatat,Tidak tercatat,1,1,100.0
1408080,RS Umum  Permata Hati,Riau,Bengkalis,C,RS Privat,47.0,12,0,Tidak tercatat,Tidak tercatat,2,2,100.0
1408079,RS Umum  Thursina,Riau,Bengkalis,D,RS Privat,27.0,11,0,Tidak tercatat,Tidak tercatat,0,0,Tidak tercatat
1408011,RS Umum Daerah  Bengkalis,Riau,Bengkalis,B,RS Publik,88.0,16,1,2.0,2.0,4,4,100.0
1408032,RS Umum Daerah  Kec.Mandau,Riau,Bengkalis,C,RS Publik,99.0,14,0,Tidak tercatat,Tidak tercatat,3,3,100.0
1403037,RS 3M Plus,Riau,Indragiri Hilir,D,RS Privat,14.0,4,0,Tidak tercatat,Tidak tercatat,0,0,Tidak tercatat
1403013,RS Umum Daerah  Puri Husada Tembilahan,Riau,Indragiri Hilir,C,RS Publik,70.0,12,1,1.0,1.0,1,1,100.0
1403024,RS Umum Daerah  Raja Musa,Riau,Indragiri Hilir,D,RS Publik,19.0,9,0,Tidak tercatat,Tidak tercatat,0,0,Tidak tercatat
1403035,RS Umum Daerah  Tengku Sulung,Riau,Indragiri Hilir,D,RS Publik,15.0,6,0,Tidak tercatat,Tidak tercatat,0,0,Tidak tercatat
1402014,RS Ibu dan Anak  Safira,Riau,Indragiri Hulu,C,RS Privat,13.0,5,0,Tidak tercatat,Tidak tercatat,1,1,100.0
1402015,RS Muizzah,Riau,Indragiri Hulu,D,RS Privat,6.0,6,0,Tidak tercatat,Tidak tercatat,0,0,Tidak tercatat
1402013,RS Umum  Kasih Ibu Rengat,Riau,Indragiri Hulu,D,RS Privat,16.0,8,0,Tidak tercatat,Tidak tercatat,0,0,Tidak tercatat
1402012,RS Umum Daerah  Indrasari Rengat,Riau,Indragiri Hulu,C,RS Publik,59.0,12,1,0.0,0.0,2,2,100.0
1406045,RS Ibu Anak  Bunda Anisyah,Riau,Kampar,C,RS Privat,10.0,5,0,Tidak tercatat,Tidak tercatat,0,0,Tidak tercatat
1406044,RS Ibu Anak  Husada Bunda,Riau,Kampar,C,RS Privat,16.0,7,0,Tidak tercatat,Tidak tercatat,1,1,100.0
1406046,RS Ibu Anak  Norfa Husada,Riau,Kampar,C,RS Privat,15.0,6,0,Tidak tercatat,Tidak tercatat,1,1,100.0
1406058,RS Nurlima,Riau,Kampar,D,RS Privat,2.0,2,0,Tidak tercatat,Tidak tercatat,0,0,Tidak tercatat
1406043,RS Umum  Mesra,Riau,Kampar,D,RS Privat,11.0,2,0,Tidak tercatat,Tidak tercatat,0,0,Tidak tercatat
1406031,RS Umum  Tandun,Riau,Kampar,D,RS Privat,14.0,6,0,Tidak tercatat,Tidak tercatat,0,0,Tidak tercatat
1406016,RS Umum Daerah  Bangkinang,Riau,Kampar,C,RS Publik,69.0,13,1,0.0,0.0,2,2,100.0
1406057,RS Umum Pelita,Riau,Kampar,C,RS Privat,5.0,2,0,Tidak tercatat,Tidak tercatat,0,0,Tidak tercatat
1410043,RS Umum Daerah  Kabupaten Kepulauan Meranti,Riau,Kepulauan Meranti,C,RS Publik,66.0,12,1,4.0,2.0,1,1,100.0
1472080,RS Awal Bros Dumai,Riau,Kota Dumai,C,RS Privat,Tidak tercatat,0,0,Tidak tercatat,Tidak tercatat,0,0,Tidak tercatat
1473078,RS Bhayangkara Dumai,Riau,Kota Dumai,D,RS Publik,2.0,1,0,Tidak tercatat,Tidak tercatat,0,0,Tidak tercatat
1473079,RS Graha Yasmine,Riau,Kota Dumai,D,RS Privat,15.0,9,0,Tidak tercatat,Tidak tercatat,1,1,100.0
1473024,RS Pertamina Dumai,Riau,Kota Dumai,D,RS Privat,51.0,10,0,Tidak tercatat,Tidak tercatat,1,1,100.0
1473013,RS Umum Daerah  Kota Dumai,Riau,Kota Dumai,B,RS Publik,106.0,13,1,6.0,4.0,2,2,100.0
1471396,Aulia Hospital,Riau,Kota Pekanbaru,C,RS Privat,Tidak tercatat,0,0,Tidak tercatat,Tidak tercatat,3,3,100.0
1471237,RS  Eria,Riau,Kota Pekanbaru,D,RS Privat,12.0,4,0,Tidak tercatat,Tidak tercatat,1,1,100.0
1471215,RS Angkatan Udara dr. Sukirman Lanud Roesmin Nurjadin,Riau,Kota Pekanbaru,C,RS Publik,31.0,8,0,Tidak tercatat,Tidak tercatat,3,3,100.0
1471384,RS Awal Bros A. Yani,Riau,Kota Pekanbaru,C,RS Privat,141.0,14,0,Tidak tercatat,Tidak tercatat,5,5,100.0
1471033,RS Bhayangkara Tk. III Kota Pekanbaru,Riau,Kota Pekanbaru,C,RS Publik,71.0,12,0,Tidak tercatat,Tidak tercatat,1,1,100.0
1471398,RS Daerah Madani Kota Pekanbaru,Riau,Kota Pekanbaru,C,RS Publik,98.0,12,1,4.0,1.0,1,1,100.0
1471399,RS Hermina Pekanbaru,Riau,Kota Pekanbaru,C,RS Privat,61.0,14,0,Tidak tercatat,Tidak tercatat,1,1,100.0
1471395,RS Ibu Anak  Budhi Mulia,Riau,Kota Pekanbaru,C,RS Privat,29.0,10,0,Tidak tercatat,Tidak tercatat,1,1,100.0
1471387,RS Ibu dan Anak  Zainab,Riau,Kota Pekanbaru,C,RS Privat,45.0,11,0,Tidak tercatat,Tidak tercatat,2,2,100.0
1471259,RS Ibu dan Anak Andini,Riau,Kota Pekanbaru,C,RS Privat,27.0,6,0,Tidak tercatat,Tidak tercatat,0,0,Tidak tercatat
1471386,RS Ibu dan Anak Annisa,Riau,Kota Pekanbaru,C,RS Privat,23.0,5,0,Tidak tercatat,Tidak tercatat,2,2,100.0
1471389,RS JMB Pekanbaru,Riau,Kota Pekanbaru,D,RS Privat,Tidak tercatat,0,0,Tidak tercatat,Tidak tercatat,0,0,Tidak tercatat
1471146,RS Jiwa Tampan,Riau,Kota Pekanbaru,A,RS Publik,49.0,7,0,Tidak tercatat,Tidak tercatat,0,0,Tidak tercatat
1471391,RS Khusus  Mata Pekanbaru Eye Center ,Riau,Kota Pekanbaru,C,RS Privat,1.0,1,0,Tidak tercatat,Tidak tercatat,0,0,Tidak tercatat
1471394,RS Khusus  Mata SMEC Pekanbaru,Riau,Kota Pekanbaru,C,RS Privat,5.0,2,0,Tidak tercatat,Tidak tercatat,0,0,Tidak tercatat
1471150,RS Prof. Dr. Tabrani,Riau,Kota Pekanbaru,C,RS Publik,35.0,11,0,Tidak tercatat,Tidak tercatat,1,1,100.0
1471055,RS Santa Maria Pekanbaru,Riau,Kota Pekanbaru,B,RS Publik,97.0,14,0,Tidak tercatat,Tidak tercatat,4,4,100.0
1471022,RS Tk. IV Pekanbaru,Riau,Kota Pekanbaru,D,RS Publik,29.0,14,0,Tidak tercatat,Tidak tercatat,0,0,Tidak tercatat
1471390,RS Umum  Awal Bros Panam,Riau,Kota Pekanbaru,B,RS Privat,84.0,14,0,Tidak tercatat,Tidak tercatat,5,5,100.0
1471226,RS Umum  Awal Bros Pekanbaru,Riau,Kota Pekanbaru,A,RS Privat,215.0,19,0,Tidak tercatat,Tidak tercatat,6,6,100.0
1471161,RS Umum  Bina Kasih,Riau,Kota Pekanbaru,D,RS Privat,16.0,9,0,Tidak tercatat,Tidak tercatat,0,0,Tidak tercatat
1471067,RS Umum  Eka Hospital Pekanbaru,Riau,Kota Pekanbaru,B,RS Privat,194.0,13,0,Tidak tercatat,Tidak tercatat,6,6,100.0
1471135,RS Umum  Islam Ibnu Sina,Riau,Kota Pekanbaru,C,RS Publik,77.0,13,0,Tidak tercatat,Tidak tercatat,2,2,100.0
1471371,RS Umum  Lancang Kuning,Riau,Kota Pekanbaru,C,RS Privat,29.0,12,0,Tidak tercatat,Tidak tercatat,1,1,100.0
1471382,RS Umum  Pekanbaru Medical Center,Riau,Kota Pekanbaru,C,RS Privat,50.0,12,0,Tidak tercatat,Tidak tercatat,1,1,100.0
1471397,RS Umum  Prima Pekanbaru,Riau,Kota Pekanbaru,C,RS Privat,71.0,12,0,Tidak tercatat,Tidak tercatat,2,2,100.0
1471383,RS Umum  Sansani,Riau,Kota Pekanbaru,C,RS Privat,66.0,12,0,Tidak tercatat,Tidak tercatat,1,1,100.0
1471079,RS Umum  Syafira,Riau,Kota Pekanbaru,C,RS Privat,100.0,15,0,Tidak tercatat,Tidak tercatat,3,3,100.0
1471392,RS Umum  Universitas Riau,Riau,Kota Pekanbaru,D,RS Publik,42.0,12,0,Tidak tercatat,Tidak tercatat,1,1,100.0
1471011,RS Umum Daerah  Arifin Achmad,Riau,Kota Pekanbaru,B,RS Publik,376.0,20,1,12.0,11.0,6,5,83.33
1471091,RS Umum Daerah  Petala Bumi ,Riau,Kota Pekanbaru,C,RS Publik,76.0,12,0,Tidak tercatat,Tidak tercatat,2,2,100.0
1401012,RS Ibu dan Anak Milano,Riau,Kuantan Singingi,C,RS Privat,14.0,5,0,Tidak tercatat,Tidak tercatat,0,0,Tidak tercatat
1401011,RS Umum Daerah Teluk Kuantan,Riau,Kuantan Singingi,C,RS Publik,67.0,12,1,2.0,1.0,1,1,100.0
1404027,RS Umum  Amalia Medika,Riau,Pelalawan,D,RS Privat,29.0,12,0,Tidak tercatat,Tidak tercatat,0,0,Tidak tercatat
1404025,RS Umum  Efarina,Riau,Pelalawan,C,RS Privat,40.0,12,0,Tidak tercatat,Tidak tercatat,1,1,100.0
1404026,RS Umum  Medicare Sorek,Riau,Pelalawan,D,RS Privat,18.0,10,0,Tidak tercatat,Tidak tercatat,1,1,100.0
1404014,RS Umum Daerah  Selasih Riau,Riau,Pelalawan,C,RS Publik,70.0,12,1,7.0,1.0,1,1,100.0
1409019,RS Ibu dan Anak Athaya Medika,Riau,Rokan Hilir,C,RS Privat,18.0,8,0,Tidak tercatat,Tidak tercatat,0,0,Tidak tercatat
1409018,RS Ibunda,Riau,Rokan Hilir,D,RS Privat,10.0,6,0,Tidak tercatat,Tidak tercatat,0,0,Tidak tercatat
1409013,RS Umum  Indah,Riau,Rokan Hilir,D,RS Privat,19.0,11,0,Tidak tercatat,Tidak tercatat,0,0,Tidak tercatat
1409033,RS Umum Awal Bros Bagan Batu,Riau,Rokan Hilir,C,RS Privat,16.0,3,0,Tidak tercatat,Tidak tercatat,1,1,100.0
1409014,RS Umum Cahaya,Riau,Rokan Hilir,D,RS Privat,17.0,10,0,Tidak tercatat,Tidak tercatat,0,0,Tidak tercatat
1409022,RS Umum Daerah  Dr. RM. Pratomo Bagansiapiapi,Riau,Rokan Hilir,C,RS Publik,59.0,13,1,0.0,0.0,1,1,100.0
1407017,RS Doa Ibunda,Riau,Rokan Hulu,D,RS Privat,4.0,2,0,Tidak tercatat,Tidak tercatat,0,0,Tidak tercatat
1407016,RS Ibu dan Anak Harapan Medika,Riau,Rokan Hulu,C,RS Privat,10.0,5,0,Tidak tercatat,Tidak tercatat,0,0,Tidak tercatat
1407012,RS Umum  Awal Bros Ujung Batu,Riau,Rokan Hulu,C,RS Privat,35.0,11,0,Tidak tercatat,Tidak tercatat,1,1,100.0
1407014,RS Umum  Surya Insani,Riau,Rokan Hulu,D,RS Privat,Tidak tercatat,0,0,Tidak tercatat,Tidak tercatat,1,1,100.0
1407013,RS Umum Azzahra,Riau,Rokan Hulu,D,RS Privat,16.0,9,0,Tidak tercatat,Tidak tercatat,1,1,100.0
1407011,RS Umum Daerah  Rokan Hulu,Riau,Rokan Hulu,C,RS Publik,84.0,12,1,2.0,1.0,1,1,100.0
1405017,RS Type D Perawang,Riau,Siak,D,RS Publik,1.0,1,0,Tidak tercatat,Tidak tercatat,1,1,100.0
1405015,RS Umum Daerah Tengku Rafi'an Siak Sri Indrapura,Riau,Siak,C,RS Publik,84.0,14,1,3.0,2.0,2,2,100.0
7601022,RS Pratama Salutambung,Sulawesi Barat,Majene,D PRATAMA,RS Publik,Tidak tercatat,0,0,Tidak tercatat,Tidak tercatat,0,0,Tidak tercatat
7601011,RS Umum Daerah Kabupaten Majene,Sulawesi Barat,Majene,C,RS Publik,37.0,12,1,1.0,1.0,1,1,100.0
7603022,RS Banua Mamase,Sulawesi Barat,Mamasa,D PRATAMA,RS Publik,8.0,2,0,Tidak tercatat,Tidak tercatat,0,0,Tidak tercatat
7603024,RS Umum Daerah Kondosapata Kab. Mamasa,Sulawesi Barat,Mamasa,D,RS Publik,14.0,7,1,1.0,1.0,0,0,Tidak tercatat
7604027,RS Bhayangkara Tkt. IV Polda Sulbar,Sulawesi Barat,Mamuju,C,RS Publik,28.0,9,0,Tidak tercatat,Tidak tercatat,1,1,100.0
7604028,RS Ibu dan Anak Mutiara Ibu,Sulawesi Barat,Mamuju,C,RS Privat,3.0,3,0,Tidak tercatat,Tidak tercatat,0,0,Tidak tercatat
7604012,RS Umum Daerah Kabupaten Mamuju,Sulawesi Barat,Mamuju,C,RS Publik,40.0,11,1,1.0,1.0,1,1,100.0
7604023,RS Umum Daerah Provinsi Sulawesi Barat,Sulawesi Barat,Mamuju,C,RS Publik,79.0,13,1,6.0,6.0,1,1,100.0
7604024,RS Umum Mitra Manakarra,Sulawesi Barat,Mamuju,C,RS Privat,8.0,6,0,Tidak tercatat,Tidak tercatat,1,1,100.0
7604026,RS Umum Daerah Kabupaten Mamuju Tengah,Sulawesi Barat,Mamuju Tengah,D,RS Publik,30.0,9,1,2.0,1.0,0,0,Tidak tercatat
7605013,RS Umum Daerah Pasangkayu,Sulawesi Barat,Pasangkayu,C,RS Publik,36.0,12,1,0.0,0.0,1,1,100.0
7602046,RS Bhakti Kasih,Sulawesi Barat,Polewali Mandar,D,RS Privat,3.0,3,0,Tidak tercatat,Tidak tercatat,0,0,Tidak tercatat
7602045,RS Ibu dan Anak Mifta,Sulawesi Barat,Polewali Mandar,C,RS Privat,Tidak tercatat,0,0,Tidak tercatat,Tidak tercatat,0,0,Tidak tercatat
7602044,RS Umum Daerah Hajjah Andi Depu,Sulawesi Barat,Polewali Mandar,C,RS Publik,81.0,13,1,3.0,3.0,2,2,100.0
7602048,RS Umum Daerah Wonomulyo,Sulawesi Barat,Polewali Mandar,D,RS Publik,31.0,11,0,Tidak tercatat,Tidak tercatat,1,1,100.0
7303013,RS Ibu dan Anak Pelangi Medica,Sulawesi Selatan,Bantaeng,C,RS Privat,9.0,5,0,Tidak tercatat,Tidak tercatat,0,0,Tidak tercatat
7303012,RS Umum Daerah Banyorang,Sulawesi Selatan,Bantaeng,D,RS Publik,28.0,8,0,Tidak tercatat,Tidak tercatat,0,0,Tidak tercatat
7303010,RS Umum Daerah Prof. Dr. H. Anwar Makkatutu,Sulawesi Selatan,Bantaeng,B,RS Publik,76.0,14,1,1.0,1.0,2,2,100.0
7311010,RS Umum Daerah La Patarai,Sulawesi Selatan,Barru,C,RS Publik,54.0,12,1,3.0,1.0,2,2,100.0
7308070,RS Hamuna ,Sulawesi Selatan,Bone,C,RS Privat,Tidak tercatat,0,0,Tidak tercatat,Tidak tercatat,0,0,Tidak tercatat
7308058,RS Hapsah,Sulawesi Selatan,Bone,C,RS Privat,20.0,9,0,Tidak tercatat,Tidak tercatat,1,1,100.0
7308026,RS Tk. IV DR. M. Yasin Bone,Sulawesi Selatan,Bone,C,RS Publik,21.0,9,0,Tidak tercatat,Tidak tercatat,0,0,Tidak tercatat
7308059,RS Umum Daerah Datu Pancaitana,Sulawesi Selatan,Bone,C,RS Publik,33.0,11,0,Tidak tercatat,Tidak tercatat,1,1,100.0
7308071,RS Umum Daerah La Mappapenning,Sulawesi Selatan,Bone,C,RS Publik,Tidak tercatat,0,0,Tidak tercatat,Tidak tercatat,2,2,100.0
7308041,RS Umum Daerah Tenriawaru Bone,Sulawesi Selatan,Bone,B,RS Publik,77.0,14,1,2.0,2.0,2,2,100.0
7302017,RS Ibu dan Anak Yasira,Sulawesi Selatan,Bulukumba,C,RS Privat,Tidak tercatat,0,0,Tidak tercatat,Tidak tercatat,1,1,100.0
7302016,RS Umum Daerah H.A. Sulthan Daeng Radja,Sulawesi Selatan,Bulukumba,B,RS Publik,94.0,15,1,5.0,4.0,4,4,100.0
7302028,RS Umum Daerah Kelas D Pratama Bulukumba,Sulawesi Selatan,Bulukumba,D PRATAMA,RS Publik,Tidak tercatat,0,0,Tidak tercatat,Tidak tercatat,0,0,Tidak tercatat
7316015,RS Umum Daerah Massenrempulu Enrekang,Sulawesi Selatan,Enrekang,C,RS Publik,Tidak tercatat,0,1,4.0,1.0,2,2,100.0
7316026,RS Umum Hj. Puang Sabbe,Sulawesi Selatan,Enrekang,D PRATAMA,RS Publik,12.0,3,0,Tidak tercatat,Tidak tercatat,0,0,Tidak tercatat
7306070,RS PKU Muhammadiyah Unismuh Makassar,Sulawesi Selatan,Gowa,C,RS Privat,Tidak tercatat,0,0,Tidak tercatat,Tidak tercatat,0,0,Tidak tercatat
7306046,RS Umum Daerah Syehk Yusuf Gowa,Sulawesi Selatan,Gowa,B,RS Publik,87.0,14,1,2.0,2.0,3,3,100.0
7306057,RS Umum Thalia Irham,Sulawesi Selatan,Gowa,D,RS Privat,30.0,11,0,Tidak tercatat,Tidak tercatat,1,1,100.0
7306059,RS Umum Yapika,Sulawesi Selatan,Gowa,C,RS Privat,Tidak tercatat,0,0,Tidak tercatat,Tidak tercatat,2,2,100.0
7304011,RS Umum Daerah Lanto Daeng Pasewang,Sulawesi Selatan,Jeneponto,C,RS Publik,85.0,12,1,1.0,1.0,1,1,100.0
7304012,RS Umum Daerah Rumbia,Sulawesi Selatan,Jeneponto,D PRATAMA,RS Publik,15.0,3,0,Tidak tercatat,Tidak tercatat,0,0,Tidak tercatat
7301017,RS Pratama Jampea,Sulawesi Selatan,Kepulauan Selayar,D PRATAMA,RS Publik,8.0,4,0,Tidak tercatat,Tidak tercatat,0,0,Tidak tercatat
7301015,RS Umum Daerah KH. Hayyung Kepulauan Selayar,Sulawesi Selatan,Kepulauan Selayar,C,RS Publik,55.0,9,1,3.0,2.0,0,0,Tidak tercatat
7371452,Primaya Hospital Hertasning,Sulawesi Selatan,Kota Makassar,C,RS Privat,Tidak tercatat,0,0,Tidak tercatat,Tidak tercatat,0,0,Tidak tercatat
7371074,RS AL Jala Ammari Makassar,Sulawesi Selatan,Kota Makassar,C,RS Publik,66.0,8,0,Tidak tercatat,Tidak tercatat,1,1,100.0
7371052,RS Akademis Jaury,Sulawesi Selatan,Kota Makassar,B,RS Publik,69.0,13,0,Tidak tercatat,Tidak tercatat,4,4,100.0
7371176,RS Bersalin Elim Makassar,Sulawesi Selatan,Kota Makassar,C,RS Publik,12.0,6,0,Tidak tercatat,Tidak tercatat,0,0,Tidak tercatat
7371427,RS Gigi dan Mulut Ladokgi TNI AL Yos Sudarso,Sulawesi Selatan,Kota Makassar,C,RS Publik,1.0,1,0,Tidak tercatat,Tidak tercatat,0,0,Tidak tercatat
7371373,RS Grestelina,Sulawesi Selatan,Kota Makassar,B,RS Privat,56.0,14,0,Tidak tercatat,Tidak tercatat,3,3,100.0
7371426,RS Hermina Makassar,Sulawesi Selatan,Kota Makassar,C,RS Privat,97.0,14,0,Tidak tercatat,Tidak tercatat,3,3,100.0
7371336,RS Hikmah,Sulawesi Selatan,Kota Makassar,C,RS Publik,24.0,10,0,Tidak tercatat,Tidak tercatat,2,2,100.0
7371340,RS Ibnu Sina YW-UMI Makassar,Sulawesi Selatan,Kota Makassar,B,RS Publik,200.0,17,0,Tidak tercatat,Tidak tercatat,6,6,100.0
7371430,RS Ibu dan Anak Amanat,Sulawesi Selatan,Kota Makassar,C,RS Privat,27.0,7,0,Tidak tercatat,Tidak tercatat,2,2,100.0
7371410,RS Ibu dan Anak Ananda,Sulawesi Selatan,Kota Makassar,C,RS Privat,14.0,2,0,Tidak tercatat,Tidak tercatat,1,1,100.0
7371406,RS Ibu dan Anak Budi Mulia,Sulawesi Selatan,Kota Makassar,C,RS Privat,25.0,11,0,Tidak tercatat,Tidak tercatat,0,0,Tidak tercatat
7371401,RS Ibu dan Anak Bunda,Sulawesi Selatan,Kota Makassar,C,RS Privat,9.0,4,0,Tidak tercatat,Tidak tercatat,0,0,Tidak tercatat
7371223,RS Ibu dan Anak Chaterine Booth,Sulawesi Selatan,Kota Makassar,C,RS Publik,30.0,10,0,Tidak tercatat,Tidak tercatat,0,0,Tidak tercatat
7371429,RS Ibu dan Anak Kartini ,Sulawesi Selatan,Kota Makassar,C,RS Privat,21.0,11,0,Tidak tercatat,Tidak tercatat,1,1,100.0
7371418,RS Ibu dan Anak Malebu Husada,Sulawesi Selatan,Kota Makassar,C,RS Privat,9.0,5,0,Tidak tercatat,Tidak tercatat,0,0,Tidak tercatat
7371107,RS Ibu dan Anak Masyita,Sulawesi Selatan,Kota Makassar,C,RS Publik,32.0,9,0,Tidak tercatat,Tidak tercatat,0,0,Tidak tercatat
7371428,RS Ibu dan Anak Paramount,Sulawesi Selatan,Kota Makassar,B,RS Privat,3.0,2,0,Tidak tercatat,Tidak tercatat,1,1,100.0
7371413,RS Ibu dan Anak Permata Hati,Sulawesi Selatan,Kota Makassar,C,RS Privat,19.0,6,0,Tidak tercatat,Tidak tercatat,1,1,100.0
7371414,RS Ibu dan Anak Prof. dr. H. M. Farid,Sulawesi Selatan,Kota Makassar,C,RS Privat,20.0,10,0,Tidak tercatat,Tidak tercatat,1,1,100.0
7371180,RS Ibu dan Anak Sentosa,Sulawesi Selatan,Kota Makassar,C,RS Publik,46.0,9,0,Tidak tercatat,Tidak tercatat,0,0,Tidak tercatat
7371191,RS Ibu dan Anak Sitti Khadijah 1 Muhammadiyah,Sulawesi Selatan,Kota Makassar,C,RS Publik,48.0,8,0,Tidak tercatat,Tidak tercatat,1,1,100.0
7371293,RS Islam Faisal,Sulawesi Selatan,Kota Makassar,B,RS Publik,69.0,15,0,Tidak tercatat,Tidak tercatat,2,2,100.0
7371450,RS Islam Gigi dan Mulut FKG-UMI,Sulawesi Selatan,Kota Makassar,B,RS Privat,24.0,5,0,Tidak tercatat,Tidak tercatat,0,0,Tidak tercatat
7371041,RS Kepolisian Bhayangkara,Sulawesi Selatan,Kota Makassar,B,RS Publik,119.0,14,0,Tidak tercatat,Tidak tercatat,3,3,100.0
7371096,RS Khusus Daerah Dadi,Sulawesi Selatan,Kota Makassar,A,RS Publik,81.0,11,0,Tidak tercatat,Tidak tercatat,2,2,100.0
7371433,RS Khusus Daerah Gigi dan Mulut Provinsi Sulawesi ,Sulawesi Selatan,Kota Makassar,C,RS Publik,47.0,5,0,Tidak tercatat,Tidak tercatat,0,0,Tidak tercatat
7371234,RS Khusus Daerah Ibu dan Anak Pertiwi,Sulawesi Selatan,Kota Makassar,C,RS Publik,37.0,9,0,Tidak tercatat,Tidak tercatat,1,1,100.0
7371256,RS Khusus Daerah Ibu dan Anak Siti Fatimah,Sulawesi Selatan,Kota Makassar,B,RS Publik,34.0,9,0,Tidak tercatat,Tidak tercatat,1,1,100.0
7371422,RS Khusus Gigi dan Mulut Universitas Hasanuddin,Sulawesi Selatan,Kota Makassar,B,RS Publik,179.0,5,0,Tidak tercatat,Tidak tercatat,1,1,100.0
7371451,RS Mata JEC ORBITA @Makassar,Sulawesi Selatan,Kota Makassar,C,RS Privat,Tidak tercatat,0,0,Tidak tercatat,Tidak tercatat,0,0,Tidak tercatat
7371436,RS Mata Makassar,Sulawesi Selatan,Kota Makassar,C,RS Publik,12.0,3,0,Tidak tercatat,Tidak tercatat,0,0,Tidak tercatat
7371403,RS Mitra Husada,Sulawesi Selatan,Kota Makassar,C,RS Privat,38.0,12,0,Tidak tercatat,Tidak tercatat,2,2,100.0
7371449,RS Otak & Jantung Pertamina Royal Biringkanaya,Sulawesi Selatan,Kota Makassar,B,RS Privat,12.0,5,0,Tidak tercatat,Tidak tercatat,2,2,100.0
7371400,RS PKU Muhammadiyah Mamajang,Sulawesi Selatan,Kota Makassar,D,RS Publik,11.0,5,0,Tidak tercatat,Tidak tercatat,0,0,Tidak tercatat
7371448,RS Politeknik Ilmu Pelayaran (PIP) Makassar,Sulawesi Selatan,Kota Makassar,D,RS Publik,23.0,6,0,Tidak tercatat,Tidak tercatat,0,0,Tidak tercatat
7371399,RS Primaya,Sulawesi Selatan,Kota Makassar,B,RS Privat,109.0,16,0,Tidak tercatat,Tidak tercatat,3,3,100.0
7371402,RS Siloam Makassar,Sulawesi Selatan,Kota Makassar,B,RS Privat,89.0,13,0,Tidak tercatat,Tidak tercatat,5,5,100.0
7371063,RS Stella Maris,Sulawesi Selatan,Kota Makassar,B,RS Publik,90.0,13,0,Tidak tercatat,Tidak tercatat,4,4,100.0
7371030,RS Tk. II Pelamonia,Sulawesi Selatan,Kota Makassar,B,RS Publik,109.0,16,0,Tidak tercatat,Tidak tercatat,5,5,100.0
7371407,RS Umum Bahagia,Sulawesi Selatan,Kota Makassar,C,RS Privat,37.0,11,0,Tidak tercatat,Tidak tercatat,1,1,100.0
7371395,RS Umum Daerah Daya Kota Makassar,Sulawesi Selatan,Kota Makassar,B,RS Publik,77.0,12,1,5.0,5.0,4,4,100.0
7371362,RS Umum Daerah Haji Makassar,Sulawesi Selatan,Kota Makassar,B,RS Publik,93.0,13,0,Tidak tercatat,Tidak tercatat,4,4,100.0
7371026,RS Umum Daerah Labuang Baji,Sulawesi Selatan,Kota Makassar,B,RS Publik,3.0,1,1,7.0,7.0,3,3,100.0
7371014,RS Umum Daerah Sayang Rakyat,Sulawesi Selatan,Kota Makassar,C,RS Publik,85.0,12,0,Tidak tercatat,Tidak tercatat,1,1,100.0
7371351,RS Umum Luramay,Sulawesi Selatan,Kota Makassar,D,RS Publik,11.0,8,0,Tidak tercatat,Tidak tercatat,0,0,Tidak tercatat
7371314,RS Umum Pusat Dr. Tadjuddin Chalid Makassar,Sulawesi Selatan,Kota Makassar,B,RS Publik,109.0,13,1,7.0,7.0,6,6,100.0
7371434,RS Umum Sandi Karsa Makassar,Sulawesi Selatan,Kota Makassar,C,RS Privat,Tidak tercatat,0,0,Tidak tercatat,Tidak tercatat,2,2,100.0
7371432,RS Umum Sayang Bunda,Sulawesi Selatan,Kota Makassar,D,RS Privat,19.0,9,0,Tidak tercatat,Tidak tercatat,0,0,Tidak tercatat
7371412,RS Umum Wisata Universitas Indonesia Timur,Sulawesi Selatan,Kota Makassar,C,RS Privat,77.0,11,0,Tidak tercatat,Tidak tercatat,1,1,100.0
7371408,RS Universitas Hasanuddin,Sulawesi Selatan,Kota Makassar,B,RS Publik,441.0,15,0,Tidak tercatat,Tidak tercatat,5,5,100.0
7371425,RSU Cahaya Medika Makassar,Sulawesi Selatan,Kota Makassar,D,RS Privat,33.0,10,0,Tidak tercatat,Tidak tercatat,1,1,100.0
7371325,RSUP Dr. Wahidin Sudirohusodo,Sulawesi Selatan,Kota Makassar,A,RS Publik,1048.0,21,1,13.0,12.0,8,7,87.5
7373064,RS AT Medika,Sulawesi Selatan,Kota Palopo,C,RS Publik,46.0,11,0,Tidak tercatat,Tidak tercatat,1,1,100.0
7373008,RS Dokter Palemmai Tandi,Sulawesi Selatan,Kota Palopo,C,RS Publik,63.0,11,0,Tidak tercatat,Tidak tercatat,1,1,100.0
7373007,RS Mega Buana Palopo,Sulawesi Selatan,Kota Palopo,C,RS Privat,36.0,12,0,Tidak tercatat,Tidak tercatat,1,1,100.0
7373005,RS Mujaisyah,Sulawesi Selatan,Kota Palopo,D,RS Privat,20.0,10,0,Tidak tercatat,Tidak tercatat,1,1,100.0
7373003,RS Umum Bintang Laut Palopo,Sulawesi Selatan,Kota Palopo,C,RS Privat,28.0,10,0,Tidak tercatat,Tidak tercatat,1,1,100.0
7373016,RS Umum Daerah Sawerigading,Sulawesi Selatan,Kota Palopo,B,RS Publik,Tidak tercatat,0,1,5.0,5.0,2,2,100.0
7373009,RS Umum Mitra Smart Palopo,Sulawesi Selatan,Kota Palopo,D,RS Privat,Tidak tercatat,0,0,Tidak tercatat,Tidak tercatat,0,0,Tidak tercatat
7373004,RS Umum St. Madyang,Sulawesi Selatan,Kota Palopo,C,RS Privat,47.0,13,0,Tidak tercatat,Tidak tercatat,2,2,100.0
7372078,RS Dr. Hasri Ainun Habibie Parepare,Sulawesi Selatan,Kota Pare-pare,B,RS Publik,36.0,13,1,3.0,3.0,2,2,100.0
7372020,RS Fatima Pare-Pare,Sulawesi Selatan,Kota Pare-pare,C,RS Publik,47.0,12,0,Tidak tercatat,Tidak tercatat,0,0,Tidak tercatat
7372077,RS Ibu dan Anak Ananda Trifa,Sulawesi Selatan,Kota Pare-pare,C,RS Privat,6.0,5,0,Tidak tercatat,Tidak tercatat,1,1,100.0
7372031,RS Tk. IV 07.07.03 Dr. Sumantri,Sulawesi Selatan,Kota Pare-pare,C,RS Publik,49.0,12,0,Tidak tercatat,Tidak tercatat,2,2,100.0
7372075,RS Umum Daerah Andi Makkasau Parepare,Sulawesi Selatan,Kota Pare-pare,B,RS Publik,72.0,14,1,5.0,5.0,3,3,100.0
7317076,RS Hikmah Sejahtera Belopa ,Sulawesi Selatan,Luwu,C,RS Privat,27.0,9,0,Tidak tercatat,Tidak tercatat,1,1,100.0
7317075,RS Umum Daerah Batara Guru,Sulawesi Selatan,Luwu,C,RS Publik,Tidak tercatat,0,1,1.0,1.0,1,1,100.0
7325016,RS Umum Daerah I Lagaligo,Sulawesi Selatan,Luwu Timur,C,RS Publik,81.0,12,1,2.0,2.0,1,1,100.0
7317020,RS Umum Inco Sorowako,Sulawesi Selatan,Luwu Timur,C,RS Privat,61.0,12,0,Tidak tercatat,Tidak tercatat,1,1,100.0
7322004,RS Hikmah Sejahtera Sukamaju,Sulawesi Selatan,Luwu Utara,D,RS Privat,23.0,8,0,Tidak tercatat,Tidak tercatat,2,2,100.0
7317053,RS Umum Daerah Andi Djemma Masamba,Sulawesi Selatan,Luwu Utara,C,RS Publik,66.0,13,1,0.0,0.0,0,0,Tidak tercatat
7322003,RS Umum Hikmah Masamba,Sulawesi Selatan,Luwu Utara,C,RS Privat,22.0,5,0,Tidak tercatat,Tidak tercatat,1,1,100.0
7309044,RS AU dr. Dody Sardjoto,Sulawesi Selatan,Maros,C,RS Publik,38.0,14,0,Tidak tercatat,Tidak tercatat,1,1,100.0
7309016,RS Umum Daerah dr. La Palaloi,Sulawesi Selatan,Maros,C,RS Publik,54.0,13,1,3.0,3.0,1,1,100.0
7310032,RS Kelas D Pratama Sailus,Sulawesi Selatan,Pangkajene Kepulauan,D PRATAMA,RS Publik,Tidak tercatat,0,0,Tidak tercatat,Tidak tercatat,0,0,Tidak tercatat
7310016,RS Umum Batara Siang,Sulawesi Selatan,Pangkajene Kepulauan,C,RS Publik,Tidak tercatat,0,1,1.0,1.0,2,2,100.0
7310021,RS Umum Daerah Batiling,Sulawesi Selatan,Pangkajene Kepulauan,D,RS Publik,16.0,8,0,Tidak tercatat,Tidak tercatat,0,0,Tidak tercatat
7315016,RS Umum Aisyiyah St. Khadijah,Sulawesi Selatan,Pinrang,D,RS Publik,20.0,7,0,Tidak tercatat,Tidak tercatat,0,0,Tidak tercatat
7315014,RS Umum Daerah Lasinrang Pinrang,Sulawesi Selatan,Pinrang,C,RS Publik,70.0,11,1,3.0,1.0,0,0,Tidak tercatat
7315018,RS Umum Daerah Madising,Sulawesi Selatan,Pinrang,D,RS Publik,28.0,10,0,Tidak tercatat,Tidak tercatat,0,0,Tidak tercatat
7314036,RS Adinda Medical Centre,Sulawesi Selatan,Sidenreng Rappang,D,RS Privat,14.0,9,0,Tidak tercatat,Tidak tercatat,0,0,Tidak tercatat
7314025,RS Umum Anugrah Pangkajene,Sulawesi Selatan,Sidenreng Rappang,D,RS Privat,16.0,8,0,Tidak tercatat,Tidak tercatat,0,0,Tidak tercatat
7314024,RS Umum Daerah Arifin Numang,Sulawesi Selatan,Sidenreng Rappang,C,RS Publik,55.0,11,1,2.0,1.0,2,2,100.0
7314013,RS Umum Daerah Nene Mallomo,Sulawesi Selatan,Sidenreng Rappang,C,RS Publik,47.0,12,1,0.0,0.0,1,1,100.0
7307014,RS Umum Daerah Kabupaten Sinjai,Sulawesi Selatan,Sinjai,C,RS Publik,70.0,11,1,2.0,2.0,0,0,Tidak tercatat
7307025,RS Umum Daerah Kelas D Pratama Bulu Paccing Bikeru,Sulawesi Selatan,Sinjai,D PRATAMA,RS Publik,Tidak tercatat,0,0,Tidak tercatat,Tidak tercatat,0,0,Tidak tercatat
7312011,RS Umum Daerah Latemmamala Soppeng,Sulawesi Selatan,Soppeng,B,RS Publik,73.0,12,1,3.0,2.0,1,1,100.0
7305015,RS Khusus Ibu dan Anak Zainab,Sulawesi Selatan,Takalar,C,RS Publik,4.0,2,0,Tidak tercatat,Tidak tercatat,0,0,Tidak tercatat
7305013,RS Maryam Citra Medika,Sulawesi Selatan,Takalar,D,RS Privat,30.0,8,0,Tidak tercatat,Tidak tercatat,1,1,100.0
7305012,RS Umum Daerah H. Padjonga Dg. Ngalle Takalar,Sulawesi Selatan,Takalar,C,RS Publik,110.0,12,1,0.0,0.0,2,2,100.0
7305014,RS Umum Daerah Pratama Takalar,Sulawesi Selatan,Takalar,D PRATAMA,RS Publik,4.0,3,1,3.0,2.0,0,0,Tidak tercatat
7318021,RS Fatima Makale,Sulawesi Selatan,Tana Toraja,C,RS Publik,29.0,10,0,Tidak tercatat,Tidak tercatat,1,1,100.0
7318054,RS Umum Daerah Lakipadada,Sulawesi Selatan,Tana Toraja,C,RS Publik,43.0,11,1,3.0,3.0,1,1,100.0
7318056,Rumah Sakit Sinar Kasih Toraja,Sulawesi Selatan,Tana Toraja,C,RS Privat,34.0,11,0,Tidak tercatat,Tidak tercatat,1,1,100.0
7326003,RS Santa Teresa Marampa Rantepao,Sulawesi Selatan,Toraja Utara,D,RS Publik,Tidak tercatat,0,0,Tidak tercatat,Tidak tercatat,0,0,Tidak tercatat
7326002,RS Umum Daerah Pongtiku,Sulawesi Selatan,Toraja Utara,D,RS Publik,35.0,11,1,1.0,1.0,1,1,100.0
7318010,RS Umum Elim Rantepao,Sulawesi Selatan,Toraja Utara,C,RS Publik,49.0,11,0,Tidak tercatat,Tidak tercatat,1,1,100.0
7313025,RS Hikmah Citra medika Sengkang,Sulawesi Selatan,Wajo,C,RS Privat,33.0,11,0,Tidak tercatat,Tidak tercatat,1,1,100.0
7313024,RS Prima Husada Sengkang,Sulawesi Selatan,Wajo,D,RS Privat,10.0,4,0,Tidak tercatat,Tidak tercatat,0,0,Tidak tercatat
7313012,RS Umum Daerah Lamaddukkelleng Kabupaten Wajo,Sulawesi Selatan,Wajo,C,RS Publik,57.0,11,1,1.0,1.0,1,1,100.0
7313023,RS Umum Daerah Siwa,Sulawesi Selatan,Wajo,D,RS Publik,37.0,10,0,Tidak tercatat,Tidak tercatat,1,1,100.0
7202017,RS Claire Medika,Sulawesi Tengah,Banggai,D,RS Privat,27.0,11,0,Tidak tercatat,Tidak tercatat,0,0,Tidak tercatat
7202018S,RS Darurat Kab. Banggai,Sulawesi Tengah,Banggai,Belum Ditetapkan,RS Publik,Tidak tercatat,0,0,Tidak tercatat,Tidak tercatat,0,0,Tidak tercatat
7202016,RS Pratama dr. Abdul Chalik Masulili,Sulawesi Tengah,Banggai,D,RS Publik,6.0,2,0,Tidak tercatat,Tidak tercatat,0,0,Tidak tercatat
7202015,RS Umum Daerah Kabupaten Banggai ,Sulawesi Tengah,Banggai,B,RS Publik,Tidak tercatat,0,1,2.0,2.0,2,2,100.0
7201014,RS Pratama Bilabanggai Buko Selatan,Sulawesi Tengah,Banggai Kepulauan,D PRATAMA,RS Publik,6.0,2,0,Tidak tercatat,Tidak tercatat,0,0,Tidak tercatat
7201012,RS Umum Daerah Trikora Salakan,Sulawesi Tengah,Banggai Kepulauan,C,RS Publik,52.0,11,1,2.0,1.0,1,1,100.0
7201011,RS Umum Daerah Banggai,Sulawesi Tengah,Banggai Laut,C,RS Publik,44.0,8,1,1.0,1.0,1,1,100.0
7207013,RS Umum Daerah Mokoyurli Buol,Sulawesi Tengah,Buol,C,RS Publik,43.0,11,1,2.0,2.0,0,0,Tidak tercatat
7207015,RS Umum Daerah Pratama Buol,Sulawesi Tengah,Buol,D PRATAMA,RS Publik,6.0,3,0,Tidak tercatat,Tidak tercatat,0,0,Tidak tercatat
7205022,RS Umum Daerah Kabelota,Sulawesi Tengah,Donggala,C,RS Publik,33.0,11,1,6.0,1.0,0,0,Tidak tercatat
7205024,RS Umum Daerah Pendau Tambu Kab Donggala,Sulawesi Tengah,Donggala,D,RS Publik,Tidak tercatat,0,0,Tidak tercatat,Tidak tercatat,1,1,100.0
7271127,RS Bhayangkara Palu,Sulawesi Tengah,Kota Palu,C,RS Publik,32.0,10,0,Tidak tercatat,Tidak tercatat,0,0,Tidak tercatat
7271095,RS Budi Agung Palu,Sulawesi Tengah,Kota Palu,C,RS Privat,42.0,11,0,Tidak tercatat,Tidak tercatat,0,0,Tidak tercatat
7271131,RS Ibu dan Anak Care She,Sulawesi Tengah,Kota Palu,C,RS Privat,7.0,7,0,Tidak tercatat,Tidak tercatat,0,0,Tidak tercatat
7271130,RS Ibu dan Anak Nasana Pura,Sulawesi Tengah,Kota Palu,C,RS Privat,13.0,6,0,Tidak tercatat,Tidak tercatat,0,0,Tidak tercatat
7271116,RS Ibu dan Anak Tinatapura,Sulawesi Tengah,Kota Palu,C,RS Publik,4.0,3,0,Tidak tercatat,Tidak tercatat,0,0,Tidak tercatat
7271132,RS Samaritan Palu,Sulawesi Tengah,Kota Palu,C,RS Privat,30.0,8,0,Tidak tercatat,Tidak tercatat,0,0,Tidak tercatat
7271025,RS TK. III. 13.06.01 Dr. Sindhu Trisno,Sulawesi Tengah,Kota Palu,C,RS Publik,43.0,8,0,Tidak tercatat,Tidak tercatat,0,0,Tidak tercatat
7271128,RS Umum  Sis Al Jufri Palu,Sulawesi Tengah,Kota Palu,C,RS Publik,41.0,9,0,Tidak tercatat,Tidak tercatat,1,1,100.0
7271036,RS Umum Anutapura Palu,Sulawesi Tengah,Kota Palu,B,RS Publik,108.0,14,1,5.0,5.0,3,3,100.0
7271051,RS Umum Daerah Madani Palu,Sulawesi Tengah,Kota Palu,C,RS Publik,51.0,12,1,2.0,2.0,0,0,Tidak tercatat
7271014,RS Umum Daerah Undata Palu,Sulawesi Tengah,Kota Palu,B,RS Publik,155.0,15,1,9.0,9.0,5,5,100.0
7271133,RS Umum Tadulako Palu,Sulawesi Tengah,Kota Palu,C,RS Publik,31.0,6,0,Tidak tercatat,Tidak tercatat,0,0,Tidak tercatat
7271040,RS Woodward,Sulawesi Tengah,Kota Palu,C,RS Publik,38.0,12,0,Tidak tercatat,Tidak tercatat,2,2,100.0
7203016,RS Umum Daerah Morowali,Sulawesi Tengah,Morowali,C,RS Publik,71.0,13,1,5.0,5.0,1,1,100.0
7203018,RS Umum Daerah Salabangkapaku,Sulawesi Tengah,Morowali,D,RS Publik,11.0,3,0,Tidak tercatat,Tidak tercatat,1,1,100.0
7212011,RS Pratama Mayapuria,Sulawesi Tengah,Morowali Utara,D PRATAMA,RS Publik,4.0,2,0,Tidak tercatat,Tidak tercatat,0,0,Tidak tercatat
7204021,RS Umum Daerah Kolonodale,Sulawesi Tengah,Morowali Utara,C,RS Publik,73.0,9,1,1.0,1.0,1,1,100.0
7208012,RS Ibu dan Anak Defina,Sulawesi Tengah,Parigi Moutong,C,RS Privat,13.0,7,0,Tidak tercatat,Tidak tercatat,0,0,Tidak tercatat
7208011,RS Umum Daerah Anuntaloko Parigi,Sulawesi Tengah,Parigi Moutong,B,RS Publik,64.0,12,1,3.0,3.0,1,1,100.0
7208115,RS Umum Daerah Buluye Napoae Moutong,Sulawesi Tengah,Parigi Moutong,D,RS Publik,6.0,2,0,Tidak tercatat,Tidak tercatat,0,0,Tidak tercatat
7208013,RS Umum Daerah Raja Tombolotutu,Sulawesi Tengah,Parigi Moutong,C,RS Publik,28.0,9,0,Tidak tercatat,Tidak tercatat,0,0,Tidak tercatat
7204043,RS GKST Tentena,Sulawesi Tengah,Poso,D,RS Publik,6.0,4,0,Tidak tercatat,Tidak tercatat,0,0,Tidak tercatat
7204044,"RS TK 4 Dr. Yanto, Sp.OT",Sulawesi Tengah,Poso,D,RS Publik,5.0,3,0,Tidak tercatat,Tidak tercatat,0,0,Tidak tercatat
7204010,RS Umum Daerah Poso,Sulawesi Tengah,Poso,C,RS Publik,46.0,12,1,1.0,1.0,0,0,Tidak tercatat
7210002,RS Umum Daerah Tora Belo,Sulawesi Tengah,Sigi,C,RS Publik,61.0,13,1,0.0,0.0,1,1,100.0
7209032,RS Umum Daerah Ampana,Sulawesi Tengah,Tojo Una-Una,C,RS Publik,54.0,9,1,5.0,2.0,2,2,100.0
7209004,RS Umum Daerah Pratama Togean,Sulawesi Tengah,Tojo Una-Una,D PRATAMA,RS Publik,2.0,2,0,Tidak tercatat,Tidak tercatat,0,0,Tidak tercatat
7209002,RS Umum Daerah Wakai,Sulawesi Tengah,Tojo Una-Una,D,RS Publik,10.0,5,0,Tidak tercatat,Tidak tercatat,0,0,Tidak tercatat
7206012,RS Umum  Mokopido Toli-Toli,Sulawesi Tengah,Toli-Toli,C,RS Publik,55.0,11,1,4.0,4.0,1,1,100.0
7206014,RS Umum Hj. Zubaeda Bantilan,Sulawesi Tengah,Toli-Toli,D,RS Publik,11.0,4,0,Tidak tercatat,Tidak tercatat,0,0,Tidak tercatat
7406036,RS Umum Daerah Kabupaten Bombana,Sulawesi Tenggara,Bombana,C,RS Publik,49.0,11,1,0.0,0.0,1,1,100.0
7401038,RS Umum Daerah Kabupaten Buton,Sulawesi Tenggara,Buton,C,RS Publik,38.0,11,1,0.0,0.0,1,1,100.0
7401039,RS Umum Daerah Kabupaten Buton Selatan,Sulawesi Tenggara,Buton Selatan,C,RS Publik,32.0,9,1,0.0,0.0,0,0,Tidak tercatat
7414002,RS Umum Daerah Kabupaten Buton Tengah,Sulawesi Tenggara,Buton Tengah,D,RS Publik,21.0,6,1,0.0,0.0,0,0,Tidak tercatat
7401024,RS Umum Daerah Kabupaten Buton Utara,Sulawesi Tenggara,Buton Utara,D,RS Publik,34.0,10,1,0.0,0.0,1,1,100.0
7404023,RS Antam Nikel Pomalaa,Sulawesi Tenggara,Kolaka,D,RS Privat,9.0,4,0,Tidak tercatat,Tidak tercatat,0,0,Tidak tercatat
7404012,RS Benyamin Guluh Kolaka,Sulawesi Tenggara,Kolaka,C,RS Publik,73.0,13,1,1.0,1.0,1,1,100.0
7404046,RS Ibu dan Anak Budi Medika,Sulawesi Tenggara,Kolaka,C,RS Privat,Tidak tercatat,0,0,Tidak tercatat,Tidak tercatat,0,0,Tidak tercatat
7404045,RS Umum Harifa,Sulawesi Tenggara,Kolaka,D,RS Privat,Tidak tercatat,0,0,Tidak tercatat,Tidak tercatat,0,0,Tidak tercatat
7411908,RS Umum Daerah Kabupaten Kolaka Timur,Sulawesi Tenggara,Kolaka Timur,D,RS Publik,28.0,11,1,0.0,0.0,0,0,Tidak tercatat
7404034,RS Umum Daerah H.M.Djafar Harun,Sulawesi Tenggara,Kolaka Utara,C,RS Publik,45.0,10,1,3.0,2.0,0,0,Tidak tercatat
7403022,RS Umum Daerah Konawe,Sulawesi Tenggara,Konawe,C,RS Publik,58.0,13,1,2.0,1.0,1,1,100.0
7403126,RS Umum Setia Bunda,Sulawesi Tenggara,Konawe,D,RS Privat,Tidak tercatat,0,0,Tidak tercatat,Tidak tercatat,0,0,Tidak tercatat
7412002,RS Umum Daerah Kabupaten Konawe Kepulauan,Sulawesi Tenggara,Konawe Kepulauan,D,RS Publik,28.0,11,1,0.0,0.0,0,0,Tidak tercatat
7403114,RS Umum Daerah Konawe Selatan,Sulawesi Tenggara,Konawe Selatan,C,RS Publik,46.0,9,1,0.0,0.0,0,0,Tidak tercatat
7408013,RS Umum Daerah Kab.Konawe Utara,Sulawesi Tenggara,Konawe Utara,D,RS Publik,33.0,8,1,3.0,1.0,0,0,Tidak tercatat
7472004,RS Faga Husada,Sulawesi Tenggara,Kota Bau-Bau,D,RS Privat,Tidak tercatat,0,0,Tidak tercatat,Tidak tercatat,0,0,Tidak tercatat
7472002,RS Siloam Hospital Buton,Sulawesi Tenggara,Kota Bau-Bau,C,RS Privat,19.0,6,0,Tidak tercatat,Tidak tercatat,1,1,100.0
7472016,RS Umum Daerah Kota Bau Bau,Sulawesi Tenggara,Kota Bau-Bau,C,RS Publik,78.0,12,1,1.0,1.0,1,1,100.0
7472003,RS Umum Murhum,Sulawesi Tenggara,Kota Bau-Bau,D,RS Privat,Tidak tercatat,0,0,Tidak tercatat,Tidak tercatat,0,0,Tidak tercatat
7471011,RS Bahteramas Provinsi Sultra,Sulawesi Tenggara,Kota Kendari,B,RS Publik,136.0,16,1,5.0,4.0,6,6,100.0
7471070,RS Bhayangkara Kendari,Sulawesi Tenggara,Kota Kendari,C,RS Publik,48.0,12,0,Tidak tercatat,Tidak tercatat,1,1,100.0
7471081,RS Griya Husada Bakti,Sulawesi Tenggara,Kota Kendari,D,RS Publik,Tidak tercatat,0,0,Tidak tercatat,Tidak tercatat,0,0,Tidak tercatat
7471002,RS Hati Mulia,Sulawesi Tenggara,Kota Kendari,D,RS Privat,32.0,10,0,Tidak tercatat,Tidak tercatat,2,2,100.0
7471010,RS Hermina Kendari,Sulawesi Tenggara,Kota Kendari,C,RS Privat,58.0,11,0,Tidak tercatat,Tidak tercatat,2,2,100.0
7471103,RS Ibu dan Anak Permata Bunda,Sulawesi Tenggara,Kota Kendari,C,RS Privat,11.0,2,0,Tidak tercatat,Tidak tercatat,0,0,Tidak tercatat
7471136,RS Jantung dan Pembuluh Darah Oputa Yi Koo Sulawesi Tenggara,Sulawesi Tenggara,Kota Kendari,B,RS Publik,Tidak tercatat,0,1,2.0,2.0,0,0,Tidak tercatat
7471066,RS Jiwa Kendari,Sulawesi Tenggara,Kota Kendari,B,RS Publik,20.0,3,0,Tidak tercatat,Tidak tercatat,0,0,Tidak tercatat
7471125,RS Mitra Sakinah Idaman,Sulawesi Tenggara,Kota Kendari,Belum Ditetapkan,RS Publik,Tidak tercatat,0,0,Tidak tercatat,Tidak tercatat,0,0,Tidak tercatat
7471055,RS PMI Prov. Sultra,Sulawesi Tenggara,Kota Kendari,Belum Ditetapkan,RS Publik,Tidak tercatat,0,0,Tidak tercatat,Tidak tercatat,0,0,Tidak tercatat
7471138,RS PMI Prov. Sultra,Sulawesi Tenggara,Kota Kendari,D,RS Publik,8.0,5,0,Tidak tercatat,Tidak tercatat,0,0,Tidak tercatat
7471044,RS Santa Anna,Sulawesi Tenggara,Kota Kendari,C,RS Publik,24.0,10,0,Tidak tercatat,Tidak tercatat,0,0,Tidak tercatat
7403033,RS Tk. IV Dr. R. Ismoyo Kendari,Sulawesi Tenggara,Kota Kendari,C,RS Publik,47.0,13,0,Tidak tercatat,Tidak tercatat,1,1,100.0
7471005,RS Umum Aliyah,Sulawesi Tenggara,Kota Kendari,D,RS Privat,23.0,9,0,Tidak tercatat,Tidak tercatat,0,0,Tidak tercatat
7471007,RS Umum Aliyah II,Sulawesi Tenggara,Kota Kendari,D,RS Privat,24.0,10,0,Tidak tercatat,Tidak tercatat,2,2,100.0
7471008,RS Umum Aliyah III,Sulawesi Tenggara,Kota Kendari,D,RS Privat,17.0,8,0,Tidak tercatat,Tidak tercatat,0,0,Tidak tercatat
7471092,RS Umum Daerah Kota Kendari,Sulawesi Tenggara,Kota Kendari,C,RS Publik,105.0,13,1,2.0,2.0,2,2,100.0
7471004,RS Umum Dewi Sartika,Sulawesi Tenggara,Kota Kendari,D,RS Privat,20.0,7,0,Tidak tercatat,Tidak tercatat,0,0,Tidak tercatat
7471009,RS Umum Tiara Sentosa,Sulawesi Tenggara,Kota Kendari,D,RS Privat,14.0,4,0,Tidak tercatat,Tidak tercatat,1,1,100.0
7402022,RS Ibu dan Anak Harapan Kita,Sulawesi Tenggara,Muna,C,RS Privat,Tidak tercatat,0,0,Tidak tercatat,Tidak tercatat,0,0,Tidak tercatat
7402010,RS Umum Daerah Raha,Sulawesi Tenggara,Muna,C,RS Publik,58.0,11,1,2.0,2.0,1,1,100.0
7402011,RS Umum Daerah Kabupaten Muna Barat,Sulawesi Tenggara,Muna Barat,D,RS Publik,25.0,8,1,0.0,0.0,0,0,Tidak tercatat
7407012,RS Umum Daerah Kabupaten Wakatobi,Sulawesi Tenggara,Wakatobi,C,RS Publik,40.0,8,1,3.0,1.0,0,0,Tidak tercatat
7101013,RS Umum Datoe Binangkang,Sulawesi Utara,Bolaang Mongondow,C,RS Publik,41.0,11,1,2.0,2.0,0,0,Tidak tercatat
7110002,RS Umum Daerah Bolaang Mongondow Selatan,Sulawesi Utara,Bolaang Mongondow Selatan,D,RS Publik,24.0,10,1,2.0,1.0,0,0,Tidak tercatat
7111011,RS Umum Daerah Bolaang Mongondow Timur,Sulawesi Utara,Bolaang Mongondow Timur,D,RS Publik,22.0,8,1,3.0,1.0,0,0,Tidak tercatat
7107014,RS Umum Bintauna,Sulawesi Utara,Bolaang Mongondow Utara,D,RS Publik,Tidak tercatat,0,0,Tidak tercatat,Tidak tercatat,0,0,Tidak tercatat
7107003,RS Umum Daerah Bolaang Mongondow Utara ,Sulawesi Utara,Bolaang Mongondow Utara,D,RS Publik,28.0,8,1,3.0,1.0,0,0,Tidak tercatat
7103015,RS Daerah Liun Kendage,Sulawesi Utara,Kepulauan Sangihe,C,RS Publik,38.0,11,1,1.0,1.0,0,0,Tidak tercatat
7103039,RS Umum Liung Paduli,Sulawesi Utara,Kepulauan Sangihe,D,RS Publik,14.0,8,0,Tidak tercatat,Tidak tercatat,0,0,Tidak tercatat
7103026,RS Umum Daerah Lapangan Sawang Kab. Sitaro,Sulawesi Utara,Kepulauan Siau Tagulandang Biaro,D,RS Publik,25.0,9,1,1.0,1.0,0,0,Tidak tercatat
7108037,RS Umum Daerah Tagulandang,Sulawesi Utara,Kepulauan Siau Tagulandang Biaro,C,RS Publik,20.0,9,1,2.0,1.0,0,0,Tidak tercatat
7104027,RS Bergerak Kab.Kep.Talaud,Sulawesi Utara,Kepulauan Talaud,D,RS Publik,5.0,5,0,Tidak tercatat,Tidak tercatat,0,0,Tidak tercatat
7104038,RS Umum Daerah Talaud,Sulawesi Utara,Kepulauan Talaud,C,RS Publik,26.0,10,1,2.0,1.0,1,1,100.0
7172014,RS Budi Mulia Bitung,Sulawesi Utara,Kota Bitung,C,RS Publik,28.0,9,0,Tidak tercatat,Tidak tercatat,1,1,100.0
7172047S,RS Darurat Covid-19 Kota Bitung,Sulawesi Utara,Kota Bitung,Belum Ditetapkan,RS Publik,20.0,3,0,Tidak tercatat,Tidak tercatat,0,0,Tidak tercatat
7172036,RS Umum Daerah Manembo-Nembo Bitung,Sulawesi Utara,Kota Bitung,C,RS Publik,72.0,11,1,0.0,0.0,1,1,100.0
7172048,RS Umum Daerah Pratama Kota Bitung,Sulawesi Utara,Kota Bitung,D PRATAMA,RS Publik,23.0,5,0,Tidak tercatat,Tidak tercatat,0,0,Tidak tercatat
7172025,Rumkital dr. Wahyu Slamet Bitung,Sulawesi Utara,Kota Bitung,D,RS Publik,20.0,7,0,Tidak tercatat,Tidak tercatat,0,0,Tidak tercatat
7174004,RS Ibu dan Anak Kasih Fatimah Kotamobagu,Sulawesi Utara,Kota Kotamobagu,C,RS Privat,15.0,6,0,Tidak tercatat,Tidak tercatat,1,1,100.0
7101037,RS Kinapit,Sulawesi Utara,Kota Kotamobagu,D,RS Privat,18.0,8,0,Tidak tercatat,Tidak tercatat,0,0,Tidak tercatat
7174024,RS Monompia,Sulawesi Utara,Kota Kotamobagu,D,RS Publik,23.0,9,0,Tidak tercatat,Tidak tercatat,0,0,Tidak tercatat
7174035,RS Umum Daerah Kota Kotamobagu ,Sulawesi Utara,Kota Kotamobagu,C,RS Publik,77.0,12,1,3.0,3.0,1,1,100.0
7171083,RS Advent Manado,Sulawesi Utara,Kota Manado,C,RS Publik,51.0,12,0,Tidak tercatat,Tidak tercatat,0,0,Tidak tercatat
7171061,RS Bhayangkara Manado,Sulawesi Utara,Kota Manado,C,RS Publik,73.0,11,0,Tidak tercatat,Tidak tercatat,0,0,Tidak tercatat
7171120,RS Gigi dan Mulut Universitas Sam Ratulangi,Sulawesi Utara,Kota Manado,C,RS Publik,16.0,1,0,Tidak tercatat,Tidak tercatat,0,0,Tidak tercatat
7171106,RS Hermina Manado,Sulawesi Utara,Kota Manado,C,RS Privat,47.0,8,0,Tidak tercatat,Tidak tercatat,1,1,100.0
7171098,RS Ibu dan Anak Kasih Ibu,Sulawesi Utara,Kota Manado,C,RS Privat,4.0,2,0,Tidak tercatat,Tidak tercatat,0,0,Tidak tercatat
7171095,RS Ibu dan Anak Kirana Manado,Sulawesi Utara,Kota Manado,C,RS Privat,9.0,4,0,Tidak tercatat,Tidak tercatat,0,0,Tidak tercatat
7171094,RS Islam Sitti Maryam,Sulawesi Utara,Kota Manado,C,RS Publik,18.0,6,0,Tidak tercatat,Tidak tercatat,0,0,Tidak tercatat
7171108,RS Khusus Daerah Gigi dan Mulut Kota Manado,Sulawesi Utara,Kota Manado,C,RS Publik,8.0,2,0,Tidak tercatat,Tidak tercatat,0,0,Tidak tercatat
7171122,RS Khusus Infeksi Kita Waya Provinsi Sulawesi Utara,Sulawesi Utara,Kota Manado,B,RS Publik,Tidak tercatat,0,0,Tidak tercatat,Tidak tercatat,0,0,Tidak tercatat
7171107S,RS Lapangan Darurat Covid-19 Bapelkes Manado,Sulawesi Utara,Kota Manado,Belum Ditetapkan,RS Publik,5.0,2,0,Tidak tercatat,Tidak tercatat,0,0,Tidak tercatat
7171104,RS Mata Provinsi Sulawesi Utara,Sulawesi Utara,Kota Manado,C,RS Publik,22.0,5,0,Tidak tercatat,Tidak tercatat,0,0,Tidak tercatat
7171050,RS Pancaran Kasih,Sulawesi Utara,Kota Manado,C,RS Publik,65.0,12,0,Tidak tercatat,Tidak tercatat,0,0,Tidak tercatat
7171072,RS Permata Bunda,Sulawesi Utara,Kota Manado,D,RS Publik,20.0,7,0,Tidak tercatat,Tidak tercatat,0,0,Tidak tercatat
7171105,RS Siloam Paal Dua,Sulawesi Utara,Kota Manado,C,RS Privat,27.0,9,0,Tidak tercatat,Tidak tercatat,1,1,100.0
7171024,RS TK. II R. W. Mongisidi,Sulawesi Utara,Kota Manado,C,RS Publik,Tidak tercatat,0,0,Tidak tercatat,Tidak tercatat,2,2,100.0
7171097,RS TNI AU Lanud Sam Ratulangi,Sulawesi Utara,Kota Manado,D,RS Publik,29.0,8,0,Tidak tercatat,Tidak tercatat,0,0,Tidak tercatat
7171121,RS Umum Daerah Kota Manado,Sulawesi Utara,Kota Manado,C,RS Publik,40.0,10,1,3.0,2.0,2,2,100.0
7171103,RS Umum Daerah ODSK,Sulawesi Utara,Kota Manado,B,RS Publik,108.0,11,1,3.0,3.0,5,5,100.0
7171102,RS Umum Manado Medical Center,Sulawesi Utara,Kota Manado,C,RS Privat,35.0,11,0,Tidak tercatat,Tidak tercatat,1,1,100.0
7171099,RS Umum Siloam Hospital Manado,Sulawesi Utara,Kota Manado,B,RS Privat,85.0,15,0,Tidak tercatat,Tidak tercatat,4,4,100.0
7171013,RSUP Prof. Dr. R. D. Kandou,Sulawesi Utara,Kota Manado,A,RS Publik,903.0,22,1,16.0,12.0,6,5,83.33
7173036,RS Bethesda GMIM Tomohon,Sulawesi Utara,Kota Tomohon,C,RS Publik,42.0,10,0,Tidak tercatat,Tidak tercatat,0,0,Tidak tercatat
7173051,RS Gunung Maria,Sulawesi Utara,Kota Tomohon,C,RS Publik,55.0,11,0,Tidak tercatat,Tidak tercatat,1,1,100.0
7173002,RS Umum Daerah Anugerah,Sulawesi Utara,Kota Tomohon,C,RS Publik,39.0,11,1,1.0,1.0,1,1,100.0
7102073,RS Budi Setia,Sulawesi Utara,Minahasa,C,RS Publik,36.0,10,0,Tidak tercatat,Tidak tercatat,1,1,100.0
7102121,RS Dr. J. H. Awaloei,Sulawesi Utara,Minahasa,C,RS Privat,72.0,13,0,Tidak tercatat,Tidak tercatat,3,3,100.0
7171035,RS Jiwa Prof. Dr. V. L. Ratumbuysang,Sulawesi Utara,Minahasa,B,RS Publik,28.0,6,0,Tidak tercatat,Tidak tercatat,0,0,Tidak tercatat
7102040,RS Siloam GMIM Sonder,Sulawesi Utara,Minahasa,D,RS Publik,5.0,3,0,Tidak tercatat,Tidak tercatat,1,1,100.0
7102014,RS Umum Daerah Dr. Sam Ratulangi Tondano,Sulawesi Utara,Minahasa,C,RS Publik,55.0,11,0,Tidak tercatat,Tidak tercatat,1,1,100.0
7102120,RS Umum Noongan,Sulawesi Utara,Minahasa,C,RS Publik,47.0,10,1,1.0,1.0,0,0,Tidak tercatat
7105084,RS Cantia Tompasobaru,Sulawesi Utara,Minahasa Selatan,D,RS Publik,14.0,7,0,Tidak tercatat,Tidak tercatat,0,0,Tidak tercatat
7105116,RS Kalooran,Sulawesi Utara,Minahasa Selatan,C,RS Publik,43.0,10,0,Tidak tercatat,Tidak tercatat,1,1,100.0
7105030,RS Umum Daerah Amurang,Sulawesi Utara,Minahasa Selatan,C,RS Publik,21.0,10,1,0.0,0.0,0,0,Tidak tercatat
7109002,RS Umum Daerah Mitra Sehat,Sulawesi Utara,Minahasa Tenggara,D,RS Publik,26.0,10,1,1.0,1.0,0,0,Tidak tercatat
7109028,RSU Ratatotok Buyat,Sulawesi Utara,Minahasa Tenggara,C,RS Publik,31.0,9,1,1.0,1.0,0,0,Tidak tercatat
7102062,RS Hermana,Sulawesi Utara,Minahasa Utara,C,RS Publik,40.0,11,0,Tidak tercatat,Tidak tercatat,1,1,100.0
7102095,RS Tonsea,Sulawesi Utara,Minahasa Utara,D,RS Publik,25.0,10,0,Tidak tercatat,Tidak tercatat,1,1,100.0
7106018,RS Umum Daerah Maria Walanda Maramis,Sulawesi Utara,Minahasa Utara,C,RS Publik,63.0,13,1,1.0,1.0,1,1,100.0
7106020,Sentra Medika Hospital Minahasa Utara,Sulawesi Utara,Minahasa Utara,B,RS Privat,102.0,13,0,Tidak tercatat,Tidak tercatat,4,4,100.0
1307017,RS Ibu dan Anak Rezki Bunda,Sumatera Barat,Agam,C,RS Privat,13.0,8,0,Tidak tercatat,Tidak tercatat,1,1,100.0
1308016,RS Umum Daerah Lubuk Basung,Sumatera Barat,Agam,C,RS Publik,65.0,14,1,0.0,0.0,2,2,100.0
1311013,RS Umum Daerah Sungai Dareh,Sumatera Barat,Dharmasraya,C,RS Publik,64.0,12,1,2.0,2.0,1,1,100.0
1311002,RS Umum Daerah Sungai Rumbai,Sumatera Barat,Dharmasraya,D,RS Publik,22.0,5,0,Tidak tercatat,Tidak tercatat,1,1,100.0
1301010,RS Umum Daerah Kep. Mentawai,Sumatera Barat,Kepulauan Mentawai,D,RS Publik,31.0,10,1,2.0,1.0,1,1,100.0
1375040,RS Islam Ibnu Sina Bukittinggi,Sumatera Barat,Kota Bukittinggi,C,RS Publik,74.0,15,0,Tidak tercatat,Tidak tercatat,3,3,100.0
1375052,RS Khusus THT Sitawa Sidingin,Sumatera Barat,Kota Bukittinggi,Belum Ditetapkan,RS Privat,Tidak tercatat,0,0,Tidak tercatat,Tidak tercatat,0,0,Tidak tercatat
1375036,RS Otak DR. Drs. M. Hatta Bukittinggi,Sumatera Barat,Kota Bukittinggi,A,RS Publik,75.0,13,1,3.0,3.0,3,3,100.0
1375025,RS Tk. IV Bukittinggi,Sumatera Barat,Kota Bukittinggi,D,RS Publik,24.0,10,0,Tidak tercatat,Tidak tercatat,1,1,100.0
1375014,RS Umum Daerah Dr. Achmad Mochtar,Sumatera Barat,Kota Bukittinggi,B,RS Publik,110.0,14,1,10.0,10.0,4,3,75.0
1375053,RS Umum Daerah Kota Bukittinggi,Sumatera Barat,Kota Bukittinggi,C,RS Publik,37.0,12,1,2.0,1.0,1,1,100.0
1375051,RS Umum Madina,Sumatera Barat,Kota Bukittinggi,D,RS Publik,49.0,13,0,Tidak tercatat,Tidak tercatat,4,4,100.0
1371123,RS Bhayangkara Padang,Sumatera Barat,Kota Padang,D,RS Publik,36.0,10,0,Tidak tercatat,Tidak tercatat,1,1,100.0
1371478,RS Gigi dan Mulut Universitas Andalas,Sumatera Barat,Kota Padang,B,RS Publik,28.0,4,0,Tidak tercatat,Tidak tercatat,0,0,Tidak tercatat
1371451,RS Ibu dan Anak Cicik,Sumatera Barat,Kota Padang,C,RS Privat,25.0,5,0,Tidak tercatat,Tidak tercatat,1,1,100.0
1371400,RS Ibu dan Anak Lenggogeni,Sumatera Barat,Kota Padang,C,RS Publik,Tidak tercatat,0,0,Tidak tercatat,Tidak tercatat,0,0,Tidak tercatat
1371460,RS Ibu dan Anak Mutiara Bunda,Sumatera Barat,Kota Padang,C,RS Privat,Tidak tercatat,0,0,Tidak tercatat,Tidak tercatat,1,1,100.0
1371465,RS Ibu dan Anak Restu Ibu,Sumatera Barat,Kota Padang,C,RS Privat,18.0,5,0,Tidak tercatat,Tidak tercatat,1,1,100.0
1371455,RS Ibu dan Anak Siti Hawa,Sumatera Barat,Kota Padang,C,RS Privat,21.0,6,0,Tidak tercatat,Tidak tercatat,0,0,Tidak tercatat
1371456,RS Islam Siti Rahmah,Sumatera Barat,Kota Padang,C,RS Publik,85.0,16,0,Tidak tercatat,Tidak tercatat,5,5,100.0
1371316,RS Jiwa Prof. Dr. Hasan Basri Saanin Datuk Tan Par,Sumatera Barat,Kota Padang,A,RS Publik,30.0,8,0,Tidak tercatat,Tidak tercatat,1,1,100.0
1371251,RS Jiwa dr. Yaunin,Sumatera Barat,Kota Padang,C,RS Publik,5.0,2,0,Tidak tercatat,Tidak tercatat,0,0,Tidak tercatat
1371463,RS Khusus Bedah Kartika Docta,Sumatera Barat,Kota Padang,C,RS Privat,13.0,6,0,Tidak tercatat,Tidak tercatat,1,1,100.0
1371422,RS Khusus Bedah Ropanasuri,Sumatera Barat,Kota Padang,C,RS Publik,29.0,9,0,Tidak tercatat,Tidak tercatat,2,2,100.0
1371454,RS Khusus Gigi dan Mulut Baiturrahmah,Sumatera Barat,Kota Padang,B,RS Publik,33.0,2,0,Tidak tercatat,Tidak tercatat,0,0,Tidak tercatat
1371457,RS Khusus Mata Padang Eye Center,Sumatera Barat,Kota Padang,C,RS Privat,12.0,5,0,Tidak tercatat,Tidak tercatat,1,1,100.0
1371459,RS Khusus Mata Regina Eye Center,Sumatera Barat,Kota Padang,C,RS Privat,8.0,3,0,Tidak tercatat,Tidak tercatat,0,0,Tidak tercatat
1371021,RS Tk. III Reksodiwiryo Padang,Sumatera Barat,Kota Padang,C,RS Publik,Tidak tercatat,0,0,Tidak tercatat,Tidak tercatat,2,2,100.0
1371112,RS Umum Aisyiyah Padang,Sumatera Barat,Kota Padang,C,RS Publik,6.0,3,0,Tidak tercatat,Tidak tercatat,1,1,100.0
1371446,RS Umum Bunda Padang,Sumatera Barat,Kota Padang,C,RS Privat,81.0,13,0,Tidak tercatat,Tidak tercatat,5,4,80.0
1371444,RS Umum Daerah dr. Rasidin Padang,Sumatera Barat,Kota Padang,C,RS Publik,88.0,13,1,2.0,2.0,2,2,100.0
1371466,RS Umum Hermina Padang,Sumatera Barat,Kota Padang,C,RS Privat,54.0,9,0,Tidak tercatat,Tidak tercatat,3,3,100.0
1371091,RS Umum Islam Ibnu Sina,Sumatera Barat,Kota Padang,C,RS Publik,52.0,16,0,Tidak tercatat,Tidak tercatat,1,1,100.0
1371462,RS Umum Naili DBS,Sumatera Barat,Kota Padang,C,RS Privat,71.0,14,0,Tidak tercatat,Tidak tercatat,1,1,100.0
1371284,RS Umum Selaguri,Sumatera Barat,Kota Padang,D,RS Publik,4.0,3,0,Tidak tercatat,Tidak tercatat,0,0,Tidak tercatat
1371305,RS Umum Semen Padang Hospital,Sumatera Barat,Kota Padang,C,RS Privat,91.0,14,0,Tidak tercatat,Tidak tercatat,4,4,100.0
1371032,RS Umum Yos Sudarso,Sumatera Barat,Kota Padang,C,RS Publik,79.0,13,0,Tidak tercatat,Tidak tercatat,5,5,100.0
1371464,RS. Universitas Andalas,Sumatera Barat,Kota Padang,B,RS Publik,115.0,18,0,Tidak tercatat,Tidak tercatat,6,6,100.0
1371010,RSUP Dr. M. Djamil,Sumatera Barat,Kota Padang,A,RS Publik,703.0,18,1,12.0,11.0,5,4,80.0
1374013,RS Umum Daerah Padang Panjang,Sumatera Barat,Kota Padang Panjang,C,RS Publik,77.0,13,1,0.0,0.0,2,2,100.0
1374024,RS Umum Ibnu Sina Padang Panjang,Sumatera Barat,Kota Padang Panjang,D,RS Publik,30.0,12,0,Tidak tercatat,Tidak tercatat,1,1,100.0
1377008,RS Ibu dan Anak Citra Aguswar Medical Center,Sumatera Barat,Kota Pariaman,C,RS Privat,14.0,8,0,Tidak tercatat,Tidak tercatat,0,0,Tidak tercatat
1377003,RS Umum Aisyiyah Pariaman,Sumatera Barat,Kota Pariaman,D,RS Publik,18.0,6,0,Tidak tercatat,Tidak tercatat,1,1,100.0
1377007,RS Umum Daerah Dr Sadikin Kota Pariaman,Sumatera Barat,Kota Pariaman,D,RS Publik,31.0,11,1,1.0,1.0,1,1,100.0
1306015,RS Umum Daerah Pariaman,Sumatera Barat,Kota Pariaman,B,RS Publik,68.0,13,0,Tidak tercatat,Tidak tercatat,4,4,100.0
1377005,RS Umum Tamar Medical Centre,Sumatera Barat,Kota Pariaman,D,RS Privat,35.0,11,0,Tidak tercatat,Tidak tercatat,1,1,100.0
1376017,RS Ibu dan Anak Annisa Payakumbuh,Sumatera Barat,Kota Payakumbuh,C,RS Privat,24.0,8,0,Tidak tercatat,Tidak tercatat,0,0,Tidak tercatat
1376016,RS Ibu dan Anak Sukma Bunda,Sumatera Barat,Kota Payakumbuh,C,RS Privat,20.0,7,0,Tidak tercatat,Tidak tercatat,0,0,Tidak tercatat
1376015,RS Umum Daerah Dr. Adnaan WD,Sumatera Barat,Kota Payakumbuh,C,RS Publik,75.0,12,1,4.0,2.0,2,2,100.0
1376011,RS Umum Ibnu Sina Kota Payakumbuh,Sumatera Barat,Kota Payakumbuh,C,RS Publik,40.0,11,0,Tidak tercatat,Tidak tercatat,1,1,100.0
1373012,RS Umum Daerah Sawah Lunto,Sumatera Barat,Kota Sawah Lunto,C,RS Publik,70.0,11,1,1.0,1.0,2,2,100.0
1372014,RS Ibu Dan Anak Ananda,Sumatera Barat,Kota Solok,C,RS Privat,12.0,5,0,Tidak tercatat,Tidak tercatat,0,0,Tidak tercatat
1372013,RS Ibu dan Anak Permata Bunda Solok,Sumatera Barat,Kota Solok,C,RS Privat,Tidak tercatat,0,0,Tidak tercatat,Tidak tercatat,1,1,100.0
1372015,RS Ibu dan Anak Yasmin,Sumatera Barat,Kota Solok,Belum Ditetapkan,RS Privat,Tidak tercatat,0,0,Tidak tercatat,Tidak tercatat,0,0,Tidak tercatat
1372012,RS Tkt. IV 01.07.06 Solok,Sumatera Barat,Kota Solok,D,RS Publik,45.0,12,0,Tidak tercatat,Tidak tercatat,1,1,100.0
1372016,RS Umum Daerah Kota Solok,Sumatera Barat,Kota Solok,Belum Ditetapkan,RS Publik,Tidak tercatat,0,1,1.0,1.0,0,0,Tidak tercatat
1372011,RS Umum Daerah Mohammad Natsir,Sumatera Barat,Kota Solok,B,RS Publik,99.0,15,1,2.0,2.0,3,3,100.0
1308012,RS Bersalin Harapan Bunda,Sumatera Barat,Lima Puluh Kota,Belum Ditetapkan,RS Privat,Tidak tercatat,0,0,Tidak tercatat,Tidak tercatat,0,0,Tidak tercatat
1308010,RS Umum Daerah dr. Achmad Darwis,Sumatera Barat,Lima Puluh Kota,C,RS Publik,69.0,12,1,0.0,0.0,0,0,Tidak tercatat
1306057,RS Paru Sumatera Barat,Sumatera Barat,Padang Pariaman,B,RS Publik,40.0,6,0,Tidak tercatat,Tidak tercatat,2,2,100.0
1306056,RS Umum Daerah Padang Pariaman,Sumatera Barat,Padang Pariaman,C,RS Publik,65.0,11,1,0.0,0.0,1,1,100.0
1309023,RS Islam Ibnu Sina Panti Yarsi ,Sumatera Barat,Pasaman,D,RS Privat,Tidak tercatat,0,0,Tidak tercatat,Tidak tercatat,1,1,100.0
1309024,RS Kelas D Pasaman,Sumatera Barat,Pasaman,D,RS Publik,24.0,8,0,Tidak tercatat,Tidak tercatat,2,2,100.0
1309011,RS Umum Daerah Lubuk Sikaping,Sumatera Barat,Pasaman,C,RS Publik,52.0,10,1,3.0,3.0,3,3,100.0
1312025,RS Ibu dan Anak AL-Ihsan,Sumatera Barat,Pasaman Barat,C,RS Privat,14.0,4,0,Tidak tercatat,Tidak tercatat,0,0,Tidak tercatat
1312024,RS Umum Daerah Pasaman Barat,Sumatera Barat,Pasaman Barat,C,RS Publik,89.0,12,1,0.0,0.0,1,1,100.0
1312036,RS Umum Daerah Ujung Gading,Sumatera Barat,Pasaman Barat,D PRATAMA,RS Publik,Tidak tercatat,0,0,Tidak tercatat,Tidak tercatat,0,0,Tidak tercatat
1309022,RS Umum Islam Ibnu Sina,Sumatera Barat,Pasaman Barat,C,RS Publik,40.0,12,0,Tidak tercatat,Tidak tercatat,1,1,100.0
1302015,RS Khusus Ibu dan Anak Permata Hati,Sumatera Barat,Pesisir Selatan,C,RS Privat,10.0,7,0,Tidak tercatat,Tidak tercatat,2,2,100.0
1302012,RS Umum BKM,Sumatera Barat,Pesisir Selatan,C,RS Privat,35.0,13,0,Tidak tercatat,Tidak tercatat,2,2,100.0
1302011,RS Umum Daerah Dr. Muhammad Zein Painan,Sumatera Barat,Pesisir Selatan,C,RS Publik,98.0,13,1,0.0,0.0,2,2,100.0
1302013,RS Umum Daerah Tapan,Sumatera Barat,Pesisir Selatan,D,RS Publik,21.0,6,0,Tidak tercatat,Tidak tercatat,0,0,Tidak tercatat
1304015,RS Bersalin Alya,Sumatera Barat,Sijunjung,D,RS Privat,Tidak tercatat,0,0,Tidak tercatat,Tidak tercatat,0,0,Tidak tercatat
1304017,RS Khusus Ibu dan Anak Haryanda,Sumatera Barat,Sijunjung,C,RS Privat,8.0,6,0,Tidak tercatat,Tidak tercatat,0,0,Tidak tercatat
1304014,RS Umum Daerah Kabupaten Sijunjung,Sumatera Barat,Sijunjung,C,RS Publik,66.0,12,1,4.0,2.0,1,1,100.0
1303023,RS Umum Daerah Arosuka Solok,Sumatera Barat,Solok,C,RS Publik,77.0,13,1,9.0,4.0,3,3,100.0
1310011,RS Umum Daerah Batang Sangir,Sumatera Barat,Solok Selatan,D,RS Publik,9.0,6,0,Tidak tercatat,Tidak tercatat,0,0,Tidak tercatat
1303012,RS Umum Daerah Muara Labuh,Sumatera Barat,Solok Selatan,C,RS Publik,38.0,12,1,0.0,0.0,2,2,100.0
1305016,RS Ibu dan Anak Fadhila Batusangkar,Sumatera Barat,Tanah Datar,C,RS Privat,19.0,7,0,Tidak tercatat,Tidak tercatat,1,1,100.0
1305015,RS Ibu dan Anak Sayang Ibu,Sumatera Barat,Tanah Datar,C,RS Privat,20.0,8,0,Tidak tercatat,Tidak tercatat,1,1,100.0
1305014,RS Umum Daerah Prof. Dr. M.A. Hanafiah,Sumatera Barat,Tanah Datar,C,RS Publik,65.0,12,1,0.0,0.0,2,2,100.0
1305017,RS Umum Harapan Ibunda,Sumatera Barat,Tanah Datar,D,RS Privat,24.0,10,0,Tidak tercatat,Tidak tercatat,1,1,100.0
1607017,RS Bunda Medika Jakabaring,Sumatera Selatan,Banyuasin,C,RS Privat,33.0,10,0,Tidak tercatat,Tidak tercatat,0,0,Tidak tercatat
1607014,RS Hermina OPI Jakabaring,Sumatera Selatan,Banyuasin,C,RS Privat,101.0,15,0,Tidak tercatat,Tidak tercatat,3,3,100.0
1607012,RS Umum Daerah Banyuasin,Sumatera Selatan,Banyuasin,C,RS Publik,54.0,12,1,1.0,1.0,2,2,100.0
1607015,RS Umum Daerah Pratama Makarti Jaya,Sumatera Selatan,Banyuasin,D PRATAMA,RS Publik,4.0,3,0,Tidak tercatat,Tidak tercatat,0,0,Tidak tercatat
1607016,RS Umum Daerah Sukajadi,Sumatera Selatan,Banyuasin,D,RS Publik,15.0,10,0,Tidak tercatat,Tidak tercatat,0,0,Tidak tercatat
1671072,RS Umum Pusat Dr. Rivai Abdullah,Sumatera Selatan,Banyuasin,C,RS Publik,7.0,3,1,5.0,4.0,1,1,100.0
1611002,RS Pratama Pendopo,Sumatera Selatan,Empat Lawang,D PRATAMA,RS Publik,17.0,4,0,Tidak tercatat,Tidak tercatat,0,0,Tidak tercatat
1611042,RS Umum Daerah Kabupaten Empat Lawang,Sumatera Selatan,Empat Lawang,C,RS Publik,51.0,11,1,4.0,1.0,1,1,100.0
1674002,RS AR Bunda Kota Lubuk Linggau,Sumatera Selatan,Kota Lubuk Linggau,C,RS Privat,78.0,12,0,Tidak tercatat,Tidak tercatat,3,3,100.0
1674007,RS Ibu dan Anak Ananda Lubuk Linggau,Sumatera Selatan,Kota Lubuk Linggau,C,RS Privat,15.0,6,0,Tidak tercatat,Tidak tercatat,0,0,Tidak tercatat
1674005,RS Ibu dan Anak Dwi Sari,Sumatera Selatan,Kota Lubuk Linggau,C,RS Privat,11.0,3,0,Tidak tercatat,Tidak tercatat,1,1,100.0
1674003,RS Siloam Silampari,Sumatera Selatan,Kota Lubuk Linggau,C,RS Privat,39.0,12,0,Tidak tercatat,Tidak tercatat,1,1,100.0
1674008,RS Umum Daerah Petanang,Sumatera Selatan,Kota Lubuk Linggau,D,RS Publik,14.0,6,0,Tidak tercatat,Tidak tercatat,1,1,100.0
1674032,RS Umum Daerah Siti Aisyah Kota Lubuk Linggau,Sumatera Selatan,Kota Lubuk Linggau,C,RS Publik,61.0,10,1,2.0,1.0,0,0,Tidak tercatat
1673031,RS Umum Daerah Basemah Kota Pagar Alam,Sumatera Selatan,Kota Pagar Alam,C,RS Publik,51.0,10,1,4.0,1.0,1,1,100.0
1671327,Charitas Hospital Kenten,Sumatera Selatan,Kota Palembang,D,RS Publik,28.0,11,0,Tidak tercatat,Tidak tercatat,1,1,100.0
1671331,RS Bhayangkara M. Hasan Palembang,Sumatera Selatan,Kota Palembang,C,RS Publik,79.0,11,0,Tidak tercatat,Tidak tercatat,3,3,100.0
1671325,RS Hermina Palembang,Sumatera Selatan,Kota Palembang,C,RS Privat,115.0,11,0,Tidak tercatat,Tidak tercatat,2,1,50.0
1671340,RS Ibu dan Anak Az-Zahra Palembang,Sumatera Selatan,Kota Palembang,C,RS Publik,20.0,5,0,Tidak tercatat,Tidak tercatat,1,1,100.0
1671339,RS Ibu dan Anak Bunda Noni,Sumatera Selatan,Kota Palembang,C,RS Privat,11.0,7,0,Tidak tercatat,Tidak tercatat,0,0,Tidak tercatat
1671348,RS Ibu dan Anak Mama,Sumatera Selatan,Kota Palembang,C,RS Privat,18.0,8,0,Tidak tercatat,Tidak tercatat,2,2,100.0
1671341,RS Ibu dan Anak Marissa Palembang,Sumatera Selatan,Kota Palembang,C,RS Publik,10.0,5,0,Tidak tercatat,Tidak tercatat,0,0,Tidak tercatat
1671324,RS Ibu dan Anak Rika Amelia,Sumatera Selatan,Kota Palembang,C,RS Publik,32.0,7,0,Tidak tercatat,Tidak tercatat,1,1,100.0
1671254,RS Ibu dan Anak Tiara Fatrin Palembang,Sumatera Selatan,Kota Palembang,C,RS Privat,14.0,4,0,Tidak tercatat,Tidak tercatat,0,0,Tidak tercatat
1671337,RS Ibu dan Anak Trinanda Palembang,Sumatera Selatan,Kota Palembang,C,RS Privat,17.0,5,0,Tidak tercatat,Tidak tercatat,0,0,Tidak tercatat
1671083,RS Islam Siti Khadijah,Sumatera Selatan,Kota Palembang,B,RS Publik,125.0,13,0,Tidak tercatat,Tidak tercatat,4,4,100.0
1671061,RS Jiwa Ernaldi Bahar Provinsi Sumatera Selatan,Sumatera Selatan,Kota Palembang,A,RS Publik,Tidak tercatat,0,0,Tidak tercatat,Tidak tercatat,1,1,100.0
1671328,RS Khusus Gigi dan Mulut Palembang Provinsi Sumate,Sumatera Selatan,Kota Palembang,C,RS Publik,38.0,7,0,Tidak tercatat,Tidak tercatat,0,0,Tidak tercatat
1671323,RS Khusus Mata Masyarakat Provinsi Sumatera Selatan,Sumatera Selatan,Kota Palembang,B,RS Publik,18.0,5,0,Tidak tercatat,Tidak tercatat,1,1,100.0
1671301,RS Muhammadiyah Palembang,Sumatera Selatan,Kota Palembang,C,RS Publik,77.0,17,0,Tidak tercatat,Tidak tercatat,4,4,100.0
1671342,RS Musi Medika Cendikia,Sumatera Selatan,Kota Palembang,C,RS Privat,41.0,13,0,Tidak tercatat,Tidak tercatat,1,1,100.0
1671333,RS Pelabuhan Palembang ,Sumatera Selatan,Kota Palembang,C,RS Privat,72.0,12,0,Tidak tercatat,Tidak tercatat,2,2,100.0
1671335,RS Siloam Sriwijaya Palembang,Sumatera Selatan,Kota Palembang,C,RS Privat,160.0,13,0,Tidak tercatat,Tidak tercatat,4,4,100.0
1671343,RS Umum Ar-Rasyid Palembang,Sumatera Selatan,Kota Palembang,C,RS Privat,63.0,12,0,Tidak tercatat,Tidak tercatat,2,2,100.0
1671243,RS Umum Bunda Palembang,Sumatera Selatan,Kota Palembang,C,RS Publik,61.0,12,0,Tidak tercatat,Tidak tercatat,1,1,100.0
1671050,RS Umum Charitas Hospital Palembang,Sumatera Selatan,Kota Palembang,B,RS Publik,173.0,16,0,Tidak tercatat,Tidak tercatat,1,1,100.0
1671350,RS Umum Daerah Gandus Palembang,Sumatera Selatan,Kota Palembang,D,RS Publik,22.0,8,0,Tidak tercatat,Tidak tercatat,0,0,Tidak tercatat
1671265,RS Umum Daerah Palembang Bari,Sumatera Selatan,Kota Palembang,B,RS Publik,122.0,15,1,3.0,3.0,2,2,100.0
1671347,RS Umum Daerah Siti Fatimah Provinsi Sumatera Sela,Sumatera Selatan,Kota Palembang,B,RS Publik,175.0,15,1,4.0,4.0,2,2,100.0
1671336,RS Umum Graha Mandiri ,Sumatera Selatan,Kota Palembang,D,RS Privat,20.0,7,0,Tidak tercatat,Tidak tercatat,2,2,100.0
1671276,RS Umum Myria Palembang,Sumatera Selatan,Kota Palembang,C,RS Publik,62.0,13,0,Tidak tercatat,Tidak tercatat,0,0,Tidak tercatat
1671024,RS Umum Pertamina Palembang,Sumatera Selatan,Kota Palembang,C,RS Privat,37.0,13,0,Tidak tercatat,Tidak tercatat,2,2,100.0
1671013,RS Umum Pusat Dr. Mohammad Hoesin Palembang,Sumatera Selatan,Kota Palembang,A,RS Publik,753.0,21,1,14.0,11.0,6,5,83.33
1671046,RS Umum Pusri Palembang,Sumatera Selatan,Kota Palembang,C,RS Privat,64.0,11,0,Tidak tercatat,Tidak tercatat,3,3,100.0
1671094,RS Umum Sriwijaya,Sumatera Selatan,Kota Palembang,C,RS Privat,Tidak tercatat,0,0,Tidak tercatat,Tidak tercatat,2,2,100.0
1671332,RS Umum YK Madira Palembang ,Sumatera Selatan,Kota Palembang,C,RS Privat,Tidak tercatat,0,0,Tidak tercatat,Tidak tercatat,1,1,100.0
1671035,RS Umum dr. AK. Gani Kota Palembang,Sumatera Selatan,Kota Palembang,C,RS Publik,75.0,13,0,Tidak tercatat,Tidak tercatat,2,2,100.0
1672074,RS AR Bunda Kota Prabumulih,Sumatera Selatan,Kota Prabumulih,C,RS Privat,59.0,13,0,Tidak tercatat,Tidak tercatat,2,2,100.0
1672026,RS Pertamina Kota Prabumulih,Sumatera Selatan,Kota Prabumulih,C,RS Privat,41.0,11,0,Tidak tercatat,Tidak tercatat,1,1,100.0
1672015,RS Umum Daerah Kota Prabumulih,Sumatera Selatan,Kota Prabumulih,C,RS Publik,Tidak tercatat,0,1,1.0,1.0,1,1,100.0
1672002,RS Umum Fadhilah Kota Prabumulih,Sumatera Selatan,Kota Prabumulih,D,RS Privat,26.0,11,0,Tidak tercatat,Tidak tercatat,1,1,100.0
1604020,RS Tk. IV Lahat,Sumatera Selatan,Lahat,D,RS Publik,12.0,4,0,Tidak tercatat,Tidak tercatat,2,2,100.0
1604016,RS Umum Daerah Lahat,Sumatera Selatan,Lahat,C,RS Publik,75.0,13,1,2.0,2.0,1,1,100.0
1603090,RS Ibu dan Anak Karunia Indah Medika,Sumatera Selatan,Muara Enim,C,RS Privat,5.0,1,0,Tidak tercatat,Tidak tercatat,0,0,Tidak tercatat
1603030,RS Umum Bukit Asam Medika,Sumatera Selatan,Muara Enim,C,RS Privat,80.0,12,0,Tidak tercatat,Tidak tercatat,0,0,Tidak tercatat
1603089,RS Umum Daerah Gelumbang,Sumatera Selatan,Muara Enim,D,RS Publik,Tidak tercatat,0,0,Tidak tercatat,Tidak tercatat,0,0,Tidak tercatat
1603088,RS Umum Daerah Lubai Ulu ,Sumatera Selatan,Muara Enim,D,RS Publik,17.0,6,0,Tidak tercatat,Tidak tercatat,0,0,Tidak tercatat
1603087,RS Umum Daerah Semende Darat Laut,Sumatera Selatan,Muara Enim,D,RS Publik,5.0,3,0,Tidak tercatat,Tidak tercatat,0,0,Tidak tercatat
1603063,RS Umum Daerah dr. H. M. Rabain Muara Enim,Sumatera Selatan,Muara Enim,B,RS Publik,100.0,13,1,4.0,4.0,3,3,100.0
1603101,RS Umum Trijaya Medical Center,Sumatera Selatan,Muara Enim,D,RS Privat,16.0,6,0,Tidak tercatat,Tidak tercatat,0,0,Tidak tercatat
1606032,RS Umum Daerah Bayung Lincir,Sumatera Selatan,Musi Banyuasin,C,RS Publik,37.0,11,0,Tidak tercatat,Tidak tercatat,1,1,100.0
1606011,RS Umum Daerah Sekayu,Sumatera Selatan,Musi Banyuasin,B,RS Publik,98.0,15,1,4.0,4.0,5,5,100.0
1606022,RS Umum Daerah Sungai Lilin,Sumatera Selatan,Musi Banyuasin,C,RS Publik,48.0,13,0,Tidak tercatat,Tidak tercatat,3,3,100.0
1674010,RS Umum Daerah Dr. Sobirin Kabupaten Musi Rawas,Sumatera Selatan,Musi Rawas,C,RS Publik,56.0,12,1,2.0,2.0,0,0,Tidak tercatat
1605044,RS Umum Daerah Muara Beliti,Sumatera Selatan,Musi Rawas,D,RS Publik,23.0,11,0,Tidak tercatat,Tidak tercatat,1,1,100.0
1605043,RS Umum Daerah Rupit Kabupaten Musi Rawas Utara,Sumatera Selatan,Musi Rawas Utara,D,RS Publik,41.0,11,1,4.0,1.0,1,1,100.0
1610005,RS Ar-Royyan,Sumatera Selatan,Ogan Ilir,D,RS Privat,22.0,8,0,Tidak tercatat,Tidak tercatat,0,0,Tidak tercatat
1610003,RS Umum Daerah Kabupaten Ogan Ilir,Sumatera Selatan,Ogan Ilir,C,RS Publik,52.0,9,1,2.0,1.0,1,1,100.0
1610004,RS Umum Mahyuzahra,Sumatera Selatan,Ogan Ilir,D,RS Privat,10.0,5,0,Tidak tercatat,Tidak tercatat,1,1,100.0
1602016,RS Safira Pasa,Sumatera Selatan,Ogan Komering Ilir,D,RS Privat,Tidak tercatat,0,0,Tidak tercatat,Tidak tercatat,0,0,Tidak tercatat
1602014,RS Umum Daerah Kayuagung,Sumatera Selatan,Ogan Komering Ilir,C,RS Publik,64.0,12,1,1.0,1.0,2,2,100.0
1602015,RS Umum Daerah Tugu Jaya,Sumatera Selatan,Ogan Komering Ilir,D,RS Publik,15.0,6,0,Tidak tercatat,Tidak tercatat,0,0,Tidak tercatat
1601086,RS Ibu dan Anak Amanna,Sumatera Selatan,Ogan Komering Ulu,C,RS Privat,11.0,5,0,Tidak tercatat,Tidak tercatat,0,0,Tidak tercatat
1601088,RS Ibu dan Anak Graha Kurnia,Sumatera Selatan,Ogan Komering Ulu,C,RS Privat,10.0,5,0,Tidak tercatat,Tidak tercatat,0,0,Tidak tercatat
1601089,RS Ibu dan Anak Prima Qonita,Sumatera Selatan,Ogan Komering Ulu,C,RS Privat,19.0,4,0,Tidak tercatat,Tidak tercatat,0,0,Tidak tercatat
1601013,RS Umum Daerah Dr. Ibnu Sutowo Baturaja,Sumatera Selatan,Ogan Komering Ulu,C,RS Publik,Tidak tercatat,0,1,1.0,1.0,1,1,100.0
1601084,RS Umum Dokter Maulana AK,Sumatera Selatan,Ogan Komering Ulu,D,RS Privat,7.0,2,0,Tidak tercatat,Tidak tercatat,0,0,Tidak tercatat
1601002,RS Umum Dr. Noesmir Baturaja,Sumatera Selatan,Ogan Komering Ulu,C,RS Publik,24.0,9,0,Tidak tercatat,Tidak tercatat,0,0,Tidak tercatat
1601035,RS Umum Santo Antonio Baturaja,Sumatera Selatan,Ogan Komering Ulu,D,RS Publik,29.0,10,0,Tidak tercatat,Tidak tercatat,2,2,100.0
1608051,RS Umum Daerah Muara Dua,Sumatera Selatan,Ogan Komering Ulu Selatan,D,RS Publik,44.0,9,1,2.0,1.0,0,0,Tidak tercatat
1609046,Charitas Hospital Belitang,Sumatera Selatan,Ogan Komering Ulu Timur,D,RS Publik,47.0,12,0,Tidak tercatat,Tidak tercatat,1,1,100.0
1609012,RS Islam At-Taqwa Gumawang,Sumatera Selatan,Ogan Komering Ulu Timur,C,RS Privat,37.0,10,0,Tidak tercatat,Tidak tercatat,1,1,100.0
1609011,RS Umum Daerah Martapura,Sumatera Selatan,Ogan Komering Ulu Timur,D,RS Publik,58.0,11,0,Tidak tercatat,Tidak tercatat,1,1,100.0
1609083,RS Umum Daerah Ogan Komering Ulu Timur,Sumatera Selatan,Ogan Komering Ulu Timur,C,RS Publik,71.0,11,1,4.0,2.0,0,0,Tidak tercatat
1603085,RS Umum Daerah Talang Ubi,Sumatera Selatan,Penukal Abab Lematang Ilir ,D,RS Publik,38.0,10,1,7.0,1.0,0,0,Tidak tercatat
1208068,RS Seger Waras,Sumatera Utara,Asahan,D,RS Privat,Tidak tercatat,0,0,Tidak tercatat,Tidak tercatat,0,0,Tidak tercatat
1208053,RS Sri Pamela Sei Dadap,Sumatera Utara,Asahan,D,RS Privat,14.0,8,0,Tidak tercatat,Tidak tercatat,1,1,100.0
1208059,RS Umum Bunda Mulia,Sumatera Utara,Asahan,D,RS Privat,18.0,7,0,Tidak tercatat,Tidak tercatat,1,1,100.0
1208016,RS Umum Daerah H. Abdul Manan Simatupang,Sumatera Utara,Asahan,C,RS Publik,77.0,13,1,1.0,1.0,2,2,100.0
1208020,RS Umum Ibu Kartini,Sumatera Utara,Asahan,D,RS Privat,14.0,8,0,Tidak tercatat,Tidak tercatat,0,0,Tidak tercatat
1208060,RS Umum Lina,Sumatera Utara,Asahan,D,RS Privat,6.0,3,0,Tidak tercatat,Tidak tercatat,0,0,Tidak tercatat
1208064,RS Umum Permata Hati,Sumatera Utara,Asahan,D,RS Privat,7.0,4,0,Tidak tercatat,Tidak tercatat,0,0,Tidak tercatat
1208056,RS Umum Setio Husodo,Sumatera Utara,Asahan,D,RS Privat,29.0,8,0,Tidak tercatat,Tidak tercatat,0,0,Tidak tercatat
1208066,RS Umum Utama,Sumatera Utara,Asahan,D,RS Privat,6.0,3,0,Tidak tercatat,Tidak tercatat,0,0,Tidak tercatat
1208057,RS Umum Wira Husada,Sumatera Utara,Asahan,D,RS Privat,11.0,5,0,Tidak tercatat,Tidak tercatat,1,1,100.0
1219015,RS Sapta Medika ,Sumatera Utara,Batu Bara,D,RS Privat,Tidak tercatat,0,0,Tidak tercatat,Tidak tercatat,0,0,Tidak tercatat
1219017,RS Umum Bidadari Batubara,Sumatera Utara,Batu Bara,B,RS Privat,Tidak tercatat,0,0,Tidak tercatat,Tidak tercatat,1,1,100.0
1219003,RS Umum Daerah Batu Bara,Sumatera Utara,Batu Bara,C,RS Publik,48.0,12,1,1.0,1.0,1,1,100.0
1219016,RS Umum Kasih Permata Dara,Sumatera Utara,Batu Bara,D,RS Privat,Tidak tercatat,0,0,Tidak tercatat,Tidak tercatat,0,0,Tidak tercatat
1219002,RS Umum Lasmi Kartika,Sumatera Utara,Batu Bara,D,RS Publik,10.0,7,0,Tidak tercatat,Tidak tercatat,0,0,Tidak tercatat
1210010,RS Umum Daerah Sidikalang,Sumatera Utara,Dairi,C,RS Publik,56.0,11,1,2.0,1.0,1,1,100.0
1210021,RS Umum Serenapita,Sumatera Utara,Dairi,D,RS Privat,Tidak tercatat,0,0,Tidak tercatat,Tidak tercatat,0,0,Tidak tercatat
1218158,RS Grandmed ,Sumatera Utara,Deli Serdang,B,RS Publik,72.0,16,0,Tidak tercatat,Tidak tercatat,5,5,100.0
1212186,RS Ibu dan Anak Maharani,Sumatera Utara,Deli Serdang,C,RS Privat,3.0,2,0,Tidak tercatat,Tidak tercatat,0,0,Tidak tercatat
1212197,RS Ibu dan Anak Pramaliesa,Sumatera Utara,Deli Serdang,C,RS Privat,14.0,3,0,Tidak tercatat,Tidak tercatat,1,1,100.0
1212184,RS Jiwa Bina Karsa Tuntungan,Sumatera Utara,Deli Serdang,C,RS Privat,2.0,1,0,Tidak tercatat,Tidak tercatat,0,0,Tidak tercatat
1212179,RS Umum Citra Medika,Sumatera Utara,Deli Serdang,C,RS Privat,28.0,13,0,Tidak tercatat,Tidak tercatat,2,2,100.0
1212198,RS Umum Daerah Bangun Purba,Sumatera Utara,Deli Serdang,D,RS Publik,16.0,6,0,Tidak tercatat,Tidak tercatat,0,0,Tidak tercatat
1212012,RS Umum Daerah Drs. H. Amri Tambunan,Sumatera Utara,Deli Serdang,B,RS Publik,102.0,15,1,2.0,2.0,3,3,100.0
1212023,RS Umum Dr. Gerhard L. Tobing,Sumatera Utara,Deli Serdang,C,RS Privat,70.0,8,0,Tidak tercatat,Tidak tercatat,1,1,100.0
1275147,RS Umum Full Bethesda,Sumatera Utara,Deli Serdang,C,RS Publik,27.0,10,0,Tidak tercatat,Tidak tercatat,1,1,100.0
1275794,RS Umum Haji Medan,Sumatera Utara,Deli Serdang,B,RS Publik,119.0,13,1,11.0,9.0,7,7,100.0
1212067,RS Umum Hidayah,Sumatera Utara,Deli Serdang,D,RS Publik,11.0,9,0,Tidak tercatat,Tidak tercatat,1,1,100.0
1212183,RS Umum Kasih Insani,Sumatera Utara,Deli Serdang,C,RS Privat,16.0,7,0,Tidak tercatat,Tidak tercatat,0,0,Tidak tercatat
1212174,RS Umum Keliat,Sumatera Utara,Deli Serdang,D,RS Publik,12.0,7,0,Tidak tercatat,Tidak tercatat,1,1,100.0
1212199,RS Umum Mahawira Prima Indonesia,Sumatera Utara,Deli Serdang,C,RS Publik,Tidak tercatat,0,0,Tidak tercatat,Tidak tercatat,0,0,Tidak tercatat
1212200,RS Umum Mitra Guray Petumbukan,Sumatera Utara,Deli Serdang,D,RS Privat,Tidak tercatat,0,0,Tidak tercatat,Tidak tercatat,0,0,Tidak tercatat
1212181,RS Umum Mitra Medika,Sumatera Utara,Deli Serdang,C,RS Privat,56.0,13,0,Tidak tercatat,Tidak tercatat,0,0,Tidak tercatat
1212175,RS Umum Mitra Sehat,Sumatera Utara,Deli Serdang,D,RS Publik,24.0,8,0,Tidak tercatat,Tidak tercatat,1,1,100.0
1212185,RS Umum Pancur Batu,Sumatera Utara,Deli Serdang,C,RS Publik,34.0,13,0,Tidak tercatat,Tidak tercatat,1,1,100.0
1212172,RS Umum Patar Asih,Sumatera Utara,Deli Serdang,C,RS Privat,19.0,12,0,Tidak tercatat,Tidak tercatat,1,1,100.0
1212171,RS Umum Rahmad Hidayah,Sumatera Utara,Deli Serdang,C,RS Publik,22.0,9,0,Tidak tercatat,Tidak tercatat,1,1,100.0
1212093,RS Umum Sari Mutiara Lubuk Pakam,Sumatera Utara,Deli Serdang,C,RS Publik,29.0,10,0,Tidak tercatat,Tidak tercatat,1,1,100.0
1212045,RS Umum Sembiring Deli Tua,Sumatera Utara,Deli Serdang,B,RS Publik,66.0,15,0,Tidak tercatat,Tidak tercatat,5,5,100.0
1212136,RS Umum Sinar Husni,Sumatera Utara,Deli Serdang,C,RS Publik,19.0,9,0,Tidak tercatat,Tidak tercatat,0,0,Tidak tercatat
1212177,RS Umum Yoshua,Sumatera Utara,Deli Serdang,C,RS Privat,14.0,9,0,Tidak tercatat,Tidak tercatat,1,1,100.0
1205035,RS Umum Daerah Dolok Sanggul,Sumatera Utara,Humbang Hasundutan,C,RS Publik,61.0,13,1,2.0,2.0,1,1,100.0
1211127,RS Ibu dan Anak Mina Husada,Sumatera Utara,Karo,C,RS Privat,1.0,1,0,Tidak tercatat,Tidak tercatat,1,1,100.0
1211126,RS Umum Amanda,Sumatera Utara,Karo,C,RS Privat,30.0,11,0,Tidak tercatat,Tidak tercatat,1,1,100.0
1211011,RS Umum Daerah Kabupaten Karo,Sumatera Utara,Karo,C,RS Publik,55.0,10,1,0.0,0.0,1,1,100.0
1211124,RS Umum Efarina Etaham,Sumatera Utara,Karo,C,RS Privat,33.0,10,0,Tidak tercatat,Tidak tercatat,3,3,100.0
1211033,RS Umum Kusta Lau Simomo,Sumatera Utara,Karo,C,RS Publik,12.0,5,0,Tidak tercatat,Tidak tercatat,0,0,Tidak tercatat
1276079,OG Hospital,Sumatera Utara,Kota Binjai,D,RS Privat,16.0,7,0,Tidak tercatat,Tidak tercatat,1,1,100.0
1276025,RS Bangkatan PTPN II,Sumatera Utara,Kota Binjai,C,RS Privat,13.0,8,0,Tidak tercatat,Tidak tercatat,0,0,Tidak tercatat
1276092,RS Ibu dan Anak Grand Fatimah,Sumatera Utara,Kota Binjai,C,RS Privat,Tidak tercatat,0,0,Tidak tercatat,Tidak tercatat,0,0,Tidak tercatat
1276040,RS Tk. IV 01.07.02 Binjai,Sumatera Utara,Kota Binjai,C,RS Publik,31.0,9,0,Tidak tercatat,Tidak tercatat,2,2,100.0
1276078,RS Umum AL Fuadi,Sumatera Utara,Kota Binjai,C,RS Publik,34.0,13,0,Tidak tercatat,Tidak tercatat,2,2,100.0
1276036,RS Umum Artha Medica,Sumatera Utara,Kota Binjai,C,RS Publik,53.0,13,0,Tidak tercatat,Tidak tercatat,3,3,100.0
1276075,RS Umum Bidadari,Sumatera Utara,Kota Binjai,C,RS Privat,Tidak tercatat,0,0,Tidak tercatat,Tidak tercatat,1,1,100.0
1276014,RS Umum Daerah Dr. R. M. Djoelham Binjai,Sumatera Utara,Kota Binjai,B,RS Publik,96.0,13,1,1.0,1.0,3,3,100.0
1276074,RS Umum Latersia,Sumatera Utara,Kota Binjai,C,RS Privat,20.0,9,0,Tidak tercatat,Tidak tercatat,1,1,100.0
1276090,RS Umum Raskita,Sumatera Utara,Kota Binjai,D,RS Privat,Tidak tercatat,0,0,Tidak tercatat,Tidak tercatat,0,0,Tidak tercatat
1276076,RS Umum Ratu Mas,Sumatera Utara,Kota Binjai,D,RS Privat,13.0,8,0,Tidak tercatat,Tidak tercatat,0,0,Tidak tercatat
1276077,RS Umum Sylvani,Sumatera Utara,Kota Binjai,C,RS Privat,35.0,12,0,Tidak tercatat,Tidak tercatat,1,1,100.0
1278002,RS Umum Bethesda Gunungsitoli,Sumatera Utara,Kota Gunungsitoli,D,RS Publik,26.0,8,0,Tidak tercatat,Tidak tercatat,1,1,100.0
1275141,RS AL Dr. Komang Makes Belawan,Sumatera Utara,Kota Medan,C,RS Publik,31.0,11,0,Tidak tercatat,Tidak tercatat,1,1,100.0
1275046,RS Bhayangkara Tingkat II,Sumatera Utara,Kota Medan,B,RS Publik,62.0,11,0,Tidak tercatat,Tidak tercatat,4,4,100.0
1275074,RS Columbia Asia Aksara,Sumatera Utara,Kota Medan,B,RS Privat,8.0,4,0,Tidak tercatat,Tidak tercatat,0,0,Tidak tercatat
1275852,RS Columbia Asia Medan,Sumatera Utara,Kota Medan,B,RS Privat,211.0,19,0,Tidak tercatat,Tidak tercatat,0,0,Tidak tercatat
1275932,RS Gigi dan Mulut Prima,Sumatera Utara,Kota Medan,C,RS Privat,87.0,1,0,Tidak tercatat,Tidak tercatat,0,0,Tidak tercatat
1275929,RS Ibu Dan Anak Artha Mahinrus,Sumatera Utara,Kota Medan,C,RS Privat,4.0,4,0,Tidak tercatat,Tidak tercatat,0,0,Tidak tercatat
1275804,RS Ibu dan Anak Badrul Aini,Sumatera Utara,Kota Medan,C,RS Privat,9.0,6,0,Tidak tercatat,Tidak tercatat,0,0,Tidak tercatat
1275910,RS Ibu dan Anak Eva,Sumatera Utara,Kota Medan,C,RS Privat,Tidak tercatat,0,0,Tidak tercatat,Tidak tercatat,0,0,Tidak tercatat
1275783,RS Ibu dan Anak Murni Teguh Rosiva,Sumatera Utara,Kota Medan,C,RS Privat,30.0,8,0,Tidak tercatat,Tidak tercatat,0,0,Tidak tercatat
1275998,RS Ibu dan Anak Stella Maris,Sumatera Utara,Kota Medan,C,RS Privat,93.0,12,0,Tidak tercatat,Tidak tercatat,0,0,Tidak tercatat
1275999,RS Jiwa Bina Karsa Medan,Sumatera Utara,Kota Medan,C,RS Publik,2.0,1,0,Tidak tercatat,Tidak tercatat,0,0,Tidak tercatat
1275934,RS Jiwa Mahoni,Sumatera Utara,Kota Medan,C,RS Privat,Tidak tercatat,0,0,Tidak tercatat,Tidak tercatat,0,0,Tidak tercatat
1275221,RS Jiwa Prof. Dr. Muhammad Ildrem,Sumatera Utara,Kota Medan,A,RS Publik,40.0,7,0,Tidak tercatat,Tidak tercatat,1,1,100.0
1275232,RS Khusus Bedah Accuplast,Sumatera Utara,Kota Medan,C,RS Publik,8.0,5,0,Tidak tercatat,Tidak tercatat,0,0,Tidak tercatat
1275921,RS Khusus Bedah Setia Budi,Sumatera Utara,Kota Medan,C,RS Privat,12.0,8,0,Tidak tercatat,Tidak tercatat,0,0,Tidak tercatat
1275874,RS Khusus Gigi dan Mulut Univ. Sumatera Utara,Sumatera Utara,Kota Medan,C,RS Publik,14.0,2,0,Tidak tercatat,Tidak tercatat,0,0,Tidak tercatat
1275918,RS Khusus Ginjal Rasyida,Sumatera Utara,Kota Medan,C,RS Privat,22.0,9,0,Tidak tercatat,Tidak tercatat,0,0,Tidak tercatat
1275309,RS Khusus Mata Medan Baru Medical Centre,Sumatera Utara,Kota Medan,C,RS Publik,1.0,1,0,Tidak tercatat,Tidak tercatat,0,0,Tidak tercatat
1275914,RS Khusus Mata Mencirim Tujuh-Tujuh,Sumatera Utara,Kota Medan,C,RS Privat,4.0,2,0,Tidak tercatat,Tidak tercatat,0,0,Tidak tercatat
1275928,RS Khusus Mata Prima Vision,Sumatera Utara,Kota Medan,C,RS Privat,2.0,1,0,Tidak tercatat,Tidak tercatat,0,0,Tidak tercatat
1275922,RS Khusus Mata Provinsi Sumatera Utara,Sumatera Utara,Kota Medan,B,RS Publik,Tidak tercatat,0,0,Tidak tercatat,Tidak tercatat,1,1,100.0
1275898,RS Khusus Mata SMEC,Sumatera Utara,Kota Medan,C,RS Privat,3.0,2,0,Tidak tercatat,Tidak tercatat,0,0,Tidak tercatat
1275933,RS Khusus Paru Sumatera Utara,Sumatera Utara,Kota Medan,B,RS Publik,53.0,9,0,Tidak tercatat,Tidak tercatat,0,0,Tidak tercatat
1275073,RS Regina Maris,Sumatera Utara,Kota Medan,C,RS Privat,Tidak tercatat,0,0,Tidak tercatat,Tidak tercatat,0,0,Tidak tercatat
1275996,RS SUFINA AZIZ,Sumatera Utara,Kota Medan,C,RS Publik,26.0,11,0,Tidak tercatat,Tidak tercatat,3,3,100.0
1275035,RS Tk. II Putri Hijau Medan,Sumatera Utara,Kota Medan,B,RS Publik,93.0,15,0,Tidak tercatat,Tidak tercatat,3,3,100.0
1275094,RS Umum Advent Medan,Sumatera Utara,Kota Medan,C,RS Publik,51.0,12,0,Tidak tercatat,Tidak tercatat,2,2,100.0
1275826,RS Umum Bahagia Medan,Sumatera Utara,Kota Medan,C,RS Publik,5.0,1,0,Tidak tercatat,Tidak tercatat,0,0,Tidak tercatat
1275772,RS Umum Bandung,Sumatera Utara,Kota Medan,C,RS Publik,Tidak tercatat,0,0,Tidak tercatat,Tidak tercatat,2,2,100.0
1275590,RS Umum Bhakti,Sumatera Utara,Kota Medan,C,RS Publik,19.0,7,0,Tidak tercatat,Tidak tercatat,0,0,Tidak tercatat
1275997,RS Umum Bina Kasih,Sumatera Utara,Kota Medan,B,RS Publik,64.0,12,0,Tidak tercatat,Tidak tercatat,4,4,100.0
1275890,RS Umum Bunda Thamrin,Sumatera Utara,Kota Medan,C,RS Privat,128.0,12,0,Tidak tercatat,Tidak tercatat,3,3,100.0
1275013,RS Umum Daerah Dr. Pirngadi,Sumatera Utara,Kota Medan,B,RS Publik,208.0,14,1,4.0,4.0,4,3,75.0
1275012,RS Umum Daerah H. Bachtiar Djafar,Sumatera Utara,Kota Medan,C,RS Publik,27.0,10,0,Tidak tercatat,Tidak tercatat,1,1,100.0
1275050,RS Umum Deli,Sumatera Utara,Kota Medan,C,RS Publik,63.0,12,0,Tidak tercatat,Tidak tercatat,0,0,Tidak tercatat
1275061,RS Umum Delima Medan,Sumatera Utara,Kota Medan,C,RS Publik,29.0,11,0,Tidak tercatat,Tidak tercatat,1,1,100.0
1275931,RS Umum Eshmun,Sumatera Utara,Kota Medan,C,RS Privat,48.0,13,0,Tidak tercatat,Tidak tercatat,2,2,100.0
1275841,RS Umum Estomihi,Sumatera Utara,Kota Medan,C,RS Privat,Tidak tercatat,0,0,Tidak tercatat,Tidak tercatat,1,1,100.0
1275900,RS Umum Fajar,Sumatera Utara,Kota Medan,Belum Ditetapkan,RS Privat,Tidak tercatat,0,0,Tidak tercatat,Tidak tercatat,0,0,Tidak tercatat
1275930,RS Umum Hermina Medan,Sumatera Utara,Kota Medan,C,RS Privat,80.0,12,0,Tidak tercatat,Tidak tercatat,2,2,100.0
1275622,RS Umum Imelda Pekerja Indonesia,Sumatera Utara,Kota Medan,B,RS Privat,31.0,10,0,Tidak tercatat,Tidak tercatat,6,6,100.0
1275163,RS Umum Islam Malahayati,Sumatera Utara,Kota Medan,C,RS Publik,62.0,11,0,Tidak tercatat,Tidak tercatat,4,4,100.0
1275909,RS Umum Madani,Sumatera Utara,Kota Medan,C,RS Privat,49.0,10,0,Tidak tercatat,Tidak tercatat,2,2,100.0
1275633,RS Umum Martha Friska,Sumatera Utara,Kota Medan,C,RS Privat,33.0,12,0,Tidak tercatat,Tidak tercatat,3,3,100.0
1275888,RS Umum Martha Friska Multatuli,Sumatera Utara,Kota Medan,C,RS Privat,52.0,11,0,Tidak tercatat,Tidak tercatat,2,2,100.0
1275130,RS Umum Materna,Sumatera Utara,Kota Medan,D,RS Publik,26.0,8,0,Tidak tercatat,Tidak tercatat,0,0,Tidak tercatat
1275126,RS Umum Methodist,Sumatera Utara,Kota Medan,C,RS Publik,47.0,11,0,Tidak tercatat,Tidak tercatat,1,1,100.0
1275516,RS Umum Mitra Medika,Sumatera Utara,Kota Medan,C,RS Publik,60.0,13,0,Tidak tercatat,Tidak tercatat,2,2,100.0
1275923,RS Umum Mitra Medika Amplas,Sumatera Utara,Kota Medan,C,RS Privat,77.0,13,0,Tidak tercatat,Tidak tercatat,0,0,Tidak tercatat
1275011,RS Umum Mitra Medika Premiere,Sumatera Utara,Kota Medan,C,RS Privat,17.0,3,0,Tidak tercatat,Tidak tercatat,0,0,Tidak tercatat
1275298,RS Umum Mitra Sejati,Sumatera Utara,Kota Medan,B,RS Privat,79.0,14,0,Tidak tercatat,Tidak tercatat,3,3,100.0
1275885,RS Umum Muhammadiyah Sumatera Utara,Sumatera Utara,Kota Medan,D,RS Publik,28.0,11,0,Tidak tercatat,Tidak tercatat,1,1,100.0
1275889,RS Umum Murni Teguh Memorial Hospital,Sumatera Utara,Kota Medan,B,RS Privat,187.0,17,0,Tidak tercatat,Tidak tercatat,6,5,83.33
1275100,RS Umum Murni Teguh Methodist Susanna Wesley,Sumatera Utara,Kota Medan,C,RS Publik,45.0,12,0,Tidak tercatat,Tidak tercatat,0,0,Tidak tercatat
1275600,RS Umum Prima Husada Cipta Medan,Sumatera Utara,Kota Medan,C,RS Privat,25.0,11,0,Tidak tercatat,Tidak tercatat,2,2,100.0
1275750,RS Umum Prof. Dr. Boloni,Sumatera Utara,Kota Medan,C,RS Publik,12.0,6,0,Tidak tercatat,Tidak tercatat,1,1,100.0
1275655,RS Umum Pusat H. Adam Malik,Sumatera Utara,Kota Medan,A,RS Publik,1383.0,18,1,17.0,12.0,8,7,87.5
1275935,RS Umum Royal Maternity,Sumatera Utara,Kota Medan,C,RS Privat,Tidak tercatat,0,0,Tidak tercatat,Tidak tercatat,1,1,100.0
1275907,RS Umum Royal Prima,Sumatera Utara,Kota Medan,B,RS Privat,113.0,11,0,Tidak tercatat,Tidak tercatat,6,6,100.0
1275936,RS Umum Royal Prima Marelan,Sumatera Utara,Kota Medan,C,RS Privat,59.0,10,0,Tidak tercatat,Tidak tercatat,3,3,100.0
1275072,RS Umum Santa Elisabeth Medan,Sumatera Utara,Kota Medan,B,RS Publik,87.0,15,0,Tidak tercatat,Tidak tercatat,5,5,100.0
1275724,RS Umum Sarah,Sumatera Utara,Kota Medan,D,RS Privat,Tidak tercatat,0,0,Tidak tercatat,Tidak tercatat,0,0,Tidak tercatat
1275911,RS Umum Siloam Dhirga Surya,Sumatera Utara,Kota Medan,B,RS Privat,107.0,20,0,Tidak tercatat,Tidak tercatat,0,0,Tidak tercatat
1275321,RS Umum Siti Hajar,Sumatera Utara,Kota Medan,D,RS Privat,20.0,8,0,Tidak tercatat,Tidak tercatat,0,0,Tidak tercatat
1275702,RS Umum Sri Ratu,Sumatera Utara,Kota Medan,D,RS Publik,15.0,6,0,Tidak tercatat,Tidak tercatat,0,0,Tidak tercatat
1275265,RS Umum Sundari,Sumatera Utara,Kota Medan,C,RS Publik,25.0,8,0,Tidak tercatat,Tidak tercatat,1,1,100.0
1275899,RS Umum Tere Margareth,Sumatera Utara,Kota Medan,C,RS Publik,20.0,9,0,Tidak tercatat,Tidak tercatat,0,0,Tidak tercatat
1275913,RS Umum Universitas Sumatera Utara,Sumatera Utara,Kota Medan,C,RS Publik,87.0,12,0,Tidak tercatat,Tidak tercatat,7,7,100.0
1275276,RS Umum Vina Estetica,Sumatera Utara,Kota Medan,C,RS Publik,42.0,13,0,Tidak tercatat,Tidak tercatat,2,2,100.0
1275010,RS Umum Wahyu,Sumatera Utara,Kota Medan,D,RS Privat,11.0,6,0,Tidak tercatat,Tidak tercatat,0,0,Tidak tercatat
1275830,RS Umum Wulan Windy,Sumatera Utara,Kota Medan,C,RS Privat,43.0,12,0,Tidak tercatat,Tidak tercatat,2,2,100.0
1275152,RSAU Dr. Abdul Malik,Sumatera Utara,Kota Medan,D,RS Publik,17.0,8,0,Tidak tercatat,Tidak tercatat,0,0,Tidak tercatat
1277027,RS Metta Medika,Sumatera Utara,Kota Padang Sidempuan,C,RS Privat,35.0,11,0,Tidak tercatat,Tidak tercatat,1,1,100.0
1277015,RS TNI Tk. IV 01.07.03,Sumatera Utara,Kota Padang Sidempuan,D,RS Publik,20.0,9,0,Tidak tercatat,Tidak tercatat,1,1,100.0
1277011,RS Umum Daerah Padang Sidempuan,Sumatera Utara,Kota Padang Sidempuan,C,RS Publik,64.0,13,1,4.0,3.0,2,2,100.0
1277026,RS Umum Inanta,Sumatera Utara,Kota Padang Sidempuan,C,RS Publik,22.0,10,0,Tidak tercatat,Tidak tercatat,1,1,100.0
1273119,RS Efarina Etaham Pematang Siantar,Sumatera Utara,Kota Pematang Siantar,C,RS Privat,29.0,14,0,Tidak tercatat,Tidak tercatat,2,2,100.0
1273107,RS Mata Siantar,Sumatera Utara,Kota Pematang Siantar,C,RS Privat,2.0,1,0,Tidak tercatat,Tidak tercatat,0,0,Tidak tercatat
1273120,RS Murni Teguh Pematang Siantar,Sumatera Utara,Kota Pematang Siantar,D,RS Privat,Tidak tercatat,0,0,Tidak tercatat,Tidak tercatat,0,0,Tidak tercatat
1273108,RS Rasyida Siantar,Sumatera Utara,Kota Pematang Siantar,D,RS Privat,14.0,6,0,Tidak tercatat,Tidak tercatat,0,0,Tidak tercatat
1273022,RS Tk. IV 01.07.01,Sumatera Utara,Kota Pematang Siantar,C,RS Publik,55.0,12,0,Tidak tercatat,Tidak tercatat,1,1,100.0
1273011,RS Umum Daerah Dr. Djasamen Saragih,Sumatera Utara,Kota Pematang Siantar,B,RS Publik,82.0,14,1,6.0,4.0,2,2,100.0
1273033,RS Umum Harapan,Sumatera Utara,Kota Pematang Siantar,C,RS Publik,37.0,11,0,Tidak tercatat,Tidak tercatat,1,1,100.0
1273102,RS Umum Horas Insani,Sumatera Utara,Kota Pematang Siantar,C,RS Privat,27.0,11,0,Tidak tercatat,Tidak tercatat,1,1,100.0
1273106,RS Umum Tiara Kasih Sejati,Sumatera Utara,Kota Pematang Siantar,C,RS Privat,23.0,8,0,Tidak tercatat,Tidak tercatat,1,1,100.0
1273055,RS Umum Vita Insani,Sumatera Utara,Kota Pematang Siantar,B,RS Privat,Tidak tercatat,0,0,Tidak tercatat,Tidak tercatat,2,2,100.0
1271033,RS Metta Medika II,Sumatera Utara,Kota Sibolga,C,RS Privat,37.0,13,0,Tidak tercatat,Tidak tercatat,2,2,100.0
1271016,RS Umum Daerah Dr. FL Tobing Sibolga,Sumatera Utara,Kota Sibolga,B,RS Publik,94.0,12,1,13.0,7.0,2,2,100.0
1271032,RS Umum Metta Medika,Sumatera Utara,Kota Sibolga,C,RS Privat,37.0,11,0,Tidak tercatat,Tidak tercatat,1,1,100.0
1272010,RS Umum Daerah Dr. Tengku Mansyur,Sumatera Utara,Kota Tanjung Balai,C,RS Publik,47.0,10,1,3.0,2.0,2,2,100.0
1272033,RS Umum Hadi Husada,Sumatera Utara,Kota Tanjung Balai,D,RS Privat,13.0,5,0,Tidak tercatat,Tidak tercatat,0,0,Tidak tercatat
1274058,RS Bhayangkara Tk.III Kota Tebing Tinggi,Sumatera Utara,Kota Tebing Tinggi,C,RS Publik,34.0,10,0,Tidak tercatat,Tidak tercatat,0,0,Tidak tercatat
1274063,RS Chevani,Sumatera Utara,Kota Tebing Tinggi,C,RS Privat,38.0,13,0,Tidak tercatat,Tidak tercatat,2,2,100.0
1274012,RS Umum Daerah Dr. H. Kumpulan Pane,Sumatera Utara,Kota Tebing Tinggi,B,RS Publik,61.0,13,1,14.0,5.0,3,3,100.0
1274061,RS Umum Natama,Sumatera Utara,Kota Tebing Tinggi,D,RS Privat,Tidak tercatat,0,0,Tidak tercatat,Tidak tercatat,1,1,100.0
1274034,RS Umum Sri Pamela,Sumatera Utara,Kota Tebing Tinggi,C,RS Privat,64.0,11,0,Tidak tercatat,Tidak tercatat,1,1,100.0
1274062,RS Umum Universitas Prima Indonesia,Sumatera Utara,Kota Tebing Tinggi,D,RS Publik,6.0,3,0,Tidak tercatat,Tidak tercatat,1,1,100.0
1207069,RS Dokter Takdir,Sumatera Utara,Labuhan Batu,D,RS Privat,2.0,1,0,Tidak tercatat,Tidak tercatat,0,0,Tidak tercatat
1207073,RS Umum Citra Medika,Sumatera Utara,Labuhan Batu,D,RS Privat,1.0,1,0,Tidak tercatat,Tidak tercatat,0,0,Tidak tercatat
1207015,RS Umum Daerah Rantau Prapat,Sumatera Utara,Labuhan Batu,B,RS Publik,97.0,14,1,3.0,3.0,4,4,100.0
1207066,RS Umum Elpi Al Azis,Sumatera Utara,Labuhan Batu,C,RS Privat,26.0,9,0,Tidak tercatat,Tidak tercatat,1,1,100.0
1207068,RS Umum Hartati Medical Centre,Sumatera Utara,Labuhan Batu,D,RS Privat,1.0,1,0,Tidak tercatat,Tidak tercatat,0,0,Tidak tercatat
1207067,RS Umum Karya Bakti Ujung Bandar,Sumatera Utara,Labuhan Batu,C,RS Privat,6.0,4,0,Tidak tercatat,Tidak tercatat,1,1,100.0
1207052,RS Sri Pamela Torgamba,Sumatera Utara,Labuhan Batu Selatan,D,RS Privat,15.0,9,0,Tidak tercatat,Tidak tercatat,1,1,100.0
1222002,RS Umum Daerah Kota Pinang,Sumatera Utara,Labuhan Batu Selatan,C,RS Publik,47.0,11,1,0.0,0.0,2,2,100.0
1206063,RS Umum Nuraini,Sumatera Utara,Labuhan Batu Selatan,D,RS Privat,29.0,11,0,Tidak tercatat,Tidak tercatat,1,1,100.0
1223019,RS Ibu dan Anak Arraudah,Sumatera Utara,Labuhan Batu Utara,C,RS Privat,Tidak tercatat,0,0,Tidak tercatat,Tidak tercatat,0,0,Tidak tercatat
1223018,RS Sri Pamela Membang Muda,Sumatera Utara,Labuhan Batu Utara,D,RS Privat,Tidak tercatat,0,0,Tidak tercatat,Tidak tercatat,0,0,Tidak tercatat
1223005,RS Tiga Bersaudara,Sumatera Utara,Labuhan Batu Utara,D,RS Privat,5.0,4,0,Tidak tercatat,Tidak tercatat,0,0,Tidak tercatat
1223002,RS Umum Daerah  Aek Kanopan,Sumatera Utara,Labuhan Batu Utara,C,RS Publik,61.0,12,1,0.0,0.0,0,0,Tidak tercatat
1223006,RS Umum Flora,Sumatera Utara,Labuhan Batu Utara,D,RS Privat,Tidak tercatat,0,0,Tidak tercatat,Tidak tercatat,0,0,Tidak tercatat
1213013,RS Umum Daerah Tanjung Pura,Sumatera Utara,Langkat,C,RS Publik,48.0,13,1,2.0,2.0,1,1,100.0
1213057,RS Umum Delia,Sumatera Utara,Langkat,C,RS Publik,17.0,11,0,Tidak tercatat,Tidak tercatat,2,2,100.0
1213062,RS Umum Mahkota Bidadari,Sumatera Utara,Langkat,C,RS Privat,36.0,12,0,Tidak tercatat,Tidak tercatat,1,1,100.0
1213024,RS Umum PTP II Tg Selamat,Sumatera Utara,Langkat,C,RS Privat,22.0,8,0,Tidak tercatat,Tidak tercatat,0,0,Tidak tercatat
1213035,RS Umum Pertamina Pangkalan Brandan,Sumatera Utara,Langkat,C,RS Privat,32.0,11,0,Tidak tercatat,Tidak tercatat,1,1,100.0
1213059,RS Umum Putri Bidadari,Sumatera Utara,Langkat,B,RS Privat,56.0,17,0,Tidak tercatat,Tidak tercatat,4,4,100.0
1213058,RS Umum Wampu Norita,Sumatera Utara,Langkat,D,RS Privat,12.0,8,0,Tidak tercatat,Tidak tercatat,0,0,Tidak tercatat
1203022,RS Umum Daerah Panyabungan,Sumatera Utara,Mandailing Natal,C,RS Publik,63.0,12,1,0.0,0.0,1,1,100.0
1202017,RS Umum Daerah dr. Husni Thamrin,Sumatera Utara,Mandailing Natal,D,RS Publik,10.0,4,0,Tidak tercatat,Tidak tercatat,0,0,Tidak tercatat
1202028,RS Umum Permata Madina Panyabungan,Sumatera Utara,Mandailing Natal,C,RS Publik,12.0,5,0,Tidak tercatat,Tidak tercatat,1,1,100.0
1201016,RS Umum Daerah dr. M. Thomsen Nias,Sumatera Utara,Nias,C,RS Publik,83.0,12,1,1.0,1.0,1,1,100.0
1225002,RS Pratama Kab. Nias Barat,Sumatera Utara,Nias Barat,D PRATAMA,RS Publik,6.0,4,1,1.0,1.0,0,0,Tidak tercatat
1214010,RS Umum Daerah Lukas Hilisimaetano,Sumatera Utara,Nias Selatan,D,RS Publik,3.0,3,1,0.0,0.0,0,0,Tidak tercatat
1214022,RS Umum Daerah Nias Selatan,Sumatera Utara,Nias Selatan,D,RS Publik,15.0,7,1,1.0,1.0,0,0,Tidak tercatat
1214011,RS Umum Stella Maris,Sumatera Utara,Nias Selatan,D,RS Publik,8.0,3,0,Tidak tercatat,Tidak tercatat,0,0,Tidak tercatat
1224002,RS Pratama Kabupaten Nias Utara,Sumatera Utara,Nias Utara,D PRATAMA,RS Publik,14.0,5,1,3.0,2.0,0,0,Tidak tercatat
1203055,RS Umum Daerah Sibuhuan,Sumatera Utara,Padang Lawas,C,RS Publik,73.0,9,1,0.0,0.0,1,1,100.0
1221002,RS Umum Permata Madina Sibuhuan,Sumatera Utara,Padang Lawas,D,RS Privat,10.0,6,0,Tidak tercatat,Tidak tercatat,1,1,100.0
1203044,RS Umum Daerah Gunung Tua,Sumatera Utara,Padang Lawas Utara,C,RS Publik,40.0,11,1,0.0,0.0,1,1,100.0
1216011,RS Umum Daerah Salak,Sumatera Utara,Pakpak Bharat,C,RS Publik,36.0,11,1,2.0,2.0,1,1,100.0
1205024,RS Umum Daerah Dr. Hadrianus Sinaga,Sumatera Utara,Samosir,C,RS Publik,44.0,13,1,2.0,1.0,0,0,Tidak tercatat
1218125,RS Umum Daerah Sultan Sulaiman Syariful Alamsyah,Sumatera Utara,Serdang Bedagai,C,RS Publik,59.0,13,1,1.0,1.0,2,2,100.0
1218024,RS Umum Melati ,Sumatera Utara,Serdang Bedagai,C,RS Publik,28.0,8,0,Tidak tercatat,Tidak tercatat,2,2,100.0
1218029,RS Umum Melati Desa Pon,Sumatera Utara,Serdang Bedagai,D,RS Privat,4.0,1,0,Tidak tercatat,Tidak tercatat,0,0,Tidak tercatat
1218026,RS Umum Pabatu,Sumatera Utara,Serdang Bedagai,C,RS Privat,31.0,12,0,Tidak tercatat,Tidak tercatat,1,1,100.0
1218025,RS Umum Sawit Indah Perbaungan,Sumatera Utara,Serdang Bedagai,D,RS Privat,1.0,1,0,Tidak tercatat,Tidak tercatat,1,1,100.0
1218013,RS Umum Trianda,Sumatera Utara,Serdang Bedagai,D,RS Publik,13.0,6,0,Tidak tercatat,Tidak tercatat,0,0,Tidak tercatat
1209010,RS Umum Balimbingan PTP 4,Sumatera Utara,Simalungun,C,RS Privat,27.0,12,0,Tidak tercatat,Tidak tercatat,1,1,100.0
1209065,RS Umum Daerah Parapat,Sumatera Utara,Simalungun,D,RS Publik,38.0,12,1,0.0,0.0,1,1,100.0
1209076,RS Umum Daerah Perdagangan,Sumatera Utara,Simalungun,C,RS Publik,39.0,12,0,Tidak tercatat,Tidak tercatat,1,1,100.0
1209077,RS Umum Daerah Tuan Rondahaim,Sumatera Utara,Simalungun,C,RS Publik,33.0,11,0,Tidak tercatat,Tidak tercatat,2,2,100.0
1209081,RS Umum Karya Husada,Sumatera Utara,Simalungun,D,RS Privat,23.0,10,0,Tidak tercatat,Tidak tercatat,1,1,100.0
1209021,RS Umum Laras Kabupaten Simalungun,Sumatera Utara,Simalungun,C,RS Privat,27.0,11,0,Tidak tercatat,Tidak tercatat,0,0,Tidak tercatat
1203067,RS Bhayangkara TK. IV  Batangtoru,Sumatera Utara,Tapanuli Selatan,D,RS Publik,Tidak tercatat,0,0,Tidak tercatat,Tidak tercatat,0,0,Tidak tercatat
1203066,RS Umum Daerah Pintu Padang,Sumatera Utara,Tapanuli Selatan,D,RS Publik,5.0,3,0,Tidak tercatat,Tidak tercatat,0,0,Tidak tercatat
1203033,RS Umum Daerah Tapanuli Selatan,Sumatera Utara,Tapanuli Selatan,C,RS Publik,43.0,12,1,4.0,1.0,1,1,100.0
1204056,RS Umum Daerah Pandan,Sumatera Utara,Tapanuli Tengah,C,RS Publik,43.0,12,1,1.0,1.0,2,2,100.0
1205013,RS Umum Daerah Tarutung,Sumatera Utara,Tapanuli Utara,B,RS Publik,65.0,14,1,2.0,2.0,2,2,100.0
1205142,RS Umum Sint Lucia,Sumatera Utara,Tapanuli Utara,D,RS Publik,16.0,9,0,Tidak tercatat,Tidak tercatat,1,1,100.0
1205046,RS Umum Daerah Porsea,Sumatera Utara,Toba Samosir,C,RS Publik,37.0,13,1,3.0,2.0,1,1,100.0
1205061,RS Umum HKBP Balige,Sumatera Utara,Toba Samosir,C,RS Publik,52.0,13,0,Tidak tercatat,Tidak tercatat,1,1,100.0
