Nama_RS_BPJS,Kode_RS,Status_BPJS,Layanan_BPJS,Rumah_Sakit,Provinsi,Kab_Kota,Status_Sudah_BPJS
RS Ibu dan Anak Propinsi NAD,1171121,Sudah kerjasama BPJS,Kemo,RS Ibu dan Anak Pemerintah Aceh,Aceh,Kota Banda Aceh,1
RSUD Dr. Zainoel Abidin,1171015,Sudah kerjasama BPJS,Kemo,RS Umum Daerah  Dr. Zainoel Abidin,Aceh,Kota Banda Aceh,1
RSUD TGK Chik Ditiro Sigli,1109016,Sudah kerjasama BPJS,Kemo,RS Umum Daerah TGK Chik Ditiro Sigli,Aceh,Pidie,1
RSUD Cut Meutia,1174026,Sudah kerjasama BPJS,Kemo,,,,1
RS Grandmed,1218158,Sudah kerjasama BPJS,Kemo,RS Grandmed ,Sumatera Utara,Deli Serdang,1
RSU Sembiring,1212045,Sudah kerjasama BPJS,Kemo,RS Umum Sembiring Deli Tua,Sumatera Utara,Deli Serdang,1
RSU Putri Bidadari,1213059,Sudah kerjasama BPJS,Kemo,RS Umum Putri Bidadari,Sumatera Utara,Langkat,1
RSUD Dr. Pirngadi,1275013,Belum kerjasama BPJS,Kemo,RS Umum Daerah Dr. Pirngadi,Sumatera Utara,Kota Medan,0
RS Santa Elisabeth,1275072,Sudah kerjasama BPJS,Kemo,RS Umum Santa Elisabeth Medan,Sumatera Utara,Kota Medan,1
RS Universitas Sumatera Utara,1275913,Sudah kerjasama BPJS,Kemo,RS Umum Universitas Sumatera Utara,Sumatera Utara,Kota Medan,1
RSU Haji Medan,1275794,Sudah kerjasama BPJS,Kemo,RS Umum Haji Medan,Sumatera Utara,Deli Serdang,1
RSI Malahayati,1275163,Sudah kerjasama BPJS,Kemo,RS Umum Islam Malahayati,Sumatera Utara,Kota Medan,1
RSUP H. Adam Malik,1275655,Sudah kerjasama BPJS,Kemo,RS Umum Pusat H. Adam Malik,Sumatera Utara,Kota Medan,1
RSU Imeda Pekerja Indonesia,1275622,Sudah kerjasama BPJS,Kemo,RS Umum Imelda Pekerja Indonesia,Sumatera Utara,Kota Medan,1
RSU Murni Teguh,1275889,Belum kerjasama BPJS,Kemo,RS Umum Murni Teguh Memorial Hospital,Sumatera Utara,Kota Medan,0
RSU Vina Estetika,1275276,Sudah kerjasama BPJS,Kemo,RS Umum Vina Estetica,Sumatera Utara,Kota Medan,1
RS Royal Prima,1504017,Sudah kerjasama BPJS,Kemo,RS Royal Prima,Jambi,Kota Jambi,1
RS Awal Bros Batam,2071103,Sudah kerjasama BPJS,Kemo,RS Umum Awal Bros Batam,Kepulauan Riau,Kota Batam,1
RS Badan Pengusahaan Batam,2071034,Sudah kerjasama BPJS,Kemo,RS Badan Pengusahaan Batam,Kepulauan Riau,Kota Batam,1
RSUD Embung Fatimah,2071114,Sudah kerjasama BPJS,Kemo,RS Umum Daerah Embung Fatimah Kota Batam,Kepulauan Riau,Kota Batam,1
RS Otak DR. Drs. M. Hatta Bukittinggi,1375014,Belum kerjasama BPJS,Kemo,RS Umum Daerah Dr. Achmad Mochtar,Sumatera Barat,Kota Bukittinggi,0
RS Islam Arafah,1571159,Sudah kerjasama BPJS,Kemo,RS Islam Arafah,Jambi,Kota Jambi,1
RSUD Raden Mattaher Jambi,1571012,Sudah kerjasama BPJS,Kemo,RS Umum Daerah Raden Mattaher Jambi,Jambi,Kota Jambi,1
RS Khusus Bedah Ropanasuri,1371422,Sudah kerjasama BPJS,Kemo,RS Khusus Bedah Ropanasuri,Sumatera Barat,Kota Padang,1
RS Yos Sudarso,1371032,Sudah kerjasama BPJS,Kemo,RS Umum Yos Sudarso,Sumatera Barat,Kota Padang,1
RSU Bunda Padang,1371446,Belum kerjasama BPJS,Kemo,RS Umum Bunda Padang,Sumatera Barat,Kota Padang,0
RSUP Dr. M. Djamil,1371010,Sudah kerjasama BPJS,Kemo,RSUP Dr. M. Djamil,Sumatera Barat,Kota Padang,1
RS Universitas Andalas,1371464,Sudah kerjasama BPJS,Kemo,RS. Universitas Andalas,Sumatera Barat,Kota Padang,1
RS Eka Hospital Pekanbaru,1471067,Sudah kerjasama BPJS,Kemo,RS Umum  Eka Hospital Pekanbaru,Riau,Kota Pekanbaru,1
RS Awal Bros Batam,1471226,Sudah kerjasama BPJS,Kemo,RS Umum  Awal Bros Pekanbaru,Riau,Kota Pekanbaru,1
RSUD Arifin Achmad,1471011,Sudah kerjasama BPJS,Kemo,RS Umum Daerah  Arifin Achmad,Riau,Kota Pekanbaru,1
RSIA Zainab,1471387,Sudah kerjasama BPJS,Kemo,RS Ibu dan Anak  Zainab,Riau,Kota Pekanbaru,1
RSUD Raja Ahmad Tabib,2072002,Sudah kerjasama BPJS,Kemo,RS Umum Daerah Raja Ahmad Tabib,Kepulauan Riau,Kota Tanjung Pinang,1
RSUD H. Hanafie,1509013,Sudah kerjasama BPJS,Kemo,RS Umum Daerah H. Hanafie,Jambi,Bungo,1
RSUD Dr. M. Yunus Bengkulu,1771014,Sudah kerjasama BPJS,Kemo,RS Umum Daerah Dr. M. Yunus Bengkulu,Bengkulu,Kota Bengkulu,1
RS Hermina Palembang,1671325,Belum kerjasama BPJS,Kemo,RS Hermina Palembang,Sumatera Selatan,Kota Palembang,0
RS Muhammadiyah,1671301,Sudah kerjasama BPJS,Kemo,RS Muhammadiyah Palembang,Sumatera Selatan,Kota Palembang,1
RS Pusri Palembang,1671046,Sudah kerjasama BPJS,Kemo,RS Umum Pusri Palembang,Sumatera Selatan,Kota Palembang,1
RSUP Dr. Mohammad Hoesin Palembang,1671013,Sudah kerjasama BPJS,Kemo,RS Umum Pusat Dr. Mohammad Hoesin Palembang,Sumatera Selatan,Kota Palembang,1
RSI Siti Khadijah,1671083,Sudah kerjasama BPJS,Kemo,RS Islam Siti Khadijah,Sumatera Selatan,Kota Palembang,1
RSUD Sekayu,1606011,Sudah kerjasama BPJS,Kemo,RS Umum Daerah Sekayu,Sumatera Selatan,Musi Banyuasin,1
RSUD Ahmad Yani MetroI,1872016,Sudah kerjasama BPJS,Kemo,RS Umum Daerah Ahmad Yani Metro,Lampung,Kota Metro,1
RSUD Dr. H. Abdul Moeloek,1801017,Sudah kerjasama BPJS,Kemo,RS Umum Daerah Dr H Abdul Moeloek,Lampung,Kota Bandar Lampung,1
RS Urip Sumoharjo,1871405,Sudah kerjasama BPJS,Kemo,RS Umum Urip Sumoharjo,Lampung,Kota Bandar Lampung,1
RSUD Dr. Ir. Soekarno,1901043,Belum kerjasama BPJS,Kemo,RS Umum Daerah Dr. (HC) Ir. Soekarno,Kepulauan Bangka Belitung,Bangka,0
RS Kanker Dharmais,3174063,Sudah kerjasama BPJS,Kemo,RS Kanker Dharmais,DKI Jakarta,Kota Jakarta Barat,1
RSU Pelni Petamburan,3174026,Sudah kerjasama BPJS,Kemo,RS Umum Pelni Petamburan,DKI Jakarta,Kota Jakarta Barat,1
RS Anak dan Bunda Harapan Kita,3174260,Sudah kerjasama BPJS,Kemo,RS Anak dan Bunda Harapan Kita,DKI Jakarta,Kota Jakarta Barat,1
RSUD Cengkareng,3174074,Sudah kerjasama BPJS,Kemo,RS Umum Daerah Cengkareng,DKI Jakarta,Kota Jakarta Barat,1
RS Husada,3173040,Sudah kerjasama BPJS,Kemo,RS Umum Husada,DKI Jakarta,Kota Jakarta Pusat,1
RS Islam Jakarta Cempaka Putih,3173073,Sudah kerjasama BPJS,Kemo,RS Islam Jakarta Cempaka Putih,DKI Jakarta,Kota Jakarta Pusat,1
RS Kramat 128,3173580,Sudah kerjasama BPJS,Kemo,RS Umum Kramat 128,DKI Jakarta,Kota Jakarta Pusat,1
RSAL Dr. Mintoharjo,3173036,Sudah kerjasama BPJS,Kemo,RS Umum AL Dr. Mintoharjo,DKI Jakarta,Kota Jakarta Pusat,1
RSPAD Gatot Soebroto,3173025,Sudah kerjasama BPJS,Kemo,RS Umum PAD Gatot Soebroto,DKI Jakarta,Kota Jakarta Pusat,1
RSUD Tarakan,3173521,Sudah kerjasama BPJS,Kemo,RS Umum Daerah Tarakan,DKI Jakarta,Kota Jakarta Pusat,1
RSUPN Dr. Cipto Mangunkusumo,3173014,Sudah kerjasama BPJS,Kemo,RSUPN Dr. Cipto Mangunkusumo,DKI Jakarta,Kota Jakarta Pusat,1
RS Khusus Kanker MRCCC Siloam Semanggi,3171056,Sudah kerjasama BPJS,Kemo,RS Khusus Kanker MRCCC Siloam Semanggi,DKI Jakarta,Kota Jakarta Selatan,1
RSUP Fatmawati,3171012,Sudah kerjasama BPJS,Kemo,RSUP Fatmawati,DKI Jakarta,Kota Jakarta Selatan,1
RS Bhayangkara Tk. I R.Said Sukanto,3172072,Sudah kerjasama BPJS,Kemo,RS Umum Bhayangkara Tk. I R.Said Sukanto,DKI Jakarta,Kota Jakarta Timur,1
RSU Hermina Jatinegara,3172243,Sudah kerjasama BPJS,Kemo,RS Umum Hermina Jatinegara,DKI Jakarta,Kota Jakarta Timur,1
RSUP Persahabatan,3172013,Sudah kerjasama BPJS,Kemo,RSUP Persahabatan,DKI Jakarta,Kota Jakarta Timur,1
RS EMC Tangerang,3671065,Belum kerjasama BPJS,Kemo,RS EMC Tangerang,Banten,Kota Tangerang,0
RS Hermina Tangerang,3671136,Sudah kerjasama BPJS,Kemo,RS Umum Hermina Tangerang,Banten,Kota Tangerang,1
RS Primaya,7371399,Sudah kerjasama BPJS,Kemo,RS Primaya,Sulawesi Selatan,Kota Makassar,1
RSUD Kabupaten Tangerang,3603010,Sudah kerjasama BPJS,Kemo,RS Umum Daerah Kabupaten Tangerang,Banten,Tangerang,1
RS Siloam Hospitals Lippo Village,3671054,Sudah kerjasama BPJS,Kemo,RS Siloam Hospitals Lippo Village,Banten,Tangerang,1
RSUD Dr. Soedarso Pontianak,6171011,Sudah kerjasama BPJS,Kemo,RS Umum Daerah Dr. Soedarso Pontianak,Kalimantan Barat,Kota Pontianak,1
RS Mayapada Jaksel,3171786,Sudah kerjasama BPJS,Kemo,RS Umum Mayapada,DKI Jakarta,Kota Jakarta Selatan,1
RSUD Koja,3175016,Sudah kerjasama BPJS,Kemo,RS Umum Daerah Koja,DKI Jakarta,Kota Jakarta Utara,1
RSUD Pasar Rebo,3172126,Sudah kerjasama BPJS,Kemo,RS Umum Daerah Pasar Rebo,DKI Jakarta,Kota Jakarta Timur,1
RS Hermina Bekasi,3275115,Sudah kerjasama BPJS,Kemo,RS Umum Hermina Bekasi,Jawa Barat,Kota Bekasi,1
RS Primaya Bekasi Barat,3275392,Sudah kerjasama BPJS,Kemo,RS Primaya,Jawa Barat,Kota Bekasi,1
RS Hermina Grand Wisata,3216318,Sudah kerjasama BPJS,Kemo,RS Umum Hermina Grand Wisata,Jawa Barat,Bekasi,1
RS PMI,3271013,Sudah kerjasama BPJS,Kemo,RS Umum PMI Bogor,Jawa Barat,Kota Bogor,1
RSUD Kota Bogor,3271104,Sudah kerjasama BPJS,Kemo,RS Umum Daerah Kota Bogor,Jawa Barat,Kota Bogor,1
RS Paru Dr. M. Goenawan Partowidigdo,3201024,Sudah kerjasama BPJS,Kemo,RS Paru Dr. M. Goenawan Partowidigdo,Jawa Barat,Bogor,1
RSUD Ciawi,3201050,Sudah kerjasama BPJS,Kemo,RS Umum Daerah Ciawi,Jawa Barat,Bogor,1
RS Hermina Depok,3201126,Sudah kerjasama BPJS,Kemo,RS Umum Hermina Depok,Jawa Barat,Kota Depok,1
RS Sentra Medika Cisalak,3276017,Sudah kerjasama BPJS,Kemo,RS Umum Sentra Medika,Jawa Barat,Kota Depok,1
RS Advent,3273085,Sudah kerjasama BPJS,Kemo,RS Umum Advent Bandung,Jawa Barat,Kota Bandung,1
RS Al Islam,3273420,Sudah kerjasama BPJS,Kemo,RS Umum Al-Islam Bandung,Jawa Barat,Kota Bandung,1
RS Hermina Pasteur,3273539,Sudah kerjasama BPJS,Kemo,RS Umum Hermina Pasteur ,Jawa Barat,Kota Bandung,1
RSU Santosa Hospital Bandung Central,3273486,Belum kerjasama BPJS,Kemo,RS Umum Santosa Hospital Bandung Central,Jawa Barat,Kota Bandung,0
RSU Santosa Hospital Bandung Kopo,3273542,Belum kerjasama BPJS,Kemo,RS Umum Santosa Hospital Bandung Kopo,Jawa Barat,Kota Bandung,0
RS Paru Dr. H. A. Rotinsulu,3273201,Belum kerjasama BPJS,Kemo,RS Paru Dr. H. A. Rotinsulu,Jawa Barat,Kota Bandung,0
RSUP Dr. Hasan Sadikin,3273015,Belum kerjasama BPJS,Kemo,RS Umum Pusat Dr. Hasan Sadikin,Jawa Barat,Kota Bandung,0
RS Khusus Mata Cicendo,3273191,Belum kerjasama BPJS,Kemo,RS Khusus Mata Cicendo,Jawa Barat,Kota Bandung,0
RSUD Cibabat,3277020,Belum kerjasama BPJS,Kemo,RS Umum Daerah Cibabat,Jawa Barat,Kota Cimahi,0
RSU Mitra Plumbon,3209051,Belum kerjasama BPJS,Kemo,RS Umum Mitra Plumbon,Jawa Barat,Cirebon,0
RSUD Waled,3209014,Belum kerjasama BPJS,Kemo,RS Umum Daerah Waled,Jawa Barat,Cirebon,0
RSUD Gunung Jati,3274016,Belum kerjasama BPJS,Kemo,RS Umum Daerah Gunung Jati,Jawa Barat,Kota Cirebon,0
RS Tk. III Ciremai,3274020,Sudah kerjasama BPJS,Kemo,RS Umum Tk. III Ciremai,Jawa Barat,Kota Cirebon,1
RSUD Al Ihsan Provinsi Jawa Barat,3204086,Sudah kerjasama BPJS,Kemo,RS Umum Daerah Al Ihsan Provinsi Jawa Barat,Jawa Barat,Bandung,1
RSUD Sayang,3203015,Sudah kerjasama BPJS,Kemo,RS Umum Daerah Sayang,Jawa Barat,Cianjur,1
RSU Hermina Sukabumi,3202062,Sudah kerjasama BPJS,Kemo,RS Umum Hermina Sukabumi,Jawa Barat,Sukabumi,1
RSUD Singaparna Medika Citrautama (SMC),3206023,Sudah kerjasama BPJS,Kemo,RS Umum Daerah Singaparna Medika Citrautama,Jawa Barat,Tasikmalaya,1
RS Jasa Kartini,3206070,Sudah kerjasama BPJS,Kemo,RS Umum Jasa Kartini,Jawa Barat,Kota Tasikmalaya,1
RSUD Karawang,3215012,Sudah kerjasama BPJS,Kemo,RS Umum Daerah Karawang,Jawa Barat,Karawang,1
RS Sentra Medika Cibinong,3201230,Sudah kerjasama BPJS,Kemo,RS Umum Sentra Medika Cibinong,Jawa Barat,Bogor,1
RS Mitra Keluarga Bekasi Timur,3275046,Sudah kerjasama BPJS,Kemo,RS Umum Mitra Keluarga Bekasi Timur,Jawa Barat,Kota Bekasi,1
RSUP Dr. Soeradji Tirtonegoro,3310015,Sudah kerjasama BPJS,Kemo,RS Umum Pusat Dr. Soeradji Tirtonegoro,Jawa Tengah,Klaten,1
RS PKU Muhammadiyah Gombong,3305066,Sudah kerjasama BPJS,Kemo,RS Umum PKU Muhamadiyah Gombong,Jawa Tengah,Kebumen,1
RSUD Prof Dr. Margono Soekarjo,3302026,Sudah kerjasama BPJS,Kemo,RS Umum Daerah Prof Dr. Margono Soekarjo,Jawa Tengah,Banyumas,1
RS Hermina Pandanaran,3374145,Sudah kerjasama BPJS,Kemo,RS Umum Hermina Pandanaran,Jawa Tengah,Kota Semarang,1
RSUP Dr. Kariadi,3374010,Sudah kerjasama BPJS,Kemo,RS Umum Pusat Dr. Kariadi,Jawa Tengah,Kota Semarang,1
RSUD Tugurejo,3374134,Sudah kerjasama BPJS,Kemo,RS Umum Daerah Tugurejo Semarang,Jawa Tengah,Kota Semarang,1
RS Telogorejo Semarang,3374043,Sudah kerjasama BPJS,Kemo,RS Umum Telogorejo Semarang,Jawa Tengah,Kota Semarang,1
RSU St. Elisabeth Semarang,3374021,Belum kerjasama BPJS,Kemo,RS Umum St. Elisabeth Semarang,Jawa Tengah,Kota Semarang,0
RSI Sultan Agung,3374076,Belum kerjasama BPJS,Kemo,RS Umum Sultan Agung Semarang,Jawa Tengah,Kota Semarang,0
RS Akademik Universitas Gadjah Mada,3404189,Belum kerjasama BPJS,Kemo,RS Akademik Universitas Gadjah Mada,DI Yogyakarta,Sleman,0
RSUP Dr. Sardjito,3404015,Belum kerjasama BPJS,Kemo,RSUP Dr. Sardjito,DI Yogyakarta,Sleman,0
RSUD Sleman,3404011,Belum kerjasama BPJS,Kemo,RS Umum Daerah Sleman,DI Yogyakarta,Sleman,0
RSUD dr. Soehadi Prijonegoro,3314012,Belum kerjasama BPJS,Kemo,RS Umum Daerah dr. Soehadi Prijonegoro,Jawa Tengah,Sragen,0
RSUD Dr. Moewardi Surakarta,3372015,Belum kerjasama BPJS,Kemo,RS Umum Daerah Dr. Moewardi Surakarta,Jawa Tengah,Kota Surakarta,0
RS Umum Dr. Oen,3372026,Belum kerjasama BPJS,Kemo,RS Umum Dr. Oen,Jawa Tengah,Kota Surakarta,0
RS Kasih Ibu Surakarta,3372165,Belum kerjasama BPJS,Kemo,RS Umum Kasih Ibu,Jawa Tengah,Kota Surakarta,0
RS PKU Muhammadiyah Surakarta,3372096,Belum kerjasama BPJS,Kemo,RS PKU Muhammadiyah Surakarta,Jawa Tengah,Kota Surakarta,0
RSUD Bantul,3402016,Belum kerjasama BPJS,Kemo,RS Umum Daerah Panembahan Senopati,DI Yogyakarta,Bantul,0
RSPAU Dr. Suhardi Harjolukito,3471074,Sudah kerjasama BPJS,Kemo,RSPAU Dr.  Suhardi Harjolukito,DI Yogyakarta,Bantul,1
RSUD Kota Yogyakarta,3471234,Sudah kerjasama BPJS,Kemo,RS Umum Daerah Kota Yogyakarta,DI Yogyakarta,Kota Yogyakarta,1
RS Bethesda,3471063,Sudah kerjasama BPJS,Kemo,RS Bethesda Yogyakarta,DI Yogyakarta,Kota Yogyakarta,1
RS PKU Muhammadiyah Yogyakarta,3471041,Sudah kerjasama BPJS,Kemo,RS PKU Muhammadiyah Yogyakarta,DI Yogyakarta,Kota Yogyakarta,1
RS Panti Rapih,3471052,Sudah kerjasama BPJS,Kemo,RS Umum Panti Rapih,DI Yogyakarta,Kota Yogyakarta,1
RS Ken Saras,3322034,Sudah kerjasama BPJS,Kemo,RS Umum Ken Saras,Jawa Tengah,Semarang,1
RSUD KRMT Wongsonegoro,3374342,Sudah kerjasama BPJS,Kemo,RS Daerah KRMT Wongsonegoro,Jawa Tengah,Kota Semarang,1
RSUD Tidar,3371014,Sudah kerjasama BPJS,Kemo,RS Umum Daerah Tidar,Jawa Tengah,Kota Magelang,1
RSUD Temanggung,3323013,Sudah kerjasama BPJS,Kemo,RS Umum Daerah Djojonegoro Temanggung,Jawa Tengah,Temanggung,1
RS Tk. II Dr. Soedjono,3371025,Sudah kerjasama BPJS,Kemo,RS Umum Tk. II Dr. Soedjono,Jawa Tengah,Kota Magelang,1
RSUD RAA Soewondo,3318016,Sudah kerjasama BPJS,Kemo,RS Umum Daerah RAA Soewondo,Jawa Tengah,Pati,1
RS Keluarga Sehat,3318108,Sudah kerjasama BPJS,Kemo,RS Umum Keluarga Sehat ,Jawa Tengah,Pati,1
RS Indriati Solo,3311229,Sudah kerjasama BPJS,Kemo,RS Umum Indriati,Jawa Tengah,Sukoharjo,1
RSUD Dr. Tjitrowardojo,3306012,Sudah kerjasama BPJS,Kemo,RS Umum Daerah Dr. Tjitrowardojo Purworejo,Jawa Tengah,Purworejo,1
RSUD Paru Ario Wirawan Salatiga,3373042,Sudah kerjasama BPJS,Kemo,RS Paru Dr. Ario Wirawan,Jawa Tengah,Kota Salatiga,1
RSUD Dr. Soedjati Grobogan,3315013,Sudah kerjasama BPJS,Kemo,RS Umum Daerah Dr. R.Soedjati Soemodiardjo,Jawa Tengah,Grobogan,1
RS Islam Harapan Anda Tegal,3376082,Sudah kerjasama BPJS,Kemo,RS Umum Islam Harapan Anda,Jawa Tengah,Kota Tegal,1
RSUD Soetrasno Rembang,3317015,Sudah kerjasama BPJS,Kemo,RS Umum Daerah dr. R. Soetrasno Rembang,Jawa Tengah,Rembang,1
RS Bhayangkara Bondowoso,3511012,Sudah kerjasama BPJS,Kemo,RS Bhayangkara Bondowoso ,Jawa Timur,Bondowoso,1
RSU dr. H.Koesnadi Bondowoso,3511011,Sudah kerjasama BPJS,Kemo,RS Umum dr. H.Koesnadi Bondowoso,Jawa Timur,Bondowoso,1
RS Petrokimia Gresik,3525076,Sudah kerjasama BPJS,Kemo,RS Petrokimia Gresik,Jawa Timur,Gresik,1
RS Semen Gresik,3525021,Sudah kerjasama BPJS,Kemo,RS Semen Gresik,Jawa Timur,Gresik,1
RS Tk. III Baladhika Husada Jember,3509032,Sudah kerjasama BPJS,Kemo,RS Tk. III Baladhika Husada Jember,Jawa Timur,Jember,1
RS Bhayangkara Kediri,3571031,Sudah kerjasama BPJS,Kemo,RS Umum Bhayangkara Kediri,Jawa Timur,Kota Kediri,1
RSUD Nganjuk,3518011,Sudah kerjasama BPJS,Kemo,RS Umum Daerah Nganjuk,Jawa Timur,Nganjuk,1
RS Panti Nirmala,3573044,Sudah kerjasama BPJS,Kemo,RS Umum Panti Nirmala,Jawa Timur,Kota Malang,1
RS Persada Hospital,3573257,Sudah kerjasama BPJS,Kemo,RS Umum Persada Hospital,Jawa Timur,Kota Malang,1
RS Tk. II Dr. Soepraoen,3573022,Sudah kerjasama BPJS,Kemo,RS Tk. II Dr. Soepraoen,Jawa Timur,Kota Malang,1
RSUD Dr. Saiful Anwar,3573011,Sudah kerjasama BPJS,Kemo,RS Umum Daerah Dr. Saiful Anwar,Jawa Timur,Kota Malang,1
RSU Lavalette Malang,3573066,Sudah kerjasama BPJS,Kemo,RS Umum Lavalette Malang,Jawa Timur,Kota Malang,1
RS Aisyiyah,3573215,Sudah kerjasama BPJS,Kemo,RS Umum Islam Aisyiyah Malang,Jawa Timur,Kota Malang,1
RSUD Prof. Dr. Soekandar,3516020,Sudah kerjasama BPJS,Kemo,RS Umum Daerah Prof. Dr. Soekandar,Jawa Timur,Mojokerto,1
RS Siti Hajar,3515106,Sudah kerjasama BPJS,Kemo,RS Islam Siti Hajar Sidoarjo,Jawa Timur,Sidoarjo,1
RSUD Sidoarjo,3515015,Sudah kerjasama BPJS,Kemo,RS Umum Daerah Sidoarjo,Jawa Timur,Sidoarjo,1
RS Gatoel,3576036,Sudah kerjasama BPJS,Kemo,RS Gatoel,Jawa Timur,Kota Mojokerto,1
RSUD dr. Wahidin Sudiro Husodo Kota Mojokerto,3576014,Sudah kerjasama BPJS,Kemo,RSUD dr. Wahidin Sudiro Husodo Kota Mojokerto,Jawa Timur,Kota Mojokerto,1
RSUD dr. Mohamad Soewandhie,3578571,Sudah kerjasama BPJS,Kemo,RS Umum Daerah dr. Mohamad Soewandhie,Jawa Timur,Kota Surabaya,1
RSUD Bangil,3514036,Sudah kerjasama BPJS,Kemo,RS Umum Daerah Bangil,Jawa Timur,Pasuruan,1
RS Siti Khodijah,3515026,Sudah kerjasama BPJS,Kemo,RS Umum Siti Khodijah Muhammadiyah Cabang Sepanjan,Jawa Timur,Sidoarjo,1
RS Universitas Airlangga,3578777,Sudah kerjasama BPJS,Kemo,RS Universitas Airlangga ,Jawa Timur,Kota Surabaya,1
RS Husada Utama,3578560,Sudah kerjasama BPJS,Kemo,RS Husada Utama Surabaya,Jawa Timur,Kota Surabaya,1
RS Primasatya Husada Citra (PHC) Surabaya,3578086,Sudah kerjasama BPJS,Kemo,RS Primasatya Husada Citra (PHC) Surabaya,Jawa Timur,Kota Surabaya,1
RSPAL dr. Ramelan,3578020,Sudah kerjasama BPJS,Kemo,RSPAL dr. Ramelan,Jawa Timur,Kota Surabaya,1
RSUD Dr. Soetomo,3578016,Sudah kerjasama BPJS,Kemo,RS Umum Daerah Dr. Soetomo,Jawa Timur,Kota Surabaya,1
RS Haji Surabaya,3578523,Sudah kerjasama BPJS,Kemo,RS Umum Daerah Haji Provinsi Jawa Timur,Jawa Timur,Kota Surabaya,1
RS Siloam Surabaya,3578443,Sudah kerjasama BPJS,Kemo,RS Umum Siloam Hospitals Surabaya,Jawa Timur,Kota Surabaya,1
RSUD Dr. Iskak Tulungagung,3504012,Sudah kerjasama BPJS,Kemo,RS Umum Daerah Dr. Iskak Tulungagung,Jawa Timur,Tulungagung,1
RSUD dr. H. Moh. Anwar,3529014,Sudah kerjasama BPJS,Kemo,RS Umum Daerah dr. H. Moh. Anwar ,Jawa Timur,Sumenep,1
RSUD Dr. Soebandi,3509010,Sudah kerjasama BPJS,Kemo,RS Umum Daerah Dr. Soebandi,Jawa Timur,Jember,1
RSUD Soedono Kota Madiun,3577015,Sudah kerjasama BPJS,Kemo,RS Umum Daerah Dr. Soedono Madiun,Jawa Timur,Kota Madiun,1
Global Farma,Klinik Utama,Sudah kerjasama BPJS,Kemo,,,,1
RSUD Ulin Banjarmasin,6371013,Sudah kerjasama BPJS,Kemo,RS Umum Daerah Ulin Banjarmasin,Kalimantan Selatan,Kota Banjarmasin,1
RSUD Dr. Doris Sylvanus Palangka Raya,6271012,Sudah kerjasama BPJS,Kemo,RS Umum Daerah Dr. Doris Sylvanus Palangka Raya,Kalimantan Tengah,Kota Palangka Raya,1
RSUD Aji Muhammad Parikesit,6403015,Sudah kerjasama BPJS,Kemo,RS Umum Daerah Aji Muhammad Parikesit,Kalimantan Timur,Kutai Kartanegara,1
RSUD Abdul Wahab Sjahranie,6472015,Sudah kerjasama BPJS,Kemo,RS Umum Daerah Abdul Wahab Sjahranie,Kalimantan Timur,Kota Samarinda,1
RSUD Dr. Kanujoso Djatiwibowo,6471014,Sudah kerjasama BPJS,Kemo,RS Umum Daerah Dr. Kanujoso Djatiwibowo,Kalimantan Timur,Kota Balikpapan,1
RSUD Brigjed H. Hasan Basry Kandangan,6306011,Sudah kerjasama BPJS,Kemo,RS Umum Daerah Brigjed H. Hasan Basry Kandangan,Kalimantan Selatan,Hulu Sungai Selatan,1
RSUD dr.H. Jusuf SK,6473016,Sudah kerjasama BPJS,Kemo,RS Umum Daerah dr.H. Jusuf SK,Kalimantan Utara,Kota Tarakan,1
RSUD Dr.Murjani Sampit,6202013,Sudah kerjasama BPJS,Kemo,RS Umum Daerah Dr Murjani Sampit,Kalimantan Tengah,Kotawaringin Timur,1
RSUD Ratu Zalecha Banjar,6303015,Sudah kerjasama BPJS,Kemo,RS Umum Daerah Ratu Zalecha,Kalimantan Selatan,Banjar,1
RSUD Bahteramas Provinsi Sultra,7471011,Sudah kerjasama BPJS,Kemo,RS Bahteramas Provinsi Sultra,Sulawesi Tenggara,Kota Kendari,1
"RS Dr. Tadjuddin Chalid, MPH",7371314,Sudah kerjasama BPJS,Kemo,RS Umum Pusat Dr. Tadjuddin Chalid Makassar,Sulawesi Selatan,Kota Makassar,1
RS Ibnu Sina YW-UMI Makassar,7371340,Sudah kerjasama BPJS,Kemo,RS Ibnu Sina YW-UMI Makassar,Sulawesi Selatan,Kota Makassar,1
RS Tk. II Pelamonia,7371030,Sudah kerjasama BPJS,Kemo,RS Tk. II Pelamonia,Sulawesi Selatan,Kota Makassar,1
RS Stella Maris,7371063,Sudah kerjasama BPJS,Kemo,RS Stella Maris,Sulawesi Selatan,Kota Makassar,1
RS Akademis Jaury,7371052,Sudah kerjasama BPJS,Kemo,RS Akademis Jaury,Sulawesi Selatan,Kota Makassar,1
RSUP Dr. Wahidin Sudirohusodo,7371325,Sudah kerjasama BPJS,Kemo,RSUP Dr. Wahidin Sudirohusodo,Sulawesi Selatan,Kota Makassar,1
RS Universitas Hasanuddin,7371408,Sudah kerjasama BPJS,Kemo,RS Universitas Hasanuddin,Sulawesi Selatan,Kota Makassar,1
RS Siloam Makassar,7371402,Sudah kerjasama BPJS,Kemo,RS Siloam Makassar,Sulawesi Selatan,Kota Makassar,1
RS Hati Mulia Kendari,7471002,Sudah kerjasama BPJS,Kemo,RS Hati Mulia,Sulawesi Tenggara,Kota Kendari,1
RSUP Prof. DR. R. D. Kandou,7171013,Sudah kerjasama BPJS,Kemo,RSUP Prof. Dr. R. D. Kandou,Sulawesi Utara,Kota Manado,1
RSU Siloam Hospital Manado,7171099,Sudah kerjasama BPJS,Kemo,RS Umum Siloam Hospital Manado,Sulawesi Utara,Kota Manado,1
RS Sentra Medika Minahasa Utara,7106020,Sudah kerjasama BPJS,Kemo,Sentra Medika Hospital Minahasa Utara,Sulawesi Utara,Minahasa Utara,1
RSUD Undata Palu,7271014,Sudah kerjasama BPJS,Kemo,RS Umum Daerah Undata Palu,Sulawesi Tengah,Kota Palu,1
RSUD Dr. H. Chasan Boesoirie Ternate,8271016,Sudah kerjasama BPJS,Kemo,RS Umum Daerah Dr. H. Chasan Boesoirie Ternate,Maluku Utara,Kota Ternate,1
RSUD Prof Dr. H. Aloei Saboe,7571010,Sudah kerjasama BPJS,Kemo,RS Umum Daerah Prof Dr. H. Aloei Saboe,Gorontalo,Kota Gorontalo,1
RS Siloam Bali,5103035,Sudah kerjasama BPJS,Kemo,RS Umum Siloam Bali,Bali,Badung,1
RSUD Mangusada,5103032,Sudah kerjasama BPJS,Kemo,RS Daerah Mangusada,Bali,Badung,1
RSUD Tabanan,5102010,Sudah kerjasama BPJS,Kemo,RS Umum Daerah Tabanan,Bali,Tabanan,1
RSUP Prof. Dr. I.G.N.G. Ngoerah,5171016,Sudah kerjasama BPJS,Kemo,RSUP Prof. Dr. I.G.N.G. Ngoerah,Bali,Kota Denpasar,1
RSU Puri Raharja,5171133,Sudah kerjasama BPJS,Kemo,RS Umum Puri Raharja,Bali,Kota Denpasar,1
RSUD Bali Mandara Provinsi Bali,5171220,Sudah kerjasama BPJS,Kemo,RS Umum Daerah Bali Mandara Provinsi Bali,Bali,Kota Denpasar,1
RSU Ganesha,5104034,Sudah kerjasama BPJS,Kemo,RS Umum Ganesha,Bali,Gianyar,1
RSUD Sanjiwani Gianyar,5104012,Sudah kerjasama BPJS,Kemo,RS Umum Daerah Sanjiwani Gianyar,Bali,Gianyar,1
RSUD Prof. Dr. WZ Johanes,5371011,Sudah kerjasama BPJS,Kemo,RS Umum Prof. Dr. WZ Johanes,Nusa Tenggara Timur,Kota Kupang,1
RSU Provinsi NTB,5271010,Sudah kerjasama BPJS,Kemo,RS Umum Daerah Provinsi NTB,Nusa Tenggara Barat,Kota Mataram,1
RSU Kertha Usada,5108031,Sudah kerjasama BPJS,Kemo,RS Umum Kertha Usadha,Bali,Buleleng,1
RS Grha Bakti Medika,5105017,Sudah kerjasama BPJS,Kemo,RS Umum Grha Bhakti Medika,Bali,Klungkung,1
RSUD Jayapura,9271012,Sudah kerjasama BPJS,Kemo,RS Umum Jayapura,Papua,Kota Jayapura,1
RS Umum Daerah TGK Chik Ditiro Sigli,1109016,Sudah kerjasama BPJS,Bedah Onko,RS Umum Daerah TGK Chik Ditiro Sigli,Aceh,Pidie,1
RS Umum Cut Meutia Kab. Aceh Utara,1174016,Sudah kerjasama BPJS,Bedah Onko,RS Umum Cut Meutia Kab. Aceh Utara,Aceh,Aceh Utara,1
RS Umum Daerah Cut Nyak Dhien,1107014,Sudah kerjasama BPJS,Bedah Onko,RS Umum Daerah Cut Nyak Dhien,Aceh,Aceh Barat,1
RS Umum Daerah Dr. Zainoel Abidin,1171015,Sudah kerjasama BPJS,Bedah Onko,RS Umum Daerah  Dr. Zainoel Abidin,Aceh,Kota Banda Aceh,1
RS Umum Mufid,1109028,Sudah kerjasama BPJS,Bedah Onko,RS Umum Mufid,Aceh,Pidie,1
RS Umum Meutia,1171145,Sudah kerjasama BPJS,Bedah Onko,RS Umum Meutia,Aceh,Kota Banda Aceh,1
RSUP Prof. Dr. I.G.N.G. Ngoerah,5171016,Sudah kerjasama BPJS,Bedah Onko,RSUP Prof. Dr. I.G.N.G. Ngoerah,Bali,Kota Denpasar,1
RS Umum Daerah Kab. Buleleng,5108016,Sudah kerjasama BPJS,Bedah Onko,RS Umum Daerah Kab. Buleleng,Bali,Buleleng,1
RS Daerah Mangusada,5103032,Sudah kerjasama BPJS,Bedah Onko,RS Daerah Mangusada,Bali,Badung,1
RS Umum Daerah Bangli,5106014,Sudah kerjasama BPJS,Bedah Onko,RS Umum Daerah Bangli,Bali,Bangli,1
RS Umum Daerah Sanjiwani Gianyar,5104012,Sudah kerjasama BPJS,Bedah Onko,RS Umum Daerah Sanjiwani Gianyar,Bali,Gianyar,1
RS Umum Daerah Bali Mandara Provinsi Bali,5171220,Sudah kerjasama BPJS,Bedah Onko,RS Umum Daerah Bali Mandara Provinsi Bali,Bali,Kota Denpasar,1
RS Umum Murni Teguh Tuban Bali,5103052,Sudah kerjasama BPJS,Bedah Onko,RS Umum Murni Teguh Tuban Bali,Bali,Badung,1
RS Umum Ganesha,5104034,Sudah kerjasama BPJS,Bedah Onko,RS Umum Ganesha,Bali,Gianyar,1
RS Umum Ari Canti,5104035,Sudah kerjasama BPJS,Bedah Onko,RS Umum Ari Canti,Bali,Gianyar,1
RS Umum Bintang,5105015,Sudah kerjasama BPJS,Bedah Onko,RS Umum Bintang,Bali,Klungkung,1
RS Balimed Buleleng,5108080,Sudah kerjasama BPJS,Bedah Onko,RS Balimed Buleleng,Bali,Buleleng,1
RS Umum Surya Husadha,5171086,Sudah kerjasama BPJS,Bedah Onko,RS Umum Surya Husadha,Bali,Kota Denpasar,1
RS Umum Balimed,5171203,Sudah kerjasama BPJS,Bedah Onko,RS Umum Balimed,Bali,Kota Denpasar,1
RS Umum Kertha Usadha,5108031,Sudah kerjasama BPJS,Bedah Onko,RS Umum Kertha Usadha,Bali,Buleleng,1
RS Umum Puri Raharja,5171133,Sudah kerjasama BPJS,Bedah Onko,RS Umum Puri Raharja,Bali,Kota Denpasar,1
RS TK. II Udayana,5171031,Sudah kerjasama BPJS,Bedah Onko,RS TK. II Udayana,Bali,Kota Denpasar,1
RS Umum Daerah Kabupaten Tangerang,3603010,Sudah kerjasama BPJS,Bedah Onko,RS Umum Daerah Kabupaten Tangerang,Banten,Tangerang,1
RS Primaya,3671203,Sudah kerjasama BPJS,Bedah Onko,RS Primaya,Banten,Kota Tangerang,1
RS Umum Hermina Tangerang,3671136,Sudah kerjasama BPJS,Bedah Onko,RS Umum Hermina Tangerang,Banten,Kota Tangerang,1
RS Murni Teguh Ciledug,3671126,Sudah kerjasama BPJS,Bedah Onko,RS Murni Teguh Ciledug,Banten,Kota Tangerang,1
RS Mayapada,3671080,Sudah kerjasama BPJS,Bedah Onko,RS Mayapada,Banten,Kota Tangerang,1
RS Siloam Hospitals Lippo Village,3671054,Sudah kerjasama BPJS,Bedah Onko,RS Siloam Hospitals Lippo Village,Banten,Tangerang,1
RS EMC Tangerang,3671065,Sudah kerjasama BPJS,Bedah Onko,RS EMC Tangerang,Banten,Kota Tangerang,1
RS Umum Daerah Dr. M. Yunus Bengkulu,1771014,Sudah kerjasama BPJS,Bedah Onko,RS Umum Daerah Dr. M. Yunus Bengkulu,Bengkulu,Kota Bengkulu,1
RS Akademik Universitas Gadjah Mada,3404189,Sudah kerjasama BPJS,Bedah Onko,RS Akademik Universitas Gadjah Mada,DI Yogyakarta,Sleman,1
RSUP Dr. Sardjito,3404015,Sudah kerjasama BPJS,Bedah Onko,RSUP Dr. Sardjito,DI Yogyakarta,Sleman,1
RS Umum Daerah Sleman,3404011,Sudah kerjasama BPJS,Bedah Onko,RS Umum Daerah Sleman,DI Yogyakarta,Sleman,1
RS Bethesda Yogyakarta,3471063,Sudah kerjasama BPJS,Bedah Onko,RS Bethesda Yogyakarta,DI Yogyakarta,Kota Yogyakarta,1
RS Umum Panti Rapih,3471052,Sudah kerjasama BPJS,Bedah Onko,RS Umum Panti Rapih,DI Yogyakarta,Kota Yogyakarta,1
RSPAU Dr. Suhardi Harjolukito,3471074,Sudah kerjasama BPJS,Bedah Onko,RSPAU Dr.  Suhardi Harjolukito,DI Yogyakarta,Bantul,1
RS Umum Pelni Petamburan,3174026,Sudah kerjasama BPJS,Bedah Onko,RS Umum Pelni Petamburan,DKI Jakarta,Kota Jakarta Barat,1
RSUPN Dr. Cipto Mangunkusumo,3173014,Sudah kerjasama BPJS,Bedah Onko,RSUPN Dr. Cipto Mangunkusumo,DKI Jakarta,Kota Jakarta Pusat,1
RSUP Fatmawati,3171012,Sudah kerjasama BPJS,Bedah Onko,RSUP Fatmawati,DKI Jakarta,Kota Jakarta Selatan,1
RSUP Persahabatan,3172013,Sudah kerjasama BPJS,Bedah Onko,RSUP Persahabatan,DKI Jakarta,Kota Jakarta Timur,1
RS Kanker Dharmais,3174063,Sudah kerjasama BPJS,Bedah Onko,RS Kanker Dharmais,DKI Jakarta,Kota Jakarta Barat,1
RS Umum Daerah Pasar Minggu,3171795,Sudah kerjasama BPJS,Bedah Onko,RS Umum Daerah Pasar Minggu,DKI Jakarta,Kota Jakarta Selatan,1
RS Umum Daerah Tarakan,3173521,Sudah kerjasama BPJS,Bedah Onko,RS Umum Daerah Tarakan,DKI Jakarta,Kota Jakarta Pusat,1
RS Umum Daerah Cengkareng,3174074,Sudah kerjasama BPJS,Bedah Onko,RS Umum Daerah Cengkareng,DKI Jakarta,Kota Jakarta Barat,1
RS Umum Daerah Koja,3175016,Sudah kerjasama BPJS,Bedah Onko,RS Umum Daerah Koja,DKI Jakarta,Kota Jakarta Utara,1
RS Umum Bhayangkara Tk. I R.Said Sukanto,3172072,Sudah kerjasama BPJS,Bedah Onko,RS Umum Bhayangkara Tk. I R.Said Sukanto,DKI Jakarta,Kota Jakarta Timur,1
RS Khusus Kanker MRCCC Siloam Semanggi,3171056,Sudah kerjasama BPJS,Bedah Onko,RS Khusus Kanker MRCCC Siloam Semanggi,DKI Jakarta,Kota Jakarta Selatan,1
RS Umum Tebet,3171461,Sudah kerjasama BPJS,Bedah Onko,RS Umum Tebet,DKI Jakarta,Kota Jakarta Selatan,1
RS Umum Mayapada,3171786,Sudah kerjasama BPJS,Bedah Onko,RS Umum Mayapada,DKI Jakarta,Kota Jakarta Selatan,1
RS Umum Harapan Bunda,3172553,Sudah kerjasama BPJS,Bedah Onko,RS Umum Harapan Bunda,DKI Jakarta,Kota Jakarta Timur,1
RS Umum Hermina Jatinegara,3172243,Sudah kerjasama BPJS,Bedah Onko,RS Umum Hermina Jatinegara,DKI Jakarta,Kota Jakarta Timur,1
RS Umum Premier Jatinegara,3172206,Sudah kerjasama BPJS,Bedah Onko,RS Umum Premier Jatinegara,DKI Jakarta,Kota Jakarta Timur,1
RS Umum Kramat 128,3173580,Sudah kerjasama BPJS,Bedah Onko,RS Umum Kramat 128,DKI Jakarta,Kota Jakarta Pusat,1
RS Umum Hermina Kemayoran,3173706,Sudah kerjasama BPJS,Bedah Onko,RS Umum Hermina Kemayoran,DKI Jakarta,Kota Jakarta Pusat,1
RS Umum Yarsi,3173712,Sudah kerjasama BPJS,Bedah Onko,RS Umum Yarsi,DKI Jakarta,Kota Jakarta Pusat,1
RS Umum Hermina Daan Mogot,3174431,Sudah kerjasama BPJS,Bedah Onko,RS Umum Hermina Daan Mogot,DKI Jakarta,Kota Jakarta Barat,1
RS Umum Gading Pluit,3175407,Sudah kerjasama BPJS,Bedah Onko,RS Umum Gading Pluit,DKI Jakarta,Kota Jakarta Utara,1
RS Islam Jakarta Cempaka Putih,3173073,Sudah kerjasama BPJS,Bedah Onko,RS Islam Jakarta Cempaka Putih,DKI Jakarta,Kota Jakarta Pusat,1
RS Primaya PGI Cikini,3173062,Sudah kerjasama BPJS,Bedah Onko,RS Primaya PGI Cikini,DKI Jakarta,Kota Jakarta Pusat,1
RS Umum Husada,3173040,Sudah kerjasama BPJS,Bedah Onko,RS Umum Husada,DKI Jakarta,Kota Jakarta Pusat,1
RS Umum Sint Carolus,3173051,Sudah kerjasama BPJS,Bedah Onko,RS Umum Sint Carolus,DKI Jakarta,Kota Jakarta Pusat,1
RS Umum PAD Gatot Soebroto,3173025,Sudah kerjasama BPJS,Bedah Onko,RS Umum PAD Gatot Soebroto,DKI Jakarta,Kota Jakarta Pusat,1
RS Umum AL Dr. Mintoharjo,3173036,Sudah kerjasama BPJS,Bedah Onko,RS Umum AL Dr. Mintoharjo,DKI Jakarta,Kota Jakarta Pusat,1
RS Umum AL Cilandak,3171034,Sudah kerjasama BPJS,Bedah Onko,RS Umum AL Cilandak,DKI Jakarta,Kota Jakarta Selatan,1
RS Umum Daerah Prof Dr. H. Aloei Saboe,7571010,Sudah kerjasama BPJS,Bedah Onko,RS Umum Daerah Prof Dr. H. Aloei Saboe,Gorontalo,Kota Gorontalo,1
RS Umum Daerah dr. Hasri Ainun Habibie,7502034,Sudah kerjasama BPJS,Bedah Onko,RS Umum Daerah dr. Hasri Ainun Habibie,Gorontalo,Gorontalo,1
RS Umum Daerah H. Hanafie,1509013,Sudah kerjasama BPJS,Bedah Onko,RS Umum Daerah H. Hanafie,Jambi,Bungo,1
RS Umum Daerah Raden Mattaher Jambi,1571012,Sudah kerjasama BPJS,Bedah Onko,RS Umum Daerah Raden Mattaher Jambi,Jambi,Kota Jambi,1
RS Bhayangkara Jambi,1571034,Sudah kerjasama BPJS,Bedah Onko,RS Bhayangkara Jambi,Jambi,Kota Jambi,1
RS Islam Arafah,1571159,Sudah kerjasama BPJS,Bedah Onko,RS Islam Arafah,Jambi,Kota Jambi,1
RS Umum Santa Theresia,1571045,Sudah kerjasama BPJS,Bedah Onko,RS Umum Santa Theresia,Jambi,Kota Jambi,1
RS Umum Pusat Dr. Hasan Sadikin,3273015,Sudah kerjasama BPJS,Bedah Onko,RS Umum Pusat Dr. Hasan Sadikin,Jawa Barat,Kota Bandung,1
RS Umum Daerah Singaparna Medika Citrautama,3206023,Sudah kerjasama BPJS,Bedah Onko,RS Umum Daerah Singaparna Medika Citrautama,Jawa Barat,Tasikmalaya,1
RS Umum Daerah Kota Bogor,3271104,Sudah kerjasama BPJS,Bedah Onko,RS Umum Daerah Kota Bogor,Jawa Barat,Kota Bogor,1
RS Umum Daerah Cibabat,3277020,Sudah kerjasama BPJS,Bedah Onko,RS Umum Daerah Cibabat,Jawa Barat,Kota Cimahi,1
RS Umum Daerah Ciawi,3201050,Sudah kerjasama BPJS,Bedah Onko,RS Umum Daerah Ciawi,Jawa Barat,Bogor,1
RS Umum Daerah Gunung Jati,3274016,Sudah kerjasama BPJS,Bedah Onko,RS Umum Daerah Gunung Jati,Jawa Barat,Kota Cirebon,1
RS Umum Daerah Al Ihsan Provinsi Jawa Barat,3204086,Sudah kerjasama BPJS,Bedah Onko,RS Umum Daerah Al Ihsan Provinsi Jawa Barat,Jawa Barat,Bandung,1
RS Umum Sentra Medika Cibinong,3201230,Sudah kerjasama BPJS,Bedah Onko,RS Umum Sentra Medika Cibinong,Jawa Barat,Bogor,1
RS Eka Hospital,3201258,Sudah kerjasama BPJS,Bedah Onko,RS Eka Hospital,Jawa Barat,Bogor,1
RS Umum Dadi Keluarga Ciamis,3207057,Sudah kerjasama BPJS,Bedah Onko,RS Umum Dadi Keluarga Ciamis,Jawa Barat,Ciamis,1
RS Umum Permata Cirebon,3209054,Sudah kerjasama BPJS,Bedah Onko,RS Umum Permata Cirebon,Jawa Barat,Cirebon,1
RS Umum Hermina Grand Wisata,3216318,Sudah kerjasama BPJS,Bedah Onko,RS Umum Hermina Grand Wisata,Jawa Barat,Bekasi,1
RS Eka Bekasi,3216450,Sudah kerjasama BPJS,Bedah Onko,RS Eka Bekasi,Jawa Barat,Bekasi,1
RS Umum Azra,3271072,Sudah kerjasama BPJS,Bedah Onko,RS Umum Azra,Jawa Barat,Kota Bogor,1
RS Umum Advent Bandung,3273085,Sudah kerjasama BPJS,Bedah Onko,RS Umum Advent Bandung,Jawa Barat,Kota Bandung,1
RS Umum Hermina Arcamanik,3273145,Sudah kerjasama BPJS,Bedah Onko,RS Umum Hermina Arcamanik,Jawa Barat,Kota Bandung,1
RS Umum Hermina Pasteur,3273539,Sudah kerjasama BPJS,Bedah Onko,RS Umum Hermina Pasteur ,Jawa Barat,Kota Bandung,1
RS Umum Santosa Hospital Bandung Kopo,3273542,Sudah kerjasama BPJS,Bedah Onko,RS Umum Santosa Hospital Bandung Kopo,Jawa Barat,Kota Bandung,1
RS Umum Putera Bahagia,3274064,Sudah kerjasama BPJS,Bedah Onko,RS Umum Putera Bahagia,Jawa Barat,Kota Cirebon,1
RS Umum Hermina Bekasi,3275115,Sudah kerjasama BPJS,Bedah Onko,RS Umum Hermina Bekasi,Jawa Barat,Kota Bekasi,1
RS PRIMAYA BEKASI BARAT,3275392,Sudah kerjasama BPJS,Bedah Onko,RS Primaya,Jawa Barat,Kota Bekasi,1
RS Umum Mitra Keluarga Bekasi Timur,3275046,Sudah kerjasama BPJS,Bedah Onko,RS Umum Mitra Keluarga Bekasi Timur,Jawa Barat,Kota Bekasi,1
RS Umum Hermina Depok,3201126,Sudah kerjasama BPJS,Bedah Onko,RS Umum Hermina Depok,Jawa Barat,Kota Depok,1
RS Umum Sentra Medika,3276017,Sudah kerjasama BPJS,Bedah Onko,RS Umum Sentra Medika,Jawa Barat,Kota Depok,1
RS Umum Kebonjati,3204041,Sudah kerjasama BPJS,Bedah Onko,RS Umum Kebonjati,Jawa Barat,Kota Bandung,1
RS Umum Santosa Hospital Bandung Central,3273486,Sudah kerjasama BPJS,Bedah Onko,RS Umum Santosa Hospital Bandung Central,Jawa Barat,Kota Bandung,1
RS Umum PMI Bogor,3271013,Sudah kerjasama BPJS,Bedah Onko,RS Umum PMI Bogor,Jawa Barat,Kota Bogor,1
RS Umum Mitra Plumbon,3209051,Sudah kerjasama BPJS,Bedah Onko,RS Umum Mitra Plumbon,Jawa Barat,Cirebon,1
RS Umum Jasa Kartini,3206070,Sudah kerjasama BPJS,Bedah Onko,RS Umum Jasa Kartini,Jawa Barat,Kota Tasikmalaya,1
RS Umum Tk. III Ciremai,3274020,Sudah kerjasama BPJS,Bedah Onko,RS Umum Tk. III Ciremai,Jawa Barat,Kota Cirebon,1
RS Umum Universitas Sebelas Maret,3311228,Sudah kerjasama BPJS,Bedah Onko,RS Umum Universitas Sebelas Maret,Jawa Tengah,Sukoharjo,1
RS Umum Nasional Diponegoro,3374367,Sudah kerjasama BPJS,Bedah Onko,RS Umum Nasional Diponegoro,Jawa Tengah,Kota Semarang,1
RS Umum Pusat Dr. Kariadi,3374010,Sudah kerjasama BPJS,Bedah Onko,RS Umum Pusat Dr. Kariadi,Jawa Tengah,Kota Semarang,1
RS Paru Dr. Ario Wirawan,3373042,Sudah kerjasama BPJS,Bedah Onko,RS Paru Dr. Ario Wirawan,Jawa Tengah,Kota Salatiga,1
RS Umum Pusat Dr. Soeradji Tirtonegoro,3310015,Sudah kerjasama BPJS,Bedah Onko,RS Umum Pusat Dr. Soeradji Tirtonegoro,Jawa Tengah,Klaten,1
RS Daerah KRMT Wongsonegoro,3374342,Sudah kerjasama BPJS,Bedah Onko,RS Daerah KRMT Wongsonegoro,Jawa Tengah,Kota Semarang,1
RS Umum Daerah Kraton Kab. Pekalongan,3326011,Sudah kerjasama BPJS,Bedah Onko,RS Umum Daerah Kraton Kab. Pekalongan,Jawa Tengah,Pekalongan,1
RS Umum Daerah Dr. M. Ashari Pemalang,3327010,Sudah kerjasama BPJS,Bedah Onko,RS Umum Daerah Dr. M. Ashari Pemalang,Jawa Tengah,Pemalang,1
RS Umum Daerah Cilacap,3301014,Sudah kerjasama BPJS,Bedah Onko,RS Umum Daerah Cilacap,Jawa Tengah,Cilacap,1
RS Umum Daerah dr. R. Goeteng Taroenadibrata,3303016,Sudah kerjasama BPJS,Bedah Onko,RS Umum Daerah dr. R. Goeteng Taroenadibrata,Jawa Tengah,Purbalingga,1
RS Umum Daerah Tidar,3371014,Sudah kerjasama BPJS,Bedah Onko,RS Umum Daerah Tidar,Jawa Tengah,Kota Magelang,1
RS Umum Daerah Djojonegoro Temanggung,3323013,Sudah kerjasama BPJS,Bedah Onko,RS Umum Daerah Djojonegoro Temanggung,Jawa Tengah,Temanggung,1
RS Umum Daerah Dr. Tjitrowardojo Purworejo,3306012,Sudah kerjasama BPJS,Bedah Onko,RS Umum Daerah Dr. Tjitrowardojo Purworejo,Jawa Tengah,Purworejo,1
RS Umum Daerah dr. Soehadi Prijonegoro,3314012,Sudah kerjasama BPJS,Bedah Onko,RS Umum Daerah dr. Soehadi Prijonegoro,Jawa Tengah,Sragen,1
RS Umum Daerah dr. Loekmono Hadi,3319010,Sudah kerjasama BPJS,Bedah Onko,RS Umum Daerah dr. Loekmono Hadi,Jawa Tengah,Kudus,1
RS Umum Daerah Dr. R.Soedjati Soemodiardjo,3315013,Sudah kerjasama BPJS,Bedah Onko,RS Umum Daerah Dr. R.Soedjati Soemodiardjo,Jawa Tengah,Grobogan,1
RS Umum Daerah RAA Soewondo,3318016,Sudah kerjasama BPJS,Bedah Onko,RS Umum Daerah RAA Soewondo,Jawa Tengah,Pati,1
RS Umum Daerah Tugurejo Semarang,3374134,Sudah kerjasama BPJS,Bedah Onko,RS Umum Daerah Tugurejo Semarang,Jawa Tengah,Kota Semarang,1
RS Umum Daerah Prof Dr. Margono Soekarjo,3302026,Sudah kerjasama BPJS,Bedah Onko,RS Umum Daerah Prof Dr. Margono Soekarjo,Jawa Tengah,Banyumas,1
RS Umum Daerah Dr. Moewardi Surakarta,3372015,Sudah kerjasama BPJS,Bedah Onko,RS Umum Daerah Dr. Moewardi Surakarta,Jawa Tengah,Kota Surakarta,1
RS Umum Wiradadi Husada,3302213,Sudah kerjasama BPJS,Bedah Onko,RS Umum Wiradadi Husada,Jawa Tengah,Banyumas,1
RS Umum Dr. Oen Solo Baru,3311224,Sudah kerjasama BPJS,Bedah Onko,RS Umum Dr. Oen Solo Baru,Jawa Tengah,Sukoharjo,1
RS Umum Indriati,3311229,Belum kerjasama BPJS,Bedah Onko,RS Umum Indriati,Jawa Tengah,Sukoharjo,0
RS Umum Islam Amal Sehat Sragen,3314056,Belum kerjasama BPJS,Bedah Onko,RS Umum Islam Amal Sehat Sragen,Jawa Tengah,Sragen,0
RS Umum Ken Saras,3322034,Belum kerjasama BPJS,Bedah Onko,RS Umum Ken Saras,Jawa Tengah,Semarang,0
RS Umum Islam Kustati,3372132,Belum kerjasama BPJS,Bedah Onko,RS Umum Islam Kustati,Jawa Tengah,Kota Surakarta,0
RS Umum Hermina Pandanaran,3374145,Belum kerjasama BPJS,Bedah Onko,RS Umum Hermina Pandanaran,Jawa Tengah,Kota Semarang,0
RS Umum Hermina Banyumanik Semarang,3374365,Belum kerjasama BPJS,Bedah Onko,RS Umum Hermina Banyumanik Semarang,Jawa Tengah,Kota Semarang,0
RS Khusus Bedah Columbia Asia Semarang,3374366,Belum kerjasama BPJS,Bedah Onko,RS Khusus Bedah Columbia Asia Semarang,Jawa Tengah,Kota Semarang,0
RS Umum Telogorejo Semarang,3374043,Belum kerjasama BPJS,Bedah Onko,RS Umum Telogorejo Semarang,Jawa Tengah,Kota Semarang,0
RS Umum St. Elisabeth Semarang,3374021,Belum kerjasama BPJS,Bedah Onko,RS Umum St. Elisabeth Semarang,Jawa Tengah,Kota Semarang,0
RS Umum Sultan Agung Semarang,3374076,Belum kerjasama BPJS,Bedah Onko,RS Umum Sultan Agung Semarang,Jawa Tengah,Kota Semarang,0
RS Umum Panti Wilasa Citarum,3374112,Belum kerjasama BPJS,Bedah Onko,RS Umum Panti Wilasa Citarum,Jawa Tengah,Kota Semarang,0
RS Umum Islam Harapan Anda,3376082,Belum kerjasama BPJS,Bedah Onko,RS Umum Islam Harapan Anda,Jawa Tengah,Kota Tegal,0
RS Umum PKU Muhamadiyah Gombong,3305066,Belum kerjasama BPJS,Bedah Onko,RS Umum PKU Muhamadiyah Gombong,Jawa Tengah,Kebumen,0
RS Umum Diponegoro Dua Satu Klaten,3310405,Belum kerjasama BPJS,Bedah Onko,RS Umum Diponegoro Dua Satu Klaten,Jawa Tengah,Klaten,0
RS Umum Dr. Oen,3372026,Belum kerjasama BPJS,Bedah Onko,RS Umum Dr. Oen,Jawa Tengah,Kota Surakarta,0
RS Umum Kasih Ibu,3372165,Belum kerjasama BPJS,Bedah Onko,RS Umum Kasih Ibu,Jawa Tengah,Kota Surakarta,0
RS PKU Muhammadiyah Surakarta,3372096,Belum kerjasama BPJS,Bedah Onko,RS PKU Muhammadiyah Surakarta,Jawa Tengah,Kota Surakarta,0
RS Umum Mardi Rahayu,3319032,Belum kerjasama BPJS,Bedah Onko,RS Umum Mardi Rahayu,Jawa Tengah,Kudus,0
RS Umum Keluarga Sehat,3318108,Belum kerjasama BPJS,Bedah Onko,RS Umum Keluarga Sehat ,Jawa Tengah,Pati,0
RS Umum Tk. II Dr. Soedjono,3371025,Sudah kerjasama BPJS,Bedah Onko,RS Umum Tk. II Dr. Soedjono,Jawa Tengah,Kota Magelang,1
RS Universitas Brawijaya,3573262,Sudah kerjasama BPJS,Bedah Onko,RS Universitas Brawijaya,Jawa Timur,Kota Malang,1
RS Universitas Airlangga,3578777,Sudah kerjasama BPJS,Bedah Onko,RS Universitas Airlangga ,Jawa Timur,Kota Surabaya,1
RS Umum Daerah Bhakti Dharma Husada,3578213,Sudah kerjasama BPJS,Bedah Onko,RS Umum Daerah Bhakti Dharma Husada,Jawa Timur,Kota Surabaya,1
RS Umum Daerah dr. Mohamad Soewandhie,3578571,Sudah kerjasama BPJS,Bedah Onko,RS Umum Daerah dr. Mohamad Soewandhie,Jawa Timur,Kota Surabaya,1
RS Umum Daerah Ibnu Sina Kab. Gresik,3525010,Sudah kerjasama BPJS,Bedah Onko,RS Umum Daerah Ibnu Sina Kab. Gresik,Jawa Timur,Gresik,1
RS Umum Daerah Sidoarjo,3515015,Sudah kerjasama BPJS,Bedah Onko,RS Umum Daerah Sidoarjo,Jawa Timur,Sidoarjo,1
RS Umum Daerah Dr. Iskak Tulungagung,3504012,Sudah kerjasama BPJS,Bedah Onko,RS Umum Daerah Dr. Iskak Tulungagung,Jawa Timur,Tulungagung,1
RS Umum Daerah Nganjuk,3518011,Sudah kerjasama BPJS,Bedah Onko,RS Umum Daerah Nganjuk,Jawa Timur,Nganjuk,1
RSUD dr. Wahidin Sudiro Husodo Kota Mojokerto,3576014,Sudah kerjasama BPJS,Bedah Onko,RSUD dr. Wahidin Sudiro Husodo Kota Mojokerto,Jawa Timur,Kota Mojokerto,1
RS Umum Daerah Prof. Dr. Soekandar,3516020,Sudah kerjasama BPJS,Bedah Onko,RS Umum Daerah Prof. Dr. Soekandar,Jawa Timur,Mojokerto,1
RS Umum Daerah dr. Mohamad Saleh Kota Probolinggo,3574012,Sudah kerjasama BPJS,Bedah Onko,RS Umum Daerah dr. Mohamad Saleh Kota Probolinggo,Jawa Timur,Kota Probolinggo,1
RS Umum Daerah Dr. Soebandi,3509010,Sudah kerjasama BPJS,Bedah Onko,RS Umum Daerah Dr. Soebandi,Jawa Timur,Jember,1
RS Umum dr. H.Koesnadi Bondowoso,3511011,Sudah kerjasama BPJS,Bedah Onko,RS Umum dr. H.Koesnadi Bondowoso,Jawa Timur,Bondowoso,1
RS Umum Daerah Blambangan,3510010,Sudah kerjasama BPJS,Bedah Onko,RS Umum Daerah Blambangan,Jawa Timur,Banyuwangi,1
RS Umum Daerah dr. H. Moh. Anwar,3529014,Sudah kerjasama BPJS,Bedah Onko,RS Umum Daerah dr. H. Moh. Anwar ,Jawa Timur,Sumenep,1
RS Umum Daerah Dr. Soetomo,3578016,Sudah kerjasama BPJS,Bedah Onko,RS Umum Daerah Dr. Soetomo,Jawa Timur,Kota Surabaya,1
RS Umum Daerah Dr. Saiful Anwar,3573011,Sudah kerjasama BPJS,Bedah Onko,RS Umum Daerah Dr. Saiful Anwar,Jawa Timur,Kota Malang,1
RS Bhayangkara Bondowoso,3511012,Sudah kerjasama BPJS,Bedah Onko,RS Bhayangkara Bondowoso ,Jawa Timur,Bondowoso,1
RS Umum Bhayangkara Kediri,3571031,Sudah kerjasama BPJS,Bedah Onko,RS Umum Bhayangkara Kediri,Jawa Timur,Kota Kediri,1
RS Islam Siti Hajar Sidoarjo,3515106,Sudah kerjasama BPJS,Bedah Onko,RS Islam Siti Hajar Sidoarjo,Jawa Timur,Sidoarjo,1
RS Umum Mitra Keluarga Waru,3515122,Sudah kerjasama BPJS,Bedah Onko,RS Umum Mitra Keluarga Waru,Jawa Timur,Sidoarjo,1
RS Semen Gresik,3525021,Sudah kerjasama BPJS,Bedah Onko,RS Semen Gresik,Jawa Timur,Gresik,1
RS Umum Lavalette Malang,3573066,Sudah kerjasama BPJS,Bedah Onko,RS Umum Lavalette Malang,Jawa Timur,Kota Malang,1
RS Umum Hermina Tangkubanprahu,3573246,Sudah kerjasama BPJS,Bedah Onko,RS Umum Hermina Tangkubanprahu,Jawa Timur,Kota Malang,1
RS Umum Persada Hospital,3573257,Sudah kerjasama BPJS,Bedah Onko,RS Umum Persada Hospital,Jawa Timur,Kota Malang,1
RS Umum Panti Waluya Sawahan Malang,3573055,Sudah kerjasama BPJS,Bedah Onko,RS Umum Panti Waluya Sawahan Malang,Jawa Timur,Kota Malang,1
RS Gatoel,3576036,Sudah kerjasama BPJS,Bedah Onko,RS Gatoel,Jawa Timur,Kota Mojokerto,1
RS Umum Royal Surabaya,3578781,Sudah kerjasama BPJS,Bedah Onko,RS Umum Royal Surabaya ,Jawa Timur,Kota Surabaya,1
RS Umum Siloam Hospitals Surabaya,3578443,Sudah kerjasama BPJS,Bedah Onko,RS Umum Siloam Hospitals Surabaya,Jawa Timur,Kota Surabaya,1
RS Husada Utama Surabaya,3578560,Sudah kerjasama BPJS,Bedah Onko,RS Husada Utama Surabaya,Jawa Timur,Kota Surabaya,1
RS Mitra Keluarga Kenjeran,3578785,Sudah kerjasama BPJS,Bedah Onko,RS Mitra Keluarga Kenjeran,Jawa Timur,Kota Surabaya,1
RS Ubaya,3578810,Sudah kerjasama BPJS,Bedah Onko,RS Ubaya,Jawa Timur,Kota Surabaya,1
RS Umum Islam Surabaya Jemursari,3578224,Sudah kerjasama BPJS,Bedah Onko,RS Umum Islam Surabaya Jemursari ,Jawa Timur,Kota Surabaya,1
RS Primasatya Husada Citra (PHC) Surabaya,3578086,Sudah kerjasama BPJS,Bedah Onko,RS Primasatya Husada Citra (PHC) Surabaya,Jawa Timur,Kota Surabaya,1
RS Petrokimia Gresik,3525076,Sudah kerjasama BPJS,Bedah Onko,RS Petrokimia Gresik,Jawa Timur,Gresik,1
RS Umum Siti Khodijah Muhammadiyah Cabang Sepanjan,3515026,Sudah kerjasama BPJS,Bedah Onko,RS Umum Siti Khodijah Muhammadiyah Cabang Sepanjan,Jawa Timur,Sidoarjo,1
RS Umum Panti Nirmala,3573044,Sudah kerjasama BPJS,Bedah Onko,RS Umum Panti Nirmala,Jawa Timur,Kota Malang,1
RS Tk. II Dr. Soepraoen,3573022,Sudah kerjasama BPJS,Bedah Onko,RS Tk. II Dr. Soepraoen,Jawa Timur,Kota Malang,1
RS Tk. III Baladhika Husada Jember,3509032,Sudah kerjasama BPJS,Bedah Onko,RS Tk. III Baladhika Husada Jember,Jawa Timur,Jember,1
RSPAL dr. Ramelan,3578020,Sudah kerjasama BPJS,Bedah Onko,RSPAL dr. Ramelan,Jawa Timur,Kota Surabaya,1
RS Umum Daerah Sultan Syarif Mohammad Alkadrie,6171138,Sudah kerjasama BPJS,Bedah Onko,RS Umum Daerah Sultan Syarif  Mohammad Alkadrie,Kalimantan Barat,Kota Pontianak,1
RS Umum Daerah Dr. Rubini Mempawah,6104014,Sudah kerjasama BPJS,Bedah Onko,RS Umum Daerah Dr. Rubini Mempawah,Kalimantan Barat,Mempawah,1
RS Umum Daerah Ade Muhammad Djoen Sintang,6107010,Sudah kerjasama BPJS,Bedah Onko,RS Umum Daerah Ade Muhammad Djoen Sintang ,Kalimantan Barat,Sintang,1
RS Umum Daerah Dr. Soedarso Pontianak,6171011,Sudah kerjasama BPJS,Bedah Onko,RS Umum Daerah Dr. Soedarso Pontianak,Kalimantan Barat,Kota Pontianak,1
RS Umum Daerah Pangeran Jaya Sumitra,6302014,Sudah kerjasama BPJS,Bedah Onko,RS Umum Daerah Pangeran Jaya Sumitra,Kalimantan Selatan,Kota baru,1
RS Umum Daerah Brigjed H. Hasan Basry Kandangan,6306011,Sudah kerjasama BPJS,Bedah Onko,RS Umum Daerah Brigjed H. Hasan Basry Kandangan,Kalimantan Selatan,Hulu Sungai Selatan,1
RS Umum Daerah Ulin Banjarmasin,6371013,Sudah kerjasama BPJS,Bedah Onko,RS Umum Daerah Ulin Banjarmasin,Kalimantan Selatan,Kota Banjarmasin,1
RS Khusus Bedah Banjarmasin Siaga,6371130,Sudah kerjasama BPJS,Bedah Onko,RS Khusus Bedah Banjarmasin Siaga,Kalimantan Selatan,Kota Banjarmasin,1
RS Umum Sari Mulia,6371094,Sudah kerjasama BPJS,Bedah Onko,RS Umum Sari Mulia,Kalimantan Selatan,Kota Banjarmasin,1
RS Umum Daerah Dr Murjani Sampit,6202013,Sudah kerjasama BPJS,Bedah Onko,RS Umum Daerah Dr Murjani Sampit,Kalimantan Tengah,Kotawaringin Timur,1
RS Umum Daerah Dr. Doris Sylvanus Palangka Raya,6271012,Sudah kerjasama BPJS,Bedah Onko,RS Umum Daerah Dr. Doris Sylvanus Palangka Raya,Kalimantan Tengah,Kota Palangka Raya,1
RS Siloam Palangka Raya,6271030,Sudah kerjasama BPJS,Bedah Onko,RS Siloam Palangka Raya,Kalimantan Tengah,Kota Palangka Raya,1
RS Pertamina Balikpapan,6471025,Sudah kerjasama BPJS,Bedah Onko,RS Pertamina Balikpapan,Kalimantan Timur,Kota Balikpapan,1
RS Umum Daerah Aji Muhammad Parikesit,6403015,Sudah kerjasama BPJS,Bedah Onko,RS Umum Daerah Aji Muhammad Parikesit,Kalimantan Timur,Kutai Kartanegara,1
RS Umum Daerah Taman Husada Bontang,6474032,Sudah kerjasama BPJS,Bedah Onko,RS Umum Daerah Taman Husada Bontang,Kalimantan Timur,Kota Bontang,1
RS Umum Daerah Abdul Wahab Sjahranie,6472015,Sudah kerjasama BPJS,Bedah Onko,RS Umum Daerah Abdul Wahab Sjahranie,Kalimantan Timur,Kota Samarinda,1
RS Umum Daerah Dr. Kanujoso Djatiwibowo,6471014,Sudah kerjasama BPJS,Bedah Onko,RS Umum Daerah Dr. Kanujoso Djatiwibowo,Kalimantan Timur,Kota Balikpapan,1
RS Restu Ibu,6471051,Sudah kerjasama BPJS,Bedah Onko,RS Restu Ibu,Kalimantan Timur,Kota Balikpapan,1
RS Siloam Hospitals Balikpapan,6471075,Sudah kerjasama BPJS,Bedah Onko,RS Siloam Hospitals Balikpapan,Kalimantan Timur,Kota Balikpapan,1
RS Samarinda Medika Citra,6472123,Sudah kerjasama BPJS,Bedah Onko,RS Samarinda Medika Citra,Kalimantan Timur,Kota Samarinda,1
RS Umum Dirgahayu,6472030,Sudah kerjasama BPJS,Bedah Onko,RS Umum Dirgahayu,Kalimantan Timur,Kota Samarinda,1
RS Siaga Al-Munawwarah Samarinda,6472124,Sudah kerjasama BPJS,Bedah Onko,RS Siaga Al-Munawwarah Samarinda,Kalimantan Timur,Kota Samarinda,1
RS Hermina Samarinda,6472130,Sudah kerjasama BPJS,Bedah Onko,RS Hermina Samarinda,Kalimantan Timur,Kota Samarinda,1
RS Ibu dan Anak Jimmy Medika Borneo,6472143,Sudah kerjasama BPJS,Bedah Onko,RS Ibu dan Anak Jimmy Medika Borneo,Kalimantan Timur,Kota Samarinda,1
RS Umum Daerah dr.H. Jusuf SK,6473016,Sudah kerjasama BPJS,Bedah Onko,RS Umum Daerah dr.H. Jusuf SK,Kalimantan Utara,Kota Tarakan,1
RS Umum Daerah Dr. (HC) Ir. Soekarno,1901043,Sudah kerjasama BPJS,Bedah Onko,RS Umum Daerah Dr. (HC) Ir. Soekarno,Kepulauan Bangka Belitung,Bangka,1
RS Kalbu Intan Medika,1971004,Sudah kerjasama BPJS,Bedah Onko,RS Kalbu Intan Medika,Kepulauan Bangka Belitung,Kota Pangkal Pinang,1
RS Badan Pengusahaan Batam,2071034,Sudah kerjasama BPJS,Bedah Onko,RS Badan Pengusahaan Batam,Kepulauan Riau,Kota Batam,1
RS Umum Daerah Embung Fatimah Kota Batam,2071114,Sudah kerjasama BPJS,Bedah Onko,RS Umum Daerah Embung Fatimah Kota Batam,Kepulauan Riau,Kota Batam,1
RS Umum Daerah Raja Ahmad Tabib,2072002,Sudah kerjasama BPJS,Bedah Onko,RS Umum Daerah Raja Ahmad Tabib,Kepulauan Riau,Kota Tanjung Pinang,1
RS Umum Awal Bros Batam,2071103,Sudah kerjasama BPJS,Bedah Onko,RS Umum Awal Bros Batam,Kepulauan Riau,Kota Batam,1
Rumkital dr. Midiyato Suratani,2072023,Sudah kerjasama BPJS,Bedah Onko,Rumkital dr. Midiyato Suratani,Kepulauan Riau,Kota Tanjung Pinang,1
RS Umum Daerah Dr. A. Dadi Tjokrodipo,1871048,Sudah kerjasama BPJS,Bedah Onko,RS Umum Daerah Dr. A. Dadi Tjokrodipo,Lampung,Kota Bandar Lampung,1
RS Umum Daerah Ahmad Yani Metro,1872016,Sudah kerjasama BPJS,Bedah Onko,RS Umum Daerah Ahmad Yani Metro,Lampung,Kota Metro,1
RS Umum Daerah Dr H Abdul Moeloek,1801017,Sudah kerjasama BPJS,Bedah Onko,RS Umum Daerah Dr H Abdul Moeloek,Lampung,Kota Bandar Lampung,1
RS Umum Pertamina-Bintang Amin Lampung,1871427,Sudah kerjasama BPJS,Bedah Onko,RS Umum Pertamina-Bintang Amin Lampung,Lampung,Kota Bandar Lampung,1
RS Umum Imanuel Way Halim,1871180,Sudah kerjasama BPJS,Bedah Onko,RS Umum Imanuel Way Halim,Lampung,Kota Bandar Lampung,1
RS Budi Medika,1871450,Sudah kerjasama BPJS,Bedah Onko,RS Budi Medika,Lampung,Kota Bandar Lampung,1
RS Umum Urip Sumoharjo,1871405,Sudah kerjasama BPJS,Bedah Onko,RS Umum Urip Sumoharjo,Lampung,Kota Bandar Lampung,1
RS Umum Pusat Dr. Johannes Leimena Ambon,8171123,Sudah kerjasama BPJS,Bedah Onko,RS Umum Pusat Dr. Johannes Leimena Ambon,Maluku,Kota Ambon,1
RS Umum Dr. M. Haulussy Ambon,8171015,Sudah kerjasama BPJS,Bedah Onko,RS Umum Dr. M. Haulussy Ambon,Maluku,Kota Ambon,1
RS Siloam Ambon,8171124,Sudah kerjasama BPJS,Bedah Onko,RS Siloam Ambon,Maluku,Kota Ambon,1
RS Umum Daerah Jailolo,8201021,Sudah kerjasama BPJS,Bedah Onko,RS Umum Daerah Jailolo,Maluku Utara,Halmahera Barat,1
RS Umum Daerah Dr. H. Chasan Boesoirie Ternate,8271016,Sudah kerjasama BPJS,Bedah Onko,RS Umum Daerah Dr. H. Chasan Boesoirie Ternate,Maluku Utara,Kota Ternate,1
RS Islam PKU Muhammadiyah Maluku Utara,8271042,Sudah kerjasama BPJS,Bedah Onko,RS Islam PKU Muhammadiyah Maluku Utara,Maluku Utara,Kota Ternate,1
RS Umum Daerah Provinsi NTB,5271010,Sudah kerjasama BPJS,Bedah Onko,RS Umum Daerah Provinsi NTB,Nusa Tenggara Barat,Kota Mataram,1
RS Islam Siti Hajar,5271032,Sudah kerjasama BPJS,Bedah Onko,RS Islam Siti Hajar,Nusa Tenggara Barat,Kota Mataram,1
RS Harapan Keluarga,5272003,Sudah kerjasama BPJS,Bedah Onko,RS Harapan Keluarga,Nusa Tenggara Barat,Kota Mataram,1
RS Umum Prof. Dr. WZ Johanes,5371011,Sudah kerjasama BPJS,Bedah Onko,RS Umum Prof. Dr. WZ Johanes,Nusa Tenggara Timur,Kota Kupang,1
RS Umum Jayapura,9271012,Sudah kerjasama BPJS,Bedah Onko,RS Umum Jayapura,Papua,Kota Jayapura,1
RS Umum Daerah Kec.Mandau,1408032,Sudah kerjasama BPJS,Bedah Onko,RS Umum Daerah  Kec.Mandau,Riau,Bengkalis,1
RS Umum Daerah Bengkalis,1408011,Sudah kerjasama BPJS,Bedah Onko,RS Umum Daerah  Bengkalis,Riau,Bengkalis,1
RS Umum Daerah Arifin Achmad,1471011,Sudah kerjasama BPJS,Bedah Onko,RS Umum Daerah  Arifin Achmad,Riau,Kota Pekanbaru,1
RS Umum Awal Bros Pekanbaru,1471226,Sudah kerjasama BPJS,Bedah Onko,RS Umum  Awal Bros Pekanbaru,Riau,Kota Pekanbaru,1
RS Umum Syafira,1471079,Sudah kerjasama BPJS,Bedah Onko,RS Umum  Syafira,Riau,Kota Pekanbaru,1
RS Umum Awal Bros Panam,1471390,Sudah kerjasama BPJS,Bedah Onko,RS Umum  Awal Bros Panam,Riau,Kota Pekanbaru,1
RS Umum Eka Hospital Pekanbaru,1471067,Sudah kerjasama BPJS,Bedah Onko,RS Umum  Eka Hospital Pekanbaru,Riau,Kota Pekanbaru,1
Aulia Hospital,1471396,Sudah kerjasama BPJS,Bedah Onko,Aulia Hospital,Riau,Kota Pekanbaru,1
RS Awal Bros A. Yani,1471384,Sudah kerjasama BPJS,Bedah Onko,RS Awal Bros A. Yani,Riau,Kota Pekanbaru,1
RS Universitas Hasanuddin,7371408,Sudah kerjasama BPJS,Bedah Onko,RS Universitas Hasanuddin,Sulawesi Selatan,Kota Makassar,1
RSUP Dr. Wahidin Sudirohusodo,7371325,Sudah kerjasama BPJS,Bedah Onko,RSUP Dr. Wahidin Sudirohusodo,Sulawesi Selatan,Kota Makassar,1
RS Umum Pusat Dr. Tadjuddin Chalid Makassar,7371314,Sudah kerjasama BPJS,Bedah Onko,RS Umum Pusat Dr. Tadjuddin Chalid Makassar,Sulawesi Selatan,Kota Makassar,1
RS Umum Daerah H.A. Sulthan Daeng Radja,7302016,Sudah kerjasama BPJS,Bedah Onko,RS Umum Daerah H.A. Sulthan Daeng Radja,Sulawesi Selatan,Bulukumba,1
RS Umum Daerah Labuang Baji,7371026,Sudah kerjasama BPJS,Bedah Onko,RS Umum Daerah Labuang Baji,Sulawesi Selatan,Kota Makassar,1
RS Kepolisian Bhayangkara,7371041,Sudah kerjasama BPJS,Bedah Onko,RS Kepolisian Bhayangkara,Sulawesi Selatan,Kota Makassar,1
RS Umum St. Madyang,7373004,Sudah kerjasama BPJS,Bedah Onko,RS Umum St. Madyang,Sulawesi Selatan,Kota Palopo,1
RS Stella Maris,7371063,Sudah kerjasama BPJS,Bedah Onko,RS Stella Maris,Sulawesi Selatan,Kota Makassar,1
RS Primaya,7371399,Sudah kerjasama BPJS,Bedah Onko,RS Primaya,Sulawesi Selatan,Kota Makassar,1
RS Grestelina,7371373,Sudah kerjasama BPJS,Bedah Onko,RS Grestelina,Sulawesi Selatan,Kota Makassar,1
RS Siloam Makassar,7371402,Sudah kerjasama BPJS,Bedah Onko,RS Siloam Makassar,Sulawesi Selatan,Kota Makassar,1
RS Akademis Jaury,7371052,Sudah kerjasama BPJS,Bedah Onko,RS Akademis Jaury,Sulawesi Selatan,Kota Makassar,1
RS Hikmah,7371336,Sudah kerjasama BPJS,Bedah Onko,RS Hikmah,Sulawesi Selatan,Kota Makassar,1
RS Mitra Husada,7371403,Sudah kerjasama BPJS,Bedah Onko,RS Mitra Husada,Sulawesi Selatan,Kota Makassar,1
RS Hermina Makassar,7371426,Sudah kerjasama BPJS,Bedah Onko,RS Hermina Makassar,Sulawesi Selatan,Kota Makassar,1
RS Ibnu Sina YW-UMI Makassar,7371340,Sudah kerjasama BPJS,Bedah Onko,RS Ibnu Sina YW-UMI Makassar,Sulawesi Selatan,Kota Makassar,1
RS Tk. II Pelamonia,7371030,Sudah kerjasama BPJS,Bedah Onko,RS Tk. II Pelamonia,Sulawesi Selatan,Kota Makassar,1
RS Bahteramas Provinsi Sultra,7471011,Sudah kerjasama BPJS,Bedah Onko,RS Bahteramas Provinsi Sultra,Sulawesi Tenggara,Kota Kendari,1
RS Hati Mulia,7471002,Sudah kerjasama BPJS,Bedah Onko,RS Hati Mulia,Sulawesi Tenggara,Kota Kendari,1
RS Umum Aliyah II,7471007,Sudah kerjasama BPJS,Bedah Onko,RS Umum Aliyah II,Sulawesi Tenggara,Kota Kendari,1
RS Hermina Kendari,7471010,Sudah kerjasama BPJS,Bedah Onko,RS Hermina Kendari,Sulawesi Tenggara,Kota Kendari,1
RS Tk. IV Dr. R. Ismoyo Kendari,7403033,Sudah kerjasama BPJS,Bedah Onko,RS Tk. IV Dr. R. Ismoyo Kendari,Sulawesi Tenggara,Kota Kendari,1
RSUP Prof. Dr. R. D. Kandou,7171013,Sudah kerjasama BPJS,Bedah Onko,RSUP Prof. Dr. R. D. Kandou,Sulawesi Utara,Kota Manado,1
RS Umum Daerah Kota Manado,7171121,Sudah kerjasama BPJS,Bedah Onko,RS Umum Daerah Kota Manado,Sulawesi Utara,Kota Manado,1
RS Umum Daerah ODSK,7171103,Sudah kerjasama BPJS,Bedah Onko,RS Umum Daerah ODSK,Sulawesi Utara,Kota Manado,1
RS Dr. J. H. Awaloei,7102121,Sudah kerjasama BPJS,Bedah Onko,RS Dr. J. H. Awaloei,Sulawesi Utara,Minahasa,1
RS Umum Siloam Hospital Manado,7171099,Sudah kerjasama BPJS,Bedah Onko,RS Umum Siloam Hospital Manado,Sulawesi Utara,Kota Manado,1
Sentra Medika Hospital Minahasa Utara,7106020,Sudah kerjasama BPJS,Bedah Onko,Sentra Medika Hospital Minahasa Utara,Sulawesi Utara,Minahasa Utara,1
RS Umum Semen Padang Hospital,1371305,Sudah kerjasama BPJS,Bedah Onko,RS Umum Semen Padang Hospital,Sumatera Barat,Kota Padang,1
RS. Universitas Andalas,1371464,Sudah kerjasama BPJS,Bedah Onko,RS. Universitas Andalas,Sumatera Barat,Kota Padang,1
RSUP Dr. M. Djamil,1371010,Sudah kerjasama BPJS,Bedah Onko,RSUP Dr. M. Djamil,Sumatera Barat,Kota Padang,1
RS Umum Daerah Pariaman,1306015,Sudah kerjasama BPJS,Bedah Onko,RS Umum Daerah Pariaman,Sumatera Barat,Kota Pariaman,1
RS Umum Daerah Dr. Achmad Mochtar,1375014,Sudah kerjasama BPJS,Bedah Onko,RS Umum Daerah Dr. Achmad Mochtar,Sumatera Barat,Kota Bukittinggi,1
RS Islam Siti Rahmah,1371456,Sudah kerjasama BPJS,Bedah Onko,RS Islam Siti Rahmah,Sumatera Barat,Kota Padang,1
RS Umum Bunda Padang,1371446,Sudah kerjasama BPJS,Bedah Onko,RS Umum Bunda Padang,Sumatera Barat,Kota Padang,1
RS Umum Hermina Padang,1371466,Sudah kerjasama BPJS,Bedah Onko,RS Umum Hermina Padang,Sumatera Barat,Kota Padang,1
RS Umum Islam Ibnu Sina,1371091,Sudah kerjasama BPJS,Bedah Onko,RS Umum Islam Ibnu Sina,Sumatera Barat,Kota Padang,1
RS Umum Yos Sudarso,1371032,Sudah kerjasama BPJS,Bedah Onko,RS Umum Yos Sudarso,Sumatera Barat,Kota Padang,1
RS Khusus Bedah Ropanasuri,1371422,Sudah kerjasama BPJS,Bedah Onko,RS Khusus Bedah Ropanasuri,Sumatera Barat,Kota Padang,1
RS Umum Madina,1375051,Sudah kerjasama BPJS,Bedah Onko,RS Umum Madina,Sumatera Barat,Kota Bukittinggi,1
RS Islam Ibnu Sina Bukittinggi,1375040,Sudah kerjasama BPJS,Bedah Onko,RS Islam Ibnu Sina Bukittinggi,Sumatera Barat,Kota Bukittinggi,1
RS Umum Pusat Dr. Mohammad Hoesin Palembang,1671013,Sudah kerjasama BPJS,Bedah Onko,RS Umum Pusat Dr. Mohammad Hoesin Palembang,Sumatera Selatan,Kota Palembang,1
RS Umum Daerah Sungai Lilin,1606022,Sudah kerjasama BPJS,Bedah Onko,RS Umum Daerah Sungai Lilin,Sumatera Selatan,Musi Banyuasin,1
RS Umum Daerah Sekayu,1606011,Sudah kerjasama BPJS,Bedah Onko,RS Umum Daerah Sekayu,Sumatera Selatan,Musi Banyuasin,1
RS Bhayangkara M. Hasan Palembang,1671331,Sudah kerjasama BPJS,Bedah Onko,RS Bhayangkara M. Hasan Palembang,Sumatera Selatan,Kota Palembang,1
RS Hermina Palembang,1671325,Sudah kerjasama BPJS,Bedah Onko,RS Hermina Palembang,Sumatera Selatan,Kota Palembang,1
RS Umum Charitas Hospital Palembang,1671050,Sudah kerjasama BPJS,Bedah Onko,RS Umum Charitas Hospital Palembang,Sumatera Selatan,Kota Palembang,1
RS Siloam Sriwijaya Palembang,1671335,Sudah kerjasama BPJS,Bedah Onko,RS Siloam Sriwijaya Palembang,Sumatera Selatan,Kota Palembang,1
RS Umum Sriwijaya,1671094,Sudah kerjasama BPJS,Bedah Onko,RS Umum Sriwijaya,Sumatera Selatan,Kota Palembang,1
RS Hermina OPI Jakabaring,1607014,Sudah kerjasama BPJS,Bedah Onko,RS Hermina OPI Jakabaring,Sumatera Selatan,Banyuasin,1
RS Islam Siti Khadijah,1671083,Sudah kerjasama BPJS,Bedah Onko,RS Islam Siti Khadijah,Sumatera Selatan,Kota Palembang,1
RS Umum Pusri Palembang,1671046,Sudah kerjasama BPJS,Bedah Onko,RS Umum Pusri Palembang,Sumatera Selatan,Kota Palembang,1
RS Muhammadiyah Palembang,1671301,Sudah kerjasama BPJS,Bedah Onko,RS Muhammadiyah Palembang,Sumatera Selatan,Kota Palembang,1
RS Umum Universitas Sumatera Utara,1275913,Sudah kerjasama BPJS,Bedah Onko,RS Umum Universitas Sumatera Utara,Sumatera Utara,Kota Medan,1
RS Umum Pusat H. Adam Malik,1275655,Sudah kerjasama BPJS,Bedah Onko,RS Umum Pusat H. Adam Malik,Sumatera Utara,Kota Medan,1
RS Umum Daerah Dr. Pirngadi,1275013,Sudah kerjasama BPJS,Bedah Onko,RS Umum Daerah Dr. Pirngadi,Sumatera Utara,Kota Medan,1
RS Umum Haji Medan,1275794,Sudah kerjasama BPJS,Bedah Onko,RS Umum Haji Medan,Sumatera Utara,Deli Serdang,1
RS Umum Sembiring Deli Tua,1212045,Sudah kerjasama BPJS,Bedah Onko,RS Umum Sembiring Deli Tua,Sumatera Utara,Deli Serdang,1
RS Grandmed,1218158,Sudah kerjasama BPJS,Bedah Onko,RS Grandmed ,Sumatera Utara,Deli Serdang,1
RS Umum Putri Bidadari,1213059,Sudah kerjasama BPJS,Bedah Onko,RS Umum Putri Bidadari,Sumatera Utara,Langkat,1
RS Umum Murni Teguh Memorial Hospital,1275889,Sudah kerjasama BPJS,Bedah Onko,RS Umum Murni Teguh Memorial Hospital,Sumatera Utara,Kota Medan,1
RS Umum Royal Prima,1275907,Sudah kerjasama BPJS,Bedah Onko,RS Umum Royal Prima,Sumatera Utara,Kota Medan,1
RS Umum Santa Elisabeth Medan,1275072,Sudah kerjasama BPJS,Bedah Onko,RS Umum Santa Elisabeth Medan,Sumatera Utara,Kota Medan,1
RS Umum Hermina Medan,1275930,Sudah kerjasama BPJS,Bedah Onko,RS Umum Hermina Medan,Sumatera Utara,Kota Medan,1
RS Umum Islam Malahayati,1275163,Sudah kerjasama BPJS,Bedah Onko,RS Umum Islam Malahayati,Sumatera Utara,Kota Medan,1
RS Umum Daerah dr. Zubir Mahmud,1105056,Sudah kerjasama BPJS,Mammografi,RS Umum Daerah dr. Zubir Mahmud,Aceh,Aceh Timur,1
RS Umum Daerah Datu Beru Takengon,1106013,Sudah kerjasama BPJS,Mammografi,RS Umum Daerah Datu Beru Takengon,Aceh,Aceh Tengah,1
RS Ibu dan Anak Pemerintah Aceh,1171121,Sudah kerjasama BPJS,Mammografi,RS Ibu dan Anak Pemerintah Aceh,Aceh,Kota Banda Aceh,1
RS Umum Daerah Cut Nyak Dhien,1107014,Sudah kerjasama BPJS,Mammografi,RS Umum Daerah Cut Nyak Dhien,Aceh,Aceh Barat,1
RS Umum Daerah Kab. Buleleng,5108016,Sudah kerjasama BPJS,Mammografi,RS Umum Daerah Kab. Buleleng,Bali,Buleleng,1
RS Umum Prima Medika,5171192,Sudah kerjasama BPJS,Mammografi,RS Umum Prima Medika,Bali,Kota Denpasar,1
RS Umum Bangli Medika Canti,5106026,Sudah kerjasama BPJS,Mammografi,RS Umum Bangli Medika Canti,Bali,Bangli,1
RS Umum Daerah Sanjiwani Gianyar,5104012,Sudah kerjasama BPJS,Mammografi,RS Umum Daerah Sanjiwani Gianyar,Bali,Gianyar,1
RS Umum Daerah Bali Mandara Provinsi Bali,5171220,Sudah kerjasama BPJS,Mammografi,RS Umum Daerah Bali Mandara Provinsi Bali,Bali,Kota Denpasar,1
RS Umum Siloam Bali,5103035,Sudah kerjasama BPJS,Mammografi,RS Umum Siloam Bali,Bali,Badung,1
RS Umum Daerah Kabupaten Tangerang,3603010,Sudah kerjasama BPJS,Mammografi,RS Umum Daerah Kabupaten Tangerang,Banten,Tangerang,1
RS Umum Daerah Malingping,3602045,Sudah kerjasama BPJS,Mammografi,RS Umum Daerah Malingping,Banten,Lebak,1
RS Umum Daerah dr. Drajat Prawiranegara,3604013,Sudah kerjasama BPJS,Mammografi,RS Umum Daerah dr. Drajat Prawiranegara ,Banten,Serang,1
RS Ciputra,3603180,Sudah kerjasama BPJS,Mammografi,RS Ciputra ,Banten,Tangerang,1
RS Primaya,3671203,Sudah kerjasama BPJS,Mammografi,RS Primaya,Banten,Kota Tangerang,1
RS Columbia Asia BSD,3674157,Sudah kerjasama BPJS,Mammografi,RS Columbia Asia BSD,Banten,Kota Tangerang Selatan,1
RS Siloam Hospitals Lippo Village,3671054,Sudah kerjasama BPJS,Mammografi,RS Siloam Hospitals Lippo Village,Banten,Tangerang,1
RS Premier Bintaro,3674102,Sudah kerjasama BPJS,Mammografi,RS Premier Bintaro,Banten,Kota Tangerang Selatan,1
RS EMC Alam Sutera,3603115,Sudah kerjasama BPJS,Mammografi,RS EMC Alam Sutera,Banten,Kota Tangerang Selatan,1
RS Umum Daerah Dr. M. Yunus Bengkulu,1771014,Sudah kerjasama BPJS,Mammografi,RS Umum Daerah Dr. M. Yunus Bengkulu,Bengkulu,Kota Bengkulu,1
RS Umum Daerah Wates,3401015,Sudah kerjasama BPJS,Mammografi,RS Umum Daerah Wates,DI Yogyakarta,Kulon Progo,1
RS Umum Daerah Sleman,3404011,Sudah kerjasama BPJS,Mammografi,RS Umum Daerah Sleman,DI Yogyakarta,Sleman,1
RSPAU Dr. Suhardi Harjolukito,3471074,Sudah kerjasama BPJS,Mammografi,RSPAU Dr.  Suhardi Harjolukito,DI Yogyakarta,Bantul,1
RS Umum Daerah Panembahan Senopati,3402016,Sudah kerjasama BPJS,Mammografi,RS Umum Daerah Panembahan Senopati,DI Yogyakarta,Bantul,1
RSUP Dr. Sardjito,3404015,Sudah kerjasama BPJS,Mammografi,RSUP Dr. Sardjito,DI Yogyakarta,Sleman,1
RS Umum Daerah Kota Yogyakarta,3471234,Sudah kerjasama BPJS,Mammografi,RS Umum Daerah Kota Yogyakarta,DI Yogyakarta,Kota Yogyakarta,1
RS Bethesda Yogyakarta,3471063,Sudah kerjasama BPJS,Mammografi,RS Bethesda Yogyakarta,DI Yogyakarta,Kota Yogyakarta,1
RS Umum Pusat Pertamina,3171023,Sudah kerjasama BPJS,Mammografi,RS Umum Pusat Pertamina,DKI Jakarta,Kota Jakarta Selatan,1
RS Umum Daerah Pasar Minggu,3171795,Sudah kerjasama BPJS,Mammografi,RS Umum Daerah Pasar Minggu,DKI Jakarta,Kota Jakarta Selatan,1
RS Umum Tebet,3171461,Sudah kerjasama BPJS,Mammografi,RS Umum Tebet,DKI Jakarta,Kota Jakarta Selatan,1
RS Umum Mayapada,3171786,Sudah kerjasama BPJS,Mammografi,RS Umum Mayapada,DKI Jakarta,Kota Jakarta Selatan,1
RS Umum Hermina Jatinegara,3172243,Sudah kerjasama BPJS,Mammografi,RS Umum Hermina Jatinegara,DKI Jakarta,Kota Jakarta Timur,1
RS Umum Murni Teguh Sudirman Jakarta,3171768,Sudah kerjasama BPJS,Mammografi,RS Umum Murni Teguh Sudirman Jakarta,DKI Jakarta,Kota Jakarta Pusat,1
RS Umum Yarsi,3173712,Sudah kerjasama BPJS,Mammografi,RS Umum Yarsi,DKI Jakarta,Kota Jakarta Pusat,1
RS Umum Mitra Keluarga Kalideres,3174519,Sudah kerjasama BPJS,Mammografi,RS Umum Mitra Keluarga Kalideres,DKI Jakarta,Kota Jakarta Barat,1
RS Umum Royal Progress,3175330,Sudah kerjasama BPJS,Mammografi,RS Umum Royal Progress,DKI Jakarta,Kota Jakarta Utara,1
RS Umum Mulyasari,3175075,Sudah kerjasama BPJS,Mammografi,RS Umum Mulyasari,DKI Jakarta,Kota Jakarta Utara,1
RS Umum Pekerja,3175410,Sudah kerjasama BPJS,Mammografi,RS Umum Pekerja,DKI Jakarta,Kota Jakarta Utara,1
RS Umum Tzu Chi Hospital,3175418,Sudah kerjasama BPJS,Mammografi,RS Umum Tzu Chi Hospital,DKI Jakarta,Kota Jakarta Utara,1
RS Umum Budi Kemuliaan,3173105,Sudah kerjasama BPJS,Mammografi,RS Umum Budi Kemuliaan,DKI Jakarta,Kota Jakarta Pusat,1
RS Umum Daerah Cengkareng,3174074,Sudah kerjasama BPJS,Mammografi,RS Umum Daerah Cengkareng,DKI Jakarta,Kota Jakarta Barat,1
RS Umum Daerah Koja,3175016,Sudah kerjasama BPJS,Mammografi,RS Umum Daerah Koja,DKI Jakarta,Kota Jakarta Utara,1
RS Angkatan Udara dr. Esnawan Antariksa,3172061,Sudah kerjasama BPJS,Mammografi,RS Angkatan Udara dr. Esnawan Antariksa,DKI Jakarta,Kota Jakarta Timur,1
RS Umum Daerah Pasar Rebo,3172126,Sudah kerjasama BPJS,Mammografi,RS Umum Daerah Pasar Rebo,DKI Jakarta,Kota Jakarta Timur,1
RS Umum Sint Carolus,3173051,Sudah kerjasama BPJS,Mammografi,RS Umum Sint Carolus,DKI Jakarta,Kota Jakarta Pusat,1
RS Primaya PGI Cikini,3173062,Sudah kerjasama BPJS,Mammografi,RS Primaya PGI Cikini,DKI Jakarta,Kota Jakarta Pusat,1
RS EMC Pulomas,3172495,Sudah kerjasama BPJS,Mammografi,RS EMC Pulomas,DKI Jakarta,Kota Jakarta Timur,1
RS Umum Husada,3173040,Sudah kerjasama BPJS,Mammografi,RS Umum Husada,DKI Jakarta,Kota Jakarta Pusat,1
RS Anak dan Bunda Harapan Kita,3174260,Sudah kerjasama BPJS,Mammografi,RS Anak dan Bunda Harapan Kita,DKI Jakarta,Kota Jakarta Barat,1
RS Umum AL Dr. Mintoharjo,3173036,Sudah kerjasama BPJS,Mammografi,RS Umum AL Dr. Mintoharjo,DKI Jakarta,Kota Jakarta Pusat,1
RS Umum Daerah Tarakan,3173521,Sudah kerjasama BPJS,Mammografi,RS Umum Daerah Tarakan,DKI Jakarta,Kota Jakarta Pusat,1
RS Islam Jakarta Cempaka Putih,3173073,Sudah kerjasama BPJS,Mammografi,RS Islam Jakarta Cempaka Putih,DKI Jakarta,Kota Jakarta Pusat,1
RS Kanker Dharmais,3174063,Sudah kerjasama BPJS,Mammografi,RS Kanker Dharmais,DKI Jakarta,Kota Jakarta Barat,1
RS Umum PAD Gatot Soebroto,3173025,Sudah kerjasama BPJS,Mammografi,RS Umum PAD Gatot Soebroto,DKI Jakarta,Kota Jakarta Pusat,1
RSUPN Dr. Cipto Mangunkusumo,3173014,Sudah kerjasama BPJS,Mammografi,RSUPN Dr. Cipto Mangunkusumo,DKI Jakarta,Kota Jakarta Pusat,1
RS Umum Daerah Tani dan Nelayan,7501043,Sudah kerjasama BPJS,Mammografi,RS Umum Daerah Tani dan Nelayan,Gorontalo,Boalemo,1
RS Umum Daerah H. Abdul Manap,1571158,Sudah kerjasama BPJS,Mammografi,RS Umum Daerah H. Abdul Manap,Jambi,Kota Jambi,1
RS Siloam Jambi,1571147,Sudah kerjasama BPJS,Mammografi,RS Siloam Jambi,Jambi,Kota Jambi,1
RS Umum Daerah KH. Daud Arif,1507010,Sudah kerjasama BPJS,Mammografi,RS Umum Daerah KH. Daud Arif,Jambi,Tanjung Jabung Barat,1
RS Tk. III 02.06.01 dr. Bratanata,1571023,Sudah kerjasama BPJS,Mammografi,RS Tk. III 02.06.01  dr. Bratanata,Jambi,Kota Jambi,1
RS Umum Daerah Cileungsi,3201232,Sudah kerjasama BPJS,Mammografi,RS Umum Daerah Cileungsi,Jawa Barat,Bogor,1
RS Umum Sentra Medika Cibinong,3201230,Sudah kerjasama BPJS,Mammografi,RS Umum Sentra Medika Cibinong,Jawa Barat,Bogor,1
RS Primaya Sukabumi,3202088,Sudah kerjasama BPJS,Mammografi,RS Primaya Sukabumi,Jawa Barat,Sukabumi,1
RS EMC Cibitung,3216443,Sudah kerjasama BPJS,Mammografi,RS EMC Cibitung,Jawa Barat,Bekasi,1
RS Umum Medika Dramaga,3201236,Sudah kerjasama BPJS,Mammografi,RS Umum Medika Dramaga,Jawa Barat,Kota Bogor,1
RS Umum Daerah Kota Bogor,3271104,Sudah kerjasama BPJS,Mammografi,RS Umum Daerah Kota Bogor,Jawa Barat,Kota Bogor,1
RS Umum Santo Borromeus,3273074,Sudah kerjasama BPJS,Mammografi,RS Umum Santo Borromeus,Jawa Barat,Kota Bandung,1
RS Umum Sumber Kasih,3274090,Sudah kerjasama BPJS,Mammografi,RS Umum Sumber Kasih,Jawa Barat,Kota Cirebon,1
RS Umum Hermina Bekasi,3275115,Sudah kerjasama BPJS,Mammografi,RS Umum Hermina Bekasi,Jawa Barat,Kota Bekasi,1
RS PRIMAYA BEKASI BARAT,3275392,Sudah kerjasama BPJS,Mammografi,RS Primaya,Jawa Barat,Kota Bekasi,1
RS Umum Hermina Depok,3201126,Sudah kerjasama BPJS,Mammografi,RS Umum Hermina Depok,Jawa Barat,Kota Depok,1
RS Umum Sentra Medika,3276017,Sudah kerjasama BPJS,Mammografi,RS Umum Sentra Medika,Jawa Barat,Kota Depok,1
RS Universitas Indonesia,3201256,Sudah kerjasama BPJS,Mammografi,RS Universitas Indonesia,Jawa Barat,Kota Depok,1
RS Primaya Depok,3276167,Sudah kerjasama BPJS,Mammografi,RS Primaya Depok,Jawa Barat,Kota Depok,1
RS Umum Daerah Majalaya,3204016,Sudah kerjasama BPJS,Mammografi,RS Umum Daerah Majalaya,Jawa Barat,Bandung,1
RS Umum Tk. II Dustira,3277031,Sudah kerjasama BPJS,Mammografi,RS Umum Tk. II Dustira,Jawa Barat,Kota Cimahi,1
RS Umum Daerah dr. Slamet Garut,3205010,Sudah kerjasama BPJS,Mammografi,RS Umum Daerah dr. Slamet Garut,Jawa Barat,Garut,1
RS Umum Al-Islam Bandung,3273420,Sudah kerjasama BPJS,Mammografi,RS Umum Al-Islam Bandung,Jawa Barat,Kota Bandung,1
RS Umum Daerah Khidmat Sehat Afiat Kota Depok,3276124,Belum kerjasama BPJS,Mammografi,RS Umum Daerah Khidmat Sehat Afiat Kota Depok,Jawa Barat,Kota Depok,0
RS Umum Daerah Bandung Kiwari,3273260,Belum kerjasama BPJS,Mammografi,RS Umum Daerah Bandung Kiwari,Jawa Barat,Kota Bandung,0
"RS Umum Daerah R. Syamsudin, SH",3272014,Belum kerjasama BPJS,Mammografi,"RS Umum Daerah R. Syamsudin, SH",Jawa Barat,Kota Sukabumi,0
RS Umum Daerah Bayu Asih,3214011,Belum kerjasama BPJS,Mammografi,RS Umum Daerah Bayu Asih,Jawa Barat,Purwakarta,0
RSAU dr. M. Salamun,3273030,Belum kerjasama BPJS,Mammografi,RSAU dr. M. Salamun,Jawa Barat,Kota Bandung,0
RS Umum Daerah Cibinong,3201046,Belum kerjasama BPJS,Mammografi,RS Umum Daerah Cibinong,Jawa Barat,Bogor,0
RS Umum Daerah Ciawi,3201050,Belum kerjasama BPJS,Mammografi,RS Umum Daerah Ciawi,Jawa Barat,Bogor,0
RS Umum Daerah Al Ihsan Provinsi Jawa Barat,3204086,Belum kerjasama BPJS,Mammografi,RS Umum Daerah Al Ihsan Provinsi Jawa Barat,Jawa Barat,Bandung,0
RS Umum Pusat Dr. Hasan Sadikin,3273015,Belum kerjasama BPJS,Mammografi,RS Umum Pusat Dr. Hasan Sadikin,Jawa Barat,Kota Bandung,0
RS Umum Harapan Keluarga,3211027,Belum kerjasama BPJS,Mammografi,RS Umum Harapan Keluarga,Jawa Barat,Sumedang,0
RS Umum Santosa Hospital Bandung Central,3273486,Belum kerjasama BPJS,Mammografi,RS Umum Santosa Hospital Bandung Central,Jawa Barat,Kota Bandung,0
RS Umum Daerah Karawang,3215012,Belum kerjasama BPJS,Mammografi,RS Umum Daerah Karawang,Jawa Barat,Karawang,0
RS Umum Daerah dr. Soekardjo,3206011,Belum kerjasama BPJS,Mammografi,RS Umum Daerah dr. Soekardjo,Jawa Barat,Kota Tasikmalaya,0
RS Umum Mitra Plumbon,3209051,Belum kerjasama BPJS,Mammografi,RS Umum Mitra Plumbon,Jawa Barat,Cirebon,0
RS Umum Daerah 45 Kuningan,3208013,Sudah kerjasama BPJS,Mammografi,RS Umum Daerah 45 Kuningan,Jawa Barat,Kuningan,1
RS Umum Daerah Kab. Indramayu,3212016,Sudah kerjasama BPJS,Mammografi,RS Umum Daerah Kab. Indramayu,Jawa Barat,Indramayu,1
RS Umum Aghisna Medika Kroya,3301108,Sudah kerjasama BPJS,Mammografi,RS Umum Aghisna Medika Kroya,Jawa Tengah,Cilacap,1
RS Umum Pusat Surakarta,3372201,Sudah kerjasama BPJS,Mammografi,RS Umum Pusat Surakarta,Jawa Tengah,Kota Surakarta,1
RS Umum Daerah dr. Soehadi Prijonegoro,3314012,Sudah kerjasama BPJS,Mammografi,RS Umum Daerah dr. Soehadi Prijonegoro,Jawa Tengah,Sragen,1
RS Umum Daerah R. A. Kartini,3320010,Sudah kerjasama BPJS,Mammografi,RS Umum Daerah R. A. Kartini,Jawa Tengah,Jepara,1
RS Umum Islam Harapan Anda,3376082,Sudah kerjasama BPJS,Mammografi,RS Umum Islam Harapan Anda,Jawa Tengah,Kota Tegal,1
RS Umum Daerah Prembun,3305120,Sudah kerjasama BPJS,Mammografi,RS Umum Daerah Prembun,Jawa Tengah,Kebumen,1
RS Umum Islam Klaten,3310384,Sudah kerjasama BPJS,Mammografi,RS Umum Islam Klaten,Jawa Tengah,Klaten,1
RS Umum Daerah Hj. Anna Lasmanah Banjarnegara,3304010,Sudah kerjasama BPJS,Mammografi,RS Umum Daerah Hj. Anna Lasmanah Banjarnegara,Jawa Tengah,Banjarnegara,1
RS Paru Dr. Ario Wirawan,3373042,Sudah kerjasama BPJS,Mammografi,RS Paru Dr. Ario Wirawan,Jawa Tengah,Kota Salatiga,1
RS Umum Daerah Kraton Kab. Pekalongan,3326011,Sudah kerjasama BPJS,Mammografi,RS Umum Daerah Kraton Kab. Pekalongan,Jawa Tengah,Pekalongan,1
RS Umum Daerah Kardinah,3376012,Sudah kerjasama BPJS,Mammografi,RS Umum Daerah Kardinah ,Jawa Tengah,Kota Tegal,1
RS Umum Dadi Keluarga,3302229,Sudah kerjasama BPJS,Mammografi,RS Umum Dadi Keluarga,Jawa Tengah,Banyumas,1
RS Umum Universitas Sebelas Maret,3311228,Sudah kerjasama BPJS,Mammografi,RS Umum Universitas Sebelas Maret,Jawa Tengah,Sukoharjo,1
RS Umum Daerah Brebes,3329012,Sudah kerjasama BPJS,Mammografi,RS Umum Daerah Brebes,Jawa Tengah,Brebes,1
RS Umum Anugerah Pekalongan,3375072,Sudah kerjasama BPJS,Mammografi,RS Umum Anugerah Pekalongan,Jawa Tengah,Kota Pekalongan,1
RS Umum St. Elisabeth Semarang,3374021,Sudah kerjasama BPJS,Mammografi,RS Umum St. Elisabeth Semarang,Jawa Tengah,Kota Semarang,1
RS Umum Daerah Tidar,3371014,Sudah kerjasama BPJS,Mammografi,RS Umum Daerah Tidar,Jawa Tengah,Kota Magelang,1
RS Umum Daerah Djojonegoro Temanggung,3323013,Sudah kerjasama BPJS,Mammografi,RS Umum Daerah Djojonegoro Temanggung,Jawa Tengah,Temanggung,1
RS Umum Kasih Ibu,3372165,Sudah kerjasama BPJS,Mammografi,RS Umum Kasih Ibu,Jawa Tengah,Kota Surakarta,1
RS umum Daerah Banyumas,3302015,Sudah kerjasama BPJS,Mammografi,RS umum Daerah Banyumas,Jawa Tengah,Banyumas,1
RS Daerah KRMT Wongsonegoro,3374342,Sudah kerjasama BPJS,Mammografi,RS Daerah KRMT Wongsonegoro,Jawa Tengah,Kota Semarang,1
RS Umum Dr. Oen,3372026,Sudah kerjasama BPJS,Mammografi,RS Umum Dr. Oen,Jawa Tengah,Kota Surakarta,1
RS Umum Ken Saras,3322034,Sudah kerjasama BPJS,Mammografi,RS Umum Ken Saras,Jawa Tengah,Semarang,1
RS PKU Muhammadiyah Surakarta,3372096,Sudah kerjasama BPJS,Mammografi,RS PKU Muhammadiyah Surakarta,Jawa Tengah,Kota Surakarta,1
RS Umum Indriati,3311229,Sudah kerjasama BPJS,Mammografi,RS Umum Indriati,Jawa Tengah,Sukoharjo,1
RS Umum Daerah Prof Dr. Margono Soekarjo,3302026,Sudah kerjasama BPJS,Mammografi,RS Umum Daerah Prof Dr. Margono Soekarjo,Jawa Tengah,Banyumas,1
RS Umum Daerah Dr. Moewardi Surakarta,3372015,Sudah kerjasama BPJS,Mammografi,RS Umum Daerah Dr. Moewardi Surakarta,Jawa Tengah,Kota Surakarta,1
RS Umum Islam Purwokerto,3302132,Sudah kerjasama BPJS,Mammografi,RS Umum Islam Purwokerto,Jawa Tengah,Banyumas,1
RS Umum Daerah Kota Salatiga,3373016,Sudah kerjasama BPJS,Mammografi,RS Umum Daerah Kota Salatiga,Jawa Tengah,Kota Salatiga,1
RS Umum Daerah Sunan Kalijaga,3321011,Sudah kerjasama BPJS,Mammografi,RS Umum Daerah Sunan Kalijaga,Jawa Tengah,Demak,1
RS Umum Pusat Dr. Kariadi,3374010,Sudah kerjasama BPJS,Mammografi,RS Umum Pusat Dr. Kariadi,Jawa Tengah,Kota Semarang,1
RS Umum Telogorejo Semarang,3374043,Sudah kerjasama BPJS,Mammografi,RS Umum Telogorejo Semarang,Jawa Tengah,Kota Semarang,1
RS Umum Daerah Pandan Arang Boyolali,3309015,Sudah kerjasama BPJS,Mammografi,RS Umum Daerah Pandan Arang Boyolali,Jawa Tengah,Boyolali,1
RS Umum Daerah Dr. Soediran Mangun Sumarso Wonogi,3312010,Sudah kerjasama BPJS,Mammografi,RS Umum Daerah Dr. Soediran Mangun Sumarso Wonogi,Jawa Tengah,Wonogiri,1
RS Umum Daerah Nganjuk,3518011,Sudah kerjasama BPJS,Mammografi,RS Umum Daerah Nganjuk,Jawa Timur,Nganjuk,1
RS Umum Daerah Mardi Waluyo,3572010,Sudah kerjasama BPJS,Mammografi,RS Umum Daerah Mardi Waluyo,Jawa Timur,Kota Blitar,1
RS Umum Daerah Dr. R. Soedarsono Kota Pasuruan,3575013,Sudah kerjasama BPJS,Mammografi,RS Umum Daerah Dr. R. Soedarsono Kota Pasuruan,Jawa Timur,Kota Pasuruan,1
RS Umum Daerah Ngudi Waluyo Wlingi,3505013,Sudah kerjasama BPJS,Mammografi,RS Umum Daerah Ngudi Waluyo Wlingi,Jawa Timur,Blitar,1
RS Umum Daerah Ibnu Sina Kab. Gresik,3525010,Sudah kerjasama BPJS,Mammografi,RS Umum Daerah Ibnu Sina Kab. Gresik,Jawa Timur,Gresik,1
RS Siloam Jember,3509140,Sudah kerjasama BPJS,Mammografi,RS Siloam Jember,Jawa Timur,Jember,1
RS Umum Daerah Dr. Soedono Madiun,3577015,Sudah kerjasama BPJS,Mammografi,RS Umum Daerah Dr. Soedono Madiun,Jawa Timur,Kota Madiun,1
RS Semen Gresik,3525021,Sudah kerjasama BPJS,Mammografi,RS Semen Gresik,Jawa Timur,Gresik,1
RS Umum Anwar Medika,3515121,Sudah kerjasama BPJS,Mammografi,RS Umum Anwar Medika ,Jawa Timur,Sidoarjo,1
RS Umum Tk. III Brawijaya,3578122,Sudah kerjasama BPJS,Mammografi,RS Umum Tk. III Brawijaya,Jawa Timur,Kota Surabaya,1
RS Umum Daerah Kabupaten Kediri,3506014,Sudah kerjasama BPJS,Mammografi,RS Umum Daerah Kabupaten Kediri,Jawa Timur,Kediri,1
RS Umum Islam Surabaya Jemursari,3578224,Sudah kerjasama BPJS,Mammografi,RS Umum Islam Surabaya Jemursari ,Jawa Timur,Kota Surabaya,1
RS Bhayangkara TK II HS. Samsoeri Mertojoso,3578764,Sudah kerjasama BPJS,Mammografi,RS Bhayangkara TK II HS. Samsoeri Mertojoso,Jawa Timur,Kota Surabaya,1
RS Umum Daerah Bhakti Dharma Husada,3578213,Sudah kerjasama BPJS,Mammografi,RS Umum Daerah Bhakti Dharma Husada,Jawa Timur,Kota Surabaya,1
RS Umum Bhayangkara Kediri,3571031,Sudah kerjasama BPJS,Mammografi,RS Umum Bhayangkara Kediri,Jawa Timur,Kota Kediri,1
RS Umum dr. H.Koesnadi Bondowoso,3511011,Sudah kerjasama BPJS,Mammografi,RS Umum dr. H.Koesnadi Bondowoso,Jawa Timur,Bondowoso,1
RS Tk. II Dr. Soepraoen,3573022,Sudah kerjasama BPJS,Mammografi,RS Tk. II Dr. Soepraoen,Jawa Timur,Kota Malang,1
RS Umum Daerah Syarifah Ambami Rato Ebu,3526011,Sudah kerjasama BPJS,Mammografi,RS Umum Daerah Syarifah Ambami Rato Ebu,Jawa Timur,Bangkalan,1
RS Umum Daerah Dr. R. Koesma Tuban,3523015,Sudah kerjasama BPJS,Mammografi,RS Umum Daerah Dr. R. Koesma Tuban,Jawa Timur,Tuban,1
RS Umum Daerah dr. H. Moh. Anwar,3529014,Sudah kerjasama BPJS,Mammografi,RS Umum Daerah dr. H. Moh. Anwar ,Jawa Timur,Sumenep,1
RS Umum Daerah Kab. Jombang,3517010,Sudah kerjasama BPJS,Mammografi,RS Umum Daerah Kab. Jombang,Jawa Timur,Jombang,1
RS Umum Daerah dr. Mohamad Soewandhie,3578571,Sudah kerjasama BPJS,Mammografi,RS Umum Daerah dr. Mohamad Soewandhie,Jawa Timur,Kota Surabaya,1
RS Husada Utama Surabaya,3578560,Sudah kerjasama BPJS,Mammografi,RS Husada Utama Surabaya,Jawa Timur,Kota Surabaya,1
RS Umum Daerah Haji Provinsi Jawa Timur,3578523,Sudah kerjasama BPJS,Mammografi,RS Umum Daerah Haji Provinsi Jawa Timur,Jawa Timur,Kota Surabaya,1
RS Umum Daerah Dr. Soebandi,3509010,Sudah kerjasama BPJS,Mammografi,RS Umum Daerah Dr. Soebandi,Jawa Timur,Jember,1
RS Umum Siloam Hospitals Surabaya,3578443,Sudah kerjasama BPJS,Mammografi,RS Umum Siloam Hospitals Surabaya,Jawa Timur,Kota Surabaya,1
RS Umum Daerah Gambiran,3571016,Sudah kerjasama BPJS,Mammografi,RS Umum Daerah Gambiran,Jawa Timur,Kota Kediri,1
RS Daerah Dr. Haryoto Kabupaten Lumajang,3508016,Sudah kerjasama BPJS,Mammografi,RS Daerah Dr. Haryoto Kabupaten Lumajang,Jawa Timur,Lumajang,1
RS Umum Daerah Dr. Saiful Anwar,3573011,Sudah kerjasama BPJS,Mammografi,RS Umum Daerah Dr. Saiful Anwar,Jawa Timur,Kota Malang,1
RS Islam Lumajang,3508056,Sudah kerjasama BPJS,Mammografi,RS Islam Lumajang,Jawa Timur,Lumajang,1
RS Umum Daerah Kota Madiun,3577085,Sudah kerjasama BPJS,Mammografi,RS Umum Daerah Kota Madiun,Jawa Timur,Kota Madiun,1
RSUD dr. Wahidin Sudiro Husodo Kota Mojokerto,3576014,Sudah kerjasama BPJS,Mammografi,RSUD dr. Wahidin Sudiro Husodo Kota Mojokerto,Jawa Timur,Kota Mojokerto,1
RS Umum Daerah Blambangan,3510010,Sudah kerjasama BPJS,Mammografi,RS Umum Daerah Blambangan,Jawa Timur,Banyuwangi,1
RSPAL dr. Ramelan,3578020,Sudah kerjasama BPJS,Mammografi,RSPAL dr. Ramelan,Jawa Timur,Kota Surabaya,1
RS Umum Daerah Dr. Soetomo,3578016,Sudah kerjasama BPJS,Mammografi,RS Umum Daerah Dr. Soetomo,Jawa Timur,Kota Surabaya,1
RS Umum Daerah Kanjuruhan Kepanjen Kab. Malang,3507052,Sudah kerjasama BPJS,Mammografi,RS Umum Daerah Kanjuruhan Kepanjen Kab. Malang,Jawa Timur,Malang,1
RS Islam Darus Syifa,3578742,Sudah kerjasama BPJS,Mammografi,RS Islam Darus Syifa,Jawa Timur,Kota Surabaya,1
RS Umum Karsa Husada Kota Batu,3579030,Sudah kerjasama BPJS,Mammografi,RS Umum Karsa Husada Kota Batu ,Jawa Timur,Kota Batu,1
RS Universitas Tanjungpura,6171139,Sudah kerjasama BPJS,Mammografi,RS Universitas Tanjungpura,Kalimantan Barat,Kota Pontianak,1
RS Umum Daerah Dr. Soedarso Pontianak,6171011,Sudah kerjasama BPJS,Mammografi,RS Umum Daerah Dr. Soedarso Pontianak,Kalimantan Barat,Kota Pontianak,1
RS Umum Daerah Pangeran Jaya Sumitra,6302014,Sudah kerjasama BPJS,Mammografi,RS Umum Daerah Pangeran Jaya Sumitra,Kalimantan Selatan,Kota baru,1
RS Umum Daerah Brigjed H. Hasan Basry Kandangan,6306011,Sudah kerjasama BPJS,Mammografi,RS Umum Daerah Brigjed H. Hasan Basry Kandangan,Kalimantan Selatan,Hulu Sungai Selatan,1
RS Umum Daerah Ratu Zalecha,6303015,Sudah kerjasama BPJS,Mammografi,RS Umum Daerah Ratu Zalecha,Kalimantan Selatan,Banjar,1
RS Umum Daerah Dr. H. Moch. Ansari Saleh,6371072,Sudah kerjasama BPJS,Mammografi,RS Umum Daerah Dr. H. Moch. Ansari Saleh,Kalimantan Selatan,Kota Banjarmasin,1
RS Umum Daerah Dr Murjani Sampit,6202013,Sudah kerjasama BPJS,Mammografi,RS Umum Daerah Dr Murjani Sampit,Kalimantan Tengah,Kotawaringin Timur,1
RS Umum Daerah Dr. Doris Sylvanus Palangka Raya,6271012,Sudah kerjasama BPJS,Mammografi,RS Umum Daerah Dr. Doris Sylvanus Palangka Raya,Kalimantan Tengah,Kota Palangka Raya,1
RS Umum Daerah Taman Husada Bontang,6474032,Sudah kerjasama BPJS,Mammografi,RS Umum Daerah Taman Husada Bontang,Kalimantan Timur,Kota Bontang,1
RS Umum Daerah Ratu Aji Putri Botung,6409036,Sudah kerjasama BPJS,Mammografi,RS Umum Daerah Ratu Aji Putri Botung,Kalimantan Timur,Penajam Paser Utara,1
RS Pupuk Kaltim,6474021,Sudah kerjasama BPJS,Mammografi,RS Pupuk Kaltim,Kalimantan Timur,Kota Bontang,1
RS Siloam Hospitals Balikpapan,6471075,Sudah kerjasama BPJS,Mammografi,RS Siloam Hospitals Balikpapan,Kalimantan Timur,Kota Balikpapan,1
RS Pertamina Balikpapan,6471025,Sudah kerjasama BPJS,Mammografi,RS Pertamina Balikpapan,Kalimantan Timur,Kota Balikpapan,1
RS Umum Daerah Dr. Kanujoso Djatiwibowo,6471014,Sudah kerjasama BPJS,Mammografi,RS Umum Daerah Dr. Kanujoso Djatiwibowo,Kalimantan Timur,Kota Balikpapan,1
RS Umum Daerah Kabupaten Malinau,6406012,Sudah kerjasama BPJS,Mammografi,RS Umum Daerah Kabupaten Malinau ,Kalimantan Utara,Malinau,1
RS Umum Daerah dr.H. Jusuf SK,6473016,Sudah kerjasama BPJS,Mammografi,RS Umum Daerah dr.H. Jusuf SK,Kalimantan Utara,Kota Tarakan,1
RS Umum Daerah Depati Hamzah,1971021,Sudah kerjasama BPJS,Mammografi,RS Umum Daerah Depati Hamzah,Kepulauan Bangka Belitung,Kota Pangkal Pinang,1
RS Umum Daerah Depati Bahrin,1901016,Sudah kerjasama BPJS,Mammografi,RS Umum Daerah Depati Bahrin,Kepulauan Bangka Belitung,Bangka,1
RS Umum Daerah dr. H. Marsidi Judono,1902010,Sudah kerjasama BPJS,Mammografi,RS Umum Daerah dr. H. Marsidi Judono,Kepulauan Bangka Belitung,Belitung,1
RS Umum Daerah Raja Ahmad Tabib,2072002,Sudah kerjasama BPJS,Mammografi,RS Umum Daerah Raja Ahmad Tabib,Kepulauan Riau,Kota Tanjung Pinang,1
RS Umum Awal Bros Batam,2071103,Sudah kerjasama BPJS,Mammografi,RS Umum Awal Bros Batam,Kepulauan Riau,Kota Batam,1
RS Badan Pengusahaan Batam,2071034,Sudah kerjasama BPJS,Mammografi,RS Badan Pengusahaan Batam,Kepulauan Riau,Kota Batam,1
RS Umum Daerah Muhammad Sani Kabupaten Karimun,2001013,Sudah kerjasama BPJS,Mammografi,RS Umum Daerah Muhammad Sani Kabupaten Karimun,Kepulauan Riau,Karimun,1
RS Umum Daerah Embung Fatimah Kota Batam,2071114,Sudah kerjasama BPJS,Mammografi,RS Umum Daerah Embung Fatimah Kota Batam,Kepulauan Riau,Kota Batam,1
RS Umum Daerah Dr H Abdul Moeloek,1801017,Sudah kerjasama BPJS,Mammografi,RS Umum Daerah Dr H Abdul Moeloek,Lampung,Kota Bandar Lampung,1
RS Umum Dr. M. Haulussy Ambon,8171015,Sudah kerjasama BPJS,Mammografi,RS Umum Dr. M. Haulussy Ambon,Maluku,Kota Ambon,1
RS Umum Pusat Dr. Johannes Leimena Ambon,8171123,Sudah kerjasama BPJS,Mammografi,RS Umum Pusat Dr. Johannes Leimena Ambon,Maluku,Kota Ambon,1
RS Umum Daerah Provinsi NTB,5271010,Sudah kerjasama BPJS,Mammografi,RS Umum Daerah Provinsi NTB,Nusa Tenggara Barat,Kota Mataram,1
RS Umum Daerah Patut Patuh Patju,5201010,Sudah kerjasama BPJS,Mammografi,RS Umum Daerah Patut Patuh Patju,Nusa Tenggara Barat,Lombok Barat,1
RS Umum Pusat dr. Ben Mboi,5303056,Sudah kerjasama BPJS,Mammografi,RS Umum Pusat dr. Ben Mboi,Nusa Tenggara Timur,Kota Kupang,1
RS Umum Prof. Dr. WZ Johanes,5371011,Sudah kerjasama BPJS,Mammografi,RS Umum Prof. Dr. WZ Johanes,Nusa Tenggara Timur,Kota Kupang,1
RS Siloam Kupang,5303028,Sudah kerjasama BPJS,Mammografi,RS Siloam Kupang,Nusa Tenggara Timur,Kota Kupang,1
RS Dian Harapan,9271056,Sudah kerjasama BPJS,Mammografi,RS Dian Harapan,Papua,Kota Jayapura,1
RS Umum Biak,9205015,Sudah kerjasama BPJS,Mammografi,RS Umum Biak,Papua,Biak Numfor,1
RS Umum Daerah Yowari Sentani,9271078,Sudah kerjasama BPJS,Mammografi,RS Umum Daerah Yowari Sentani,Papua,Jayapura,1
RS Umum Merauke,9201012,Sudah kerjasama BPJS,Mammografi,RS Umum Merauke,Papua Selatan,Merauke,1
RS Umum Awal Bros Pekanbaru,1471226,Sudah kerjasama BPJS,Mammografi,RS Umum  Awal Bros Pekanbaru,Riau,Kota Pekanbaru,1
RS Umum Awal Bros Panam,1471390,Sudah kerjasama BPJS,Mammografi,RS Umum  Awal Bros Panam,Riau,Kota Pekanbaru,1
RS Umum Eka Hospital Pekanbaru,1471067,Sudah kerjasama BPJS,Mammografi,RS Umum  Eka Hospital Pekanbaru,Riau,Kota Pekanbaru,1
RS Awal Bros A. Yani,1471384,Sudah kerjasama BPJS,Mammografi,RS Awal Bros A. Yani,Riau,Kota Pekanbaru,1
RS Hermina Pekanbaru,1471399,Sudah kerjasama BPJS,Mammografi,RS Hermina Pekanbaru,Riau,Kota Pekanbaru,1
RS Umum Daerah Bengkalis,1408011,Sudah kerjasama BPJS,Mammografi,RS Umum Daerah  Bengkalis,Riau,Bengkalis,1
RS Dr. Hasri Ainun Habibie Parepare,7372078,Sudah kerjasama BPJS,Mammografi,RS Dr. Hasri Ainun Habibie Parepare,Sulawesi Selatan,Kota Pare-pare,1
RS Umum Daerah Syehk Yusuf Gowa,7306046,Sudah kerjasama BPJS,Mammografi,RS Umum Daerah Syehk Yusuf Gowa,Sulawesi Selatan,Gowa,1
RS Umum Daerah La Mappapenning,7308071,Sudah kerjasama BPJS,Mammografi,RS Umum Daerah La Mappapenning,Sulawesi Selatan,Bone,1
RS Ibnu Sina YW-UMI Makassar,7371340,Sudah kerjasama BPJS,Mammografi,RS Ibnu Sina YW-UMI Makassar,Sulawesi Selatan,Kota Makassar,1
RS Umum Daerah Sawerigading,7373016,Sudah kerjasama BPJS,Mammografi,RS Umum Daerah Sawerigading,Sulawesi Selatan,Kota Palopo,1
RS Tk. II Pelamonia,7371030,Sudah kerjasama BPJS,Mammografi,RS Tk. II Pelamonia,Sulawesi Selatan,Kota Makassar,1
RS Siloam Makassar,7371402,Sudah kerjasama BPJS,Mammografi,RS Siloam Makassar,Sulawesi Selatan,Kota Makassar,1
RS Umum Pusat Dr. Tadjuddin Chalid Makassar,7371314,Sudah kerjasama BPJS,Mammografi,RS Umum Pusat Dr. Tadjuddin Chalid Makassar,Sulawesi Selatan,Kota Makassar,1
RS Umum Daerah Daya Kota Makassar,7371395,Sudah kerjasama BPJS,Mammografi,RS Umum Daerah Daya Kota Makassar,Sulawesi Selatan,Kota Makassar,1
RSUP Dr. Wahidin Sudirohusodo,7371325,Sudah kerjasama BPJS,Mammografi,RSUP Dr. Wahidin Sudirohusodo,Sulawesi Selatan,Kota Makassar,1
RS Umum Daerah Ampana,7209032,Sudah kerjasama BPJS,Mammografi,RS Umum Daerah Ampana,Sulawesi Tengah,Tojo Una-Una,1
RS Umum Daerah Undata Palu,7271014,Sudah kerjasama BPJS,Mammografi,RS Umum Daerah Undata Palu,Sulawesi Tengah,Kota Palu,1
RS Bahteramas Provinsi Sultra,7471011,Sudah kerjasama BPJS,Mammografi,RS Bahteramas Provinsi Sultra,Sulawesi Tenggara,Kota Kendari,1
RS Umum Daerah ODSK,7171103,Sudah kerjasama BPJS,Mammografi,RS Umum Daerah ODSK,Sulawesi Utara,Kota Manado,1
Sentra Medika Hospital Minahasa Utara,7106020,Sudah kerjasama BPJS,Mammografi,Sentra Medika Hospital Minahasa Utara,Sulawesi Utara,Minahasa Utara,1
RSUP Prof. Dr. R. D. Kandou,7171013,Sudah kerjasama BPJS,Mammografi,RSUP Prof. Dr. R. D. Kandou,Sulawesi Utara,Kota Manado,1
RS Umum Siloam Hospital Manado,7171099,Sudah kerjasama BPJS,Mammografi,RS Umum Siloam Hospital Manado,Sulawesi Utara,Kota Manado,1
RS Umum Semen Padang Hospital,1371305,Sudah kerjasama BPJS,Mammografi,RS Umum Semen Padang Hospital,Sumatera Barat,Kota Padang,1
RS Islam Siti Rahmah,1371456,Sudah kerjasama BPJS,Mammografi,RS Islam Siti Rahmah,Sumatera Barat,Kota Padang,1
RS. Universitas Andalas,1371464,Sudah kerjasama BPJS,Mammografi,RS. Universitas Andalas,Sumatera Barat,Kota Padang,1
RS Umum Daerah Lubuk Sikaping,1309011,Sudah kerjasama BPJS,Mammografi,RS Umum Daerah Lubuk Sikaping,Sumatera Barat,Pasaman,1
RS Umum Yos Sudarso,1371032,Sudah kerjasama BPJS,Mammografi,RS Umum Yos Sudarso,Sumatera Barat,Kota Padang,1
RS Siloam Sriwijaya Palembang,1671335,Sudah kerjasama BPJS,Mammografi,RS Siloam Sriwijaya Palembang,Sumatera Selatan,Kota Palembang,1
RS Umum Daerah Sekayu,1606011,Sudah kerjasama BPJS,Mammografi,RS Umum Daerah Sekayu,Sumatera Selatan,Musi Banyuasin,1
RS Umum Efarina Etaham,1211124,Sudah kerjasama BPJS,Mammografi,RS Umum Efarina Etaham,Sumatera Utara,Karo,1
RS Umum Imelda Pekerja Indonesia,1275622,Sudah kerjasama BPJS,Mammografi,RS Umum Imelda Pekerja Indonesia,Sumatera Utara,Kota Medan,1
RS Umum Murni Teguh Memorial Hospital,1275889,Sudah kerjasama BPJS,Mammografi,RS Umum Murni Teguh Memorial Hospital,Sumatera Utara,Kota Medan,1
RS Umum Bunda Thamrin,1275890,Sudah kerjasama BPJS,Mammografi,RS Umum Bunda Thamrin,Sumatera Utara,Kota Medan,1
RS Umum Royal Prima,1275907,Sudah kerjasama BPJS,Mammografi,RS Umum Royal Prima,Sumatera Utara,Kota Medan,1
RS Umum Martha Friska Multatuli,1275888,Sudah kerjasama BPJS,Mammografi,RS Umum Martha Friska Multatuli,Sumatera Utara,Kota Medan,1
RS Umum Universitas Sumatera Utara,1275913,Sudah kerjasama BPJS,Mammografi,RS Umum Universitas Sumatera Utara,Sumatera Utara,Kota Medan,1
RS Umum Daerah Dr. H. Kumpulan Pane,1274012,Sudah kerjasama BPJS,Mammografi,RS Umum Daerah Dr. H. Kumpulan Pane,Sumatera Utara,Kota Tebing Tinggi,1
RS Umum Daerah Rantau Prapat,1207015,Sudah kerjasama BPJS,Mammografi,RS Umum Daerah Rantau Prapat,Sumatera Utara,Labuhan Batu,1
RS Umum Haji Medan,1275794,Sudah kerjasama BPJS,Mammografi,RS Umum Haji Medan,Sumatera Utara,Deli Serdang,1
RS Umum Pusat H. Adam Malik,1275655,Sudah kerjasama BPJS,Mammografi,RS Umum Pusat H. Adam Malik,Sumatera Utara,Kota Medan,1
RS Bhayangkara Tingkat II,1275046,Sudah kerjasama BPJS,Mammografi,RS Bhayangkara Tingkat II,Sumatera Utara,Kota Medan,1
RS Umum Ibnu Sina,1108017,Sudah kerjasama BPJS,Patologi Anatomi,RS Umum Ibnu Sina,Aceh,Aceh Besar,1
RS Islam Ibnu Sina Sigli,1109031,Sudah kerjasama BPJS,Patologi Anatomi,RS Islam Ibnu Sina Sigli,Aceh,Pidie,1
RS Tk. II Iskandar Muda Banda Aceh,1171026,Sudah kerjasama BPJS,Patologi Anatomi,RS Tk. II Iskandar Muda Banda Aceh,Aceh,Kota Banda Aceh,1
RS Tk. IV Lhokseumawe Aceh Utara,1174100,Sudah kerjasama BPJS,Patologi Anatomi,RS Tk. IV Lhokseumawe Aceh Utara,Aceh,Kota Lhokseumawe,1
RS Umum Daerah Datu Beru Takengon,1106013,Sudah kerjasama BPJS,Patologi Anatomi,RS Umum Daerah Datu Beru Takengon,Aceh,Aceh Tengah,1
RS Umum Daerah Dr. Fauziah Bireun,1110075,Sudah kerjasama BPJS,Patologi Anatomi,RS Umum Daerah Dr. Fauziah Bireun,Aceh,Bireuen,1
RS Umum Cut Meutia Kab. Aceh Utara,1174016,Sudah kerjasama BPJS,Patologi Anatomi,RS Umum Cut Meutia Kab. Aceh Utara,Aceh,Aceh Utara,1
RS Umum Daerah Dr. Zainoel Abidin,1171015,Sudah kerjasama BPJS,Patologi Anatomi,RS Umum Daerah  Dr. Zainoel Abidin,Aceh,Kota Banda Aceh,1
RS Umum Daerah dr. Zubir Mahmud,1105056,Sudah kerjasama BPJS,Patologi Anatomi,RS Umum Daerah dr. Zubir Mahmud,Aceh,Aceh Timur,1
RS Umum Daerah H. Sahudin Kutacane,1104011,Sudah kerjasama BPJS,Patologi Anatomi,RS Umum Daerah H. Sahudin Kutacane,Aceh,Aceh Tenggara,1
RS Umum Daerah Tamiang,1114011,Sudah kerjasama BPJS,Patologi Anatomi,RS Umum Daerah Tamiang,Aceh,Aceh Tamiang,1
RS Umum Daerah Langsa,1173012,Sudah kerjasama BPJS,Patologi Anatomi,RS Umum Daerah Langsa,Aceh,Kota Langsa,1
RS Umum Daerah Meuraxa,1171110,Sudah kerjasama BPJS,Patologi Anatomi,RS Umum Daerah Meuraxa,Aceh,Kota Banda Aceh,1
RS Umum Daerah Muyang Kute Redelong Bener Meriah,1117025,Sudah kerjasama BPJS,Patologi Anatomi,RS Umum Daerah Muyang Kute Redelong Bener Meriah,Aceh,Bener Meriah,1
RS Umum Daerah Kota Subulussalam,1102027,Sudah kerjasama BPJS,Patologi Anatomi,RS Umum Daerah Kota Subulussalam,Aceh,Kota Subulussalam,1
RS Umum Daerah Sultan Abdul Aziz Syah Peureulak,1105067,Sudah kerjasama BPJS,Patologi Anatomi,RS Umum Daerah Sultan Abdul Aziz Syah Peureulak,Aceh,Aceh Timur,1
RS Umum Daerah TGK Chik Ditiro Sigli,1109016,Sudah kerjasama BPJS,Patologi Anatomi,RS Umum Daerah TGK Chik Ditiro Sigli,Aceh,Pidie,1
RSUP Prof. Dr. I.G.N.G. Ngoerah,5171016,Sudah kerjasama BPJS,Patologi Anatomi,RSUP Prof. Dr. I.G.N.G. Ngoerah,Bali,Kota Denpasar,1
RS Umum Balimed,5171203,Sudah kerjasama BPJS,Patologi Anatomi,RS Umum Balimed,Bali,Kota Denpasar,1
RS Universitas Udayana,5103040,Sudah kerjasama BPJS,Patologi Anatomi,RS Universitas Udayana,Bali,Badung,1
RS Windu Husada,5103053,Sudah kerjasama BPJS,Patologi Anatomi,RS Windu Husada,Bali,Badung,1
RS Daerah Mangusada,5103032,Sudah kerjasama BPJS,Patologi Anatomi,RS Daerah Mangusada,Bali,Badung,1
RS Umum Balimed Negara,5101055,Sudah kerjasama BPJS,Patologi Anatomi,RS Umum Balimed Negara,Bali,Jembrana,1
RS Umum Ganesha,5104034,Sudah kerjasama BPJS,Patologi Anatomi,RS Umum Ganesha,Bali,Gianyar,1
RS Umum Grha Bhakti Medika,5105017,Sudah kerjasama BPJS,Patologi Anatomi,RS Umum Grha Bhakti Medika,Bali,Klungkung,1
RS Umum Murni Teguh Tuban Bali,5103052,Sudah kerjasama BPJS,Patologi Anatomi,RS Umum Murni Teguh Tuban Bali,Bali,Badung,1
RS Umum Daerah Negara,5101016,Sudah kerjasama BPJS,Patologi Anatomi,RS Umum Daerah Negara,Bali,Jembrana,1
RS Umum Puri Raharja,5171133,Sudah kerjasama BPJS,Patologi Anatomi,RS Umum Puri Raharja,Bali,Kota Denpasar,1
RS Umum Daerah Bali Mandara Provinsi Bali,5171220,Sudah kerjasama BPJS,Patologi Anatomi,RS Umum Daerah Bali Mandara Provinsi Bali,Bali,Kota Denpasar,1
RS Umum Daerah Bangli,5106014,Sudah kerjasama BPJS,Patologi Anatomi,RS Umum Daerah Bangli,Bali,Bangli,1
RS Umum Daerah Kab. Buleleng,5108016,Sudah kerjasama BPJS,Patologi Anatomi,RS Umum Daerah Kab. Buleleng,Bali,Buleleng,1
RS Umum Daerah Karangasem,5107015,Sudah kerjasama BPJS,Patologi Anatomi,RS Umum Daerah Karangasem,Bali,Karangasem,1
RS Umum Daerah Klungkung,5105013,Sudah kerjasama BPJS,Patologi Anatomi,RS Umum Daerah Klungkung,Bali,Klungkung,1
RS Umum Daerah Sanjiwani Gianyar,5104012,Sudah kerjasama BPJS,Patologi Anatomi,RS Umum Daerah Sanjiwani Gianyar,Bali,Gianyar,1
RS Umum Daerah Wangaya,5171020,Sudah kerjasama BPJS,Patologi Anatomi,RS Umum Daerah Wangaya,Bali,Kota Denpasar,1
RS Ciputra,3603180,Belum kerjasama BPJS,Patologi Anatomi,RS Ciputra ,Banten,Tangerang,0
RS EMC Alam Sutera,3603115,Belum kerjasama BPJS,Patologi Anatomi,RS EMC Alam Sutera,Banten,Kota Tangerang Selatan,0
RS EMC Tangerang,3671065,Belum kerjasama BPJS,Patologi Anatomi,RS EMC Tangerang,Banten,Kota Tangerang,0
RS Hermina Ciputat,3674007,Belum kerjasama BPJS,Patologi Anatomi,RS Hermina Ciputat,Banten,Kota Tangerang Selatan,0
RS Umum Hermina Tangerang,3671136,Belum kerjasama BPJS,Patologi Anatomi,RS Umum Hermina Tangerang,Banten,Kota Tangerang,0
RS Mayapada,3671080,Belum kerjasama BPJS,Patologi Anatomi,RS Mayapada,Banten,Kota Tangerang,0
RS Mitra Keluarga Gading Serpong,3603192,Belum kerjasama BPJS,Patologi Anatomi,RS Mitra Keluarga Gading Serpong,Banten,Tangerang,0
RS Murni Teguh Ciledug,3671126,Belum kerjasama BPJS,Patologi Anatomi,RS Murni Teguh Ciledug,Banten,Kota Tangerang,0
RS Premier Bintaro,3674102,Belum kerjasama BPJS,Patologi Anatomi,RS Premier Bintaro,Banten,Kota Tangerang Selatan,0
RS Sari Asih Ciledug,3671205,Belum kerjasama BPJS,Patologi Anatomi,RS Sari Asih Ciledug,Banten,Kota Tangerang,0
RS Sari Asih Cipondoh,3671224,Belum kerjasama BPJS,Patologi Anatomi,RS Sari Asih Cipondoh,Banten,Kota Tangerang,0
RS Sari Asih Karawaci,3671043,Belum kerjasama BPJS,Patologi Anatomi,RS Sari Asih Karawaci,Banten,Kota Tangerang,0
RS Sari Asih Serang,3673036,Belum kerjasama BPJS,Patologi Anatomi,RS Sari Asih Serang,Banten,Kota Serang,0
RS Sari Asih Ciputat,3674005,Belum kerjasama BPJS,Patologi Anatomi,RS Sari Asih Ciputat,Banten,Kota Tangerang Selatan,0
RS An-Nisa,3671076,Belum kerjasama BPJS,Patologi Anatomi,RS An-Nisa ,Banten,Kota Tangerang,0
RS Umum Daerah Dr. Adjidarmo,3602011,Belum kerjasama BPJS,Patologi Anatomi,RS Umum Daerah Dr. Adjidarmo,Banten,Lebak,0
RS Umum Daerah Berkah Pandeglang,3601010,Belum kerjasama BPJS,Patologi Anatomi,RS Umum Daerah Berkah Pandeglang,Banten,Pandeglang,0
RS Umum Daerah dr. Drajat Prawiranegara,3604013,Belum kerjasama BPJS,Patologi Anatomi,RS Umum Daerah dr. Drajat Prawiranegara ,Banten,Serang,0
RS Umum Daerah Kabupaten Tangerang,3603010,Belum kerjasama BPJS,Patologi Anatomi,RS Umum Daerah Kabupaten Tangerang,Banten,Tangerang,0
RS Umum Daerah Kota Tangerang,3671208,Belum kerjasama BPJS,Patologi Anatomi,RS Umum Daerah Kota Tangerang,Banten,Kota Tangerang,0
RS Umum Daerah Pakuhaji,3603191,Belum kerjasama BPJS,Patologi Anatomi,RS Umum Daerah Pakuhaji,Banten,Tangerang,0
RSUP Dr. Sitanala Tangerang,3671032,Belum kerjasama BPJS,Patologi Anatomi,RSUP Dr. Sitanala Tangerang,Banten,Kota Tangerang,0
RS Primaya,3671203,Belum kerjasama BPJS,Patologi Anatomi,RS Primaya,Banten,Kota Tangerang,0
RS Umum Daerah Banten,3673004,Belum kerjasama BPJS,Patologi Anatomi,RS Umum Daerah Banten,Banten,Kota Serang,0
RS Umum Daerah Kota Cilegon,3672022,Belum kerjasama BPJS,Patologi Anatomi,RS Umum Daerah Kota Cilegon,Banten,Kota Cilegon,0
RS Siloam Hospitals Lippo Village,3671054,Belum kerjasama BPJS,Patologi Anatomi,RS Siloam Hospitals Lippo Village,Banten,Tangerang,0
RS Ibu dan Anak AL-Barra,1706020,Belum kerjasama BPJS,Patologi Anatomi,RS Ibu dan Anak AL-Barra,Bengkulu,Muko Muko,0
RS Tiara Sella,1771062,Belum kerjasama BPJS,Patologi Anatomi,RS Tiara Sella,Bengkulu,Kota Bengkulu,0
RS Umum Ummi Bengkulu,1771007,Belum kerjasama BPJS,Patologi Anatomi,RS Umum Ummi Bengkulu,Bengkulu,Kota Bengkulu,0
RS Umum Daerah Dr. M. Yunus Bengkulu,1771014,Belum kerjasama BPJS,Patologi Anatomi,RS Umum Daerah Dr. M. Yunus Bengkulu,Bengkulu,Kota Bengkulu,0
RS Umum Daerah Hasanuddin Damrah Manna,1701014,Belum kerjasama BPJS,Patologi Anatomi,RS Umum Daerah Hasanuddin Damrah Manna,Bengkulu,Bengkulu Selatan,0
RS Akademik Universitas Gadjah Mada,3404189,Belum kerjasama BPJS,Patologi Anatomi,RS Akademik Universitas Gadjah Mada,DI Yogyakarta,Sleman,0
RS Bethesda Yogyakarta,3471063,Belum kerjasama BPJS,Patologi Anatomi,RS Bethesda Yogyakarta,DI Yogyakarta,Kota Yogyakarta,0
RS Siloam Yogyakarta,3471380,Belum kerjasama BPJS,Patologi Anatomi,RS Siloam Yogyakarta,DI Yogyakarta,Kota Yogyakarta,0
RSPAU Dr. Suhardi Harjolukito,3471074,Belum kerjasama BPJS,Patologi Anatomi,RSPAU Dr.  Suhardi Harjolukito,DI Yogyakarta,Bantul,0
RS Umum Daerah Kota Yogyakarta,3471234,Belum kerjasama BPJS,Patologi Anatomi,RS Umum Daerah Kota Yogyakarta,DI Yogyakarta,Kota Yogyakarta,0
RS Umum Daerah Panembahan Senopati,3402016,Belum kerjasama BPJS,Patologi Anatomi,RS Umum Daerah Panembahan Senopati,DI Yogyakarta,Bantul,0
RSUP Dr. Sardjito,3404015,Belum kerjasama BPJS,Patologi Anatomi,RSUP Dr. Sardjito,DI Yogyakarta,Sleman,0
RS Umum Panti Rapih,3471052,Belum kerjasama BPJS,Patologi Anatomi,RS Umum Panti Rapih,DI Yogyakarta,Kota Yogyakarta,0
RS Umum Medika Permata Hijau,3174420,Belum kerjasama BPJS,Patologi Anatomi,RS Umum Medika Permata Hijau,DKI Jakarta,Kota Jakarta Barat,0
RS EMC Pulomas,3172495,Belum kerjasama BPJS,Patologi Anatomi,RS EMC Pulomas,DKI Jakarta,Kota Jakarta Timur,0
RS Umum Haji Jakarta,3172724,Belum kerjasama BPJS,Patologi Anatomi,RS Umum Haji Jakarta,DKI Jakarta,Kota Jakarta Timur,0
RS Umum Hermina Daan Mogot,3174431,Belum kerjasama BPJS,Patologi Anatomi,RS Umum Hermina Daan Mogot,DKI Jakarta,Kota Jakarta Barat,0
RS Umum Hermina Kemayoran,3173706,Belum kerjasama BPJS,Patologi Anatomi,RS Umum Hermina Kemayoran,DKI Jakarta,Kota Jakarta Pusat,0
RS Umum Hermina Podomoro,3175304,Belum kerjasama BPJS,Patologi Anatomi,RS Umum Hermina Podomoro,DKI Jakarta,Kota Jakarta Utara,0
RS Umum Husada,3173040,Belum kerjasama BPJS,Patologi Anatomi,RS Umum Husada,DKI Jakarta,Kota Jakarta Pusat,0
RS Islam Jakarta Cempaka Putih,3173073,Belum kerjasama BPJS,Patologi Anatomi,RS Islam Jakarta Cempaka Putih,DKI Jakarta,Kota Jakarta Pusat,0
RS Kanker Dharmais,3174063,Belum kerjasama BPJS,Patologi Anatomi,RS Kanker Dharmais,DKI Jakarta,Kota Jakarta Barat,0
RS Umum Kramat 128,3173580,Belum kerjasama BPJS,Patologi Anatomi,RS Umum Kramat 128,DKI Jakarta,Kota Jakarta Pusat,0
RS Umum AL Cilandak,3171034,Belum kerjasama BPJS,Patologi Anatomi,RS Umum AL Cilandak,DKI Jakarta,Kota Jakarta Selatan,0
RS Umum Mayapada,3171786,Belum kerjasama BPJS,Patologi Anatomi,RS Umum Mayapada,DKI Jakarta,Kota Jakarta Selatan,0
RS Umum Pelabuhan Tanjung Priok,3175042,Belum kerjasama BPJS,Patologi Anatomi,RS Umum  Pelabuhan Tanjung Priok,DKI Jakarta,Kota Jakarta Utara,0
RS Umum Premier Jatinegara,3172206,Belum kerjasama BPJS,Patologi Anatomi,RS Umum Premier Jatinegara,DKI Jakarta,Kota Jakarta Timur,0
RS Primaya PGI Cikini,3173062,Belum kerjasama BPJS,Patologi Anatomi,RS Primaya PGI Cikini,DKI Jakarta,Kota Jakarta Pusat,0
RS Umum Pusat Pertamina,3171023,Belum kerjasama BPJS,Patologi Anatomi,RS Umum Pusat Pertamina,DKI Jakarta,Kota Jakarta Selatan,0
RS Umum Bhayangkara Tk. I R.Said Sukanto,3172072,Belum kerjasama BPJS,Patologi Anatomi,RS Umum Bhayangkara Tk. I R.Said Sukanto,DKI Jakarta,Kota Jakarta Timur,0
RS Umum Sint Carolus,3173051,Belum kerjasama BPJS,Patologi Anatomi,RS Umum Sint Carolus,DKI Jakarta,Kota Jakarta Pusat,0
RS Umum Sumber Waras,3174015,Belum kerjasama BPJS,Patologi Anatomi,RS Umum Sumber Waras,DKI Jakarta,Kota Jakarta Barat,0
RS Umum Tebet,3171461,Belum kerjasama BPJS,Patologi Anatomi,RS Umum Tebet,DKI Jakarta,Kota Jakarta Selatan,0
RS Umum Tzu Chi Hospital,3175418,Belum kerjasama BPJS,Patologi Anatomi,RS Umum Tzu Chi Hospital,DKI Jakarta,Kota Jakarta Utara,0
RS Islam Jakarta Pondok Kopi,3172505,Belum kerjasama BPJS,Patologi Anatomi,RS Islam Jakarta Pondok Kopi,DKI Jakarta,Kota Jakarta Timur,0
RS Anak dan Bunda Harapan Kita,3174260,Belum kerjasama BPJS,Patologi Anatomi,RS Anak dan Bunda Harapan Kita,DKI Jakarta,Kota Jakarta Barat,0
RS Umum AL Dr. Mintoharjo,3173036,Belum kerjasama BPJS,Patologi Anatomi,RS Umum AL Dr. Mintoharjo,DKI Jakarta,Kota Jakarta Pusat,0
RS Angkatan Udara dr. Esnawan Antariksa,3172061,Sudah kerjasama BPJS,Patologi Anatomi,RS Angkatan Udara dr. Esnawan Antariksa,DKI Jakarta,Kota Jakarta Timur,1
RS Umum PAD Gatot Soebroto,3173025,Sudah kerjasama BPJS,Patologi Anatomi,RS Umum PAD Gatot Soebroto,DKI Jakarta,Kota Jakarta Pusat,1
RS Penyakit Infeksi Prof. Dr. Sulianti Saroso,3175064,Sudah kerjasama BPJS,Patologi Anatomi,RS Penyakit Infeksi Prof. Dr. Sulianti Saroso,DKI Jakarta,Kota Jakarta Utara,1
RS Umum Hermina Jatinegara,3172243,Sudah kerjasama BPJS,Patologi Anatomi,RS Umum Hermina Jatinegara,DKI Jakarta,Kota Jakarta Timur,1
RS Umum Mitra Keluarga Kalideres,3174519,Sudah kerjasama BPJS,Patologi Anatomi,RS Umum Mitra Keluarga Kalideres,DKI Jakarta,Kota Jakarta Barat,1
RS Umum Universitas Kristen Indonesia,3172094,Sudah kerjasama BPJS,Patologi Anatomi,RS Umum Universitas Kristen Indonesia,DKI Jakarta,Kota Jakarta Timur,1
RS Umum Daerah Budhi Asih,3172024,Sudah kerjasama BPJS,Patologi Anatomi,RS Umum Daerah Budhi Asih,DKI Jakarta,Kota Jakarta Timur,1
RS Umum Daerah Koja,3175016,Sudah kerjasama BPJS,Patologi Anatomi,RS Umum Daerah Koja,DKI Jakarta,Kota Jakarta Utara,1
RS Umum Daerah Pasar Minggu,3171795,Sudah kerjasama BPJS,Patologi Anatomi,RS Umum Daerah Pasar Minggu,DKI Jakarta,Kota Jakarta Selatan,1
RS Umum Daerah Pasar Rebo,3172126,Sudah kerjasama BPJS,Patologi Anatomi,RS Umum Daerah Pasar Rebo,DKI Jakarta,Kota Jakarta Timur,1
RSUP Fatmawati,3171012,Sudah kerjasama BPJS,Patologi Anatomi,RSUP Fatmawati,DKI Jakarta,Kota Jakarta Selatan,1
RSUP Persahabatan,3172013,Sudah kerjasama BPJS,Patologi Anatomi,RSUP Persahabatan,DKI Jakarta,Kota Jakarta Timur,1
RSUPN Dr. Cipto Mangunkusumo,3173014,Sudah kerjasama BPJS,Patologi Anatomi,RSUPN Dr. Cipto Mangunkusumo,DKI Jakarta,Kota Jakarta Pusat,1
RS Umum Daerah dr. M. Mohammad Dunda,7502033,Sudah kerjasama BPJS,Patologi Anatomi,RS Umum Daerah dr. M. Mohammad Dunda,Gorontalo,Gorontalo,1
RS Umum Daerah Bumi Panua,7503045,Sudah kerjasama BPJS,Patologi Anatomi,RS Umum Daerah Bumi Panua,Gorontalo,Pohuwato,1
RS Umum Daerah Tani dan Nelayan,7501043,Sudah kerjasama BPJS,Patologi Anatomi,RS Umum Daerah Tani dan Nelayan,Gorontalo,Boalemo,1
RS Bhayangkara Jambi,1571034,Sudah kerjasama BPJS,Patologi Anatomi,RS Bhayangkara Jambi,Jambi,Kota Jambi,1
RS Islam Arafah,1571159,Sudah kerjasama BPJS,Patologi Anatomi,RS Islam Arafah,Jambi,Kota Jambi,1
RS Mitra,1571168,Sudah kerjasama BPJS,Patologi Anatomi,RS Mitra,Jambi,Kota Jambi,1
RS Mitra Medika Batang Hari,1504018,Sudah kerjasama BPJS,Patologi Anatomi,RS Mitra Medika Batang Hari,Jambi,Batang Hari,1
RS Rapha Theresia,1571180,Sudah kerjasama BPJS,Patologi Anatomi,RS Rapha Theresia,Jambi,Kota Jambi,1
RS Siloam Jambi,1571147,Sudah kerjasama BPJS,Patologi Anatomi,RS Siloam Jambi,Jambi,Kota Jambi,1
RS Umum Santa Theresia,1571045,Sudah kerjasama BPJS,Patologi Anatomi,RS Umum Santa Theresia,Jambi,Kota Jambi,1
RS Tk. III 02.06.01 dr. Bratanata,1571023,Sudah kerjasama BPJS,Patologi Anatomi,RS Tk. III 02.06.01  dr. Bratanata,Jambi,Kota Jambi,1
RS Umum Permata Hati,1509028,Sudah kerjasama BPJS,Patologi Anatomi,RS Umum Permata Hati,Jambi,Bungo,1
RS Umum Daerah H. Abdul Manap,1571158,Sudah kerjasama BPJS,Patologi Anatomi,RS Umum Daerah H. Abdul Manap,Jambi,Kota Jambi,1
RS Umum Daerah H. Hanafie,1509013,Sudah kerjasama BPJS,Patologi Anatomi,RS Umum Daerah H. Hanafie,Jambi,Bungo,1
RS Umum Daerah Prof. Dr. H. Chatib Quzwain,1503036,Sudah kerjasama BPJS,Patologi Anatomi,RS Umum Daerah Prof. Dr. H.  Chatib Quzwain,Jambi,Sarolangun,1
RS Umum Daerah Raden Mattaher Jambi,1571012,Sudah kerjasama BPJS,Patologi Anatomi,RS Umum Daerah Raden Mattaher Jambi,Jambi,Kota Jambi,1
RS Umum Al-Islam Bandung,3273420,Sudah kerjasama BPJS,Patologi Anatomi,RS Umum Al-Islam Bandung,Jawa Barat,Kota Bandung,1
RS Umum Bhakti Medicare,3202084,Sudah kerjasama BPJS,Patologi Anatomi,RS Umum Bhakti Medicare,Jawa Barat,Sukabumi,1
RSU Bhayangkara Tk. II Sartika Asih,3273026,Sudah kerjasama BPJS,Patologi Anatomi,RSU Bhayangkara Tk. II Sartika Asih,Jawa Barat,Kota Bandung,1
RS Umum Bhayangkara Indramayu,3212042,Sudah kerjasama BPJS,Patologi Anatomi,RS Umum Bhayangkara Indramayu,Jawa Barat,Indramayu,1
RS Umum Cahya Kawaluyan,3217121,Sudah kerjasama BPJS,Patologi Anatomi,RS Umum Cahya Kawaluyan,Jawa Barat,Bandung Barat,1
RS Eka Bekasi,3216450,Sudah kerjasama BPJS,Patologi Anatomi,RS Eka Bekasi,Jawa Barat,Bekasi,1
RS EMC Cikarang,3216436,Sudah kerjasama BPJS,Patologi Anatomi,RS EMC Cikarang,Jawa Barat,Bekasi,1
RS EMC Sentul,3201247,Sudah kerjasama BPJS,Patologi Anatomi,RS EMC Sentul,Jawa Barat,Bogor,1
RS Umum Grha Permata Ibu,3276041,Sudah kerjasama BPJS,Patologi Anatomi,RS Umum Grha Permata Ibu,Jawa Barat,Kota Depok,1
RS Umum Hermina Bekasi,3275115,Sudah kerjasama BPJS,Patologi Anatomi,RS Umum Hermina Bekasi,Jawa Barat,Kota Bekasi,1
RS Umum Hermina Depok,3201126,Sudah kerjasama BPJS,Patologi Anatomi,RS Umum Hermina Depok,Jawa Barat,Kota Depok,1
RS Umum Hermina Grand Wisata,3216318,Sudah kerjasama BPJS,Patologi Anatomi,RS Umum Hermina Grand Wisata,Jawa Barat,Bekasi,1
RS Hermina Karawang,3215169,Sudah kerjasama BPJS,Patologi Anatomi,RS Hermina Karawang,Jawa Barat,Karawang,1
RS Umum Hermina Mekarsari,3201238,Sudah kerjasama BPJS,Patologi Anatomi,RS Umum Hermina Mekarsari,Jawa Barat,Bogor,1
RS Umum Hermina Pasteur,3273539,Sudah kerjasama BPJS,Patologi Anatomi,RS Umum Hermina Pasteur ,Jawa Barat,Kota Bandung,1
RS Hermina Soreang,3204165,Sudah kerjasama BPJS,Patologi Anatomi,RS Hermina Soreang,Jawa Barat,Bandung,1
RS Umum Izza,3215134,Sudah kerjasama BPJS,Patologi Anatomi,RS Umum Izza,Jawa Barat,Karawang,1
RS Umum Meilia,3201185,Sudah kerjasama BPJS,Patologi Anatomi,RS Umum Meilia,Jawa Barat,Kota Depok,1
RS Umum Mitra Keluarga Bekasi Timur,3275046,Sudah kerjasama BPJS,Patologi Anatomi,RS Umum Mitra Keluarga Bekasi Timur,Jawa Barat,Kota Bekasi,1
RS Umum Mitra Keluarga Depok,3276028,Sudah kerjasama BPJS,Patologi Anatomi,RS Umum Mitra Keluarga Depok,Jawa Barat,Kota Depok,1
RS Umum Mitra Plumbon,3209051,Sudah kerjasama BPJS,Patologi Anatomi,RS Umum Mitra Plumbon,Jawa Barat,Cirebon,1
RS Umum Pamanukan Medical Center (PMC),3213045,Sudah kerjasama BPJS,Patologi Anatomi,RS Umum Pamanukan Medical Center (PMC),Jawa Barat,Subang,1
RS Paru Provinsi Jawa Barat,3209036,Sudah kerjasama BPJS,Patologi Anatomi,RS Paru Provinsi Jawa Barat,Jawa Barat,Cirebon,1
RS Umum Permata Cirebon,3209054,Sudah kerjasama BPJS,Patologi Anatomi,RS Umum Permata Cirebon,Jawa Barat,Cirebon,1
RS Permata Keluarga Karawang,3215171,Sudah kerjasama BPJS,Patologi Anatomi,RS Permata Keluarga Karawang,Jawa Barat,Karawang,1
RS Permata Kuningan,3208065,Sudah kerjasama BPJS,Patologi Anatomi,RS Permata Kuningan,Jawa Barat,Kuningan,1
RS Umum PMI Bogor,3271013,Sudah kerjasama BPJS,Patologi Anatomi,RS Umum PMI Bogor,Jawa Barat,Kota Bogor,1
RS PRIMAYA BEKASI BARAT,3275392,Sudah kerjasama BPJS,Patologi Anatomi,RS Primaya,Jawa Barat,Kota Bekasi,1
RS Primaya Depok,3276167,Sudah kerjasama BPJS,Patologi Anatomi,RS Primaya Depok,Jawa Barat,Kota Depok,1
RS Primaya Karawang,3215170,Sudah kerjasama BPJS,Patologi Anatomi,RS Primaya Karawang,Jawa Barat,Karawang,1
RS Umum Santo Borromeus,3273074,Sudah kerjasama BPJS,Patologi Anatomi,RS Umum Santo Borromeus,Jawa Barat,Kota Bandung,1
RS Umum Santo Yusup,3273063,Sudah kerjasama BPJS,Patologi Anatomi,RS Umum Santo Yusup,Jawa Barat,Kota Bandung,1
RS Umum Santosa Hospital Bandung Kopo,3273542,Sudah kerjasama BPJS,Patologi Anatomi,RS Umum Santosa Hospital Bandung Kopo,Jawa Barat,Kota Bandung,1
RS Umum Syifa Medina,3278018,Sudah kerjasama BPJS,Patologi Anatomi,RS Umum Syifa Medina,Jawa Barat,Kota Tasikmalaya,1
RS Umum Tk. III Ciremai,3274020,Sudah kerjasama BPJS,Patologi Anatomi,RS Umum Tk. III Ciremai,Jawa Barat,Kota Cirebon,1
RS Universitas Indonesia,3201256,Sudah kerjasama BPJS,Patologi Anatomi,RS Universitas Indonesia,Jawa Barat,Kota Depok,1
RS Umum Mitra Kasih,3204075,Sudah kerjasama BPJS,Patologi Anatomi,RS Umum Mitra Kasih,Jawa Barat,Kota Cimahi,1
RS Umum Tk. II Dustira,3277031,Sudah kerjasama BPJS,Patologi Anatomi,RS Umum Tk. II Dustira,Jawa Barat,Kota Cimahi,1
RS Umum Daerah Gunung Jati,3274016,Sudah kerjasama BPJS,Patologi Anatomi,RS Umum Daerah Gunung Jati,Jawa Barat,Kota Cirebon,1
RS Umum Alia Hospital,3276154,Sudah kerjasama BPJS,Patologi Anatomi,RS Umum Alia Hospital,Jawa Barat,Kota Depok,1
RS Umum dr. Abdul Radjak Purwakarta,3214032,Sudah kerjasama BPJS,Patologi Anatomi,RS Umum dr. Abdul Radjak Purwakarta,Jawa Barat,Purwakarta,1
RS Umum Hasanah Graha Afiah,3276146,Sudah kerjasama BPJS,Patologi Anatomi,RS Umum Hasanah Graha Afiah,Jawa Barat,Kota Depok,1
RS Umum Hermina Bogor,3271115,Sudah kerjasama BPJS,Patologi Anatomi,RS Umum Hermina Bogor,Jawa Barat,Kota Bogor,1
RS Umum Nurhayati Garut,3205023,Sudah kerjasama BPJS,Patologi Anatomi,RS Umum Nurhayati Garut,Jawa Barat,Garut,1
RS Umum Rama Hadi,3214034,Sudah kerjasama BPJS,Patologi Anatomi,RS Umum Rama Hadi,Jawa Barat,Purwakarta,1
RS Umum Daerah 45 Kuningan,3208013,Sudah kerjasama BPJS,Patologi Anatomi,RS Umum Daerah 45 Kuningan,Jawa Barat,Kuningan,1
RS Umum Daerah Al Ihsan Provinsi Jawa Barat,3204086,Sudah kerjasama BPJS,Patologi Anatomi,RS Umum Daerah Al Ihsan Provinsi Jawa Barat,Jawa Barat,Bandung,1
RS Umum Daerah Arjawinangun,3209040,Sudah kerjasama BPJS,Patologi Anatomi,RS Umum Daerah Arjawinangun,Jawa Barat,Cirebon,1
RS Umum Daerah Bandung Kiwari,3273260,Sudah kerjasama BPJS,Patologi Anatomi,RS Umum Daerah Bandung Kiwari,Jawa Barat,Kota Bandung,1
RS Umum Daerah Banjar,3207023,Sudah kerjasama BPJS,Patologi Anatomi,RS Umum Daerah Banjar,Jawa Barat,Kota Banjar,1
RS Umum Daerah Bayu Asih,3214011,Sudah kerjasama BPJS,Patologi Anatomi,RS Umum Daerah Bayu Asih,Jawa Barat,Purwakarta,1
RS Umum Daerah dr. Chasbullah Abdulmadjid,3275013,Sudah kerjasama BPJS,Patologi Anatomi,RS Umum Daerah dr. Chasbullah Abdulmadjid,Jawa Barat,Kota Bekasi,1
RS Umum Daerah Ciawi,3201050,Sudah kerjasama BPJS,Patologi Anatomi,RS Umum Daerah Ciawi,Jawa Barat,Bogor,1
RS Umum Daerah Cibabat,3277020,Sudah kerjasama BPJS,Patologi Anatomi,RS Umum Daerah Cibabat,Jawa Barat,Kota Cimahi,1
RS Umum Daerah Cibinong,3201046,Sudah kerjasama BPJS,Patologi Anatomi,RS Umum Daerah Cibinong,Jawa Barat,Bogor,1
RS Umum Daerah Cideres,3210025,Sudah kerjasama BPJS,Patologi Anatomi,RS Umum Daerah Cideres,Jawa Barat,Majalengka,1
RS Umum Daerah Cikalongwetan,3217007,Sudah kerjasama BPJS,Patologi Anatomi,RS Umum Daerah Cikalongwetan,Jawa Barat,Bandung Barat,1
RS Umum Daerah Cileungsi,3201232,Sudah kerjasama BPJS,Patologi Anatomi,RS Umum Daerah Cileungsi,Jawa Barat,Bogor,1
RS Umum Daerah Cimacan,3203037,Sudah kerjasama BPJS,Patologi Anatomi,RS Umum Daerah Cimacan,Jawa Barat,Cianjur,1
RS Umum Daerah dr. Slamet Garut,3205010,Sudah kerjasama BPJS,Patologi Anatomi,RS Umum Daerah dr. Slamet Garut,Jawa Barat,Garut,1
RS Umum Daerah Kab. Indramayu,3212016,Sudah kerjasama BPJS,Patologi Anatomi,RS Umum Daerah Kab. Indramayu,Jawa Barat,Indramayu,1
RS Umum Daerah Jampang Kulon,3202051,Sudah kerjasama BPJS,Patologi Anatomi,RS Umum Daerah Jampang Kulon,Jawa Barat,Sukabumi,1
RS Umum Daerah Kab.Bekasi,3216252,Sudah kerjasama BPJS,Patologi Anatomi,RS Umum Daerah Kab.Bekasi,Jawa Barat,Bekasi,1
RS Umum Daerah Subang,3213010,Sudah kerjasama BPJS,Patologi Anatomi,RS Umum Daerah Subang,Jawa Barat,Subang,1
RS Umum Daerah Sumedang,3211015,Sudah kerjasama BPJS,Patologi Anatomi,RS Umum Daerah Sumedang,Jawa Barat,Sumedang,1
RS Umum Daerah Karawang,3215012,Sudah kerjasama BPJS,Patologi Anatomi,RS Umum Daerah Karawang,Jawa Barat,Karawang,1
RS Umum Daerah Kesehatan Kerja,3204134,Sudah kerjasama BPJS,Patologi Anatomi,RS Umum Daerah Kesehatan Kerja,Jawa Barat,Bandung,1
RS Umum Daerah Khidmat Sehat Afiat Kota Depok,3276124,Sudah kerjasama BPJS,Patologi Anatomi,RS Umum Daerah Khidmat Sehat Afiat Kota Depok,Jawa Barat,Kota Depok,1
RS Umum Daerah Kota Bandung,3273405,Sudah kerjasama BPJS,Patologi Anatomi,RS Umum Daerah Kota Bandung,Jawa Barat,Kota Bandung,1
RS Umum Daerah Kota Bogor,3271104,Sudah kerjasama BPJS,Patologi Anatomi,RS Umum Daerah Kota Bogor,Jawa Barat,Kota Bogor,1
RS Umum Daerah Majalaya,3204016,Sudah kerjasama BPJS,Patologi Anatomi,RS Umum Daerah Majalaya,Jawa Barat,Bandung,1
"RS Umum Daerah R. Syamsudin, SH",3272014,Sudah kerjasama BPJS,Patologi Anatomi,"RS Umum Daerah R. Syamsudin, SH",Jawa Barat,Kota Sukabumi,1
RS Umum Daerah Sayang,3203015,Sudah kerjasama BPJS,Patologi Anatomi,RS Umum Daerah Sayang,Jawa Barat,Cianjur,1
RS Umum Daerah Sekarwangi,3202014,Sudah kerjasama BPJS,Patologi Anatomi,RS Umum Daerah Sekarwangi,Jawa Barat,Sukabumi,1
RS Umum Daerah Singaparna Medika Citrautama,3206023,Sudah kerjasama BPJS,Patologi Anatomi,RS Umum Daerah Singaparna Medika Citrautama,Jawa Barat,Tasikmalaya,1
RS Umum Daerah Waled,3209014,Sudah kerjasama BPJS,Patologi Anatomi,RS Umum Daerah Waled,Jawa Barat,Cirebon,1
RS Umum Bayukarta,3215023,Sudah kerjasama BPJS,Patologi Anatomi,RS Umum Bayukarta,Jawa Barat,Karawang,1
RS Umum Bina Sehat,3273442,Sudah kerjasama BPJS,Patologi Anatomi,RS Umum Bina Sehat ,Jawa Barat,Bandung,1
Siloam Hospitals Lippo Cikarang,3216152,Sudah kerjasama BPJS,Patologi Anatomi,Siloam Hospitals Lippo Cikarang,Jawa Barat,Bekasi,1
RS Umum PKU Muhamadiyah Gombong,3305066,Sudah kerjasama BPJS,Patologi Anatomi,RS Umum PKU Muhamadiyah Gombong,Jawa Tengah,Kebumen,1
RS Umum Bhakti Asih Brebes,3329078,Sudah kerjasama BPJS,Patologi Anatomi,RS Umum Bhakti Asih Brebes,Jawa Tengah,Brebes,1
RS Umum Dr. Oen,3372026,Sudah kerjasama BPJS,Patologi Anatomi,RS Umum Dr. Oen,Jawa Tengah,Kota Surakarta,1
RS Umum Hermina Pandanaran,3374145,Sudah kerjasama BPJS,Patologi Anatomi,RS Umum Hermina Pandanaran,Jawa Tengah,Kota Semarang,1
RS Umum Hermina Solo,3372236,Sudah kerjasama BPJS,Patologi Anatomi,RS Umum Hermina Solo,Jawa Tengah,Kota Surakarta,1
RS Umum Indriati,3311229,Sudah kerjasama BPJS,Patologi Anatomi,RS Umum Indriati,Jawa Tengah,Sukoharjo,1
RS Umum Kasih Ibu,3372165,Sudah kerjasama BPJS,Patologi Anatomi,RS Umum Kasih Ibu,Jawa Tengah,Kota Surakarta,1
RS Umum Keluarga Sehat,3318108,Sudah kerjasama BPJS,Patologi Anatomi,RS Umum Keluarga Sehat ,Jawa Tengah,Pati,1
RS Umum Ken Saras,3322034,Sudah kerjasama BPJS,Patologi Anatomi,RS Umum Ken Saras,Jawa Tengah,Semarang,1
RS Khusus Bedah Columbia Asia Semarang,3374366,Sudah kerjasama BPJS,Patologi Anatomi,RS Khusus Bedah Columbia Asia Semarang,Jawa Tengah,Kota Semarang,1
RS Umum Mardi Rahayu,3319032,Sudah kerjasama BPJS,Patologi Anatomi,RS Umum Mardi Rahayu,Jawa Tengah,Kudus,1
RS Umum Nasional Diponegoro,3374367,Sudah kerjasama BPJS,Patologi Anatomi,RS Umum Nasional Diponegoro,Jawa Tengah,Kota Semarang,1
RS Umum Ngesti Waluyo,3323024,Sudah kerjasama BPJS,Patologi Anatomi,RS Umum Ngesti Waluyo,Jawa Tengah,Temanggung,1
RS Orthopedi Prof. Dr. R. Soeharso,3372063,Sudah kerjasama BPJS,Patologi Anatomi,RS Orthopedi Prof. Dr. R. Soeharso,Jawa Tengah,Sukoharjo,1
RS Paru Dr. Ario Wirawan,3373042,Sudah kerjasama BPJS,Patologi Anatomi,RS Paru Dr. Ario Wirawan,Jawa Tengah,Kota Salatiga,1
RS PKU Muhammadiyah Surakarta,3372096,Sudah kerjasama BPJS,Patologi Anatomi,RS PKU Muhammadiyah Surakarta,Jawa Tengah,Kota Surakarta,1
RS Umum St. Elisabeth Semarang,3374021,Sudah kerjasama BPJS,Patologi Anatomi,RS Umum St. Elisabeth Semarang,Jawa Tengah,Kota Semarang,1
RS Umum Telogorejo Semarang,3374043,Sudah kerjasama BPJS,Patologi Anatomi,RS Umum Telogorejo Semarang,Jawa Tengah,Kota Semarang,1
RS Umum Universitas Sebelas Maret,3311228,Sudah kerjasama BPJS,Patologi Anatomi,RS Umum Universitas Sebelas Maret,Jawa Tengah,Sukoharjo,1
RS Umum Islam Harapan Anda,3376082,Sudah kerjasama BPJS,Patologi Anatomi,RS Umum Islam Harapan Anda,Jawa Tengah,Kota Tegal,1
RS Umum Sultan Agung Semarang,3374076,Sudah kerjasama BPJS,Patologi Anatomi,RS Umum Sultan Agung Semarang,Jawa Tengah,Kota Semarang,1
RS Umum Tk. II Dr. Soedjono,3371025,Sudah kerjasama BPJS,Patologi Anatomi,RS Umum Tk. II Dr. Soedjono,Jawa Tengah,Kota Magelang,1
RS Umum Dadi Keluarga,3302229,Sudah kerjasama BPJS,Patologi Anatomi,RS Umum Dadi Keluarga,Jawa Tengah,Banyumas,1
RS Umum Emmanuel,3304021,Sudah kerjasama BPJS,Patologi Anatomi,RS Umum Emmanuel,Jawa Tengah,Banjarnegara,1
RS Umum Islam Klaten,3310384,Sudah kerjasama BPJS,Patologi Anatomi,RS Umum Islam Klaten,Jawa Tengah,Klaten,1
RS Umum Daerah Kardinah,3376012,Sudah kerjasama BPJS,Patologi Anatomi,RS Umum Daerah Kardinah ,Jawa Tengah,Kota Tegal,1
RS Umum PKU Aisyiyah Boyolali,3309063,Sudah kerjasama BPJS,Patologi Anatomi,RS Umum PKU Aisyiyah Boyolali,Jawa Tengah,Boyolali,1
RS Umum PKU Muhammadiyah Delanggu,3310416,Sudah kerjasama BPJS,Patologi Anatomi,RS Umum PKU Muhammadiyah Delanggu,Jawa Tengah,Klaten,1
RS Umum Siaga Medika Banyumas,3302224,Sudah kerjasama BPJS,Patologi Anatomi,RS Umum Siaga Medika Banyumas,Jawa Tengah,Banyumas,1
RS Umum Siaga Medika Purbalingga,3303101,Sudah kerjasama BPJS,Patologi Anatomi,RS Umum Siaga Medika Purbalingga ,Jawa Tengah,Purbalingga,1
RS umum Daerah Banyumas,3302015,Sudah kerjasama BPJS,Patologi Anatomi,RS umum Daerah Banyumas,Jawa Tengah,Banyumas,1
RS Umum Daerah Brebes,3329012,Sudah kerjasama BPJS,Patologi Anatomi,RS Umum Daerah Brebes,Jawa Tengah,Brebes,1
RS Umum Daerah dr. Loekmono Hadi,3319010,Sudah kerjasama BPJS,Patologi Anatomi,RS Umum Daerah dr. Loekmono Hadi,Jawa Tengah,Kudus,1
RS Umum Daerah Dr. M. Ashari Pemalang,3327010,Sudah kerjasama BPJS,Patologi Anatomi,RS Umum Daerah Dr. M. Ashari Pemalang,Jawa Tengah,Pemalang,1
RS Umum Daerah Dr. Moewardi Surakarta,3372015,Sudah kerjasama BPJS,Patologi Anatomi,RS Umum Daerah Dr. Moewardi Surakarta,Jawa Tengah,Kota Surakarta,1
RS Umum Daerah dr. R. Goeteng Taroenadibrata,3303016,Sudah kerjasama BPJS,Patologi Anatomi,RS Umum Daerah dr. R. Goeteng Taroenadibrata,Jawa Tengah,Purbalingga,1
RS Umum Daerah dr. Soedirman Kabupaten Kebumen,3305011,Sudah kerjasama BPJS,Patologi Anatomi,RS Umum Daerah dr. Soedirman Kabupaten Kebumen,Jawa Tengah,Kebumen,1
RS Umum Daerah dr. Soehadi Prijonegoro,3314012,Sudah kerjasama BPJS,Patologi Anatomi,RS Umum Daerah dr. Soehadi Prijonegoro,Jawa Tengah,Sragen,1
RS Umum Daerah dr. Soeratno Gemolong,3314089,Sudah kerjasama BPJS,Patologi Anatomi,RS Umum Daerah dr. Soeratno Gemolong,Jawa Tengah,Sragen,1
RS Umum Daerah dr. Soeselo Slawi Kabupaten Tegal,3328011,Sudah kerjasama BPJS,Patologi Anatomi,RS Umum Daerah dr. Soeselo Slawi Kabupaten Tegal,Jawa Tengah,Tegal,1
RS Umum Daerah Dr. Tjitrowardojo Purworejo,3306012,Sudah kerjasama BPJS,Patologi Anatomi,RS Umum Daerah Dr. Tjitrowardojo Purworejo,Jawa Tengah,Purworejo,1
RS Umum Daerah Dr. H. Soewondo Kendal,3324014,Sudah kerjasama BPJS,Patologi Anatomi,RS Umum Daerah  Dr. H. Soewondo Kendal,Jawa Tengah,Kendal,1
RS Umum Daerah dr. R. Soetrasno Rembang,3317015,Sudah kerjasama BPJS,Patologi Anatomi,RS Umum Daerah dr. R. Soetrasno Rembang,Jawa Tengah,Rembang,1
RS Umum Daerah Ir. Soekarno Kabupaten Sukoharjo,3311016,Sudah kerjasama BPJS,Patologi Anatomi,RS Umum Daerah Ir. Soekarno Kabupaten Sukoharjo,Jawa Tengah,Sukoharjo,1
RS Umum Daerah Karanganyar,3313011,Sudah kerjasama BPJS,Patologi Anatomi,RS Umum Daerah Karanganyar,Jawa Tengah,Karanganyar,1
RS Umum Daerah Kraton Kab. Pekalongan,3326011,Sudah kerjasama BPJS,Patologi Anatomi,RS Umum Daerah Kraton Kab. Pekalongan,Jawa Tengah,Pekalongan,1
RS Daerah KRMT Wongsonegoro,3374342,Sudah kerjasama BPJS,Patologi Anatomi,RS Daerah KRMT Wongsonegoro,Jawa Tengah,Kota Semarang,1
RS Umum Setjonegoro Wonosobo,3307013,Sudah kerjasama BPJS,Patologi Anatomi,RS Umum Setjonegoro Wonosobo,Jawa Tengah,Wonosobo,1
RS Umum Daerah Prof Dr. Margono Soekarjo,3302026,Sudah kerjasama BPJS,Patologi Anatomi,RS Umum Daerah Prof Dr. Margono Soekarjo,Jawa Tengah,Banyumas,1
RS Umum Daerah Muntilan Kab. Magelang,3308014,Sudah kerjasama BPJS,Patologi Anatomi,RS Umum Daerah Muntilan Kab. Magelang,Jawa Tengah,Magelang,1
RS Umum Daerah Pandan Arang Boyolali,3309015,Sudah kerjasama BPJS,Patologi Anatomi,RS Umum Daerah Pandan Arang Boyolali,Jawa Tengah,Boyolali,1
RS Umum Daerah R. A. Kartini,3320010,Sudah kerjasama BPJS,Patologi Anatomi,RS Umum Daerah R. A. Kartini,Jawa Tengah,Jepara,1
RS Umum Daerah RAA Soewondo,3318016,Sudah kerjasama BPJS,Patologi Anatomi,RS Umum Daerah RAA Soewondo,Jawa Tengah,Pati,1
RS Umum Daerah Djojonegoro Temanggung,3323013,Sudah kerjasama BPJS,Patologi Anatomi,RS Umum Daerah Djojonegoro Temanggung,Jawa Tengah,Temanggung,1
RS Umum Daerah Tidar,3371014,Sudah kerjasama BPJS,Patologi Anatomi,RS Umum Daerah Tidar,Jawa Tengah,Kota Magelang,1
RS Umum Daerah Tugurejo Semarang,3374134,Sudah kerjasama BPJS,Patologi Anatomi,RS Umum Daerah Tugurejo Semarang,Jawa Tengah,Kota Semarang,1
RS Umum Pusat Dr. Kariadi,3374010,Sudah kerjasama BPJS,Patologi Anatomi,RS Umum Pusat Dr. Kariadi,Jawa Tengah,Kota Semarang,1
RS Umum Pusat Dr. Soeradji Tirtonegoro,3310015,Sudah kerjasama BPJS,Patologi Anatomi,RS Umum Pusat Dr. Soeradji Tirtonegoro,Jawa Tengah,Klaten,1
RS Umum Islam Purwokerto,3302132,Sudah kerjasama BPJS,Patologi Anatomi,RS Umum Islam Purwokerto,Jawa Tengah,Banyumas,1
RS Islam Surakarta YARSIS,3311231,Sudah kerjasama BPJS,Patologi Anatomi,RS Islam Surakarta YARSIS,Jawa Tengah,Sukoharjo,1
RS Daerah Dr. Haryoto Kabupaten Lumajang,3508016,Sudah kerjasama BPJS,Patologi Anatomi,RS Daerah Dr. Haryoto Kabupaten Lumajang,Jawa Timur,Lumajang,1
RS Toeloengredjo,3506025,Sudah kerjasama BPJS,Patologi Anatomi,RS Toeloengredjo,Jawa Timur,Kediri,1
RS Umum Daerah Prof. Dr. Soekandar,3516020,Sudah kerjasama BPJS,Patologi Anatomi,RS Umum Daerah Prof. Dr. Soekandar,Jawa Timur,Mojokerto,1
RS Umum Aisyiyah Bojonegoro,3522025,Sudah kerjasama BPJS,Patologi Anatomi,RS Umum Aisyiyah Bojonegoro,Jawa Timur,Bojonegoro,1
RS Al Huda,3510103,Sudah kerjasama BPJS,Patologi Anatomi,RS Al Huda ,Jawa Timur,Banyuwangi,1
RS Umum Amelia,3506036,Sudah kerjasama BPJS,Patologi Anatomi,RS Umum Amelia,Jawa Timur,Kediri,1
RS Asih Abyakta,3575016,Sudah kerjasama BPJS,Patologi Anatomi,RS Asih Abyakta,Jawa Timur,Pasuruan,1
RS Baptis Kediri,3571042,Sudah kerjasama BPJS,Patologi Anatomi,RS Baptis Kediri,Jawa Timur,Kota Kediri,1
RS Ben Mari,3507107,Sudah kerjasama BPJS,Patologi Anatomi,RS Ben Mari,Jawa Timur,Malang,1
RS Bhakti Rahayu,3578614,Sudah kerjasama BPJS,Patologi Anatomi,RS Bhakti Rahayu,Jawa Timur,Kota Surabaya,1
RS Umum Bhayangkara Kediri,3571031,Sudah kerjasama BPJS,Patologi Anatomi,RS Umum Bhayangkara Kediri,Jawa Timur,Kota Kediri,1
RS Bhayangkara Lumajang,3508054,Sudah kerjasama BPJS,Patologi Anatomi,RS Bhayangkara Lumajang ,Jawa Timur,Lumajang,1
RS Bhayangkara TK II HS. Samsoeri Mertojoso,3578764,Sudah kerjasama BPJS,Patologi Anatomi,RS Bhayangkara TK II HS. Samsoeri Mertojoso,Jawa Timur,Kota Surabaya,1
RS Bina Sehat Jember,3509135,Sudah kerjasama BPJS,Patologi Anatomi,RS Bina Sehat Jember,Jawa Timur,Jember,1
RS Umum Delta Surya,3515096,Sudah kerjasama BPJS,Patologi Anatomi,RS Umum Delta Surya,Jawa Timur,Sidoarjo,1
RS Umum TNI AD Tk. IV 05.04.01 Kota Madiun,3577030,Sudah kerjasama BPJS,Patologi Anatomi,RS Umum TNI AD Tk. IV 05.04.01 Kota Madiun,Jawa Timur,Kota Madiun,1
RS Elizabeth,3512034,Sudah kerjasama BPJS,Patologi Anatomi,RS Elizabeth,Jawa Timur,Situbondo,1
RS Gotong Royong,3578603,Sudah kerjasama BPJS,Patologi Anatomi,RS Gotong Royong,Jawa Timur,Kota Surabaya,1
RS Graha Medika,3510106,Sudah kerjasama BPJS,Patologi Anatomi,RS Graha Medika,Jawa Timur,Banyuwangi,1
RS Graha Sehat,3513024,Sudah kerjasama BPJS,Patologi Anatomi,RS Graha Sehat,Jawa Timur,Probolinggo,1
RS Islam Surabaya,3578111,Sudah kerjasama BPJS,Patologi Anatomi,RS Islam Surabaya,Jawa Timur,Kota Surabaya,1
RS Umum Islam Surabaya Jemursari,3578224,Sudah kerjasama BPJS,Patologi Anatomi,RS Umum Islam Surabaya Jemursari ,Jawa Timur,Kota Surabaya,1
RS Bedah Hasta Husada,3507248,Sudah kerjasama BPJS,Patologi Anatomi,RS Bedah Hasta Husada,Jawa Timur,Malang,1
RS Umum Larasati Pamekasan,3528024,Sudah kerjasama BPJS,Patologi Anatomi,RS Umum Larasati Pamekasan,Jawa Timur,Pamekasan,1
RS Lawang Medika,3507105,Sudah kerjasama BPJS,Patologi Anatomi,RS Lawang Medika,Jawa Timur,Malang,1
RS Mitra Delima,3507098,Sudah kerjasama BPJS,Patologi Anatomi,RS Mitra Delima,Jawa Timur,Malang,1
RS Mitra Keluarga Kenjeran,3578785,Sudah kerjasama BPJS,Patologi Anatomi,RS Mitra Keluarga Kenjeran,Jawa Timur,Kota Surabaya,1
RS Umum Mitra Sehat Kabupaten Situbondo,3512038,Sudah kerjasama BPJS,Patologi Anatomi,RS Umum Mitra Sehat Kabupaten Situbondo,Jawa Timur,Situbondo,1
RS Mitra Sehat Medika,3514053,Sudah kerjasama BPJS,Patologi Anatomi,RS Mitra Sehat Medika ,Jawa Timur,Pasuruan,1
RS Muhammadiyah Kalikapas Lamongan,3524056,Sudah kerjasama BPJS,Patologi Anatomi,RS Muhammadiyah Kalikapas Lamongan,Jawa Timur,Lamongan,1
RS Umum Muhammadiyah Lamongan,3524031,Sudah kerjasama BPJS,Patologi Anatomi,RS Umum Muhammadiyah Lamongan,Jawa Timur,Lamongan,1
RS Umum Panti Nirmala,3573044,Sudah kerjasama BPJS,Patologi Anatomi,RS Umum Panti Nirmala,Jawa Timur,Kota Malang,1
RS Umum Panti Waluya Sawahan Malang,3573055,Sudah kerjasama BPJS,Patologi Anatomi,RS Umum Panti Waluya Sawahan Malang,Jawa Timur,Kota Malang,1
RS Perkebunan PTPN X (Persero) Jember,3509021,Sudah kerjasama BPJS,Patologi Anatomi,RS Perkebunan PTPN X (Persero) Jember,Jawa Timur,Jember,1
RS Umum Persada Hospital,3573257,Sudah kerjasama BPJS,Patologi Anatomi,RS Umum Persada Hospital,Jawa Timur,Kota Malang,1
RS Petrokimia Gresik,3525076,Sudah kerjasama BPJS,Patologi Anatomi,RS Petrokimia Gresik,Jawa Timur,Gresik,1
RS Prima Husada,3507104,Sudah kerjasama BPJS,Patologi Anatomi,RS Prima Husada,Jawa Timur,Malang,1
RS Prima Husada,3514059,Sudah kerjasama BPJS,Patologi Anatomi,RS Prima Husada,Jawa Timur,Pasuruan,1
RS Umum Royal Surabaya,3578781,Sudah kerjasama BPJS,Patologi Anatomi,RS Umum Royal Surabaya ,Jawa Timur,Kota Surabaya,1
RS Islam Sakinah,3516062,Sudah kerjasama BPJS,Patologi Anatomi,RS Islam Sakinah,Jawa Timur,Mojokerto,1
RS Semen Gresik,3525021,Sudah kerjasama BPJS,Patologi Anatomi,RS Semen Gresik,Jawa Timur,Gresik,1
RS Tk. II Dr. Soepraoen,3573022,Sudah kerjasama BPJS,Patologi Anatomi,RS Tk. II Dr. Soepraoen,Jawa Timur,Kota Malang,1
RS Universitas Airlangga,3578777,Sudah kerjasama BPJS,Patologi Anatomi,RS Universitas Airlangga ,Jawa Timur,Kota Surabaya,1
RS Umum Wava Husada,3507096,Sudah kerjasama BPJS,Patologi Anatomi,RS Umum Wava Husada ,Jawa Timur,Malang,1
RS Wijaya Kusuma,3508053,Sudah kerjasama BPJS,Patologi Anatomi,RS Wijaya Kusuma,Jawa Timur,Lumajang,1
RS Umum Anwar Medika,3515121,Sudah kerjasama BPJS,Patologi Anatomi,RS Umum Anwar Medika ,Jawa Timur,Sidoarjo,1
RS Umum Daerah Raden Achmad Basoeni,3516073,Sudah kerjasama BPJS,Patologi Anatomi,RS Umum Daerah Raden Achmad Basoeni,Jawa Timur,Mojokerto,1
RS Angkatan Udara dr. Efram Harsana,3520041,Sudah kerjasama BPJS,Patologi Anatomi,RS Angkatan Udara dr. Efram Harsana,Jawa Timur,Magetan,1
RS Umum Daerah Dr. Soebandi,3509010,Sudah kerjasama BPJS,Patologi Anatomi,RS Umum Daerah Dr. Soebandi,Jawa Timur,Jember,1
RS Umum Daerah Kota Madiun,3577085,Sudah kerjasama BPJS,Patologi Anatomi,RS Umum Daerah Kota Madiun,Jawa Timur,Kota Madiun,1
RS Islam Darus Syifa,3578742,Sudah kerjasama BPJS,Patologi Anatomi,RS Islam Darus Syifa,Jawa Timur,Kota Surabaya,1
RS Islam Garam Kalianget,3529025,Sudah kerjasama BPJS,Patologi Anatomi,RS Islam Garam Kalianget,Jawa Timur,Sumenep,1
RS Islam Masyithoh Bangil,3514025,Sudah kerjasama BPJS,Patologi Anatomi,RS Islam Masyithoh Bangil,Jawa Timur,Pasuruan,1
RS Umum Islam Siti Aisyah,3577074,Sudah kerjasama BPJS,Patologi Anatomi,RS Umum Islam Siti Aisyah,Jawa Timur,Kota Madiun,1
RS Islam Siti Hajar Sidoarjo,3515106,Sudah kerjasama BPJS,Patologi Anatomi,RS Islam Siti Hajar Sidoarjo,Jawa Timur,Sidoarjo,1
RS Muhammadiyah Ahmad Dahlan,3571122,Sudah kerjasama BPJS,Patologi Anatomi,RS Muhammadiyah Ahmad Dahlan,Jawa Timur,Kota Kediri,1
RSPAL dr. Ramelan,3578020,Sudah kerjasama BPJS,Patologi Anatomi,RSPAL dr. Ramelan,Jawa Timur,Kota Surabaya,1
RS Umum Aisyiyah Ponorogo,3502112,Sudah kerjasama BPJS,Patologi Anatomi,RS Umum Aisyiyah Ponorogo,Jawa Timur,Ponorogo,1
RS Umum Aminah Blitar,3572065,Sudah kerjasama BPJS,Patologi Anatomi,RS Umum Aminah Blitar,Jawa Timur,Kota Blitar,1
RS Tk. III Baladhika Husada Jember,3509032,Sudah kerjasama BPJS,Patologi Anatomi,RS Tk. III Baladhika Husada Jember,Jawa Timur,Jember,1
RS Umum dr. H.Koesnadi Bondowoso,3511011,Sudah kerjasama BPJS,Patologi Anatomi,RS Umum dr. H.Koesnadi Bondowoso,Jawa Timur,Bondowoso,1
RS Eka Husada,3525105,Sudah kerjasama BPJS,Patologi Anatomi,RS Eka Husada,Jawa Timur,Gresik,1
RS Kaliwates Jember,3509138,Sudah kerjasama BPJS,Patologi Anatomi,RS Kaliwates Jember,Jawa Timur,Jember,1
RS Umum Karsa Husada Kota Batu,3579030,Sudah kerjasama BPJS,Patologi Anatomi,RS Umum Karsa Husada Kota Batu ,Jawa Timur,Kota Batu,1
RS Umum Daerah Mohammad Noer Pamekasan,3528027,Sudah kerjasama BPJS,Patologi Anatomi,RS Umum Daerah Mohammad Noer Pamekasan,Jawa Timur,Pamekasan,1
RS Umum Muhammadiyah Ponorogo,3502134,Sudah kerjasama BPJS,Patologi Anatomi,RS Umum Muhammadiyah Ponorogo,Jawa Timur,Ponorogo,1
RS Umum Pindad,3507117,Sudah kerjasama BPJS,Patologi Anatomi,RS Umum Pindad,Jawa Timur,Malang,1
RS Umum PKU Muhammadiyah Mojoagung,3517109,Sudah kerjasama BPJS,Patologi Anatomi,RS Umum PKU Muhammadiyah Mojoagung,Jawa Timur,Jombang,1
RS Umum Wonolangan,3513026,Sudah kerjasama BPJS,Patologi Anatomi,RS Umum  Wonolangan,Jawa Timur,Probolinggo,1
RS Umum Universitas Muhammadiyah Malang,3507108,Sudah kerjasama BPJS,Patologi Anatomi,RS Umum Universitas Muhammadiyah Malang,Jawa Timur,Malang,1
RS Umum Daerah Bangil,3514036,Sudah kerjasama BPJS,Patologi Anatomi,RS Umum Daerah Bangil,Jawa Timur,Pasuruan,1
RS Umum Daerah Syarifah Ambami Rato Ebu,3526011,Sudah kerjasama BPJS,Patologi Anatomi,RS Umum Daerah Syarifah Ambami Rato Ebu,Jawa Timur,Bangkalan,1
RS Umum Daerah Bhakti Dharma Husada,3578213,Sudah kerjasama BPJS,Patologi Anatomi,RS Umum Daerah Bhakti Dharma Husada,Jawa Timur,Kota Surabaya,1
RS Umum Daerah Blambangan,3510010,Sudah kerjasama BPJS,Patologi Anatomi,RS Umum Daerah Blambangan,Jawa Timur,Banyuwangi,1
RS Umum Daerah dr. Mohamad Soewandhie,3578571,Sudah kerjasama BPJS,Patologi Anatomi,RS Umum Daerah dr. Mohamad Soewandhie,Jawa Timur,Kota Surabaya,1
RS Umum Daerah Dr. R. Sosodoro Djatikoesoemo,3522014,Sudah kerjasama BPJS,Patologi Anatomi,RS Umum Daerah Dr. R. Sosodoro Djatikoesoemo,Jawa Timur,Bojonegoro,1
RS Umum Daerah Dr. Soegiri Lamongan,3524016,Sudah kerjasama BPJS,Patologi Anatomi,RS Umum Daerah Dr. Soegiri Lamongan,Jawa Timur,Lamongan,1
RS Umum Daerah Dr. Soetomo,3578016,Sudah kerjasama BPJS,Patologi Anatomi,RS Umum Daerah Dr. Soetomo,Jawa Timur,Kota Surabaya,1
RS Umum Daerah dr. Abdoer Rahem Situbondo,3512012,Sudah kerjasama BPJS,Patologi Anatomi,RS Umum Daerah dr. Abdoer Rahem Situbondo,Jawa Timur,Situbondo,1
RS Umum Daerah Dr. H. Slamet Martodirdjo Pamekasan,3528013,Sudah kerjasama BPJS,Patologi Anatomi,RS Umum Daerah Dr. H. Slamet Martodirdjo Pamekasan,Jawa Timur,Pamekasan,1
RS Umum Daerah Dr. Iskak Tulungagung,3504012,Sudah kerjasama BPJS,Patologi Anatomi,RS Umum Daerah Dr. Iskak Tulungagung,Jawa Timur,Tulungagung,1
RS Umum Daerah Dr. Saiful Anwar,3573011,Sudah kerjasama BPJS,Patologi Anatomi,RS Umum Daerah Dr. Saiful Anwar,Jawa Timur,Kota Malang,1
RSUD dr. Wahidin Sudiro Husodo Kota Mojokerto,3576014,Sudah kerjasama BPJS,Patologi Anatomi,RSUD dr. Wahidin Sudiro Husodo Kota Mojokerto,Jawa Timur,Kota Mojokerto,1
RS Umum Daerah Dr. R. Koesma Tuban,3523015,Sudah kerjasama BPJS,Patologi Anatomi,RS Umum Daerah Dr. R. Koesma Tuban,Jawa Timur,Tuban,1
RS Umum Daerah Dr. Soedono Madiun,3577015,Sudah kerjasama BPJS,Patologi Anatomi,RS Umum Daerah Dr. Soedono Madiun,Jawa Timur,Kota Madiun,1
RS Umum Daerah Gambiran,3571016,Sudah kerjasama BPJS,Patologi Anatomi,RS Umum Daerah Gambiran,Jawa Timur,Kota Kediri,1
RS Umum Daerah Genteng,3510043,Sudah kerjasama BPJS,Patologi Anatomi,RS Umum Daerah Genteng,Jawa Timur,Banyuwangi,1
RS Umum Daerah Grati,3514058,Sudah kerjasama BPJS,Patologi Anatomi,RS Umum Daerah Grati,Jawa Timur,Pasuruan,1
RS Umum Daerah Haji Provinsi Jawa Timur,3578523,Sudah kerjasama BPJS,Patologi Anatomi,RS Umum Daerah Haji Provinsi Jawa Timur,Jawa Timur,Kota Surabaya,1
RS Umum Daerah Dr. Harjono S. Kabupaten Ponorogo,3502010,Sudah kerjasama BPJS,Patologi Anatomi,RS Umum Daerah Dr. Harjono S. Kabupaten Ponorogo,Jawa Timur,Ponorogo,1
RS Umum Daerah Ibnu Sina Kab. Gresik,3525010,Sudah kerjasama BPJS,Patologi Anatomi,RS Umum Daerah Ibnu Sina Kab. Gresik,Jawa Timur,Gresik,1
RS Umum Daerah Kab. Jombang,3517010,Sudah kerjasama BPJS,Patologi Anatomi,RS Umum Daerah Kab. Jombang,Jawa Timur,Jombang,1
RS Umum Daerah Kabupaten Kediri,3506014,Sudah kerjasama BPJS,Patologi Anatomi,RS Umum Daerah Kabupaten Kediri,Jawa Timur,Kediri,1
RS Umum Daerah Kanjuruhan Kepanjen Kab. Malang,3507052,Sudah kerjasama BPJS,Patologi Anatomi,RS Umum Daerah Kanjuruhan Kepanjen Kab. Malang,Jawa Timur,Malang,1
RS Umum Daerah Kota Malang,3573258,Sudah kerjasama BPJS,Patologi Anatomi,RS Umum Daerah Kota Malang,Jawa Timur,Kota Malang,1
RS Umum Daerah Mardi Waluyo,3572010,Sudah kerjasama BPJS,Patologi Anatomi,RS Umum Daerah Mardi Waluyo,Jawa Timur,Kota Blitar,1
RS Umum Daerah dr. Mohamad Saleh Kota Probolinggo,3574012,Sudah kerjasama BPJS,Patologi Anatomi,RS Umum Daerah dr. Mohamad Saleh Kota Probolinggo,Jawa Timur,Kota Probolinggo,1
RS Umum Daerah Nganjuk,3518011,Sudah kerjasama BPJS,Patologi Anatomi,RS Umum Daerah Nganjuk,Jawa Timur,Nganjuk,1
RS Umum Daerah Dr. Soeroto Ngawi,3521013,Sudah kerjasama BPJS,Patologi Anatomi,RS Umum Daerah Dr. Soeroto Ngawi,Jawa Timur,Ngawi,1
RS Umum Daerah Ngudi Waluyo Wlingi,3505013,Sudah kerjasama BPJS,Patologi Anatomi,RS Umum Daerah Ngudi Waluyo Wlingi,Jawa Timur,Blitar,1
RS Umum Daerah dr. Darsono,3501016,Sudah kerjasama BPJS,Patologi Anatomi,RS Umum Daerah  dr. Darsono,Jawa Timur,Pacitan,1
RS Umum Daerah Ploso,3517089,Sudah kerjasama BPJS,Patologi Anatomi,RS Umum Daerah Ploso,Jawa Timur,Jombang,1
RS Umum Daerah dr. Mohammad Zyn Kab. Sampang,3527012,Sudah kerjasama BPJS,Patologi Anatomi,RS Umum Daerah dr. Mohammad Zyn Kab. Sampang,Jawa Timur,Sampang,1
RS Umum Daerah Sidoarjo,3515015,Sudah kerjasama BPJS,Patologi Anatomi,RS Umum Daerah Sidoarjo,Jawa Timur,Sidoarjo,1
RS Umum Daerah Simpang Lima Gumul Kediri,3506066,Sudah kerjasama BPJS,Patologi Anatomi,RS Umum Daerah Simpang Lima Gumul Kediri,Jawa Timur,Kediri,1
RS Umum Daerah Sumberrejo,3522047,Sudah kerjasama BPJS,Patologi Anatomi,RS Umum Daerah Sumberrejo,Jawa Timur,Bojonegoro,1
RS Umum Daerah dr. H. Moh. Anwar,3529014,Sudah kerjasama BPJS,Patologi Anatomi,RS Umum Daerah dr. H. Moh. Anwar ,Jawa Timur,Sumenep,1
RS Umum Daerah Waluyo Jati Kraksaan,3513013,Sudah kerjasama BPJS,Patologi Anatomi,RS Umum Daerah Waluyo Jati Kraksaan,Jawa Timur,Probolinggo,1
RS Rizani,3513027,Sudah kerjasama BPJS,Patologi Anatomi,RS Rizani,Jawa Timur,Probolinggo,1
RS Islam Fatimah,3510054,Sudah kerjasama BPJS,Patologi Anatomi,RS Islam Fatimah,Jawa Timur,Banyuwangi,1
RS Umum Lavalette Malang,3573066,Sudah kerjasama BPJS,Patologi Anatomi,RS Umum Lavalette Malang,Jawa Timur,Kota Malang,1
RS Universitas Tanjungpura,6171139,Sudah kerjasama BPJS,Patologi Anatomi,RS Universitas Tanjungpura,Kalimantan Barat,Kota Pontianak,1
RS Islam Yarsi Pontianak,6171113,Sudah kerjasama BPJS,Patologi Anatomi,RS Islam Yarsi Pontianak,Kalimantan Barat,Kota Pontianak,1
RS Umum Daerah Ade Muhammad Djoen Sintang,6107010,Sudah kerjasama BPJS,Patologi Anatomi,RS Umum Daerah Ade Muhammad Djoen Sintang ,Kalimantan Barat,Sintang,1
RS Umum Daerah Dr. Soedarso Pontianak,6171011,Sudah kerjasama BPJS,Patologi Anatomi,RS Umum Daerah Dr. Soedarso Pontianak,Kalimantan Barat,Kota Pontianak,1
RS Umum Daerah Dr. Rubini Mempawah,6104014,Sudah kerjasama BPJS,Patologi Anatomi,RS Umum Daerah Dr. Rubini Mempawah,Kalimantan Barat,Mempawah,1
RS Umum Sari Mulia,6371094,Sudah kerjasama BPJS,Patologi Anatomi,RS Umum Sari Mulia,Kalimantan Selatan,Kota Banjarmasin,1
RS Umum Daerah Dr. H. Moch. Ansari Saleh,6371072,Sudah kerjasama BPJS,Patologi Anatomi,RS Umum Daerah Dr. H. Moch. Ansari Saleh,Kalimantan Selatan,Kota Banjarmasin,1
RS Umum Daerah H. Boejasin Pelaihari,6301013,Sudah kerjasama BPJS,Patologi Anatomi,RS Umum Daerah H. Boejasin Pelaihari,Kalimantan Selatan,Tanah Laut,1
RS Umum Daerah Pangeran Jaya Sumitra,6302014,Sudah kerjasama BPJS,Patologi Anatomi,RS Umum Daerah Pangeran Jaya Sumitra,Kalimantan Selatan,Kota baru,1
RS Umum Daerah Sultan Suriansyah Banjarmasin,6371156,Sudah kerjasama BPJS,Patologi Anatomi,RS Umum Daerah Sultan Suriansyah Banjarmasin,Kalimantan Selatan,Kota Banjarmasin,1
RS Umum Daerah Ulin Banjarmasin,6371013,Sudah kerjasama BPJS,Patologi Anatomi,RS Umum Daerah Ulin Banjarmasin,Kalimantan Selatan,Kota Banjarmasin,1
RS Umum Daerah Brigjed H. Hasan Basry Kandangan,6306011,Sudah kerjasama BPJS,Patologi Anatomi,RS Umum Daerah Brigjed H. Hasan Basry Kandangan,Kalimantan Selatan,Hulu Sungai Selatan,1
RS Umum Daerah Dr Murjani Sampit,6202013,Sudah kerjasama BPJS,Patologi Anatomi,RS Umum Daerah Dr Murjani Sampit,Kalimantan Tengah,Kotawaringin Timur,1
RS Umum Daerah Sultan Imanuddin,6201012,Sudah kerjasama BPJS,Patologi Anatomi,RS Umum Daerah Sultan Imanuddin,Kalimantan Tengah,Kotawaringin Barat,1
RS Umum Daerah Dr. Doris Sylvanus Palangka Raya,6271012,Sudah kerjasama BPJS,Patologi Anatomi,RS Umum Daerah Dr. Doris Sylvanus Palangka Raya,Kalimantan Tengah,Kota Palangka Raya,1
RS Umum Daerah Hanau,6208013,Sudah kerjasama BPJS,Patologi Anatomi,RS Umum Daerah Hanau,Kalimantan Tengah,Seruyan,1
RS Umum Daerah Mas Amsyar Kasongan,6209024,Sudah kerjasama BPJS,Patologi Anatomi,RS Umum Daerah  Mas Amsyar Kasongan,Kalimantan Tengah,Katingan,1
RS Umum Daerah Tamiang Layang,6212020,Sudah kerjasama BPJS,Patologi Anatomi,RS Umum Daerah Tamiang Layang,Kalimantan Tengah,Barito Timur,1
RS Hermina Balikpapan,6471086,Sudah kerjasama BPJS,Patologi Anatomi,RS Hermina Balikpapan,Kalimantan Timur,Kota Balikpapan,1
RS Hermina Samarinda,6472130,Sudah kerjasama BPJS,Patologi Anatomi,RS Hermina Samarinda,Kalimantan Timur,Kota Samarinda,1
RS Medika Utama Permata,6471074,Sudah kerjasama BPJS,Patologi Anatomi,RS Medika Utama Permata,Kalimantan Timur,Kota Balikpapan,1
RS Pupuk Kaltim,6474021,Sudah kerjasama BPJS,Patologi Anatomi,RS Pupuk Kaltim,Kalimantan Timur,Kota Bontang,1
RS Samarinda Medika Citra,6472123,Sudah kerjasama BPJS,Patologi Anatomi,RS Samarinda Medika Citra,Kalimantan Timur,Kota Samarinda,1
RS Siloam Hospitals Balikpapan,6471075,Sudah kerjasama BPJS,Patologi Anatomi,RS Siloam Hospitals Balikpapan,Kalimantan Timur,Kota Balikpapan,1
RS Restu Ibu,6471051,Sudah kerjasama BPJS,Patologi Anatomi,RS Restu Ibu,Kalimantan Timur,Kota Balikpapan,1
RS Tk. II Dr. R. Hardjanto,6471036,Sudah kerjasama BPJS,Patologi Anatomi,RS Tk. II Dr. R. Hardjanto,Kalimantan Timur,Kota Balikpapan,1
RS Umum Daerah Aji Muhammad Parikesit,6403015,Sudah kerjasama BPJS,Patologi Anatomi,RS Umum Daerah Aji Muhammad Parikesit,Kalimantan Timur,Kutai Kartanegara,1
RS Umum Daerah Abdul Wahab Sjahranie,6472015,Sudah kerjasama BPJS,Patologi Anatomi,RS Umum Daerah Abdul Wahab Sjahranie,Kalimantan Timur,Kota Samarinda,1
RS Umum Daerah Aji Batara Agung Dewa Sakti,6403052,Sudah kerjasama BPJS,Patologi Anatomi,RS Umum Daerah Aji Batara Agung Dewa Sakti,Kalimantan Timur,Kutai Kartanegara,1
RS Umum Daerah Beriman,6471079,Sudah kerjasama BPJS,Patologi Anatomi,RS Umum Daerah Beriman,Kalimantan Timur,Kota Balikpapan,1
RS Umum Daerah Inche Abdoel Moeis,6472118,Sudah kerjasama BPJS,Patologi Anatomi,RS Umum Daerah Inche Abdoel Moeis,Kalimantan Timur,Kota Samarinda,1
RS Umum Daerah Dr. Kanujoso Djatiwibowo,6471014,Sudah kerjasama BPJS,Patologi Anatomi,RS Umum Daerah Dr. Kanujoso Djatiwibowo,Kalimantan Timur,Kota Balikpapan,1
RS Umum Daerah Panglima Sebaya,6401014,Sudah kerjasama BPJS,Patologi Anatomi,RS Umum Daerah Panglima Sebaya,Kalimantan Timur,Paser,1
RS Umum Daerah Ratu Aji Putri Botung,6409036,Sudah kerjasama BPJS,Patologi Anatomi,RS Umum Daerah Ratu Aji Putri Botung,Kalimantan Timur,Penajam Paser Utara,1
RS Umum Daerah Taman Husada Bontang,6474032,Sudah kerjasama BPJS,Patologi Anatomi,RS Umum Daerah Taman Husada Bontang,Kalimantan Timur,Kota Bontang,1
RS Umum Daerah dr.H. Jusuf SK,6473016,Sudah kerjasama BPJS,Patologi Anatomi,RS Umum Daerah dr.H. Jusuf SK,Kalimantan Utara,Kota Tarakan,1
RS Umum Daerah Tanjung Selor,6404021,Sudah kerjasama BPJS,Patologi Anatomi,RS Umum Daerah Tanjung Selor,Kalimantan Utara,Bulungan,1
RS Umum Daerah dr. H. Marsidi Judono,1902010,Sudah kerjasama BPJS,Patologi Anatomi,RS Umum Daerah dr. H. Marsidi Judono,Kepulauan Bangka Belitung,Belitung,1
RS Umum Daerah Depati Bahrin,1901016,Sudah kerjasama BPJS,Patologi Anatomi,RS Umum Daerah Depati Bahrin,Kepulauan Bangka Belitung,Bangka,1
RS Umum Daerah Muhammad Zein,1906014,Sudah kerjasama BPJS,Patologi Anatomi,RS Umum Daerah  Muhammad Zein,Kepulauan Bangka Belitung,Belitung Timur,1
RS Umum Daerah Sejiran Setason,1903013,Sudah kerjasama BPJS,Patologi Anatomi,RS Umum Daerah Sejiran Setason,Kepulauan Bangka Belitung,Bangka Barat,1
RS Umum Awal Bros Batam,2071103,Sudah kerjasama BPJS,Patologi Anatomi,RS Umum Awal Bros Batam,Kepulauan Riau,Kota Batam,1
RS Badan Pengusahaan Batam,2071034,Sudah kerjasama BPJS,Patologi Anatomi,RS Badan Pengusahaan Batam,Kepulauan Riau,Kota Batam,1
RS Umum Daerah Embung Fatimah Kota Batam,2071114,Sudah kerjasama BPJS,Patologi Anatomi,RS Umum Daerah Embung Fatimah Kota Batam,Kepulauan Riau,Kota Batam,1
RS Umum Daerah Muhammad Sani Kabupaten Karimun,2001013,Sudah kerjasama BPJS,Patologi Anatomi,RS Umum Daerah Muhammad Sani Kabupaten Karimun,Kepulauan Riau,Karimun,1
RS Umum Daerah Palmatak,2003125,Sudah kerjasama BPJS,Patologi Anatomi,RS Umum Daerah Palmatak,Kepulauan Riau,Kepulauan Anambas,1
RS Umum Daerah Raja Ahmad Tabib,2072002,Sudah kerjasama BPJS,Patologi Anatomi,RS Umum Daerah Raja Ahmad Tabib,Kepulauan Riau,Kota Tanjung Pinang,1
RS Umum Imanuel Way Halim,1871180,Sudah kerjasama BPJS,Patologi Anatomi,RS Umum Imanuel Way Halim,Lampung,Kota Bandar Lampung,1
RS Umum Advent Bandar Lampung,1871282,Sudah kerjasama BPJS,Patologi Anatomi,RS Umum Advent Bandar Lampung,Lampung,Kota Bandar Lampung,1
RS Candimas Medical Center,1806038,Sudah kerjasama BPJS,Patologi Anatomi,RS Candimas Medical Center,Lampung,Lampung Utara,1
RS Umum Mardi Waluyo,1871020,Sudah kerjasama BPJS,Patologi Anatomi,RS Umum  Mardi Waluyo,Lampung,Kota Metro,1
RS Umum Daerah Pringsewu,1803010,Sudah kerjasama BPJS,Patologi Anatomi,RS Umum Daerah Pringsewu,Lampung,Pringsewu,1
RS Umum Urip Sumoharjo,1871405,Sudah kerjasama BPJS,Patologi Anatomi,RS Umum Urip Sumoharjo,Lampung,Kota Bandar Lampung,1
RS Umum Daerah May Jen HM Ryacudu,1806013,Sudah kerjasama BPJS,Patologi Anatomi,RS Umum Daerah May Jen HM Ryacudu,Lampung,Lampung Utara,1
RS Umum Daerah Sukadana,1804011,Sudah kerjasama BPJS,Patologi Anatomi,RS Umum Daerah Sukadana,Lampung,Lampung Timur,1
RS Umum Muhammadiyah Metro,1872042,Sudah kerjasama BPJS,Patologi Anatomi,RS Umum Muhammadiyah Metro,Lampung,Kota Metro,1
RS Umum Daerah Demang Sepulau Raya,1805034,Sudah kerjasama BPJS,Patologi Anatomi,RS Umum Daerah Demang Sepulau Raya,Lampung,Lampung Tengah,1
RS Umum Daerah Ahmad Yani Metro,1872016,Sudah kerjasama BPJS,Patologi Anatomi,RS Umum Daerah Ahmad Yani Metro,Lampung,Kota Metro,1
RS Umum Daerah Dr H Abdul Moeloek,1801017,Sudah kerjasama BPJS,Patologi Anatomi,RS Umum Daerah Dr H Abdul Moeloek,Lampung,Kota Bandar Lampung,1
RS Umum Dr. M. Haulussy Ambon,8171015,Sudah kerjasama BPJS,Patologi Anatomi,RS Umum Dr. M. Haulussy Ambon,Maluku,Kota Ambon,1
RS Umum Daerah Dr. P. P. Magretti Saumlaki,8101063,Sudah kerjasama BPJS,Patologi Anatomi,RS Umum Daerah Dr. P. P. Magretti Saumlaki,Maluku,Maluku Tenggara Barat,1
RS Umum Masohi,8103042,Sudah kerjasama BPJS,Patologi Anatomi,RS Umum Masohi,Maluku,Maluku Tengah,1
RS Umum Daerah Kota Tidore Kepulauan,8202043,Sudah kerjasama BPJS,Patologi Anatomi,RS Umum Daerah Kota Tidore Kepulauan,Maluku Utara,Kota Tidore Kepulauan,1
RS Umum Daerah Dr. H. Chasan Boesoirie Ternate,8271016,Sudah kerjasama BPJS,Patologi Anatomi,RS Umum Daerah Dr. H. Chasan Boesoirie Ternate,Maluku Utara,Kota Ternate,1
RS Umum Daerah Labuha,8204010,Sudah kerjasama BPJS,Patologi Anatomi,RS Umum Daerah  Labuha,Maluku Utara,Halmahera Selatan,1
RS Prima Ternate,8271057,Sudah kerjasama BPJS,Patologi Anatomi,RS Prima Ternate,Maluku Utara,Kota Ternate,1
RS Lotim Medical Center,5203025,Sudah kerjasama BPJS,Patologi Anatomi,RS Lotim Medical Center,Nusa Tenggara Barat,Lombok Timur,1
RS Islam Yatofa,5202022,Sudah kerjasama BPJS,Patologi Anatomi,RS Islam Yatofa,Nusa Tenggara Barat,Lombok Tengah,1
RS Umum Daerah Provinsi NTB,5271010,Sudah kerjasama BPJS,Patologi Anatomi,RS Umum Daerah Provinsi NTB,Nusa Tenggara Barat,Kota Mataram,1
RS Umum Daerah Dr. R. Soedjono Selong,5203012,Sudah kerjasama BPJS,Patologi Anatomi,RS Umum Daerah Dr. R. Soedjono Selong,Nusa Tenggara Barat,Lombok Timur,1
RS Umum Daerah Patut Patuh Patju,5201010,Sudah kerjasama BPJS,Patologi Anatomi,RS Umum Daerah Patut Patuh Patju,Nusa Tenggara Barat,Lombok Barat,1
RS Umum Praya,5202011,Sudah kerjasama BPJS,Patologi Anatomi,RS Umum Praya,Nusa Tenggara Barat,Lombok Tengah,1
RS Umum Sumbawa Besar,5204013,Sudah kerjasama BPJS,Patologi Anatomi,RS Umum Sumbawa Besar,Nusa Tenggara Barat,Sumbawa,1
RS Umum Daerah Kota Mataram,5271087,Sudah kerjasama BPJS,Patologi Anatomi,RS Umum Daerah Kota Mataram,Nusa Tenggara Barat,Kota Mataram,1
RS Bhayangkara,5303033,Sudah kerjasama BPJS,Patologi Anatomi,RS Bhayangkara,Nusa Tenggara Timur,Kota Kupang,1
RS Kartini,5371057,Sudah kerjasama BPJS,Patologi Anatomi,RS Kartini,Nusa Tenggara Timur,Kota Kupang,1
RS St. Carolus Borromeus,5371052,Sudah kerjasama BPJS,Patologi Anatomi,RS St. Carolus Borromeus,Nusa Tenggara Timur,Kota Kupang,1
RS Ibu dan Anak Dedari,5371047,Sudah kerjasama BPJS,Patologi Anatomi,RS Ibu dan Anak Dedari,Nusa Tenggara Timur,Kota Kupang,1
RS Siloam Kupang,5303028,Sudah kerjasama BPJS,Patologi Anatomi,RS Siloam Kupang,Nusa Tenggara Timur,Kota Kupang,1
RS Umum Dr TC Hillers Maumere,5310012,Sudah kerjasama BPJS,Patologi Anatomi,RS Umum Dr TC Hillers Maumere,Nusa Tenggara Timur,Sikka,1
RS Umum Daerah Ende,5311013,Sudah kerjasama BPJS,Patologi Anatomi,RS Umum Daerah Ende,Nusa Tenggara Timur,Ende,1
RS Umum Prof. Dr. WZ Johanes,5371011,Sudah kerjasama BPJS,Patologi Anatomi,RS Umum Prof. Dr. WZ Johanes,Nusa Tenggara Timur,Kota Kupang,1
RS Umum Daerah S. K. Lerik,5303013,Sudah kerjasama BPJS,Patologi Anatomi,RS Umum Daerah S. K. Lerik,Nusa Tenggara Timur,Kota Kupang,1
RS Umum Waikabubak,5301033,Sudah kerjasama BPJS,Patologi Anatomi,RS Umum Waikabubak,Nusa Tenggara Timur,Sumba Barat,1
RS Umum Pusat dr. Ben Mboi,5303056,Sudah kerjasama BPJS,Patologi Anatomi,RS Umum Pusat dr. Ben Mboi,Nusa Tenggara Timur,Kota Kupang,1
RS Tk. III Wirasakti Kupang,5303022,Sudah kerjasama BPJS,Patologi Anatomi,RS Tk. III Wirasakti Kupang,Nusa Tenggara Timur,Kota Kupang,1
RS Umum Jayapura,9271012,Sudah kerjasama BPJS,Patologi Anatomi,RS Umum Jayapura,Papua,Kota Jayapura,1
RS Umum Daerah Scholoo Keyen,9106013,Sudah kerjasama BPJS,Patologi Anatomi,RS Umum Daerah Scholoo Keyen,Papua Barat Daya,Sorong Selatan,1
Aulia Hospital,1471396,Sudah kerjasama BPJS,Patologi Anatomi,Aulia Hospital,Riau,Kota Pekanbaru,1
RS Umum Awal Bros Pekanbaru,1471226,Sudah kerjasama BPJS,Patologi Anatomi,RS Umum  Awal Bros Pekanbaru,Riau,Kota Pekanbaru,1
RS Awal Bros A. Yani,1471384,Sudah kerjasama BPJS,Patologi Anatomi,RS Awal Bros A. Yani,Riau,Kota Pekanbaru,1
RS Umum Awal Bros Panam,1471390,Sudah kerjasama BPJS,Patologi Anatomi,RS Umum  Awal Bros Panam,Riau,Kota Pekanbaru,1
RS Umum Islam Ibnu Sina,1471135,Sudah kerjasama BPJS,Patologi Anatomi,RS Umum  Islam Ibnu Sina,Riau,Kota Pekanbaru,1
RS Angkatan Udara dr. Sukirman Lanud Roesmin Nurjadin,1471215,Sudah kerjasama BPJS,Patologi Anatomi,RS Angkatan Udara dr. Sukirman Lanud Roesmin Nurjadin,Riau,Kota Pekanbaru,1
RS Umum Permata Hati,1408080,Sudah kerjasama BPJS,Patologi Anatomi,RS Umum  Permata Hati,Riau,Bengkalis,1
RS Santa Maria Pekanbaru,1471055,Sudah kerjasama BPJS,Patologi Anatomi,RS Santa Maria Pekanbaru,Riau,Kota Pekanbaru,1
RS Ibu dan Anak Annisa,1471386,Sudah kerjasama BPJS,Patologi Anatomi,RS Ibu dan Anak Annisa,Riau,Kota Pekanbaru,1
RS Umum Daerah Arifin Achmad,1471011,Sudah kerjasama BPJS,Patologi Anatomi,RS Umum Daerah  Arifin Achmad,Riau,Kota Pekanbaru,1
RS Umum Daerah Bangkinang,1406016,Sudah kerjasama BPJS,Patologi Anatomi,RS Umum Daerah  Bangkinang,Riau,Kampar,1
RS Umum Daerah Bengkalis,1408011,Sudah kerjasama BPJS,Patologi Anatomi,RS Umum Daerah  Bengkalis,Riau,Bengkalis,1
RS Umum Daerah Kota Dumai,1473013,Sudah kerjasama BPJS,Patologi Anatomi,RS Umum Daerah  Kota Dumai,Riau,Kota Dumai,1
RS Umum Daerah Indrasari Rengat,1402012,Sudah kerjasama BPJS,Patologi Anatomi,RS Umum Daerah  Indrasari Rengat,Riau,Indragiri Hulu,1
RS Umum Daerah Kec.Mandau,1408032,Sudah kerjasama BPJS,Patologi Anatomi,RS Umum Daerah  Kec.Mandau,Riau,Bengkalis,1
RS Umum Daerah Tengku Rafi'an Siak Sri Indrapura,1405015,Sudah kerjasama BPJS,Patologi Anatomi,RS Umum Daerah Tengku Rafi'an Siak Sri Indrapura,Riau,Siak,1
RS Umum Daerah Hajjah Andi Depu,7602044,Sudah kerjasama BPJS,Patologi Anatomi,RS Umum Daerah Hajjah Andi Depu,Sulawesi Barat,Polewali Mandar,1
RS Umum Pusat Dr. Tadjuddin Chalid Makassar,7371314,Sudah kerjasama BPJS,Patologi Anatomi,RS Umum Pusat Dr. Tadjuddin Chalid Makassar,Sulawesi Selatan,Kota Makassar,1
RS Dr. Hasri Ainun Habibie Parepare,7372078,Sudah kerjasama BPJS,Patologi Anatomi,RS Dr. Hasri Ainun Habibie Parepare,Sulawesi Selatan,Kota Pare-pare,1
RS Hermina Makassar,7371426,Sudah kerjasama BPJS,Patologi Anatomi,RS Hermina Makassar,Sulawesi Selatan,Kota Makassar,1
RS Ibnu Sina YW-UMI Makassar,7371340,Sudah kerjasama BPJS,Patologi Anatomi,RS Ibnu Sina YW-UMI Makassar,Sulawesi Selatan,Kota Makassar,1
RS Umum Sandi Karsa Makassar,7371434,Sudah kerjasama BPJS,Patologi Anatomi,RS Umum Sandi Karsa Makassar,Sulawesi Selatan,Kota Makassar,1
RS Stella Maris,7371063,Sudah kerjasama BPJS,Patologi Anatomi,RS Stella Maris,Sulawesi Selatan,Kota Makassar,1
RS Akademis Jaury,7371052,Sudah kerjasama BPJS,Patologi Anatomi,RS Akademis Jaury,Sulawesi Selatan,Kota Makassar,1
RS Islam Faisal,7371293,Sudah kerjasama BPJS,Patologi Anatomi,RS Islam Faisal,Sulawesi Selatan,Kota Makassar,1
RS Tk. IV 07.07.03 Dr. Sumantri,7372031,Sudah kerjasama BPJS,Patologi Anatomi,RS Tk. IV 07.07.03 Dr. Sumantri,Sulawesi Selatan,Kota Pare-pare,1
RS Ibu dan Anak Amanat,7371430,Sudah kerjasama BPJS,Patologi Anatomi,RS Ibu dan Anak Amanat,Sulawesi Selatan,Kota Makassar,1
RS Ibu dan Anak Sitti Khadijah 1 Muhammadiyah,7371191,Sudah kerjasama BPJS,Patologi Anatomi,RS Ibu dan Anak Sitti Khadijah 1 Muhammadiyah,Sulawesi Selatan,Kota Makassar,1
RS Otak & Jantung Pertamina Royal Biringkanaya,7371449,Sudah kerjasama BPJS,Patologi Anatomi,RS Otak & Jantung Pertamina Royal Biringkanaya,Sulawesi Selatan,Kota Makassar,1
RS Umum Daerah Labuang Baji,7371026,Sudah kerjasama BPJS,Patologi Anatomi,RS Umum Daerah Labuang Baji,Sulawesi Selatan,Kota Makassar,1
RS Umum Yapika,7306059,Sudah kerjasama BPJS,Patologi Anatomi,RS Umum Yapika,Sulawesi Selatan,Gowa,1
RS Umum Daerah Arifin Numang,7314024,Sudah kerjasama BPJS,Patologi Anatomi,RS Umum Daerah Arifin Numang,Sulawesi Selatan,Sidenreng Rappang,1
RS Umum Daerah Andi Makkasau Parepare,7372075,Sudah kerjasama BPJS,Patologi Anatomi,RS Umum Daerah Andi Makkasau Parepare,Sulawesi Selatan,Kota Pare-pare,1
RS Umum Batara Siang,7310016,Sudah kerjasama BPJS,Patologi Anatomi,RS Umum Batara Siang,Sulawesi Selatan,Pangkajene Kepulauan,1
RS Umum Daerah H.A. Sulthan Daeng Radja,7302016,Sudah kerjasama BPJS,Patologi Anatomi,RS Umum Daerah H.A. Sulthan Daeng Radja,Sulawesi Selatan,Bulukumba,1
RS Umum Daerah Haji Makassar,7371362,Sudah kerjasama BPJS,Patologi Anatomi,RS Umum Daerah Haji Makassar,Sulawesi Selatan,Kota Makassar,1
RS Umum Daerah Daya Kota Makassar,7371395,Sudah kerjasama BPJS,Patologi Anatomi,RS Umum Daerah Daya Kota Makassar,Sulawesi Selatan,Kota Makassar,1
RS Umum Daerah La Patarai,7311010,Sudah kerjasama BPJS,Patologi Anatomi,RS Umum Daerah La Patarai,Sulawesi Selatan,Barru,1
RS Umum Daerah Latemmamala Soppeng,7312011,Sudah kerjasama BPJS,Patologi Anatomi,RS Umum Daerah Latemmamala Soppeng,Sulawesi Selatan,Soppeng,1
RS Umum Daerah Massenrempulu Enrekang,7316015,Sudah kerjasama BPJS,Patologi Anatomi,RS Umum Daerah Massenrempulu Enrekang,Sulawesi Selatan,Enrekang,1
RS Umum Daerah H. Padjonga Dg. Ngalle Takalar,7305012,Sudah kerjasama BPJS,Patologi Anatomi,RS Umum Daerah H. Padjonga Dg. Ngalle Takalar,Sulawesi Selatan,Takalar,1
RS Umum Daerah Syehk Yusuf Gowa,7306046,Sudah kerjasama BPJS,Patologi Anatomi,RS Umum Daerah Syehk Yusuf Gowa,Sulawesi Selatan,Gowa,1
RS Umum Daerah Tenriawaru Bone,7308041,Sudah kerjasama BPJS,Patologi Anatomi,RS Umum Daerah Tenriawaru Bone,Sulawesi Selatan,Bone,1
RSUP Dr. Wahidin Sudirohusodo,7371325,Sudah kerjasama BPJS,Patologi Anatomi,RSUP Dr. Wahidin Sudirohusodo,Sulawesi Selatan,Kota Makassar,1
RS Universitas Hasanuddin,7371408,Sudah kerjasama BPJS,Patologi Anatomi,RS Universitas Hasanuddin,Sulawesi Selatan,Kota Makassar,1
RS Siloam Makassar,7371402,Sudah kerjasama BPJS,Patologi Anatomi,RS Siloam Makassar,Sulawesi Selatan,Kota Makassar,1
RS Woodward,7271040,Sudah kerjasama BPJS,Patologi Anatomi,RS Woodward,Sulawesi Tengah,Kota Palu,1
RS Umum Anutapura Palu,7271036,Sudah kerjasama BPJS,Patologi Anatomi,RS Umum Anutapura Palu,Sulawesi Tengah,Kota Palu,1
RS Umum Daerah Kabupaten Banggai,7202015,Sudah kerjasama BPJS,Patologi Anatomi,RS Umum Daerah Kabupaten Banggai ,Sulawesi Tengah,Banggai,1
RS Umum Daerah Tora Belo,7210002,Sudah kerjasama BPJS,Patologi Anatomi,RS Umum Daerah Tora Belo,Sulawesi Tengah,Sigi,1
RS Umum Daerah Undata Palu,7271014,Sudah kerjasama BPJS,Patologi Anatomi,RS Umum Daerah Undata Palu,Sulawesi Tengah,Kota Palu,1
RS Bahteramas Provinsi Sultra,7471011,Sudah kerjasama BPJS,Patologi Anatomi,RS Bahteramas Provinsi Sultra,Sulawesi Tenggara,Kota Kendari,1
RS Umum Aliyah II,7471007,Sudah kerjasama BPJS,Patologi Anatomi,RS Umum Aliyah II,Sulawesi Tenggara,Kota Kendari,1
RS Umum Daerah Kota Kendari,7471092,Sudah kerjasama BPJS,Patologi Anatomi,RS Umum Daerah Kota Kendari,Sulawesi Tenggara,Kota Kendari,1
RS Dr. J. H. Awaloei,7102121,Sudah kerjasama BPJS,Patologi Anatomi,RS Dr. J. H. Awaloei,Sulawesi Utara,Minahasa,1
Sentra Medika Hospital Minahasa Utara,7106020,Sudah kerjasama BPJS,Patologi Anatomi,Sentra Medika Hospital Minahasa Utara,Sulawesi Utara,Minahasa Utara,1
RS TK. II R. W. Mongisidi,7171024,Sudah kerjasama BPJS,Patologi Anatomi,RS TK. II R. W. Mongisidi,Sulawesi Utara,Kota Manado,1
RS Umum Daerah Kota Manado,7171121,Sudah kerjasama BPJS,Patologi Anatomi,RS Umum Daerah Kota Manado,Sulawesi Utara,Kota Manado,1
RS Umum Daerah ODSK,7171103,Sudah kerjasama BPJS,Patologi Anatomi,RS Umum Daerah ODSK,Sulawesi Utara,Kota Manado,1
RSUP Prof. Dr. R. D. Kandou,7171013,Sudah kerjasama BPJS,Patologi Anatomi,RSUP Prof. Dr. R. D. Kandou,Sulawesi Utara,Kota Manado,1
RS Kelas D Pasaman,1309024,Sudah kerjasama BPJS,Patologi Anatomi,RS Kelas D Pasaman,Sumatera Barat,Pasaman,1
RS Umum Daerah Dr. Achmad Mochtar,1375014,Sudah kerjasama BPJS,Patologi Anatomi,RS Umum Daerah Dr. Achmad Mochtar,Sumatera Barat,Kota Bukittinggi,1
RS Islam Ibnu Sina Bukittinggi,1375040,Sudah kerjasama BPJS,Patologi Anatomi,RS Islam Ibnu Sina Bukittinggi,Sumatera Barat,Kota Bukittinggi,1
RS Islam Siti Rahmah,1371456,Sudah kerjasama BPJS,Patologi Anatomi,RS Islam Siti Rahmah,Sumatera Barat,Kota Padang,1
RS Khusus Ibu dan Anak Permata Hati,1302015,Sudah kerjasama BPJS,Patologi Anatomi,RS Khusus Ibu dan Anak Permata Hati,Sumatera Barat,Pesisir Selatan,1
RS Tk. III Reksodiwiryo Padang,1371021,Sudah kerjasama BPJS,Patologi Anatomi,RS Tk. III Reksodiwiryo Padang,Sumatera Barat,Kota Padang,1
RS Umum Bunda Padang,1371446,Sudah kerjasama BPJS,Patologi Anatomi,RS Umum Bunda Padang,Sumatera Barat,Kota Padang,1
RS Umum Daerah Dr. Adnaan WD,1376015,Sudah kerjasama BPJS,Patologi Anatomi,RS Umum Daerah Dr. Adnaan WD,Sumatera Barat,Kota Payakumbuh,1
RS Umum Hermina Padang,1371466,Sudah kerjasama BPJS,Patologi Anatomi,RS Umum Hermina Padang,Sumatera Barat,Kota Padang,1
RS Umum Daerah Lubuk Basung,1308016,Sudah kerjasama BPJS,Patologi Anatomi,RS Umum Daerah Lubuk Basung,Sumatera Barat,Agam,1
RS Umum Daerah Lubuk Sikaping,1309011,Sudah kerjasama BPJS,Patologi Anatomi,RS Umum Daerah Lubuk Sikaping,Sumatera Barat,Pasaman,1
RS Umum Madina,1375051,Sudah kerjasama BPJS,Patologi Anatomi,RS Umum Madina,Sumatera Barat,Kota Bukittinggi,1
RS Umum Daerah Padang Panjang,1374013,Sudah kerjasama BPJS,Patologi Anatomi,RS Umum Daerah Padang Panjang,Sumatera Barat,Kota Padang Panjang,1
RS Umum Daerah Dr. Muhammad Zein Painan,1302011,Sudah kerjasama BPJS,Patologi Anatomi,RS Umum Daerah Dr. Muhammad Zein Painan,Sumatera Barat,Pesisir Selatan,1
RS Umum Daerah Mohammad Natsir,1372011,Sudah kerjasama BPJS,Patologi Anatomi,RS Umum Daerah Mohammad Natsir,Sumatera Barat,Kota Solok,1
RS Umum Daerah Pariaman,1306015,Sudah kerjasama BPJS,Patologi Anatomi,RS Umum Daerah Pariaman,Sumatera Barat,Kota Pariaman,1
RS Umum Daerah Prof. Dr. M.A. Hanafiah,1305014,Sudah kerjasama BPJS,Patologi Anatomi,RS Umum Daerah Prof. Dr. M.A. Hanafiah,Sumatera Barat,Tanah Datar,1
RS Umum Daerah dr. Rasidin Padang,1371444,Sudah kerjasama BPJS,Patologi Anatomi,RS Umum Daerah dr. Rasidin Padang,Sumatera Barat,Kota Padang,1
RSUP Dr. M. Djamil,1371010,Sudah kerjasama BPJS,Patologi Anatomi,RSUP Dr. M. Djamil,Sumatera Barat,Kota Padang,1
RS Umum BKM,1302012,Sudah kerjasama BPJS,Patologi Anatomi,RS Umum BKM,Sumatera Barat,Pesisir Selatan,1
RS Umum Daerah Arosuka Solok,1303023,Sudah kerjasama BPJS,Patologi Anatomi,RS Umum Daerah Arosuka Solok,Sumatera Barat,Solok,1
RS Umum Daerah Muara Labuh,1303012,Sudah kerjasama BPJS,Patologi Anatomi,RS Umum Daerah Muara Labuh,Sumatera Barat,Solok Selatan,1
RS. Universitas Andalas,1371464,Sudah kerjasama BPJS,Patologi Anatomi,RS. Universitas Andalas,Sumatera Barat,Kota Padang,1
RS Umum Semen Padang Hospital,1371305,Sudah kerjasama BPJS,Patologi Anatomi,RS Umum Semen Padang Hospital,Sumatera Barat,Kota Padang,1
RS Umum Ar-Rasyid Palembang,1671343,Sudah kerjasama BPJS,Patologi Anatomi,RS Umum Ar-Rasyid Palembang,Sumatera Selatan,Kota Palembang,1
RS Bhayangkara M. Hasan Palembang,1671331,Sudah kerjasama BPJS,Patologi Anatomi,RS Bhayangkara M. Hasan Palembang,Sumatera Selatan,Kota Palembang,1
RS Tk. IV Lahat,1604020,Sudah kerjasama BPJS,Patologi Anatomi,RS Tk. IV Lahat,Sumatera Selatan,Lahat,1
RS Umum dr. AK. Gani Kota Palembang,1671035,Sudah kerjasama BPJS,Patologi Anatomi,RS Umum dr. AK. Gani Kota Palembang,Sumatera Selatan,Kota Palembang,1
RS Umum Graha Mandiri,1671336,Sudah kerjasama BPJS,Patologi Anatomi,RS Umum Graha Mandiri ,Sumatera Selatan,Kota Palembang,1
RS Hermina OPI Jakabaring,1607014,Sudah kerjasama BPJS,Patologi Anatomi,RS Hermina OPI Jakabaring,Sumatera Selatan,Banyuasin,1
RS Umum Mahyuzahra,1610004,Sudah kerjasama BPJS,Patologi Anatomi,RS Umum Mahyuzahra,Sumatera Selatan,Ogan Ilir,1
RS Muhammadiyah Palembang,1671301,Sudah kerjasama BPJS,Patologi Anatomi,RS Muhammadiyah Palembang,Sumatera Selatan,Kota Palembang,1
RS Umum Pertamina Palembang,1671024,Sudah kerjasama BPJS,Patologi Anatomi,RS Umum Pertamina Palembang,Sumatera Selatan,Kota Palembang,1
RS Umum Santo Antonio Baturaja,1601035,Sudah kerjasama BPJS,Patologi Anatomi,RS Umum Santo Antonio Baturaja,Sumatera Selatan,Ogan Komering Ulu,1
RS Siloam Sriwijaya Palembang,1671335,Sudah kerjasama BPJS,Patologi Anatomi,RS Siloam Sriwijaya Palembang,Sumatera Selatan,Kota Palembang,1
RS AR Bunda Kota Prabumulih,1672074,Sudah kerjasama BPJS,Patologi Anatomi,RS AR Bunda Kota Prabumulih,Sumatera Selatan,Kota Prabumulih,1
RS Pelabuhan Palembang,1671333,Sudah kerjasama BPJS,Patologi Anatomi,RS Pelabuhan Palembang ,Sumatera Selatan,Kota Palembang,1
RS Islam Siti Khadijah,1671083,Sudah kerjasama BPJS,Patologi Anatomi,RS Islam Siti Khadijah,Sumatera Selatan,Kota Palembang,1
RS Ibu dan Anak Mama,1671348,Sudah kerjasama BPJS,Patologi Anatomi,RS Ibu dan Anak Mama,Sumatera Selatan,Kota Palembang,1
RS Umum Daerah Banyuasin,1607012,Sudah kerjasama BPJS,Patologi Anatomi,RS Umum Daerah Banyuasin,Sumatera Selatan,Banyuasin,1
RS Umum Daerah dr. H. M. Rabain Muara Enim,1603063,Sudah kerjasama BPJS,Patologi Anatomi,RS Umum Daerah dr. H. M. Rabain Muara Enim,Sumatera Selatan,Muara Enim,1
RS Umum Daerah Dr. Ibnu Sutowo Baturaja,1601013,Sudah kerjasama BPJS,Patologi Anatomi,RS Umum Daerah Dr. Ibnu Sutowo Baturaja,Sumatera Selatan,Ogan Komering Ulu,1
RS Umum Daerah Kayuagung,1602014,Sudah kerjasama BPJS,Patologi Anatomi,RS Umum Daerah Kayuagung,Sumatera Selatan,Ogan Komering Ilir,1
RS Umum Daerah Lahat,1604016,Sudah kerjasama BPJS,Patologi Anatomi,RS Umum Daerah Lahat,Sumatera Selatan,Lahat,1
RS Umum Daerah Palembang Bari,1671265,Sudah kerjasama BPJS,Patologi Anatomi,RS Umum Daerah Palembang Bari,Sumatera Selatan,Kota Palembang,1
RS Umum Daerah Sekayu,1606011,Sudah kerjasama BPJS,Patologi Anatomi,RS Umum Daerah Sekayu,Sumatera Selatan,Musi Banyuasin,1
RS Umum Daerah Siti Fatimah Provinsi Sumatera Sela,1671347,Sudah kerjasama BPJS,Patologi Anatomi,RS Umum Daerah Siti Fatimah Provinsi Sumatera Sela,Sumatera Selatan,Kota Palembang,1
RS Umum Daerah Sungai Lilin,1606022,Sudah kerjasama BPJS,Patologi Anatomi,RS Umum Daerah Sungai Lilin,Sumatera Selatan,Musi Banyuasin,1
RS Umum Pusat Dr. Mohammad Hoesin Palembang,1671013,Sudah kerjasama BPJS,Patologi Anatomi,RS Umum Pusat Dr. Mohammad Hoesin Palembang,Sumatera Selatan,Kota Palembang,1
RS Umum Daerah Dr. Pirngadi,1275013,Sudah kerjasama BPJS,Patologi Anatomi,RS Umum Daerah Dr. Pirngadi,Sumatera Utara,Kota Medan,1
RS Umum Prima Husada Cipta Medan,1275600,Sudah kerjasama BPJS,Patologi Anatomi,RS Umum Prima Husada Cipta Medan,Sumatera Utara,Kota Medan,1
RS Umum AL Fuadi,1276078,Sudah kerjasama BPJS,Patologi Anatomi,RS Umum AL Fuadi,Sumatera Utara,Kota Binjai,1
RS Umum Artha Medica,1276036,Sudah kerjasama BPJS,Patologi Anatomi,RS Umum Artha Medica,Sumatera Utara,Kota Binjai,1
RS Arun Lhokseumawe,1110053,Sudah kerjasama BPJS,Patologi Anatomi,RS Arun Lhokseumawe,Aceh,Kota Lhokseumawe,1
RS Bhayangkara Tingkat II,1275046,Sudah kerjasama BPJS,Patologi Anatomi,RS Bhayangkara Tingkat II,Sumatera Utara,Kota Medan,1
RS Umum Bina Kasih,1275997,Sudah kerjasama BPJS,Patologi Anatomi,RS Umum Bina Kasih,Sumatera Utara,Kota Medan,1
RS Umum Delia,1213057,Sudah kerjasama BPJS,Patologi Anatomi,RS Umum Delia,Sumatera Utara,Langkat,1
RS Umum Efarina Etaham,1211124,Sudah kerjasama BPJS,Patologi Anatomi,RS Umum Efarina Etaham,Sumatera Utara,Karo,1
RS Efarina Etaham Pematang Siantar,1273119,Sudah kerjasama BPJS,Patologi Anatomi,RS Efarina Etaham Pematang Siantar,Sumatera Utara,Kota Pematang Siantar,1
RS Grandmed,1218158,Sudah kerjasama BPJS,Patologi Anatomi,RS Grandmed ,Sumatera Utara,Deli Serdang,1
RS Umum Melati,1218024,Sudah kerjasama BPJS,Patologi Anatomi,RS Umum Melati ,Sumatera Utara,Serdang Bedagai,1
RS Metta Medika II,1271033,Sudah kerjasama BPJS,Patologi Anatomi,RS Metta Medika II,Sumatera Utara,Kota Sibolga,1
RS Umum Permata Madina Panyabungan,1202028,Sudah kerjasama BPJS,Patologi Anatomi,RS Umum Permata Madina Panyabungan,Sumatera Utara,Mandailing Natal,1
RS Roemani Muhammadiyah Semarang,3374080,Sudah kerjasama BPJS,Patologi Anatomi,RS Roemani Muhammadiyah Semarang,Jawa Tengah,Kota Semarang,1
RS Umum Royal Prima Marelan,1275936,Sudah kerjasama BPJS,Patologi Anatomi,RS Umum Royal Prima Marelan,Sumatera Utara,Kota Medan,1
RS Umum Royal Prima,1275907,Sudah kerjasama BPJS,Patologi Anatomi,RS Umum Royal Prima,Sumatera Utara,Kota Medan,1
RS Umum Santa Elisabeth Medan,1275072,Sudah kerjasama BPJS,Patologi Anatomi,RS Umum Santa Elisabeth Medan,Sumatera Utara,Kota Medan,1
RS Umum Sri Pamela,1274034,Sudah kerjasama BPJS,Patologi Anatomi,RS Umum Sri Pamela,Sumatera Utara,Kota Tebing Tinggi,1
RS Umum Universitas Sumatera Utara,1275913,Sudah kerjasama BPJS,Patologi Anatomi,RS Umum Universitas Sumatera Utara,Sumatera Utara,Kota Medan,1
RS Umum Haji Medan,1275794,Sudah kerjasama BPJS,Patologi Anatomi,RS Umum Haji Medan,Sumatera Utara,Deli Serdang,1
RS Umum Islam Malahayati,1275163,Sudah kerjasama BPJS,Patologi Anatomi,RS Umum Islam Malahayati,Sumatera Utara,Kota Medan,1
RS Umum Pusat H. Adam Malik,1275655,Sudah kerjasama BPJS,Patologi Anatomi,RS Umum Pusat H. Adam Malik,Sumatera Utara,Kota Medan,1
RS Umum Bandung,1275772,Sudah kerjasama BPJS,Patologi Anatomi,RS Umum Bandung,Sumatera Utara,Kota Medan,1
RS Chevani,1274063,Sudah kerjasama BPJS,Patologi Anatomi,RS Chevani,Sumatera Utara,Kota Tebing Tinggi,1
RS Umum Citra Medika,1212179,Sudah kerjasama BPJS,Patologi Anatomi,RS Umum Citra Medika,Sumatera Utara,Deli Serdang,1
RS Umum Eshmun,1275931,Sudah kerjasama BPJS,Patologi Anatomi,RS Umum Eshmun,Sumatera Utara,Kota Medan,1
RS Umum Imelda Pekerja Indonesia,1275622,Sudah kerjasama BPJS,Patologi Anatomi,RS Umum Imelda Pekerja Indonesia,Sumatera Utara,Kota Medan,1
RS Umum Madani,1275909,Sudah kerjasama BPJS,Patologi Anatomi,RS Umum Madani,Sumatera Utara,Kota Medan,1
RS Umum Mitra Medika,1275516,Sudah kerjasama BPJS,Patologi Anatomi,RS Umum Mitra Medika,Sumatera Utara,Kota Medan,1
RS Umum Mitra Sejati,1275298,Sudah kerjasama BPJS,Patologi Anatomi,RS Umum Mitra Sejati,Sumatera Utara,Kota Medan,1
RS Umum Muhammadiyah Sumatera Utara,1275885,Sudah kerjasama BPJS,Patologi Anatomi,RS Umum Muhammadiyah Sumatera Utara,Sumatera Utara,Kota Medan,1
RS Umum Murni Teguh Memorial Hospital,1275889,Sudah kerjasama BPJS,Patologi Anatomi,RS Umum Murni Teguh Memorial Hospital,Sumatera Utara,Kota Medan,1
RS Umum Putri Bidadari,1213059,Sudah kerjasama BPJS,Patologi Anatomi,RS Umum Putri Bidadari,Sumatera Utara,Langkat,1
RS Umum Sembiring Deli Tua,1212045,Sudah kerjasama BPJS,Patologi Anatomi,RS Umum Sembiring Deli Tua,Sumatera Utara,Deli Serdang,1
RS SUFINA AZIZ,1275996,Sudah kerjasama BPJS,Patologi Anatomi,RS SUFINA AZIZ,Sumatera Utara,Kota Medan,1
RS Umum Vina Estetica,1275276,Sudah kerjasama BPJS,Patologi Anatomi,RS Umum Vina Estetica,Sumatera Utara,Kota Medan,1
RS Umum Wulan Windy,1275830,Sudah kerjasama BPJS,Patologi Anatomi,RS Umum Wulan Windy,Sumatera Utara,Kota Medan,1
RS Umum Martha Friska,1275633,Sudah kerjasama BPJS,Patologi Anatomi,RS Umum Martha Friska,Sumatera Utara,Kota Medan,1
RS Umum Daerah Dr. Djasamen Saragih,1273011,Sudah kerjasama BPJS,Patologi Anatomi,RS Umum Daerah Dr. Djasamen Saragih,Sumatera Utara,Kota Pematang Siantar,1
RS Umum Daerah Dr. H. Kumpulan Pane,1274012,Sudah kerjasama BPJS,Patologi Anatomi,RS Umum Daerah Dr. H. Kumpulan Pane,Sumatera Utara,Kota Tebing Tinggi,1
RS Umum Daerah Dr. Tengku Mansyur,1272010,Sudah kerjasama BPJS,Patologi Anatomi,RS Umum Daerah Dr. Tengku Mansyur,Sumatera Utara,Kota Tanjung Balai,1
RS Umum Daerah Drs. H. Amri Tambunan,1212012,Sudah kerjasama BPJS,Patologi Anatomi,RS Umum Daerah Drs. H. Amri Tambunan,Sumatera Utara,Deli Serdang,1
RS Umum Daerah H. Abdul Manan Simatupang,1208016,Sudah kerjasama BPJS,Patologi Anatomi,RS Umum Daerah H. Abdul Manan Simatupang,Sumatera Utara,Asahan,1
RS Umum Daerah Kota Pinang,1222002,Sudah kerjasama BPJS,Patologi Anatomi,RS Umum Daerah Kota Pinang,Sumatera Utara,Labuhan Batu Selatan,1
RS Umum Daerah Padang Sidempuan,1277011,Sudah kerjasama BPJS,Patologi Anatomi,RS Umum Daerah Padang Sidempuan,Sumatera Utara,Kota Padang Sidempuan,1
RS Umum Daerah Pandan,1204056,Sudah kerjasama BPJS,Patologi Anatomi,RS Umum Daerah Pandan,Sumatera Utara,Tapanuli Tengah,1
RS Umum Daerah Rantau Prapat,1207015,Sudah kerjasama BPJS,Patologi Anatomi,RS Umum Daerah Rantau Prapat,Sumatera Utara,Labuhan Batu,1
RS Umum Daerah Tarutung,1205013,Sudah kerjasama BPJS,Patologi Anatomi,RS Umum Daerah Tarutung,Sumatera Utara,Tapanuli Utara,1
RS Umum Daerah Tuan Rondahaim,1209077,Sudah kerjasama BPJS,Patologi Anatomi,RS Umum Daerah Tuan Rondahaim,Sumatera Utara,Simalungun,1
RS Umum Daerah Dr. FL Tobing Sibolga,1271016,Sudah kerjasama BPJS,Patologi Anatomi,RS Umum Daerah Dr. FL Tobing Sibolga,Sumatera Utara,Kota Sibolga,1
RS Umum Daerah Dr. R. M. Djoelham Binjai,1276014,Sudah kerjasama BPJS,Patologi Anatomi,RS Umum Daerah Dr. R. M. Djoelham Binjai,Sumatera Utara,Kota Binjai,1
RS Umum Daerah Sultan Sulaiman Syariful Alamsyah,1218125,Sudah kerjasama BPJS,Patologi Anatomi,RS Umum Daerah Sultan Sulaiman Syariful Alamsyah,Sumatera Utara,Serdang Bedagai,1
RS Tk. IV 01.07.02 Binjai,1276040,Sudah kerjasama BPJS,Patologi Anatomi,RS Tk. IV 01.07.02 Binjai,Sumatera Utara,Kota Binjai,1
RS Tk. II Putri Hijau Medan,1275035,Sudah kerjasama BPJS,Patologi Anatomi,RS Tk. II Putri Hijau Medan,Sumatera Utara,Kota Medan,1
RS Umum Bunga Melati,1174019,Sudah kerjasama BPJS,Patologi Klinik,RS Umum Bunga Melati,Aceh,Kota Lhokseumawe,1
RS Umum Sakinah,1174021,Sudah kerjasama BPJS,Patologi Klinik,RS Umum Sakinah,Aceh,Kota Lhokseumawe,1
RS Umum Bireuen Medical Center,1110101,Sudah kerjasama BPJS,Patologi Klinik,RS Umum Bireuen Medical Center ,Aceh,Bireuen,1
RS Umum Citra Husada,1109029,Sudah kerjasama BPJS,Patologi Klinik,RS Umum Citra Husada,Aceh,Pidie,1
RS Umum Ibnu Sina,1108017,Sudah kerjasama BPJS,Patologi Klinik,RS Umum Ibnu Sina,Aceh,Aceh Besar,1
RS Ibu dan Anak Pemerintah Aceh,1171121,Sudah kerjasama BPJS,Patologi Klinik,RS Ibu dan Anak Pemerintah Aceh,Aceh,Kota Banda Aceh,1
RS Umum Mufid,1109028,Sudah kerjasama BPJS,Patologi Klinik,RS Umum Mufid,Aceh,Pidie,1
RS Umum Pertamedika Ummi Rosnati,1171150,Sudah kerjasama BPJS,Patologi Klinik,RS Umum Pertamedika Ummi Rosnati,Aceh,Kota Banda Aceh,1
RS Umum Prima Inti Medika,1111005,Sudah kerjasama BPJS,Patologi Klinik,RS Umum Prima Inti Medika,Aceh,Aceh Utara,1
RS Umum Telaga Bunda,1110102,Sudah kerjasama BPJS,Patologi Klinik,RS Umum Telaga Bunda,Aceh,Bireuen,1
RS Umum Teungku Fakinah,1171106,Sudah kerjasama BPJS,Patologi Klinik,RS Umum Teungku Fakinah,Aceh,Kota Banda Aceh,1
RS Tk. II Iskandar Muda Banda Aceh,1171026,Sudah kerjasama BPJS,Patologi Klinik,RS Tk. II Iskandar Muda Banda Aceh,Aceh,Kota Banda Aceh,1
RS Tk. IV Lhokseumawe Aceh Utara,1174100,Sudah kerjasama BPJS,Patologi Klinik,RS Tk. IV Lhokseumawe Aceh Utara,Aceh,Kota Lhokseumawe,1
RS Umum PMI,1111018,Sudah kerjasama BPJS,Patologi Klinik,RS Umum PMI Cabang Aceh Utara,Aceh,Kota Lhokseumawe,1
RS Ibu dan Anak ABBY,1174023,Sudah kerjasama BPJS,Patologi Klinik,RS Ibu dan Anak ABBY,Aceh,Kota Lhokseumawe,1
RS Ibu dan Anak Azalia,1117027,Sudah kerjasama BPJS,Patologi Klinik,RS Ibu dan Anak Azalia,Aceh,Bener Meriah,1
RS Ibu dan Anak Cempaka Az Zahra Banda Aceh,1171146,Sudah kerjasama BPJS,Patologi Klinik,RS Ibu dan Anak Cempaka Az Zahra Banda Aceh,Aceh,Kota Banda Aceh,1
RS Ibu dan Anak Keluarga Desa,1104013,Sudah kerjasama BPJS,Patologi Klinik,RS Ibu dan Anak Keluarga Desa,Aceh,Aceh Tenggara,1
RS Umum Az-Zuhra,1174024,Sudah kerjasama BPJS,Patologi Klinik,RS Umum Az-Zuhra,Aceh,Kota Lhokseumawe,1
RS Umum Bidadari Batubara,1219017,Sudah kerjasama BPJS,Patologi Klinik,RS Umum Bidadari Batubara,Sumatera Utara,Batu Bara,1
RS Umum Cut Meutia,1173023,Sudah kerjasama BPJS,Patologi Klinik,RS Umum Cut Meutia,Aceh,Kota Langsa,1
RS Umum Daerah Cut Nyak Dhien,1107014,Sudah kerjasama BPJS,Patologi Klinik,RS Umum Daerah Cut Nyak Dhien,Aceh,Aceh Barat,1
RS Umum Daerah Datu Beru Takengon,1106013,Sudah kerjasama BPJS,Patologi Klinik,RS Umum Daerah Datu Beru Takengon,Aceh,Aceh Tengah,1
RS Umum Fandika,1106014,Sudah kerjasama BPJS,Patologi Klinik,RS Umum Fandika,Aceh,Aceh Tengah,1
RS Umum Jeumpa Hospital,1110104,Sudah kerjasama BPJS,Patologi Klinik,RS Umum Jeumpa Hospital,Aceh,Bireuen,1
RS Umum Metro Medical Center,1174022,Sudah kerjasama BPJS,Patologi Klinik,RS Umum Metro Medical Center,Aceh,Kota Lhokseumawe,1
RS Umum Muhammad Ali Kasim,1113012,Sudah kerjasama BPJS,Patologi Klinik,RS Umum Muhammad Ali Kasim,Aceh,Gayo Lues,1
RS Umum Nurul Hasanah,1104012,Sudah kerjasama BPJS,Patologi Klinik,RS Umum Nurul Hasanah,Aceh,Aceh Tenggara,1
RS Umum Daerah Dr. Fauziah Bireun,1110075,Sudah kerjasama BPJS,Patologi Klinik,RS Umum Daerah Dr. Fauziah Bireun,Aceh,Bireuen,1
RS Umum Daerah Aceh Singkil,1102016,Sudah kerjasama BPJS,Patologi Klinik,RS Umum Daerah Aceh Singkil,Aceh,Aceh Singkil,1
RS Umum Cut Meutia Kab. Aceh Utara,1174016,Sudah kerjasama BPJS,Patologi Klinik,RS Umum Cut Meutia Kab. Aceh Utara,Aceh,Aceh Utara,1
RS Umum Daerah Dr. Zainoel Abidin,1171015,Sudah kerjasama BPJS,Patologi Klinik,RS Umum Daerah  Dr. Zainoel Abidin,Aceh,Kota Banda Aceh,1
RS Umum Daerah dr. Zubir Mahmud,1105056,Sudah kerjasama BPJS,Patologi Klinik,RS Umum Daerah dr. Zubir Mahmud,Aceh,Aceh Timur,1
RS Umum Daerah Dr. H. Yulidin Away,1103010,Sudah kerjasama BPJS,Patologi Klinik,RS Umum Daerah Dr. H. Yulidin Away,Aceh,Aceh Selatan,1
RS Umum Daerah H. Sahudin Kutacane,1104011,Sudah kerjasama BPJS,Patologi Klinik,RS Umum Daerah H. Sahudin Kutacane,Aceh,Aceh Tenggara,1
RS Umum Daerah Tamiang,1114011,Sudah kerjasama BPJS,Patologi Klinik,RS Umum Daerah Tamiang,Aceh,Aceh Tamiang,1
RS Umum Daerah Langsa,1173012,Sudah kerjasama BPJS,Patologi Klinik,RS Umum Daerah Langsa,Aceh,Kota Langsa,1
RS Umum Daerah Meuraxa,1171110,Sudah kerjasama BPJS,Patologi Klinik,RS Umum Daerah Meuraxa,Aceh,Kota Banda Aceh,1
RS Umum Daerah Muyang Kute Redelong Bener Meriah,1117025,Sudah kerjasama BPJS,Patologi Klinik,RS Umum Daerah Muyang Kute Redelong Bener Meriah,Aceh,Bener Meriah,1
RS Umum Daerah Sabang,1172016,Sudah kerjasama BPJS,Patologi Klinik,RS Umum Daerah Sabang,Aceh,Kota Sabang,1
RS Umum Daerah Simeulue,1101015,Sudah kerjasama BPJS,Patologi Klinik,RS Umum Daerah Simeulue,Aceh,Simeulue,1
RS Umum Daerah Kota Subulussalam,1102027,Sudah kerjasama BPJS,Patologi Klinik,RS Umum Daerah Kota Subulussalam,Aceh,Kota Subulussalam,1
RS Umum Daerah Sultan Abdul Aziz Syah Peureulak,1105067,Sudah kerjasama BPJS,Patologi Klinik,RS Umum Daerah Sultan Abdul Aziz Syah Peureulak,Aceh,Aceh Timur,1
RS Umum Daerah Sultan Iskandar Muda Nagan Raya,1115012,Sudah kerjasama BPJS,Patologi Klinik,RS Umum Daerah Sultan Iskandar Muda Nagan Raya,Aceh,Nagan Raya,1
RS Umum Daerah Teuku Umar Kabupaten Aceh Jaya,1116011,Sudah kerjasama BPJS,Patologi Klinik,RS Umum Daerah Teuku Umar Kabupaten Aceh Jaya,Aceh,Aceh Jaya,1
RS Umum Daerah Teungku Peukan,1112011,Sudah kerjasama BPJS,Patologi Klinik,RS Umum Daerah Teungku Peukan,Aceh,Aceh Barat Daya,1
RS Umum Daerah TGK. Abdullah Syafii Beureuneun,1109027,Sudah kerjasama BPJS,Patologi Klinik,RS Umum Daerah TGK. Abdullah Syafii Beureuneun,Aceh,Pidie,1
RS Umum Daerah TGK Chik Ditiro Sigli,1109016,Sudah kerjasama BPJS,Patologi Klinik,RS Umum Daerah TGK Chik Ditiro Sigli,Aceh,Pidie,1
RS Umum Cempaka Lima,1171161,Sudah kerjasama BPJS,Patologi Klinik,RS Umum Cempaka Lima,Aceh,Kota Banda Aceh,1
RS Tingkat IV IM 07.02,1107017,Sudah kerjasama BPJS,Patologi Klinik,RS Tingkat IV IM 07.02,Aceh,Aceh Barat,1
RSUP Prof. Dr. I.G.N.G. Ngoerah,5171016,Sudah kerjasama BPJS,Patologi Klinik,RSUP Prof. Dr. I.G.N.G. Ngoerah,Bali,Kota Denpasar,1
RS Umum Balimed,5171203,Sudah kerjasama BPJS,Patologi Klinik,RS Umum Balimed,Bali,Kota Denpasar,1
RS Umum Bhakti Rahayu Tabanan,5102043,Sudah kerjasama BPJS,Patologi Klinik,RS Umum Bhakti Rahayu Tabanan,Bali,Tabanan,1
RS Umum Surya Husadha,5171086,Sudah kerjasama BPJS,Patologi Klinik,RS Umum Surya Husadha,Bali,Kota Denpasar,1
RS Universitas Udayana,5103040,Sudah kerjasama BPJS,Patologi Klinik,RS Universitas Udayana,Bali,Badung,1
RS Windu Husada,5103053,Sudah kerjasama BPJS,Patologi Klinik,RS Windu Husada,Bali,Badung,1
RS Umum Wisma Prashanti,5102044,Sudah kerjasama BPJS,Patologi Klinik,RS Umum Wisma Prashanti,Bali,Tabanan,1
RS Daerah Mangusada,5103032,Sudah kerjasama BPJS,Patologi Klinik,RS Daerah Mangusada,Bali,Badung,1
RS Ibu dan Anak Cahaya Bunda,5102051,Sudah kerjasama BPJS,Patologi Klinik,RS Ibu dan Anak Cahaya Bunda,Bali,Tabanan,1
RS Ibu dan Anak Puri Bunda,5171215,Sudah kerjasama BPJS,Patologi Klinik,RS Ibu dan Anak Puri Bunda,Bali,Kota Denpasar,1
RS Ibu dan Anak Puri Bunda Tabanan,5102052,Sudah kerjasama BPJS,Patologi Klinik,RS Ibu dan Anak Puri Bunda Tabanan,Bali,Tabanan,1
RS Bali Jimbaran,5103038,Sudah kerjasama BPJS,Patologi Klinik,RS Bali Jimbaran,Bali,Badung,1
RS Umum Balimed Karangasem,5107017,Sudah kerjasama BPJS,Patologi Klinik,RS Umum Balimed Karangasem,Bali,Karangasem,1
RS Umum Balimed Negara,5101055,Sudah kerjasama BPJS,Patologi Klinik,RS Umum Balimed Negara,Bali,Jembrana,1
RS Umum Bunda,5101054,Sudah kerjasama BPJS,Patologi Klinik,RS Umum Bunda,Bali,Jembrana,1
RS Umum Dharma Yadnya,5171122,Sudah kerjasama BPJS,Patologi Klinik,RS Umum Dharma Yadnya,Bali,Kota Denpasar,1
RS Umum Ganesha,5104034,Sudah kerjasama BPJS,Patologi Klinik,RS Umum Ganesha,Bali,Gianyar,1
RS Umum Garba Med,5103041,Sudah kerjasama BPJS,Patologi Klinik,RS Umum Garba Med,Bali,Badung,1
RS Umum Grha Bhakti Medika,5105017,Sudah kerjasama BPJS,Patologi Klinik,RS Umum Grha Bhakti Medika,Bali,Klungkung,1
RS Umum Kasih Ibu Kedonganan,5103033,Sudah kerjasama BPJS,Patologi Klinik,RS Umum Kasih Ibu Kedonganan,Bali,Badung,1
RS Umum Kasih Ibu Tabanan,5102046,Sudah kerjasama BPJS,Patologi Klinik,RS Umum Kasih Ibu Tabanan,Bali,Tabanan,1
RS Umum Kertha Usadha,5108031,Sudah kerjasama BPJS,Patologi Klinik,RS Umum Kertha Usadha,Bali,Buleleng,1
RS Umum Murni Teguh Tuban Bali,5103052,Sudah kerjasama BPJS,Patologi Klinik,RS Umum Murni Teguh Tuban Bali,Bali,Badung,1
RS Umum Daerah Negara,5101016,Sudah kerjasama BPJS,Patologi Klinik,RS Umum Daerah Negara,Bali,Jembrana,1
RS Umum Parama Sidhi,5108064,Sudah kerjasama BPJS,Patologi Klinik,RS Umum Parama Sidhi ,Bali,Buleleng,1
RS Umum Payangan,5104039,Sudah kerjasama BPJS,Patologi Klinik,RS Umum Payangan,Bali,Gianyar,1
RS Umum Premagana,5104023,Sudah kerjasama BPJS,Patologi Klinik,RS Umum Premagana,Bali,Gianyar,1
RS Umum Prima Medika,5171192,Sudah kerjasama BPJS,Patologi Klinik,RS Umum Prima Medika,Bali,Kota Denpasar,1
RS Umum Puri Raharja,5171133,Sudah kerjasama BPJS,Patologi Klinik,RS Umum Puri Raharja,Bali,Kota Denpasar,1
RS Umum Semara Ratih,5102049,Sudah kerjasama BPJS,Patologi Klinik,RS Umum Semara Ratih,Bali,Tabanan,1
RS Umum Surya Husadha Nusa Dua,5103036,Sudah kerjasama BPJS,Patologi Klinik,RS Umum Surya Husadha Nusa Dua,Bali,Badung,1
RS Umum Surya Husadha,5171217,Sudah kerjasama BPJS,Patologi Klinik,RS Umum Surya Husadha,Bali,Kota Denpasar,1
RS umum Karya Dharma Husada,5108042,Sudah kerjasama BPJS,Patologi Klinik,RS umum Karya Dharma Husada,Bali,Buleleng,1
RS Umum Daerah Bali Mandara Provinsi Bali,5171220,Sudah kerjasama BPJS,Patologi Klinik,RS Umum Daerah Bali Mandara Provinsi Bali,Bali,Kota Denpasar,1
RS Umum Daerah Bangli,5106014,Sudah kerjasama BPJS,Patologi Klinik,RS Umum Daerah Bangli,Bali,Bangli,1
RS Umum Daerah Kab. Buleleng,5108016,Sudah kerjasama BPJS,Patologi Klinik,RS Umum Daerah Kab. Buleleng,Bali,Buleleng,1
RS Umum Daerah Gema Santi Nusa Penida,5105016,Sudah kerjasama BPJS,Patologi Klinik,RS Umum Daerah Gema Santi Nusa Penida,Bali,Klungkung,1
RS Umum Daerah Giri Emas,5108079,Sudah kerjasama BPJS,Patologi Klinik,RS Umum Daerah Giri Emas,Bali,Buleleng,1
RS Umum Daerah Karangasem,5107015,Sudah kerjasama BPJS,Patologi Klinik,RS Umum Daerah Karangasem,Bali,Karangasem,1
RS Umum Daerah Klungkung,5105013,Sudah kerjasama BPJS,Patologi Klinik,RS Umum Daerah Klungkung,Bali,Klungkung,1
RS Umum Daerah Sanjiwani Gianyar,5104012,Sudah kerjasama BPJS,Patologi Klinik,RS Umum Daerah Sanjiwani Gianyar,Bali,Gianyar,1
RS Umum Daerah Tabanan,5102010,Sudah kerjasama BPJS,Patologi Klinik,RS Umum Daerah Tabanan,Bali,Tabanan,1
RS Umum Daerah Wangaya,5171020,Sudah kerjasama BPJS,Patologi Klinik,RS Umum Daerah Wangaya,Bali,Kota Denpasar,1
RS Jiwa Provinsi Bali,5106025,Sudah kerjasama BPJS,Patologi Klinik,RS Jiwa Provinsi Bali,Bali,Bangli,1
Brawijaya Hospital Tangerang,3671210,Sudah kerjasama BPJS,Patologi Klinik,Brawijaya Hospital Tangerang,Banten,Kota Tangerang,1
RS Ciputra,3603180,Sudah kerjasama BPJS,Patologi Klinik,RS Ciputra ,Banten,Tangerang,1
Metro Hospitals Cikupa,3603169,Sudah kerjasama BPJS,Patologi Klinik,Metro Hospitals Cikupa,Banten,Tangerang,1
RS Aqidah,3671211,Sudah kerjasama BPJS,Patologi Klinik,RS Aqidah,Banten,Kota Tangerang,1
RS Umum Bhakti Asih,3671146,Sudah kerjasama BPJS,Patologi Klinik,RS Umum Bhakti Asih,Banten,Kota Tangerang,1
RS Bhayangkara Tk. IV Biddokkes Polda Banten,3604053,Sudah kerjasama BPJS,Patologi Klinik,RS Bhayangkara Tk. IV Biddokkes Polda Banten,Banten,Kota Serang,1
RS Buah Hati Ciputat,3674193,Sudah kerjasama BPJS,Patologi Klinik,RS Buah Hati Ciputat,Banten,Kota Tangerang Selatan,1
RS Bunda Sejati,3603188,Sudah kerjasama BPJS,Patologi Klinik,RS Bunda Sejati,Banten,Kota Tangerang,1
RS Cinta Kasih,3674171,Sudah kerjasama BPJS,Patologi Klinik,RS Cinta Kasih,Banten,Kota Tangerang Selatan,1
RS Columbia Asia BSD,3674157,Sudah kerjasama BPJS,Patologi Klinik,RS Columbia Asia BSD,Banten,Kota Tangerang Selatan,1
RS Dinda,3671207,Sudah kerjasama BPJS,Patologi Klinik,RS Dinda,Banten,Kota Tangerang,1
RS EMC Alam Sutera,3603115,Sudah kerjasama BPJS,Patologi Klinik,RS EMC Alam Sutera,Banten,Kota Tangerang Selatan,1
RS EMC Tangerang,3671065,Sudah kerjasama BPJS,Patologi Klinik,RS EMC Tangerang,Banten,Kota Tangerang,1
RS Helsa Ciputat,3674019,Sudah kerjasama BPJS,Patologi Klinik,RS Helsa Ciputat,Banten,Kota Tangerang Selatan,1
RS Umum Hermina Bitung,3603185,Sudah kerjasama BPJS,Patologi Klinik,RS Umum Hermina Bitung,Banten,Tangerang,1
RS Hermina Ciledug,3671202,Sudah kerjasama BPJS,Patologi Klinik,RS Hermina Ciledug,Banten,Kota Tangerang,1
RS Umum Hermina Cilegon,3672052,Sudah kerjasama BPJS,Patologi Klinik,RS Umum Hermina Cilegon,Banten,Kota Cilegon,1
RS Hermina Ciputat,3674007,Sudah kerjasama BPJS,Patologi Klinik,RS Hermina Ciputat,Banten,Kota Tangerang Selatan,1
RS Hermina Ciruas,3604002,Sudah kerjasama BPJS,Patologi Klinik,RS Hermina Ciruas,Banten,Serang,1
RS Hermina Periuk Tangerang,3671225,Sudah kerjasama BPJS,Patologi Klinik,RS Hermina Periuk Tangerang,Banten,Kota Tangerang,1
RS Hermina Serpong,3674014,Sudah kerjasama BPJS,Patologi Klinik,RS Hermina Serpong,Banten,Kota Tangerang Selatan,1
RS Umum Hermina Tangerang,3671136,Sudah kerjasama BPJS,Patologi Klinik,RS Umum Hermina Tangerang,Banten,Kota Tangerang,1
RS Umum Ibunda,3673005,Sudah kerjasama BPJS,Patologi Klinik,RS Umum Ibunda,Banten,Kota Serang,1
RS Ichsan Medical Center,3603082,Sudah kerjasama BPJS,Patologi Klinik,RS Ichsan Medical Center,Banten,Kota Tangerang Selatan,1
RS Islam Asshobirin,3674056,Sudah kerjasama BPJS,Patologi Klinik,RS Islam Asshobirin,Banten,Kota Tangerang Selatan,1
RS Islam Sari Asih Ar-rahmah,3671082,Sudah kerjasama BPJS,Patologi Klinik,RS Islam Sari Asih Ar-rahmah,Banten,Kota Tangerang,1
RS Karang Tengah Medika,3671223,Sudah kerjasama BPJS,Patologi Klinik,RS Karang Tengah Medika,Banten,Kota Tangerang,1
RS Umum Keluarga Kita,3603176,Sudah kerjasama BPJS,Patologi Klinik,RS Umum Keluarga Kita,Banten,Tangerang,1
RS Kurnia Serang,3604047,Sudah kerjasama BPJS,Patologi Klinik,RS Kurnia Serang,Banten,Serang,1
RS Mayapada,3671080,Sudah kerjasama BPJS,Patologi Klinik,RS Mayapada,Banten,Kota Tangerang,1
RS Medika Lestari,3603182,Sudah kerjasama BPJS,Patologi Klinik,RS Medika Lestari,Banten,Kota Tangerang,1
RS Metro Hospitals M. Toha,3671241,Sudah kerjasama BPJS,Patologi Klinik,RS Metro Hospitals M. Toha,Banten,Kota Tangerang,1
RS Misi Lebak,3602022,Sudah kerjasama BPJS,Patologi Klinik,RS Misi Lebak,Banten,Lebak,1
RS Mitra Keluarga Gading Serpong,3603192,Sudah kerjasama BPJS,Patologi Klinik,RS Mitra Keluarga Gading Serpong,Banten,Tangerang,1
RS Mulya,3671135,Sudah kerjasama BPJS,Patologi Klinik,RS Mulya,Banten,Kota Tangerang,1
RS Murni Teguh Ciledug,3671126,Sudah kerjasama BPJS,Patologi Klinik,RS Murni Teguh Ciledug,Banten,Kota Tangerang,1
RS Otika Medika,3604052,Sudah kerjasama BPJS,Patologi Klinik,RS Otika Medika,Banten,Serang,1
RS Permata Pamulang,3674004,Sudah kerjasama BPJS,Patologi Klinik,RS Permata Pamulang,Banten,Kota Tangerang Selatan,1
RS Premier Bintaro,3674102,Sudah kerjasama BPJS,Patologi Klinik,RS Premier Bintaro,Banten,Kota Tangerang Selatan,1
RS Qadr,3603023,Sudah kerjasama BPJS,Patologi Klinik,RS Qadr,Banten,Tangerang,1
RS Sari Asih Ciledug,3671205,Sudah kerjasama BPJS,Patologi Klinik,RS Sari Asih Ciledug,Banten,Kota Tangerang,1
RS Sari Asih Cipondoh,3671224,Sudah kerjasama BPJS,Patologi Klinik,RS Sari Asih Cipondoh,Banten,Kota Tangerang,1
RS Sari Asih Karawaci,3671043,Sudah kerjasama BPJS,Patologi Klinik,RS Sari Asih Karawaci,Banten,Kota Tangerang,1
RS Sari Asih Sangiang,3671209,Sudah kerjasama BPJS,Patologi Klinik,RS Sari Asih Sangiang,Banten,Kota Tangerang,1
RS Sari Asih Serang,3673036,Sudah kerjasama BPJS,Patologi Klinik,RS Sari Asih Serang,Banten,Kota Serang,1
RS Tiara,3671214,Sudah kerjasama BPJS,Patologi Klinik,RS Tiara ,Banten,Kota Tangerang,1
RS Tk. IV Kencana Serang,3604024,Sudah kerjasama BPJS,Patologi Klinik,RS Tk. IV Kencana Serang,Banten,Kota Serang,1
RS UniMedika Sepatan,3603189,Sudah kerjasama BPJS,Patologi Klinik,RS UniMedika Sepatan,Banten,Tangerang,1
RS Sari Asih Ciputat,3674005,Sudah kerjasama BPJS,Patologi Klinik,RS Sari Asih Ciputat,Banten,Kota Tangerang Selatan,1
RS Ibu dan Anak Assyifa,3603186,Sudah kerjasama BPJS,Patologi Klinik,RS Ibu dan Anak Assyifa ,Banten,Kota Tangerang,1
RS Ibu dan Anak Buah Hati Pamulang,3674013,Sudah kerjasama BPJS,Patologi Klinik,RS Ibu dan Anak Buah Hati Pamulang,Banten,Kota Tangerang Selatan,1
RS Ibu dan Anak Bunda Sejahtera,3603178,Sudah kerjasama BPJS,Patologi Klinik,RS Ibu dan Anak Bunda Sejahtera,Banten,Tangerang,1
RS Ibu dan Anak Gebang Medika,3671219,Sudah kerjasama BPJS,Patologi Klinik,RS Ibu dan Anak Gebang Medika,Banten,Kota Tangerang,1
RS Ibu dan Anak Harapan Mulia,3603173,Sudah kerjasama BPJS,Patologi Klinik,RS Ibu dan Anak Harapan Mulia,Banten,Tangerang,1
RS Ibu dan Anak Ilanur,3603190,Sudah kerjasama BPJS,Patologi Klinik,RS Ibu dan Anak Ilanur,Banten,Tangerang,1
RS Ibu dan Anak Karunia Bunda,3671217,Sudah kerjasama BPJS,Patologi Klinik,RS Ibu dan Anak Karunia Bunda,Banten,Kota Tangerang,1
RS Ibu dan Anak Permata Dalima,3603093,Sudah kerjasama BPJS,Patologi Klinik,RS Ibu dan Anak Permata Dalima,Banten,Kota Tangerang Selatan,1
RS Ibu dan Anak Permata Sarana Husada,3674003,Sudah kerjasama BPJS,Patologi Klinik,RS Ibu dan Anak Permata Sarana Husada,Banten,Kota Tangerang Selatan,1
RS Ibu dan Anak PKU Muhammadiyah Cipondoh,3671218,Sudah kerjasama BPJS,Patologi Klinik,RS Ibu dan Anak PKU Muhammadiyah Cipondoh,Banten,Kota Tangerang,1
RS Ibu dan Anak Pratiwi,3671221,Sudah kerjasama BPJS,Patologi Klinik,RS Ibu dan Anak Pratiwi,Banten,Kota Tangerang,1
RS Ibu dan Anak Selaras,3603104,Sudah kerjasama BPJS,Patologi Klinik,RS Ibu dan Anak Selaras,Banten,Tangerang,1
RS Ibu dan Anak Tiara,3603146,Sudah kerjasama BPJS,Patologi Klinik,RS Ibu dan Anak Tiara,Banten,Tangerang,1
RS Ibu dan Anak Vitalaya,3674015,Sudah kerjasama BPJS,Patologi Klinik,RS Ibu dan Anak Vitalaya ,Banten,Kota Tangerang Selatan,1
RS An-Nisa,3671076,Sudah kerjasama BPJS,Patologi Klinik,RS An-Nisa ,Banten,Kota Tangerang,1
RS Kurnia,3672034,Sudah kerjasama BPJS,Patologi Klinik,RS Kurnia,Banten,Kota Cilegon,1
RS Umum Daerah Dr. Adjidarmo,3602011,Sudah kerjasama BPJS,Patologi Klinik,RS Umum Daerah Dr. Adjidarmo,Banten,Lebak,1
RS Umum Daerah Kota Tangerang Selatan,3674168,Sudah kerjasama BPJS,Patologi Klinik,RS Umum Daerah Kota Tangerang Selatan,Banten,Kota Tangerang Selatan,1
RS Umum Daerah dr. Drajat Prawiranegara,3604013,Sudah kerjasama BPJS,Patologi Klinik,RS Umum Daerah dr. Drajat Prawiranegara ,Banten,Serang,1
RS Umum Daerah Kabupaten Tangerang,3603010,Sudah kerjasama BPJS,Patologi Klinik,RS Umum Daerah Kabupaten Tangerang,Banten,Tangerang,1
RS Umum Daerah Kota Tangerang,3671208,Sudah kerjasama BPJS,Patologi Klinik,RS Umum Daerah Kota Tangerang,Banten,Kota Tangerang,1
RS Umum Daerah Pakuhaji,3603191,Sudah kerjasama BPJS,Patologi Klinik,RS Umum Daerah Pakuhaji,Banten,Tangerang,1
RS Umum Daerah Serpong Utara,3674022,Sudah kerjasama BPJS,Patologi Klinik,RS Umum Daerah Serpong Utara,Banten,Kota Tangerang Selatan,1
RSUP Dr. Sitanala Tangerang,3671032,Sudah kerjasama BPJS,Patologi Klinik,RSUP Dr. Sitanala Tangerang,Banten,Kota Tangerang,1
RS Rumah Indonesia Sehat,3671216,Sudah kerjasama BPJS,Patologi Klinik,RS Rumah Indonesia Sehat,Banten,Kota Tangerang Selatan,1
RS Umum BUN,3603183,Sudah kerjasama BPJS,Patologi Klinik,RS Umum BUN,Banten,Tangerang,1
RS Kartini,3602012,Sudah kerjasama BPJS,Patologi Klinik,RS Kartini,Banten,Lebak,1
RS Mitra Husada,3671179,Sudah kerjasama BPJS,Patologi Klinik,RS Mitra Husada,Banten,Tangerang,1
RS Primaya,3671203,Sudah kerjasama BPJS,Patologi Klinik,RS Primaya,Banten,Kota Tangerang,1
RS Suci Paramita,3603168,Sudah kerjasama BPJS,Patologi Klinik,RS Suci Paramita,Banten,Tangerang,1
RS Umum Daerah Banten,3673004,Belum kerjasama BPJS,Patologi Klinik,RS Umum Daerah Banten,Banten,Kota Serang,0
RS Umum Daerah Kota Cilegon,3672022,Belum kerjasama BPJS,Patologi Klinik,RS Umum Daerah Kota Cilegon,Banten,Kota Cilegon,0
RS Siloam Hospitals Kelapa Dua,3603193,Belum kerjasama BPJS,Patologi Klinik,RS Siloam Hospitals Kelapa Dua,Banten,Tangerang,0
RS Siloam Hospitals Lippo Village,3671054,Belum kerjasama BPJS,Patologi Klinik,RS Siloam Hospitals Lippo Village,Banten,Tangerang,0
Charitas Hospital Arga Makmur,1703045,Belum kerjasama BPJS,Patologi Klinik,Charitas Hospital Arga Makmur,Bengkulu,Bengkulu Utara,0
RS An-Nissa,1702035,Belum kerjasama BPJS,Patologi Klinik,RS An-Nissa,Bengkulu,Rejang Lebong,0
RS Gading Medika,1771009,Belum kerjasama BPJS,Patologi Klinik,RS Gading Medika,Bengkulu,Kota Bengkulu,0
RS Rafflesia Bengkulu,1771036,Belum kerjasama BPJS,Patologi Klinik,RS Rafflesia Bengkulu,Bengkulu,Kota Bengkulu,0
RS Ibu dan Anak AL-Barra,1706020,Belum kerjasama BPJS,Patologi Klinik,RS Ibu dan Anak AL-Barra,Bengkulu,Muko Muko,0
RS Tiara Sella,1771062,Belum kerjasama BPJS,Patologi Klinik,RS Tiara Sella,Bengkulu,Kota Bengkulu,0
RS Umum Daerah Arga Makmur,1703016,Belum kerjasama BPJS,Patologi Klinik,RS Umum Daerah Arga Makmur,Bengkulu,Bengkulu Utara,0
RS Umum Daerah Bengkulu Tengah,1709038,Belum kerjasama BPJS,Patologi Klinik,RS Umum Daerah Bengkulu Tengah,Bengkulu,Bengkulu Tengah,0
RS Umum Daerah Dr. M. Yunus Bengkulu,1771014,Belum kerjasama BPJS,Patologi Klinik,RS Umum Daerah Dr. M. Yunus Bengkulu,Bengkulu,Kota Bengkulu,0
RS Umum Daerah Harapan dan Doa,1771002,Belum kerjasama BPJS,Patologi Klinik,RS Umum Daerah Harapan dan Doa,Bengkulu,Kota Bengkulu,0
RS Umum Daerah Hasanuddin Damrah Manna,1701014,Belum kerjasama BPJS,Patologi Klinik,RS Umum Daerah Hasanuddin Damrah Manna,Bengkulu,Bengkulu Selatan,0
RS Umum Daerah Kabupaten Rejang Lebong,1702015,Belum kerjasama BPJS,Patologi Klinik,RS Umum Daerah Kabupaten Rejang Lebong,Bengkulu,Rejang Lebong,0
RS Umum Daerah Kaur,1704028,Belum kerjasama BPJS,Patologi Klinik,RS Umum Daerah Kaur,Bengkulu,Kaur,0
RS Umum Daerah Kepahiang,1708010,Belum kerjasama BPJS,Patologi Klinik,RS Umum Daerah Kepahiang,Bengkulu,Kepahiang,0
RS Umum Daerah Mukomuko,1706019,Belum kerjasama BPJS,Patologi Klinik,RS Umum Daerah Mukomuko,Bengkulu,Muko Muko,0
RS Umum Daerah Tais Kabupaten Seluma,1705018,Belum kerjasama BPJS,Patologi Klinik,RS Umum Daerah Tais Kabupaten Seluma,Bengkulu,Seluma,0
RS Assalam,1702047,Belum kerjasama BPJS,Patologi Klinik,RS Assalam,Bengkulu,Rejang Lebong,0
Charitas Hospital Klepu,3404033,Belum kerjasama BPJS,Patologi Klinik,Charitas Hospital Klepu,DI Yogyakarta,Sleman,0
RS Akademik Universitas Gadjah Mada,3404189,Belum kerjasama BPJS,Patologi Klinik,RS Akademik Universitas Gadjah Mada,DI Yogyakarta,Sleman,0
RS Bethesda Lempuyangwangi,3471336,Belum kerjasama BPJS,Patologi Klinik,RS Bethesda Lempuyangwangi,DI Yogyakarta,Kota Yogyakarta,0
RS Bethesda Yogyakarta,3471063,Belum kerjasama BPJS,Patologi Klinik,RS Bethesda Yogyakarta,DI Yogyakarta,Kota Yogyakarta,0
RS Umum Condong Catur,3404081,Belum kerjasama BPJS,Patologi Klinik,RS Umum Condong Catur ,DI Yogyakarta,Sleman,0
RS Happy Land Medical Centre,3471373,Belum kerjasama BPJS,Patologi Klinik,RS Happy Land Medical Centre,DI Yogyakarta,Kota Yogyakarta,0
RS Umum Hermina Yogya,3404193,Belum kerjasama BPJS,Patologi Klinik,RS Umum Hermina Yogya,DI Yogyakarta,Sleman,0
RS Mata Dr. Yap,3471096,Sudah kerjasama BPJS,Patologi Klinik,RS  Mata Dr. Yap,DI Yogyakarta,Kota Yogyakarta,1
RS Umum Permata Husada,3402075,Sudah kerjasama BPJS,Patologi Klinik,RS Umum Permata Husada,DI Yogyakarta,Bantul,1
RS Umum PKU Muhammadiyah Gamping,3404183,Sudah kerjasama BPJS,Patologi Klinik,RS Umum PKU Muhammadiyah Gamping,DI Yogyakarta,Sleman,1
RS Umum PKU Muhammadiyah Wonosari,3403024,Sudah kerjasama BPJS,Patologi Klinik,RS Umum PKU Muhammadiyah Wonosari,DI Yogyakarta,Gunung Kidul,1
RS PKU Muhammadiyah Yogyakarta,3471041,Sudah kerjasama BPJS,Patologi Klinik,RS PKU Muhammadiyah Yogyakarta,DI Yogyakarta,Kota Yogyakarta,1
RS Pratama Kota Yogyakarta,3471377,Sudah kerjasama BPJS,Patologi Klinik,RS Pratama Kota Yogyakarta,DI Yogyakarta,Kota Yogyakarta,1
RS Rajawali Citra,3402086,Sudah kerjasama BPJS,Patologi Klinik,RS Rajawali Citra ,DI Yogyakarta,Bantul,1
RS Siloam Yogyakarta,3471380,Sudah kerjasama BPJS,Patologi Klinik,RS Siloam Yogyakarta,DI Yogyakarta,Kota Yogyakarta,1
RS Tk. III 04.06.03 Dr. Soetarto,3471030,Sudah kerjasama BPJS,Patologi Klinik,RS Tk. III 04.06.03 Dr. Soetarto,DI Yogyakarta,Kota Yogyakarta,1
RS Universitas Ahmad Dahlan,3404191,Sudah kerjasama BPJS,Patologi Klinik,RS Universitas Ahmad Dahlan,DI Yogyakarta,Sleman,1
RS Universitas Islam Indonesia,3402084,Sudah kerjasama BPJS,Patologi Klinik,RS Universitas Islam Indonesia,DI Yogyakarta,Bantul,1
RS Islam Yayasan PDHI,3404146,Sudah kerjasama BPJS,Patologi Klinik,RS Islam Yayasan PDHI,DI Yogyakarta,Sleman,1
RS Jiwa Grhasia,3404022,Sudah kerjasama BPJS,Patologi Klinik,RS Jiwa Grhasia,DI Yogyakarta,Sleman,1
RS Khusus Bedah Ring Road Selatan,3402076,Sudah kerjasama BPJS,Patologi Klinik,RS Khusus Bedah Ring Road Selatan,DI Yogyakarta,Bantul,1
RS Khusus Ibu dan Anak PKU Muhammadiyah Kotagede,3471107,Sudah kerjasama BPJS,Patologi Klinik,RS Khusus Ibu dan Anak  PKU Muhammadiyah Kotagede ,DI Yogyakarta,Kota Yogyakarta,1
RS Khusus Ibu Anak Sadewa,3404187,Sudah kerjasama BPJS,Patologi Klinik,RS Khusus Ibu Anak Sadewa,DI Yogyakarta,Sleman,1
RSPAU Dr. Suhardi Harjolukito,3471074,Sudah kerjasama BPJS,Patologi Klinik,RSPAU Dr.  Suhardi Harjolukito,DI Yogyakarta,Bantul,1
RS At-Turots Al-Islamy,3404181,Sudah kerjasama BPJS,Patologi Klinik,RS At-Turots Al-Islamy,DI Yogyakarta,Sleman,1
RS Umum Bhayangkara POLDA DIY,3404184,Sudah kerjasama BPJS,Patologi Klinik,RS Umum Bhayangkara POLDA DIY,DI Yogyakarta,Sleman,1
RS Umum Griya Mahardika Yogyakarta,3402077,Sudah kerjasama BPJS,Patologi Klinik,RS Umum Griya Mahardika Yogyakarta,DI Yogyakarta,Bantul,1
RS Umum Mitra Paramedika,3404179,Sudah kerjasama BPJS,Patologi Klinik,RS Umum Mitra Paramedika,DI Yogyakarta,Sleman,1
RS Umum Queen Latifa,3401058,Sudah kerjasama BPJS,Patologi Klinik,RS Umum Queen Latifa,DI Yogyakarta,Kulon Progo,1
RS Umum Daerah Kota Yogyakarta,3471234,Sudah kerjasama BPJS,Patologi Klinik,RS Umum Daerah Kota Yogyakarta,DI Yogyakarta,Kota Yogyakarta,1
RS Umum Daerah Nyi Ageng Serang,3401052,Sudah kerjasama BPJS,Patologi Klinik,RS Umum Daerah Nyi Ageng Serang,DI Yogyakarta,Kulon Progo,1
RS Umum Daerah Panembahan Senopati,3402016,Sudah kerjasama BPJS,Patologi Klinik,RS Umum Daerah Panembahan Senopati,DI Yogyakarta,Bantul,1
RS Umum Daerah Saptosari,3403027,Sudah kerjasama BPJS,Patologi Klinik,RS Umum Daerah Saptosari,DI Yogyakarta,Gunung Kidul,1
RS Umum Daerah Saras Adyatma,3402097,Sudah kerjasama BPJS,Patologi Klinik,RS Umum Daerah Saras Adyatma,DI Yogyakarta,Bantul,1
RS Umum Daerah Sleman,3404011,Sudah kerjasama BPJS,Patologi Klinik,RS Umum Daerah Sleman,DI Yogyakarta,Sleman,1
RS Umum Daerah Wates,3401015,Sudah kerjasama BPJS,Patologi Klinik,RS Umum Daerah Wates,DI Yogyakarta,Kulon Progo,1
RS Umum Daerah Wonosari,3403010,Sudah kerjasama BPJS,Patologi Klinik,RS Umum Daerah Wonosari,DI Yogyakarta,Gunung Kidul,1
RSUP Dr. Sardjito,3404015,Sudah kerjasama BPJS,Patologi Klinik,RSUP Dr. Sardjito,DI Yogyakarta,Sleman,1
RS Islam Gunungkidul,3403038,Sudah kerjasama BPJS,Patologi Klinik,RS Islam Gunungkidul,DI Yogyakarta,Gunung Kidul,1
RS Ludira Husada Tama,3471282,Sudah kerjasama BPJS,Patologi Klinik,RS Ludira Husada Tama,DI Yogyakarta,Kota Yogyakarta,1
RS Umum Nur Hidayah,3402053,Sudah kerjasama BPJS,Patologi Klinik,RS Umum Nur Hidayah,DI Yogyakarta,Bantul,1
RS Umum Nur Rohmah,3403021,Sudah kerjasama BPJS,Patologi Klinik,RS Umum Nur Rohmah,DI Yogyakarta,Gunung Kidul,1
RS Umum Panti Rahayu,3403023,Sudah kerjasama BPJS,Patologi Klinik,RS Umum Panti Rahayu,DI Yogyakarta,Gunung Kidul,1
RS Umum Panti Rapih,3471052,Sudah kerjasama BPJS,Patologi Klinik,RS Umum Panti Rapih,DI Yogyakarta,Kota Yogyakarta,1
RS Paru Respira,3471121,Sudah kerjasama BPJS,Patologi Klinik,RS Paru Respira,DI Yogyakarta,Bantul,1
RS Umum Santa Elisabeth,3402020,Sudah kerjasama BPJS,Patologi Klinik,RS Umum Santa Elisabeth,DI Yogyakarta,Bantul,1
RS Umum Harapan Jayakarta,3172531,Sudah kerjasama BPJS,Patologi Klinik,RS Umum Harapan Jayakarta,DKI Jakarta,Kota Jakarta Timur,1
RS Ketergantungan Obat,3171435,Sudah kerjasama BPJS,Patologi Klinik,RS Ketergantungan Obat,DKI Jakarta,Kota Jakarta Timur,1
RS Khusus Bedah Rawamangun,3172301,Sudah kerjasama BPJS,Patologi Klinik,RS Khusus Bedah Rawamangun,DKI Jakarta,Kota Jakarta Timur,1
RS Ibu dan Anak Resti Mulya,3172750,Sudah kerjasama BPJS,Patologi Klinik,RS Ibu dan Anak Resti Mulya,DKI Jakarta,Kota Jakarta Timur,1
RS Umum Agung,3171632,Sudah kerjasama BPJS,Patologi Klinik,RS Umum Agung,DKI Jakarta,Kota Jakarta Selatan,1
RS Umum Ali Sibroh Malisi,3171798,Sudah kerjasama BPJS,Patologi Klinik,RS Umum Ali Sibroh Malisi,DKI Jakarta,Kota Jakarta Selatan,1
RS Umum Andhika,3171782,Sudah kerjasama BPJS,Patologi Klinik,RS Umum Andhika,DKI Jakarta,Kota Jakarta Selatan,1
RS Umum Akademik Atma Jaya,3175031,Sudah kerjasama BPJS,Patologi Klinik,RS Umum Akademik Atma Jaya,DKI Jakarta,Kota Jakarta Utara,1
RS Umum Aulia,3171746,Sudah kerjasama BPJS,Patologi Klinik,RS Umum Aulia,DKI Jakarta,Kota Jakarta Selatan,1
RS Umum Bhakti Mulia,3174030,Sudah kerjasama BPJS,Patologi Klinik,RS Umum Bhakti Mulia,DKI Jakarta,Kota Jakarta Barat,1
RS Umum Bhayangkara Lemdiklat Polri,3171785,Sudah kerjasama BPJS,Patologi Klinik,RS Umum Bhayangkara Lemdiklat Polri,DKI Jakarta,Kota Jakarta Selatan,1
RS Umum Budi Kemuliaan,3173105,Sudah kerjasama BPJS,Patologi Klinik,RS Umum Budi Kemuliaan,DKI Jakarta,Kota Jakarta Pusat,1
RS Umum Cinta Kasih Tzu Chi,3174453,Sudah kerjasama BPJS,Patologi Klinik,RS Umum Cinta Kasih Tzu Chi,DKI Jakarta,Kota Jakarta Barat,1
RS Umum dr Abdul Radjak Cengkareng,3174542,Sudah kerjasama BPJS,Patologi Klinik,RS Umum dr Abdul Radjak Cengkareng,DKI Jakarta,Kota Jakarta Barat,1
RS Umum Duta Indah,3175411,Sudah kerjasama BPJS,Patologi Klinik,RS Umum Duta Indah,DKI Jakarta,Kota Jakarta Utara,1
RS Umum Medika Permata Hijau,3174420,Sudah kerjasama BPJS,Patologi Klinik,RS Umum Medika Permata Hijau,DKI Jakarta,Kota Jakarta Barat,1
RS EMC Pulomas,3172495,Sudah kerjasama BPJS,Patologi Klinik,RS EMC Pulomas,DKI Jakarta,Kota Jakarta Timur,1
RS Umum Harum,3172520,Sudah kerjasama BPJS,Patologi Klinik,RS Umum Harum,DKI Jakarta,Kota Jakarta Timur,1
RS Umum Hermina Daan Mogot,3174431,Sudah kerjasama BPJS,Patologi Klinik,RS Umum Hermina Daan Mogot,DKI Jakarta,Kota Jakarta Barat,1
RS Umum Hermina Kemayoran,3173706,Sudah kerjasama BPJS,Patologi Klinik,RS Umum Hermina Kemayoran,DKI Jakarta,Kota Jakarta Pusat,1
RS Umum Hermina Podomoro,3175304,Sudah kerjasama BPJS,Patologi Klinik,RS Umum Hermina Podomoro,DKI Jakarta,Kota Jakarta Utara,1
RS Umum Husada,3173040,Sudah kerjasama BPJS,Patologi Klinik,RS Umum Husada,DKI Jakarta,Kota Jakarta Pusat,1
RS Islam Jakarta Cempaka Putih,3173073,Sudah kerjasama BPJS,Patologi Klinik,RS Islam Jakarta Cempaka Putih,DKI Jakarta,Kota Jakarta Pusat,1
RS Islam Jakarta Sukapura,3175326,Sudah kerjasama BPJS,Patologi Klinik,RS Islam Jakarta Sukapura,DKI Jakarta,Kota Jakarta Utara,1
RS Umum Jakarta,3171045,Sudah kerjasama BPJS,Patologi Klinik,RS Umum Jakarta,DKI Jakarta,Kota Jakarta Selatan,1
RS Jantung Jakarta,3172755,Sudah kerjasama BPJS,Patologi Klinik,RS Jantung Jakarta,DKI Jakarta,Kota Jakarta Timur,1
RS Kanker Dharmais,3174063,Sudah kerjasama BPJS,Patologi Klinik,RS Kanker Dharmais,DKI Jakarta,Kota Jakarta Barat,1
RS Umum Kartika Pulo Mas,3172516,Sudah kerjasama BPJS,Patologi Klinik,RS Umum Kartika Pulo Mas,DKI Jakarta,Kota Jakarta Timur,1
RS Umum Kramat 128,3173580,Sudah kerjasama BPJS,Patologi Klinik,RS Umum Kramat 128,DKI Jakarta,Kota Jakarta Pusat,1
RS Tk. II M. Ridwan Meuraksa,3173084,Sudah kerjasama BPJS,Patologi Klinik,RS Tk. II M. Ridwan Meuraksa,DKI Jakarta,Kota Jakarta Timur,1
RS Umum AL Cilandak,3171034,Sudah kerjasama BPJS,Patologi Klinik,RS Umum AL Cilandak,DKI Jakarta,Kota Jakarta Selatan,1
RS Umum Mayapada,3171786,Sudah kerjasama BPJS,Patologi Klinik,RS Umum Mayapada,DKI Jakarta,Kota Jakarta Selatan,1
RS Menteng Mitra Afia,3173645,Sudah kerjasama BPJS,Patologi Klinik,RS Menteng Mitra Afia,DKI Jakarta,Kota Jakarta Pusat,1
RS Muhammadiyah Taman Puring,3171781,Sudah kerjasama BPJS,Patologi Klinik,RS Muhammadiyah Taman Puring,DKI Jakarta,Kota Jakarta Selatan,1
RS Umum Murni Teguh Sudirman Jakarta,3171768,Sudah kerjasama BPJS,Patologi Klinik,RS Umum Murni Teguh Sudirman Jakarta,DKI Jakarta,Kota Jakarta Pusat,1
RS Umum Patria IKKT,3174416,Sudah kerjasama BPJS,Patologi Klinik,RS Umum Patria IKKT,DKI Jakarta,Kota Jakarta Barat,1
RS Umum Pelabuhan Tanjung Priok,3175042,Sudah kerjasama BPJS,Patologi Klinik,RS Umum  Pelabuhan Tanjung Priok,DKI Jakarta,Kota Jakarta Utara,1
RS Umum Pertamina Jaya,3173474,Sudah kerjasama BPJS,Patologi Klinik,RS Umum Pertamina Jaya,DKI Jakarta,Kota Jakarta Pusat,1
RS Umum Petukangan,3171796,Sudah kerjasama BPJS,Patologi Klinik,RS Umum Petukangan,DKI Jakarta,Kota Jakarta Selatan,1
RS Umum Port Medical Center,3175396,Sudah kerjasama BPJS,Patologi Klinik,RS Umum Port Medical Center,DKI Jakarta,Kota Jakarta Utara,1
RS Umum Premier Jatinegara,3172206,Sudah kerjasama BPJS,Patologi Klinik,RS Umum Premier Jatinegara,DKI Jakarta,Kota Jakarta Timur,1
RS Primaya PGI Cikini,3173062,Sudah kerjasama BPJS,Patologi Klinik,RS Primaya PGI Cikini,DKI Jakarta,Kota Jakarta Pusat,1
RS Pusat Otak Nasional Prof DR. dr. Mahar Mardjono,3172749,Sudah kerjasama BPJS,Patologi Klinik,RS Pusat Otak Nasional Prof DR. dr. Mahar Mardjono,DKI Jakarta,Kota Jakarta Timur,1
RS Umum Bhayangkara Tk. I R.Said Sukanto,3172072,Sudah kerjasama BPJS,Patologi Klinik,RS Umum Bhayangkara Tk. I R.Said Sukanto,DKI Jakarta,Kota Jakarta Timur,1
RS Umum Restu Kasih,3172759,Sudah kerjasama BPJS,Patologi Klinik,RS Umum Restu Kasih,DKI Jakarta,Kota Jakarta Timur,1
RS Umum Royal Progress,3175330,Sudah kerjasama BPJS,Patologi Klinik,RS Umum Royal Progress,DKI Jakarta,Kota Jakarta Utara,1
RS Umum Sint Carolus,3173051,Sudah kerjasama BPJS,Patologi Klinik,RS Umum Sint Carolus,DKI Jakarta,Kota Jakarta Pusat,1
RS Umum Sumber Waras,3174015,Sudah kerjasama BPJS,Patologi Klinik,RS Umum Sumber Waras,DKI Jakarta,Kota Jakarta Barat,1
RS Umum Tebet,3171461,Sudah kerjasama BPJS,Patologi Klinik,RS Umum Tebet,DKI Jakarta,Kota Jakarta Selatan,1
RS Tk. IV Cijantung,3172083,Sudah kerjasama BPJS,Patologi Klinik,RS Tk. IV Cijantung,DKI Jakarta,Kota Jakarta Timur,1
RS Umum Tria Dipa,3171680,Sudah kerjasama BPJS,Patologi Klinik,RS Umum Tria Dipa,DKI Jakarta,Kota Jakarta Selatan,1
RS Ukrida,3174531,Sudah kerjasama BPJS,Patologi Klinik,RS Ukrida,DKI Jakarta,Kota Jakarta Barat,1
RS Umum Tzu Chi Hospital,3175418,Sudah kerjasama BPJS,Patologi Klinik,RS Umum Tzu Chi Hospital,DKI Jakarta,Kota Jakarta Utara,1
RS Umum Dr. Suyoto Pusrehab Kemhan,3171072,Sudah kerjasama BPJS,Patologi Klinik,RS Umum Dr. Suyoto Pusrehab Kemhan,DKI Jakarta,Kota Jakarta Selatan,1
RS Islam Jakarta Pondok Kopi,3172505,Sudah kerjasama BPJS,Patologi Klinik,RS Islam Jakarta Pondok Kopi,DKI Jakarta,Kota Jakarta Timur,1
RS Anak dan Bunda Harapan Kita,3174260,Sudah kerjasama BPJS,Patologi Klinik,RS Anak dan Bunda Harapan Kita,DKI Jakarta,Kota Jakarta Barat,1
RS Umum AL Dr. Mintoharjo,3173036,Sudah kerjasama BPJS,Patologi Klinik,RS Umum AL Dr. Mintoharjo,DKI Jakarta,Kota Jakarta Pusat,1
RS Angkatan Udara dr. Esnawan Antariksa,3172061,Sudah kerjasama BPJS,Patologi Klinik,RS Angkatan Udara dr. Esnawan Antariksa,DKI Jakarta,Kota Jakarta Timur,1
RS Ibu dan Anak St. Yusuf,3174509,Sudah kerjasama BPJS,Patologi Klinik,RS Ibu dan Anak St. Yusuf,DKI Jakarta,Kota Jakarta Utara,1
RS Ibu dan Anak Sayyidah,3172137,Sudah kerjasama BPJS,Patologi Klinik,RS Ibu dan Anak Sayyidah,DKI Jakarta,Kota Jakarta Timur,1
RS Khusus Bedah Columbia Asia Pulomas,3172758,Sudah kerjasama BPJS,Patologi Klinik,RS Khusus Bedah Columbia Asia Pulomas,DKI Jakarta,Kota Jakarta Timur,1
RS Khusus Daerah Duren Sawit,3172746,Sudah kerjasama BPJS,Patologi Klinik,RS Khusus Daerah Duren Sawit,DKI Jakarta,Kota Jakarta Timur,1
RS Umum PAD Gatot Soebroto,3173025,Sudah kerjasama BPJS,Patologi Klinik,RS Umum PAD Gatot Soebroto,DKI Jakarta,Kota Jakarta Pusat,1
RS Penyakit Infeksi Prof. Dr. Sulianti Saroso,3175064,Sudah kerjasama BPJS,Patologi Klinik,RS Penyakit Infeksi Prof. Dr. Sulianti Saroso,DKI Jakarta,Kota Jakarta Utara,1
RS Umum Adhyaksa,3172757,Sudah kerjasama BPJS,Patologi Klinik,RS Umum Adhyaksa,DKI Jakarta,Kota Jakarta Timur,1
RS Umum Dr. EUIS,3172769,Sudah kerjasama BPJS,Patologi Klinik,RS Umum  Dr. EUIS,DKI Jakarta,Kota Jakarta Timur,1
RS Umum Hermina Jatinegara,3172243,Sudah kerjasama BPJS,Patologi Klinik,RS Umum Hermina Jatinegara,DKI Jakarta,Kota Jakarta Timur,1
RS Umum Mitra Keluarga Kalideres,3174519,Sudah kerjasama BPJS,Patologi Klinik,RS Umum Mitra Keluarga Kalideres,DKI Jakarta,Kota Jakarta Barat,1
RS Umum Universitas Kristen Indonesia,3172094,Sudah kerjasama BPJS,Patologi Klinik,RS Umum Universitas Kristen Indonesia,DKI Jakarta,Kota Jakarta Timur,1
RS Umum Daerah Budhi Asih,3172024,Sudah kerjasama BPJS,Patologi Klinik,RS Umum Daerah Budhi Asih,DKI Jakarta,Kota Jakarta Timur,1
RS Umum Daerah Cempaka Putih,3173700,Sudah kerjasama BPJS,Patologi Klinik,RS Umum Daerah Cempaka Putih,DKI Jakarta,Kota Jakarta Pusat,1
RS Umum Daerah Cengkareng,3174074,Sudah kerjasama BPJS,Patologi Klinik,RS Umum Daerah Cengkareng,DKI Jakarta,Kota Jakarta Barat,1
RS Umum Daerah Cilincing,3175414,Sudah kerjasama BPJS,Patologi Klinik,RS Umum Daerah Cilincing,DKI Jakarta,Kota Jakarta Utara,1
RS Umum Daerah Cipayung,3172771,Sudah kerjasama BPJS,Patologi Klinik,RS Umum Daerah Cipayung,DKI Jakarta,Kota Jakarta Timur,1
RS Umum Daerah Jagakarsa,3171792,Sudah kerjasama BPJS,Patologi Klinik,RS Umum Daerah Jagakarsa,DKI Jakarta,Kota Jakarta Selatan,1
RS Umum Daerah Jati Padang,3171800,Sudah kerjasama BPJS,Patologi Klinik,RS Umum Daerah Jati Padang,DKI Jakarta,Kota Jakarta Selatan,1
RS Umum Daerah Johar Baru,3173701,Sudah kerjasama BPJS,Patologi Klinik,RS Umum Daerah Johar Baru,DKI Jakarta,Kota Jakarta Pusat,1
RS Umum Daerah Kalideres,3174518,Sudah kerjasama BPJS,Patologi Klinik,RS Umum Daerah Kalideres,DKI Jakarta,Kota Jakarta Barat,1
RS Umum Daerah Kebayoran Baru,3171801,Sudah kerjasama BPJS,Patologi Klinik,RS Umum Daerah Kebayoran Baru,DKI Jakarta,Kota Jakarta Selatan,1
RS Umum Daerah Kebayoran Lama,3171803,Sudah kerjasama BPJS,Patologi Klinik,RS Umum Daerah Kebayoran Lama,DKI Jakarta,Kota Jakarta Selatan,1
RS Umum Daerah Kemayoran,3173699,Sudah kerjasama BPJS,Patologi Klinik,RS Umum Daerah Kemayoran,DKI Jakarta,Kota Jakarta Pusat,1
RS Umum Daerah Kembangan,3174517,Sudah kerjasama BPJS,Patologi Klinik,RS Umum Daerah  Kembangan,DKI Jakarta,Kota Jakarta Barat,1
RS Umum Daerah Kepulauan Seribu,3101002,Sudah kerjasama BPJS,Patologi Klinik,RS Umum Daerah Kepulauan Seribu,DKI Jakarta,Kepulauan Seribu,1
RS Umum Daerah Koja,3175016,Sudah kerjasama BPJS,Patologi Klinik,RS Umum Daerah Koja,DKI Jakarta,Kota Jakarta Utara,1
RS Umum Daerah Matraman,3174523,Sudah kerjasama BPJS,Patologi Klinik,RS Umum Daerah Matraman,DKI Jakarta,Kota Jakarta Timur,1
RS Umum Daerah Pademangan,3175413,Sudah kerjasama BPJS,Patologi Klinik,RS Umum Daerah  Pademangan,DKI Jakarta,Kota Jakarta Utara,1
RS Umum Daerah Pasar Minggu,3171795,Sudah kerjasama BPJS,Patologi Klinik,RS Umum Daerah Pasar Minggu,DKI Jakarta,Kota Jakarta Selatan,1
RS Umum Daerah Pasar Rebo,3172126,Sudah kerjasama BPJS,Patologi Klinik,RS Umum Daerah Pasar Rebo,DKI Jakarta,Kota Jakarta Timur,1
RS Umum Daerah Pesanggrahan,3171791,Sudah kerjasama BPJS,Patologi Klinik,RS Umum Daerah Pesanggrahan,DKI Jakarta,Kota Jakarta Selatan,1
RS Umum Daerah Sawah Besar,3173698,Sudah kerjasama BPJS,Patologi Klinik,RS Umum Daerah Sawah Besar,DKI Jakarta,Kota Jakarta Pusat,1
RS Umum Daerah Taman Sari,3174525,Sudah kerjasama BPJS,Patologi Klinik,RS Umum Daerah Taman Sari,DKI Jakarta,Kota Jakarta Barat,1
RS Umum Daerah Tanah Abang,3173705,Sudah kerjasama BPJS,Patologi Klinik,RS Umum Daerah Tanah Abang,DKI Jakarta,Kota Jakarta Pusat,1
RS Umum Daerah Tanjung Priok,3175416,Sudah kerjasama BPJS,Patologi Klinik,RS Umum Daerah  Tanjung Priok,DKI Jakarta,Kota Jakarta Utara,1
RS Umum Daerah Tarakan,3173521,Sudah kerjasama BPJS,Patologi Klinik,RS Umum Daerah Tarakan,DKI Jakarta,Kota Jakarta Pusat,1
RS Umum Daerah Tebet,3171790,Sudah kerjasama BPJS,Patologi Klinik,RS Umum Daerah Tebet,DKI Jakarta,Kota Jakarta Selatan,1
RS Umum Daerah Tugu Koja,3175412,Sudah kerjasama BPJS,Patologi Klinik,RS Umum Daerah Tugu Koja,DKI Jakarta,Kota Jakarta Utara,1
RSUP Fatmawati,3171012,Sudah kerjasama BPJS,Patologi Klinik,RSUP Fatmawati,DKI Jakarta,Kota Jakarta Selatan,1
RSUP Persahabatan,3172013,Sudah kerjasama BPJS,Patologi Klinik,RSUP Persahabatan,DKI Jakarta,Kota Jakarta Timur,1
RSUPN Dr. Cipto Mangunkusumo,3173014,Sudah kerjasama BPJS,Patologi Klinik,RSUPN Dr. Cipto Mangunkusumo,DKI Jakarta,Kota Jakarta Pusat,1
RS Pusdikkes,3172050,Sudah kerjasama BPJS,Patologi Klinik,RS Pusdikkes,DKI Jakarta,Kota Jakarta Timur,1
RS Umum Yadika,3172590,Sudah kerjasama BPJS,Patologi Klinik,RS Umum Yadika,DKI Jakarta,Kota Jakarta Timur,1
RS Bhayangkara Gorontalo,7502047,Sudah kerjasama BPJS,Patologi Klinik,RS Bhayangkara Gorontalo,Gorontalo,Gorontalo,1
RS Bunda,7571021,Sudah kerjasama BPJS,Patologi Klinik,RS Bunda,Gorontalo,Kota Gorontalo,1
RS Multazam,7571023,Sudah kerjasama BPJS,Patologi Klinik,RS Multazam,Gorontalo,Kota Gorontalo,1
RS Umum Daerah Boliyohuto,7502035,Sudah kerjasama BPJS,Patologi Klinik,RS Umum Daerah Boliyohuto,Gorontalo,Gorontalo,1
RS Umum Daerah dr. Hasri Ainun Habibie,7502034,Sudah kerjasama BPJS,Patologi Klinik,RS Umum Daerah dr. Hasri Ainun Habibie,Gorontalo,Gorontalo,1
RS Umum Daerah dr. Zainal Umar Sidiki,7505002,Sudah kerjasama BPJS,Patologi Klinik,RS Umum Daerah dr. Zainal Umar Sidiki,Gorontalo,Gorontalo Utara,1
RS Umum Daerah dr. M. Mohammad Dunda,7502033,Sudah kerjasama BPJS,Patologi Klinik,RS Umum Daerah dr. M. Mohammad Dunda,Gorontalo,Gorontalo,1
RS Umum Daerah Bumi Panua,7503045,Sudah kerjasama BPJS,Patologi Klinik,RS Umum Daerah Bumi Panua,Gorontalo,Pohuwato,1
RS Umum Daerah Prof Dr. H. Aloei Saboe,7571010,Sudah kerjasama BPJS,Patologi Klinik,RS Umum Daerah Prof Dr. H. Aloei Saboe,Gorontalo,Kota Gorontalo,1
RS Umum Daerah Tani dan Nelayan,7501043,Sudah kerjasama BPJS,Patologi Klinik,RS Umum Daerah Tani dan Nelayan,Gorontalo,Boalemo,1
RS Umum Daerah Toto Kabila,7504032,Sudah kerjasama BPJS,Patologi Klinik,RS Umum Daerah Toto Kabila,Gorontalo,Bone Bolango,1
RS Umum Daerah Otanaha,7502032,Sudah kerjasama BPJS,Patologi Klinik,RS Umum Daerah Otanaha ,Gorontalo,Kota Gorontalo,1
RS Andimas,1502018,Sudah kerjasama BPJS,Patologi Klinik,RS Andimas,Jambi,Merangin,1
RS Umum Baiturahim Jambi,1571163,Sudah kerjasama BPJS,Patologi Klinik,RS Umum Baiturahim Jambi,Jambi,Kota Jambi,1
RS Bhayangkara Jambi,1571034,Sudah kerjasama BPJS,Patologi Klinik,RS Bhayangkara Jambi,Jambi,Kota Jambi,1
RS Islam Arafah,1571159,Sudah kerjasama BPJS,Patologi Klinik,RS Islam Arafah,Jambi,Kota Jambi,1
RS Jabal Rahmah Medika,1509031,Sudah kerjasama BPJS,Patologi Klinik,RS Jabal Rahmah Medika,Jambi,Bungo,1
RS Umum Kambang,1571162,Sudah kerjasama BPJS,Patologi Klinik,RS Umum Kambang,Jambi,Kota Jambi,1
RS Mitra,1571168,Sudah kerjasama BPJS,Patologi Klinik,RS Mitra,Jambi,Kota Jambi,1
RS Mitra Medika Batang Hari,1504018,Sudah kerjasama BPJS,Patologi Klinik,RS Mitra Medika Batang Hari,Jambi,Batang Hari,1
RS Rapha Theresia,1571180,Sudah kerjasama BPJS,Patologi Klinik,RS Rapha Theresia,Jambi,Kota Jambi,1
RS Raudhah,1502015,Sudah kerjasama BPJS,Patologi Klinik,RS Raudhah,Jambi,Merangin,1
RS Royal Prima,1504017,Sudah kerjasama BPJS,Patologi Klinik,RS Royal Prima,Jambi,Kota Jambi,1
RS Siloam Jambi,1571147,Sudah kerjasama BPJS,Patologi Klinik,RS Siloam Jambi,Jambi,Kota Jambi,1
RS Umum Santa Theresia,1571045,Sudah kerjasama BPJS,Patologi Klinik,RS Umum Santa Theresia,Jambi,Kota Jambi,1
RS Tk. III 02.06.01 dr. Bratanata,1571023,Sudah kerjasama BPJS,Patologi Klinik,RS Tk. III 02.06.01  dr. Bratanata,Jambi,Kota Jambi,1
RS Umum Daerah Kolonel Abundjani/Bangko,1502014,Sudah kerjasama BPJS,Patologi Klinik,RS Umum Daerah Kolonel Abundjani/Bangko,Jambi,Merangin,1
RS Jiwa Daerah Provinsi Jambi,1571136,Sudah kerjasama BPJS,Patologi Klinik,RS Jiwa Daerah Provinsi Jambi,Jambi,Kota Jambi,1
RS Umum Permata Hati,1509028,Sudah kerjasama BPJS,Patologi Klinik,RS Umum Permata Hati,Jambi,Bungo,1
RS Umum Daerah H. Abdul Manap,1571158,Sudah kerjasama BPJS,Patologi Klinik,RS Umum Daerah H. Abdul Manap,Jambi,Kota Jambi,1
RS Umum Daerah H. Abdurrahman Sayoeti,1571169,Sudah kerjasama BPJS,Patologi Klinik,RS Umum Daerah H. Abdurrahman Sayoeti,Jambi,Kota Jambi,1
RS Umum Daerah H. Hanafie,1509013,Sudah kerjasama BPJS,Patologi Klinik,RS Umum Daerah H. Hanafie,Jambi,Bungo,1
RS Umum Daerah Prof. Dr. H. Chatib Quzwain,1503036,Sudah kerjasama BPJS,Patologi Klinik,RS Umum Daerah Prof. Dr. H.  Chatib Quzwain,Jambi,Sarolangun,1
RS Umum Daerah Mayjen H. A. Thalib,1501012,Sudah kerjasama BPJS,Patologi Klinik,RS Umum Daerah Mayjen H. A. Thalib,Jambi,Kota Sungai penuh,1
RS Umum Daerah Ahmad Ripin,1505016,Sudah kerjasama BPJS,Patologi Klinik,RS Umum Daerah Ahmad Ripin,Jambi,Muaro Jambi,1
RS Umum Daerah Nurdin Hamzah,1506011,Sudah kerjasama BPJS,Patologi Klinik,RS Umum Daerah Nurdin Hamzah,Jambi,Tanjung Jabung Timur,1
RS Umum Daerah Raden Mattaher Jambi,1571012,Sudah kerjasama BPJS,Patologi Klinik,RS Umum Daerah Raden Mattaher Jambi,Jambi,Kota Jambi,1
RS Umum Daerah Sungai Bahar,1505027,Sudah kerjasama BPJS,Patologi Klinik,RS Umum Daerah Sungai Bahar,Jambi,Muaro Jambi,1
RS Umum Daerah Sungai Gelam,1505028,Sudah kerjasama BPJS,Patologi Klinik,RS Umum Daerah Sungai Gelam,Jambi,Muaro Jambi,1
RS Umum Daerah KH. Daud Arif,1507010,Sudah kerjasama BPJS,Patologi Klinik,RS Umum Daerah KH. Daud Arif,Jambi,Tanjung Jabung Barat,1
Mayapada Hospital Bogor,3271126,Sudah kerjasama BPJS,Patologi Klinik,Mayapada Hospital Bogor,Jawa Barat,Kota Bogor,1
RS Umum Mitra Anugrah Lestari,3277018,Sudah kerjasama BPJS,Patologi Klinik,RS Umum Mitra Anugrah Lestari,Jawa Barat,Kota Cimahi,1
RS Muhammadiyah Bandung Selatan,3204169,Sudah kerjasama BPJS,Patologi Klinik,RS Muhammadiyah Bandung Selatan,Jawa Barat,Bandung,1
RS Oetomo,3204168,Sudah kerjasama BPJS,Patologi Klinik,RS Oetomo,Jawa Barat,Bandung,1
RS Umum Advent Bandung,3273085,Sudah kerjasama BPJS,Patologi Klinik,RS Umum Advent Bandung,Jawa Barat,Kota Bandung,1
RS Umum Al-Islam Bandung,3273420,Sudah kerjasama BPJS,Patologi Klinik,RS Umum Al-Islam Bandung,Jawa Barat,Kota Bandung,1
RS Umum Amanda,3216414,Sudah kerjasama BPJS,Patologi Klinik,RS Umum Amanda,Jawa Barat,Bekasi,1
RS Amanda Cikarang Selatan,3216386,Sudah kerjasama BPJS,Patologi Klinik,RS Amanda Cikarang Selatan,Jawa Barat,Bekasi,1
RS AMC,3273517,Sudah kerjasama BPJS,Patologi Klinik,RS AMC ,Jawa Barat,Bandung,1
RS Umum Ananda,3216218,Sudah kerjasama BPJS,Patologi Klinik,RS Umum Ananda,Jawa Barat,Kota Bekasi,1
RS Ananda Babelan,3216449,Sudah kerjasama BPJS,Patologi Klinik,RS Ananda Babelan,Jawa Barat,Bekasi,1
RS Ananda Tambun Selatan,3216374,Sudah kerjasama BPJS,Patologi Klinik,RS Ananda Tambun Selatan,Jawa Barat,Bekasi,1
RS Umum Anna,3275229,Sudah kerjasama BPJS,Patologi Klinik,RS Umum Anna,Jawa Barat,Kota Bekasi,1
RS Umum Anna Medika,3216402,Sudah kerjasama BPJS,Patologi Klinik,RS Umum Anna Medika,Jawa Barat,Kota Bekasi,1
RS Umum Annisa,3216126,Sudah kerjasama BPJS,Patologi Klinik,RS Umum Annisa,Jawa Barat,Bekasi,1
RS Umum Asri Purwakarta,3214033,Sudah kerjasama BPJS,Patologi Klinik,RS Umum Asri Purwakarta,Jawa Barat,Purwakarta,1
RS Umum Asri Medika,3216397,Sudah kerjasama BPJS,Patologi Klinik,RS Umum Asri Medika,Jawa Barat,Bekasi,1
RS Asysyifaa,3201249,Sudah kerjasama BPJS,Patologi Klinik,RS Asysyifaa,Jawa Barat,Bogor,1
RS Umum Avisena,3277019,Sudah kerjasama BPJS,Patologi Klinik,RS Umum Avisena,Jawa Barat,Kota Cimahi,1
RS Umum Azra,3271072,Sudah kerjasama BPJS,Patologi Klinik,RS Umum Azra,Jawa Barat,Kota Bogor,1
RS Umum Bella,3275196,Sudah kerjasama BPJS,Patologi Klinik,RS Umum Bella,Jawa Barat,Kota Bekasi,1
RS Umum Betha Medika,3202073,Sudah kerjasama BPJS,Patologi Klinik,RS Umum Betha Medika ,Jawa Barat,Sukabumi,1
RS Umum Bhakti Husada,3216072,Sudah kerjasama BPJS,Patologi Klinik,RS Umum Bhakti Husada,Jawa Barat,Bekasi,1
RS Umum Bhakti Husada II Purwakarta,3214038,Sudah kerjasama BPJS,Patologi Klinik,RS Umum Bhakti Husada II Purwakarta,Jawa Barat,Purwakarta,1
RS Umum Bhakti Kartini,3275130,Sudah kerjasama BPJS,Patologi Klinik,RS Umum Bhakti Kartini,Jawa Barat,Kota Bekasi,1
RS Umum Bhakti Medicare,3202084,Sudah kerjasama BPJS,Patologi Klinik,RS Umum Bhakti Medicare,Jawa Barat,Sukabumi,1
RS Umum Bhayangkara Brimob,3276039,Sudah kerjasama BPJS,Patologi Klinik,RS Umum Bhayangkara Brimob,Jawa Barat,Kota Depok,1
RSU Bhayangkara Tk. II Sartika Asih,3273026,Sudah kerjasama BPJS,Patologi Klinik,RSU Bhayangkara Tk. II Sartika Asih,Jawa Barat,Kota Bandung,1
RS Umum Bhayangkara Setukpa Lemdikpol,3272025,Sudah kerjasama BPJS,Patologi Klinik,RS Umum Bhayangkara Setukpa Lemdikpol,Jawa Barat,Kota Sukabumi,1
RS Bhayangkara Cianjur,3203041,Sudah kerjasama BPJS,Patologi Klinik,RS Bhayangkara Cianjur,Jawa Barat,Cianjur,1
RS Umum Bina Husada,3201115,Sudah kerjasama BPJS,Patologi Klinik,RS Umum Bina Husada,Jawa Barat,Bogor,1
RS Umum Bunda Margonda,3201196,Sudah kerjasama BPJS,Patologi Klinik,RS Umum Bunda Margonda,Jawa Barat,Kota Depok,1
RS Umum Cahya Kawaluyan,3217121,Sudah kerjasama BPJS,Patologi Klinik,RS Umum Cahya Kawaluyan,Jawa Barat,Bandung Barat,1
RS Cenka,3216444,Sudah kerjasama BPJS,Patologi Klinik,RS Cenka,Jawa Barat,Bekasi,1
RS Umum Cibitung Medika,3216388,Sudah kerjasama BPJS,Patologi Klinik,RS Umum Cibitung Medika,Jawa Barat,Bekasi,1
RS Umum Cikarang Medika,3216409,Sudah kerjasama BPJS,Patologi Klinik,RS Umum Cikarang Medika,Jawa Barat,Bekasi,1
RS Umum Citra Arafiq Sawangan,3276166,Sudah kerjasama BPJS,Patologi Klinik,RS Umum Citra Arafiq Sawangan,Jawa Barat,Kota Depok,1
RS Umum Citra Harapan,3275263,Sudah kerjasama BPJS,Patologi Klinik,RS Umum Citra Harapan,Jawa Barat,Kota Bekasi,1
RS Umum Citra Medika Depok,3276152,Sudah kerjasama BPJS,Patologi Klinik,RS Umum Citra Medika Depok,Jawa Barat,Kota Depok,1
RS Umum Citra Sari Husada,3215123,Sudah kerjasama BPJS,Patologi Klinik,RS Umum Citra Sari Husada,Jawa Barat,Karawang,1
RS DKH Cibadak,3202086,Sudah kerjasama BPJS,Patologi Klinik,RS DKH Cibadak,Jawa Barat,Sukabumi,1
RS Mitra Medika Narom,3216399,Sudah kerjasama BPJS,Patologi Klinik,RS Mitra Medika Narom,Jawa Barat,Bekasi,1
RS Umum As-Shofwan,3275054,Sudah kerjasama BPJS,Patologi Klinik,RS Umum As-Shofwan,Jawa Barat,Bekasi,1
RS Umum Kasih Insani Sukatani,3216426,Sudah kerjasama BPJS,Patologi Klinik,RS Umum Kasih Insani Sukatani,Jawa Barat,Bekasi,1
RS Umum dr. Abdul Radjak Cibitung,3216462,Sudah kerjasama BPJS,Patologi Klinik,RS Umum dr. Abdul Radjak Cibitung,Jawa Barat,Bekasi,1
RS Umum Islam dr. Subki Abdulkadir,3275296,Sudah kerjasama BPJS,Patologi Klinik,RS Umum Islam dr. Subki Abdulkadir,Jawa Barat,Kota Bekasi,1
RS Edelweiss,3273547,Sudah kerjasama BPJS,Patologi Klinik,RS Edelweiss,Jawa Barat,Kota Bandung,1
RS Eka Bekasi,3216450,Sudah kerjasama BPJS,Patologi Klinik,RS Eka Bekasi,Jawa Barat,Bekasi,1
RS EMC Cibitung,3216443,Sudah kerjasama BPJS,Patologi Klinik,RS EMC Cibitung,Jawa Barat,Bekasi,1
RS EMC Cikarang,3216436,Sudah kerjasama BPJS,Patologi Klinik,RS EMC Cikarang,Jawa Barat,Bekasi,1
RS EMC Sentul,3201247,Sudah kerjasama BPJS,Patologi Klinik,RS EMC Sentul,Jawa Barat,Bogor,1
RS Umum Family Medical Center,3201150,Sudah kerjasama BPJS,Patologi Klinik,RS Umum Family Medical Center,Jawa Barat,Bogor,1
RS Umum Fikri Medika,3215158,Sudah kerjasama BPJS,Patologi Klinik,RS Umum Fikri Medika,Jawa Barat,Karawang,1
RS Umum Graha Juanda,3275207,Sudah kerjasama BPJS,Patologi Klinik,RS Umum Graha Juanda,Jawa Barat,Kota Bekasi,1
RS Umum Grha Permata Ibu,3276041,Sudah kerjasama BPJS,Patologi Klinik,RS Umum Grha Permata Ibu,Jawa Barat,Kota Depok,1
RS Hamori,3213062,Sudah kerjasama BPJS,Patologi Klinik,RS Hamori,Jawa Barat,Subang,1
RS Umum Harapan Keluarga Jababeka,3216385,Sudah kerjasama BPJS,Patologi Klinik,RS Umum Harapan Keluarga Jababeka,Jawa Barat,Bekasi,1
RS Umum Harapan Mulia,3216408,Sudah kerjasama BPJS,Patologi Klinik,RS Umum Harapan Mulia,Jawa Barat,Bekasi,1
RS Harapan Sehati,3201252,Sudah kerjasama BPJS,Patologi Klinik,RS Harapan Sehati,Jawa Barat,Bogor,1
RS Jantung Hasna Medika,3274136,Sudah kerjasama BPJS,Patologi Klinik,RS Jantung Hasna Medika,Jawa Barat,Cirebon,1
RS Helsa,3275061,Sudah kerjasama BPJS,Patologi Klinik,RS Helsa,Jawa Barat,Kota Bekasi,1
RS Umum Helsa,3215162,Sudah kerjasama BPJS,Patologi Klinik,RS Umum Helsa,Jawa Barat,Karawang,1
RS Umum Hermina Bekasi,3275115,Sudah kerjasama BPJS,Patologi Klinik,RS Umum Hermina Bekasi,Jawa Barat,Kota Bekasi,1
RS Umum Hermina Galaxy,3216389,Sudah kerjasama BPJS,Patologi Klinik,RS Umum Hermina Galaxy,Jawa Barat,Kota Bekasi,1
RS Umum Hermina Grand Wisata,3216318,Sudah kerjasama BPJS,Patologi Klinik,RS Umum Hermina Grand Wisata,Jawa Barat,Bekasi,1
RS Hermina Karawang,3215169,Sudah kerjasama BPJS,Patologi Klinik,RS Hermina Karawang,Jawa Barat,Karawang,1
RS Umum Hermina Mekarsari,3201238,Sudah kerjasama BPJS,Patologi Klinik,RS Umum Hermina Mekarsari,Jawa Barat,Bogor,1
RS Hermina Metland Cibitung,3216451,Sudah kerjasama BPJS,Patologi Klinik,RS Hermina Metland Cibitung,Jawa Barat,Bekasi,1
RS Umum Hermina Pasteur,3273539,Sudah kerjasama BPJS,Patologi Klinik,RS Umum Hermina Pasteur ,Jawa Barat,Kota Bandung,1
RS Hermina Soreang,3204165,Sudah kerjasama BPJS,Patologi Klinik,RS Hermina Soreang,Jawa Barat,Bandung,1
RS Hermina Tasikmalaya,3278093,Sudah kerjasama BPJS,Patologi Klinik,RS Hermina Tasikmalaya,Jawa Barat,Kota Tasikmalaya,1
RS Umum Hosana Medica,3216185,Sudah kerjasama BPJS,Patologi Klinik,RS Umum Hosana Medica,Jawa Barat,Bekasi,1
RS Umum Humana Prima,3204123,Sudah kerjasama BPJS,Patologi Klinik,RS Umum Humana Prima,Jawa Barat,Kota Bandung,1
RS Ibu dan Anak Al Islam,3273546,Sudah kerjasama BPJS,Patologi Klinik,RS Ibu dan Anak Al Islam ,Jawa Barat,Kota Bandung,1
RS Indosehat 2003,3213050,Sudah kerjasama BPJS,Patologi Klinik,RS Indosehat 2003,Jawa Barat,Subang,1
RS Islam Aysha,3201271,Sudah kerjasama BPJS,Patologi Klinik,RS Islam Aysha ,Jawa Barat,Bogor,1
RS Umum Islam Bogor,3201218,Sudah kerjasama BPJS,Patologi Klinik,RS Umum Islam Bogor,Jawa Barat,Kota Bogor,1
RS Umum Islam Karawang,3215078,Sudah kerjasama BPJS,Patologi Klinik,RS Umum Islam Karawang,Jawa Barat,Karawang,1
RS Umum Izza,3215134,Sudah kerjasama BPJS,Patologi Klinik,RS Umum Izza,Jawa Barat,Karawang,1
RS Jantung Diagram,3276150,Sudah kerjasama BPJS,Patologi Klinik,RS Jantung Diagram,Jawa Barat,Kota Depok,1
RS Jantung dan Pembuluh Darah Tasikmalaya,3278094,Sudah kerjasama BPJS,Patologi Klinik,RS Jantung dan Pembuluh Darah Tasikmalaya,Jawa Barat,Kota Tasikmalaya,1
RS Umum Jasa Kartini,3206070,Sudah kerjasama BPJS,Patologi Klinik,RS Umum Jasa Kartini,Jawa Barat,Kota Tasikmalaya,1
RS Umum Jati Sampurna,3275274,Sudah kerjasama BPJS,Patologi Klinik,RS Umum Jati Sampurna,Jawa Barat,Kota Bekasi,1
RS Umum Juanda,3208046,Sudah kerjasama BPJS,Patologi Klinik,RS Umum Juanda,Jawa Barat,Kuningan,1
RS Umum Juwita,3275052,Sudah kerjasama BPJS,Patologi Klinik,RS Umum Juwita,Jawa Barat,Kota Bekasi,1
RS Karisma Cimareme,3217005,Sudah kerjasama BPJS,Patologi Klinik,RS Karisma Cimareme,Jawa Barat,Bandung Barat,1
RS Umum Kartika Husada,3216423,Sudah kerjasama BPJS,Patologi Klinik,RS Umum Kartika Husada,Jawa Barat,Kota Bekasi,1
RS Umum Kartika Husada Setu,3216413,Sudah kerjasama BPJS,Patologi Klinik,RS Umum Kartika Husada Setu,Jawa Barat,Bekasi,1
RS Umum Kartika Kasih,3272062,Sudah kerjasama BPJS,Patologi Klinik,RS Umum Kartika Kasih,Jawa Barat,Kota Sukabumi,1
RS Kartini,3204137,Sudah kerjasama BPJS,Patologi Klinik,RS Kartini,Jawa Barat,Kota Bandung,1
RS Karunia Kasih,3275017,Sudah kerjasama BPJS,Patologi Klinik,RS Karunia Kasih,Jawa Barat,Kota Bekasi,1
RS Umum Karya Bhakti Pratiwi,3201245,Sudah kerjasama BPJS,Patologi Klinik,RS Umum Karya Bhakti Pratiwi,Jawa Barat,Bogor,1
RS Umum Karya Medika Bantar Gebang,3275057,Sudah kerjasama BPJS,Patologi Klinik,RS Umum Karya Medika Bantar Gebang,Jawa Barat,Kota Bekasi,1
RS Umum Karya Medika,3216104,Sudah kerjasama BPJS,Patologi Klinik,RS Umum Karya Medika,Jawa Barat,Bekasi,1
RS Umum Karya Medika II,3216362,Sudah kerjasama BPJS,Patologi Klinik,RS Umum Karya Medika II,Jawa Barat,Bekasi,1
RS Umum Kasih Bunda,3277021,Sudah kerjasama BPJS,Patologi Klinik,RS Umum Kasih Bunda,Jawa Barat,Kota Cimahi,1
RS Umum TNI AU Lanud Sulaiman,3204154,Sudah kerjasama BPJS,Patologi Klinik,RS Umum TNI AU Lanud Sulaiman,Jawa Barat,Bandung,1
RS Umum Lira Medika,3215156,Sudah kerjasama BPJS,Patologi Klinik,RS Umum Lira Medika,Jawa Barat,Karawang,1
RS Umum Masmitra,3275039,Sudah kerjasama BPJS,Patologi Klinik,RS Umum Masmitra,Jawa Barat,Kota Bekasi,1
RS Umum Medika Dramaga,3201236,Sudah kerjasama BPJS,Patologi Klinik,RS Umum Medika Dramaga,Jawa Barat,Kota Bogor,1
RS Medina,3205027,Sudah kerjasama BPJS,Patologi Klinik,RS Medina,Jawa Barat,Garut,1
RS Umum Medirossa 2,3216420,Sudah kerjasama BPJS,Patologi Klinik,RS Umum Medirossa 2,Jawa Barat,Bekasi,1
RS Umum Medirossa Cikarang,3216340,Sudah kerjasama BPJS,Patologi Klinik,RS Umum Medirossa Cikarang,Jawa Barat,Bekasi,1
RS Umum Meilia,3201185,Sudah kerjasama BPJS,Patologi Klinik,RS Umum Meilia,Jawa Barat,Kota Depok,1
RS Mekar Sari,3275024,Sudah kerjasama BPJS,Patologi Klinik,RS Mekar Sari,Jawa Barat,Kota Bekasi,1
RS Umum Metro Hospitals,3216406,Sudah kerjasama BPJS,Patologi Klinik,RS Umum Metro Hospitals,Jawa Barat,Bekasi,1
RS Umum Mitra Idaman,3279002,Sudah kerjasama BPJS,Patologi Klinik,RS Umum Mitra Idaman,Jawa Barat,Kota Banjar,1
RS Umum Mitra Keluarga Bekasi Timur,3275046,Sudah kerjasama BPJS,Patologi Klinik,RS Umum Mitra Keluarga Bekasi Timur,Jawa Barat,Kota Bekasi,1
RS Mitra Keluarga Deltamas,3216464,Sudah kerjasama BPJS,Patologi Klinik,RS Mitra Keluarga Deltamas,Jawa Barat,Bekasi,1
RS Umum Mitra Keluarga Depok,3276028,Sudah kerjasama BPJS,Patologi Klinik,RS Umum Mitra Keluarga Depok,Jawa Barat,Kota Depok,1
RS Umum Mitra Plumbon,3209051,Sudah kerjasama BPJS,Patologi Klinik,RS Umum Mitra Plumbon,Jawa Barat,Cirebon,1
RS Mitra Plumbon Indramayu,3212059,Sudah kerjasama BPJS,Patologi Klinik,RS Mitra Plumbon Indramayu,Jawa Barat,Indramayu,1
RS Mitra Plumbon Majalengka,3210037,Sudah kerjasama BPJS,Patologi Klinik,RS Mitra Plumbon Majalengka,Jawa Barat,Majalengka,1
RS Umum Muhammadiyah Bandung,3504071,Sudah kerjasama BPJS,Patologi Klinik,RS Umum Muhammadiyah Bandung,Jawa Timur,Tulungagung,1
RS Umum Mulia Pajajaran,3271164,Sudah kerjasama BPJS,Patologi Klinik,RS Umum Mulia Pajajaran,Jawa Barat,Kota Bogor,1
RS Mustika Medika Bekasi,3275064,Sudah kerjasama BPJS,Patologi Klinik,RS Mustika Medika Bekasi,Jawa Barat,Kota Bekasi,1
RS Paru Dr. H. A. Rotinsulu,3273201,Sudah kerjasama BPJS,Patologi Klinik,RS Paru Dr. H. A. Rotinsulu,Jawa Barat,Kota Bandung,1
RS Paru Provinsi Jawa Barat,3209036,Sudah kerjasama BPJS,Patologi Klinik,RS Paru Provinsi Jawa Barat,Jawa Barat,Cirebon,1
RS Pena 98,3201259,Sudah kerjasama BPJS,Patologi Klinik,RS Pena 98,Jawa Barat,Bogor,1
RS Umum Permata Bekasi,3275141,Sudah kerjasama BPJS,Patologi Klinik,RS Umum Permata Bekasi,Jawa Barat,Kota Bekasi,1
RS Umum Permata Cirebon,3209054,Sudah kerjasama BPJS,Patologi Klinik,RS Umum Permata Cirebon,Jawa Barat,Cirebon,1
RS Umum Permata Depok,3276151,Sudah kerjasama BPJS,Patologi Klinik,RS Umum Permata Depok,Jawa Barat,Kota Depok,1
RS Umum Permata Keluarga Jababeka,3216441,Sudah kerjasama BPJS,Patologi Klinik,RS Umum Permata Keluarga Jababeka,Jawa Barat,Bekasi,1
RS Permata Keluarga Karawang,3215171,Sudah kerjasama BPJS,Patologi Klinik,RS Permata Keluarga Karawang,Jawa Barat,Karawang,1
RS Umum Permata Keluarga Lippo Cikarang,3216416,Sudah kerjasama BPJS,Patologi Klinik,RS Umum Permata Keluarga Lippo Cikarang,Jawa Barat,Bekasi,1
RS Permata Kuningan,3208065,Sudah kerjasama BPJS,Patologi Klinik,RS Permata Kuningan,Jawa Barat,Kuningan,1
RS Pertamina Cirebon,3209025,Sudah kerjasama BPJS,Patologi Klinik,RS Pertamina Cirebon,Jawa Barat,Cirebon,1
RS Umum Pinna,3216438,Sudah kerjasama BPJS,Patologi Klinik,RS Umum Pinna,Jawa Barat,Bekasi,1
RS Umum PMI Bogor,3271013,Sudah kerjasama BPJS,Patologi Klinik,RS Umum PMI Bogor,Jawa Barat,Kota Bogor,1
RS PRIMAYA BEKASI BARAT,3275392,Sudah kerjasama BPJS,Patologi Klinik,RS Primaya,Jawa Barat,Kota Bekasi,1
RS Primaya Bekasi Timur,3275063,Sudah kerjasama BPJS,Patologi Klinik,RS Primaya,Jawa Barat,Kota Bekasi,1
RS Primaya Bekasi Utara,3275065,Sudah kerjasama BPJS,Patologi Klinik,RS Primaya Bekasi Utara,Jawa Barat,Kota Bekasi,1
RS Primaya Depok,3276167,Sudah kerjasama BPJS,Patologi Klinik,RS Primaya Depok,Jawa Barat,Kota Depok,1
RS Primaya Karawang,3215170,Sudah kerjasama BPJS,Patologi Klinik,RS Primaya Karawang,Jawa Barat,Karawang,1
RS Primaya Sukabumi,3202088,Sudah kerjasama BPJS,Patologi Klinik,RS Primaya Sukabumi,Jawa Barat,Sukabumi,1
RS Umum Puspa Husada,3216421,Sudah kerjasama BPJS,Patologi Klinik,RS Umum Puspa Husada,Jawa Barat,Bekasi,1
RS Umum Putera Bahagia,3274064,Sudah kerjasama BPJS,Patologi Klinik,RS Umum Putera Bahagia,Jawa Barat,Kota Cirebon,1
RS Umum Rawa Lumbu,3216174,Sudah kerjasama BPJS,Patologi Klinik,RS Umum Rawa Lumbu,Jawa Barat,Kota Bekasi,1
RS Umum Salak,3271024,Sudah kerjasama BPJS,Patologi Klinik,RS Umum Salak,Jawa Barat,Kota Bogor,1
RS Umum Santo Borromeus,3273074,Sudah kerjasama BPJS,Patologi Klinik,RS Umum Santo Borromeus,Jawa Barat,Kota Bandung,1
RS Umum Santo Yusup,3273063,Sudah kerjasama BPJS,Patologi Klinik,RS Umum Santo Yusup,Jawa Barat,Kota Bandung,1
RS Umum Santosa Hospital Bandung Central,3273486,Sudah kerjasama BPJS,Patologi Klinik,RS Umum Santosa Hospital Bandung Central,Jawa Barat,Kota Bandung,1
RS Umum Santosa Hospital Bandung Kopo,3273542,Sudah kerjasama BPJS,Patologi Klinik,RS Umum Santosa Hospital Bandung Kopo,Jawa Barat,Kota Bandung,1
RS Umum Satria Medika,3275060,Sudah kerjasama BPJS,Patologi Klinik,RS Umum Satria Medika,Jawa Barat,Kota Bekasi,1
RS Umum Sekar Kamulyan,3208035,Sudah kerjasama BPJS,Patologi Klinik,RS Umum Sekar Kamulyan,Jawa Barat,Kuningan,1
RS Umum Sentra Medika Cibinong,3201230,Sudah kerjasama BPJS,Patologi Klinik,RS Umum Sentra Medika Cibinong,Jawa Barat,Bogor,1
RS Umum Sentra Medika,3276017,Sudah kerjasama BPJS,Patologi Klinik,RS Umum Sentra Medika,Jawa Barat,Kota Depok,1
RS Umum Sentral Medika,3215165,Sudah kerjasama BPJS,Patologi Klinik,RS Umum Sentral Medika,Jawa Barat,Karawang,1
RS Siloam Bekasi Timur,3275062,Sudah kerjasama BPJS,Patologi Klinik,RS Siloam Bekasi Timur,Jawa Barat,Kota Bekasi,1
RS Umum Siloam Purwakarta,3214031,Sudah kerjasama BPJS,Patologi Klinik,RS Umum Siloam Purwakarta,Jawa Barat,Purwakarta,1
RS Siloam Sentosa,3275035,Sudah kerjasama BPJS,Patologi Klinik,RS Siloam Sentosa,Jawa Barat,Kota Bekasi,1
RS Siloam Bekasi Sepanjang Jaya,3275307,Sudah kerjasama BPJS,Patologi Klinik,RS Siloam Bekasi Sepanjang Jaya,Jawa Barat,Kota Bekasi,1
RS Umum Simpangan Depok,3276135,Sudah kerjasama BPJS,Patologi Klinik,RS Umum Simpangan Depok,Jawa Barat,Kota Depok,1
RS Umum St. Elisabeth,3216285,Sudah kerjasama BPJS,Patologi Klinik,RS Umum St. Elisabeth,Jawa Barat,Kota Bekasi,1
RS Umum Sumber Kasih,3274090,Sudah kerjasama BPJS,Patologi Klinik,RS Umum Sumber Kasih,Jawa Barat,Kota Cirebon,1
RS Umum Taman Harapan Baru,3275053,Sudah kerjasama BPJS,Patologi Klinik,RS Umum Taman Harapan Baru,Jawa Barat,Kota Bekasi,1
RS Umum Tarumajaya,3216435,Sudah kerjasama BPJS,Patologi Klinik,RS Umum Tarumajaya,Jawa Barat,Bekasi,1
RS Umum Tk. III Ciremai,3274020,Sudah kerjasama BPJS,Patologi Klinik,RS Umum Tk. III Ciremai,Jawa Barat,Kota Cirebon,1
RS Umum Tasik Medika Citratama (TMC),3278014,Sudah kerjasama BPJS,Patologi Klinik,RS Umum Tasik Medika Citratama (TMC),Jawa Barat,Kota Tasikmalaya,1
RS Umum Tk. IV Guntur,3205021,Sudah kerjasama BPJS,Patologi Klinik,RS Umum Tk. IV Guntur,Jawa Barat,Garut,1
RS Umum Trimitra,3271139,Sudah kerjasama BPJS,Patologi Klinik,RS Umum Trimitra,Jawa Barat,Bogor,1
RS Umum Tugu Ibu,3201061,Sudah kerjasama BPJS,Patologi Klinik,RS Umum Tugu Ibu,Jawa Barat,Kota Depok,1
RS Umum Ummi,3201241,Sudah kerjasama BPJS,Patologi Klinik,RS Umum Ummi,Jawa Barat,Kota Bogor,1
RS Uni Medika Setu Bekasi,3216400,Sudah kerjasama BPJS,Patologi Klinik,RS Uni Medika Setu Bekasi,Jawa Barat,Bekasi,1
RS Universitas Indonesia,3201256,Sudah kerjasama BPJS,Patologi Klinik,RS Universitas Indonesia,Jawa Barat,Kota Depok,1
RS Umum Vania,3271163,Sudah kerjasama BPJS,Patologi Klinik,RS Umum Vania,Jawa Barat,Kota Bogor,1
RS Umum Wijaya Kusumah,3208024,Sudah kerjasama BPJS,Patologi Klinik,RS Umum Wijaya Kusumah,Jawa Barat,Kuningan,1
RS Umum Mitra Kasih,3204075,Sudah kerjasama BPJS,Patologi Klinik,RS Umum Mitra Kasih,Jawa Barat,Kota Cimahi,1
RS Umum Tk. II Dustira,3277031,Sudah kerjasama BPJS,Patologi Klinik,RS Umum Tk. II Dustira,Jawa Barat,Kota Cimahi,1
RSAU dr. M. Salamun,3273030,Sudah kerjasama BPJS,Patologi Klinik,RSAU dr. M. Salamun,Jawa Barat,Kota Bandung,1
RS Umum Daerah Gunung Jati,3274016,Sudah kerjasama BPJS,Patologi Klinik,RS Umum Daerah Gunung Jati,Jawa Barat,Kota Cirebon,1
RS Umum Assyifa Sukabumi,3272051,Sudah kerjasama BPJS,Patologi Klinik,RS Umum Assyifa Sukabumi,Jawa Barat,Kota Sukabumi,1
RS Islam Zam-Zam Muhammadiyah Jatibarang,3212071,Sudah kerjasama BPJS,Patologi Klinik,RS Islam Zam-Zam Muhammadiyah Jatibarang,Jawa Barat,Indramayu,1
RS Ibu dan Anak Asyifa Depok,3276147,Sudah kerjasama BPJS,Patologi Klinik,RS Ibu dan Anak Asyifa Depok,Jawa Barat,Kota Depok,1
RS Ibu dan Anak Bunda Suryatni,3201246,Sudah kerjasama BPJS,Patologi Klinik,RS Ibu dan Anak Bunda Suryatni,Jawa Barat,Kota Bogor,1
RS Ibu dan Anak Pasutri,3271162,Sudah kerjasama BPJS,Patologi Klinik,RS Ibu dan Anak Pasutri,Jawa Barat,Kota Bogor,1
RS Ibu dan Anak Tumbuh Kembang,3201141,Sudah kerjasama BPJS,Patologi Klinik,RS Ibu dan Anak Tumbuh Kembang,Jawa Barat,Kota Depok,1
RS Jiwa Provinsi Jawa Barat,3217042,Sudah kerjasama BPJS,Patologi Klinik,RS Jiwa Provinsi Jawa Barat,Jawa Barat,Bandung Barat,1
RS Jantung dan Pembuluh Darah Paramarta,3273558,Sudah kerjasama BPJS,Patologi Klinik,RS Jantung dan Pembuluh Darah Paramarta,Jawa Barat,Kota Bandung,1
RS Umum Daerah Jatisari Kabupaten Karawang,3215146,Sudah kerjasama BPJS,Patologi Klinik,RS Umum Daerah Jatisari Kabupaten Karawang,Jawa Barat,Karawang,1
RS Khusus Gigi dan Mulut Kota Bandung,3273540,Sudah kerjasama BPJS,Patologi Klinik,RS Khusus Gigi dan Mulut Kota Bandung,Jawa Barat,Kota Bandung,1
RS Paru Dr. M. Goenawan Partowidigdo,3201024,Sudah kerjasama BPJS,Patologi Klinik,RS Paru Dr. M. Goenawan Partowidigdo,Jawa Barat,Bogor,1
RS Umum Alia Hospital,3276154,Sudah kerjasama BPJS,Patologi Klinik,RS Umum Alia Hospital,Jawa Barat,Kota Depok,1
RS Umum Amanda Mitra Keluarga,3215167,Sudah kerjasama BPJS,Patologi Klinik,RS Umum Amanda Mitra Keluarga,Jawa Barat,Karawang,1
RS Umum Annisa,3201094,Sudah kerjasama BPJS,Patologi Klinik,RS Umum Annisa,Jawa Barat,Bogor,1
RS Umum Banjar Patroman,3279003,Sudah kerjasama BPJS,Patologi Klinik,RS Umum Banjar Patroman,Jawa Barat,Kota Banjar,1
RS Umum Baros,3277023,Sudah kerjasama BPJS,Patologi Klinik,RS Umum Baros,Jawa Barat,Kota Cimahi,1
RS Umum Bhakti Yudha,3201035,Sudah kerjasama BPJS,Patologi Klinik,RS Umum Bhakti Yudha,Jawa Barat,Kota Depok,1
RS Umum Citra Arafiq,3276153,Sudah kerjasama BPJS,Patologi Klinik,RS Umum Citra Arafiq,Jawa Barat,Kota Depok,1
RS Umum Dadi Keluarga Ciamis,3207057,Sudah kerjasama BPJS,Patologi Klinik,RS Umum Dadi Keluarga Ciamis,Jawa Barat,Ciamis,1
RS Umum dr. Abdul Radjak Purwakarta,3214032,Sudah kerjasama BPJS,Patologi Klinik,RS Umum dr. Abdul Radjak Purwakarta,Jawa Barat,Purwakarta,1
RS Umum Dr. Hafiz,3203038,Sudah kerjasama BPJS,Patologi Klinik,RS Umum Dr. Hafiz ,Jawa Barat,Cianjur,1
RS Umum Hasanah Graha Afiah,3276146,Sudah kerjasama BPJS,Patologi Klinik,RS Umum Hasanah Graha Afiah,Jawa Barat,Kota Depok,1
RS Umum Hermina Bogor,3271115,Sudah kerjasama BPJS,Patologi Klinik,RS Umum Hermina Bogor,Jawa Barat,Kota Bogor,1
RS Umum Hermina Sukabumi,3202062,Sudah kerjasama BPJS,Patologi Klinik,RS Umum Hermina Sukabumi,Jawa Barat,Sukabumi,1
RS Umum Holistic Purwakarta,3214037,Sudah kerjasama BPJS,Patologi Klinik,RS Umum Holistic Purwakarta,Jawa Barat,Purwakarta,1
RS Umum Karina Medika,3214040,Sudah kerjasama BPJS,Patologi Klinik,RS Umum Karina Medika,Jawa Barat,Purwakarta,1
RS Umum Khalishah,3209053,Sudah kerjasama BPJS,Patologi Klinik,RS Umum Khalishah,Jawa Barat,Cirebon,1
RS Umum Karya Pangalengan Bhakti Sehat,3204135,Sudah kerjasama BPJS,Patologi Klinik,RS Umum Karya Pangalengan Bhakti Sehat,Jawa Barat,Bandung,1
RS Umum Mary Cileungsi Hijau,3201152,Sudah kerjasama BPJS,Patologi Klinik,RS Umum Mary Cileungsi Hijau,Jawa Barat,Bogor,1
RS Umum Medimas,3274134,Sudah kerjasama BPJS,Patologi Klinik,RS Umum Medimas,Jawa Barat,Kota Cirebon,1
RS Umum Nurhayati Garut,3205023,Sudah kerjasama BPJS,Patologi Klinik,RS Umum Nurhayati Garut,Jawa Barat,Garut,1
RS Umum Daerah 45 Kuningan,3208013,Sudah kerjasama BPJS,Patologi Klinik,RS Umum Daerah 45 Kuningan,Jawa Barat,Kuningan,1
RS Umum Daerah Al Ihsan Provinsi Jawa Barat,3204086,Sudah kerjasama BPJS,Patologi Klinik,RS Umum Daerah Al Ihsan Provinsi Jawa Barat,Jawa Barat,Bandung,1
RS Umum Daerah Al-Mulk,3272075,Sudah kerjasama BPJS,Patologi Klinik,RS Umum Daerah Al-Mulk,Jawa Barat,Kota Sukabumi,1
RS Umum Daerah Anugerah Sehat Afiat,3276168,Sudah kerjasama BPJS,Patologi Klinik,RS Umum Daerah Anugerah Sehat Afiat,Jawa Barat,Kota Depok,1
RS Umum Daerah Arjawinangun,3209040,Sudah kerjasama BPJS,Patologi Klinik,RS Umum Daerah Arjawinangun,Jawa Barat,Cirebon,1
RS Umum Daerah Bandung Kiwari,3273260,Sudah kerjasama BPJS,Patologi Klinik,RS Umum Daerah Bandung Kiwari,Jawa Barat,Kota Bandung,1
RS Umum Daerah Banjar,3207023,Sudah kerjasama BPJS,Patologi Klinik,RS Umum Daerah Banjar,Jawa Barat,Kota Banjar,1
RS Umum Daerah Bayu Asih,3214011,Sudah kerjasama BPJS,Patologi Klinik,RS Umum Daerah Bayu Asih,Jawa Barat,Purwakarta,1
RS Umum Daerah dr. Chasbullah Abdulmadjid,3275013,Sudah kerjasama BPJS,Patologi Klinik,RS Umum Daerah dr. Chasbullah Abdulmadjid,Jawa Barat,Kota Bekasi,1
RS Umum Daerah Kab. Ciamis,3207012,Sudah kerjasama BPJS,Patologi Klinik,RS Umum Daerah Kab. Ciamis,Jawa Barat,Ciamis,1
RS Umum Daerah Ciawi,3201050,Sudah kerjasama BPJS,Patologi Klinik,RS Umum Daerah Ciawi,Jawa Barat,Bogor,1
RS Umum Daerah Cibabat,3277020,Sudah kerjasama BPJS,Patologi Klinik,RS Umum Daerah Cibabat,Jawa Barat,Kota Cimahi,1
RS Umum Daerah Cibinong,3201046,Sudah kerjasama BPJS,Patologi Klinik,RS Umum Daerah Cibinong,Jawa Barat,Bogor,1
RS Umum Daerah Cicalengka,3204101,Sudah kerjasama BPJS,Patologi Klinik,RS Umum Daerah Cicalengka,Jawa Barat,Bandung,1
RS Umum Daerah Cideres,3210025,Sudah kerjasama BPJS,Patologi Klinik,RS Umum Daerah Cideres,Jawa Barat,Majalengka,1
RS Umum Daerah Cikalongwetan,3217007,Sudah kerjasama BPJS,Patologi Klinik,RS Umum Daerah Cikalongwetan,Jawa Barat,Bandung Barat,1
RS Umum Daerah Cileungsi,3201232,Sudah kerjasama BPJS,Patologi Klinik,RS Umum Daerah Cileungsi,Jawa Barat,Bogor,1
RS Umum Daerah Cililin,3217002,Sudah kerjasama BPJS,Patologi Klinik,RS Umum Daerah Cililin,Jawa Barat,Bandung Barat,1
RS Umum Daerah Cimacan,3203037,Sudah kerjasama BPJS,Patologi Klinik,RS Umum Daerah Cimacan,Jawa Barat,Cianjur,1
RS Umum Daerah dr. Slamet Garut,3205010,Sudah kerjasama BPJS,Patologi Klinik,RS Umum Daerah dr. Slamet Garut,Jawa Barat,Garut,1
RS Umum Daerah dr. Soekardjo,3206011,Sudah kerjasama BPJS,Patologi Klinik,RS Umum Daerah dr. Soekardjo,Jawa Barat,Kota Tasikmalaya,1
RS Umum Daerah Kab. Indramayu,3212016,Sudah kerjasama BPJS,Patologi Klinik,RS Umum Daerah Kab. Indramayu,Jawa Barat,Indramayu,1
RS Umum Daerah Jampang Kulon,3202051,Sudah kerjasama BPJS,Patologi Klinik,RS Umum Daerah Jampang Kulon,Jawa Barat,Sukabumi,1
RS Umum Daerah Kab.Bekasi,3216252,Sudah kerjasama BPJS,Patologi Klinik,RS Umum Daerah Kab.Bekasi,Jawa Barat,Bekasi,1
RS Umum Daerah Sumedang,3211015,Sudah kerjasama BPJS,Patologi Klinik,RS Umum Daerah Sumedang,Jawa Barat,Sumedang,1
RS Umum Daerah Karawang,3215012,Sudah kerjasama BPJS,Patologi Klinik,RS Umum Daerah Karawang,Jawa Barat,Karawang,1
RS Umum Daerah Kawali,3207060,Sudah kerjasama BPJS,Patologi Klinik,RS Umum Daerah Kawali,Jawa Barat,Ciamis,1
RS Umum Daerah Bantar Gebang,3275068,Sudah kerjasama BPJS,Patologi Klinik,RS Umum Daerah Bantar Gebang,Jawa Barat,Kota Bekasi,1
RS Umum Daerah Jatisampurna,3275066,Sudah kerjasama BPJS,Patologi Klinik,RS Umum Daerah Jatisampurna,Jawa Barat,Kota Bekasi,1
RS Umum Daerah Pondokgede,3275067,Sudah kerjasama BPJS,Patologi Klinik,RS Umum Daerah Pondokgede,Jawa Barat,Kota Bekasi,1
RS umum Daerah Teluk Pucung,3275070,Sudah kerjasama BPJS,Patologi Klinik,RS umum Daerah Teluk Pucung,Jawa Barat,Kota Bekasi,1
RS Umum Daerah Kesehatan Kerja,3204134,Sudah kerjasama BPJS,Patologi Klinik,RS Umum Daerah Kesehatan Kerja,Jawa Barat,Bandung,1
RS Umum Daerah Khidmat Sehat Afiat Kota Depok,3276124,Sudah kerjasama BPJS,Patologi Klinik,RS Umum Daerah Khidmat Sehat Afiat Kota Depok,Jawa Barat,Kota Depok,1
RS Umum Daerah Kota Bandung,3273405,Sudah kerjasama BPJS,Patologi Klinik,RS Umum Daerah Kota Bandung,Jawa Barat,Kota Bandung,1
RS Umum Daerah Kota Bogor,3271104,Sudah kerjasama BPJS,Patologi Klinik,RS Umum Daerah Kota Bogor,Jawa Barat,Kota Bogor,1
RS Umum Daerah Lembang,3217004,Sudah kerjasama BPJS,Patologi Klinik,RS Umum Daerah Lembang,Jawa Barat,Bandung Barat,1
RS Umum Daerah Leuwiliang,3201083,Sudah kerjasama BPJS,Patologi Klinik,RS Umum Daerah Leuwiliang,Jawa Barat,Bogor,1
RS Umum Daerah Linggajati Kuningan,3208059,Sudah kerjasama BPJS,Patologi Klinik,RS Umum Daerah Linggajati Kuningan,Jawa Barat,Kuningan,1
RS Umum Daerah Mursid Ibnu Syafiuddin,3212056,Sudah kerjasama BPJS,Patologi Klinik,RS Umum Daerah Mursid Ibnu Syafiuddin,Jawa Barat,Indramayu,1
RS Umum Daerah Oto Iskandar Di Nata,3204090,Sudah kerjasama BPJS,Patologi Klinik,RS Umum Daerah Oto Iskandar Di Nata,Jawa Barat,Bandung,1
RS Umum Daerah Palabuhanratu,3202040,Sudah kerjasama BPJS,Patologi Klinik,RS Umum Daerah Palabuhanratu,Jawa Barat,Sukabumi,1
RS Umum Daerah Pameungpeuk Prov. Jabar,3205022,Sudah kerjasama BPJS,Patologi Klinik,RS Umum Daerah Pameungpeuk Prov. Jabar,Jawa Barat,Garut,1
RS Umum Daerah Pandega Pangandaran,3218001,Sudah kerjasama BPJS,Patologi Klinik,RS Umum Daerah Pandega Pangandaran,Jawa Barat,Pangandaran,1
RS Umum Daerah M. A. Sentot Patrol,3212031,Sudah kerjasama BPJS,Patologi Klinik,RS Umum Daerah M. A. Sentot Patrol,Jawa Barat,Indramayu,1
"RS Umum Daerah R. Syamsudin, SH",3272014,Sudah kerjasama BPJS,Patologi Klinik,"RS Umum Daerah R. Syamsudin, SH",Jawa Barat,Kota Sukabumi,1
RS Umum Daerah Sagaranten,3202087,Sudah kerjasama BPJS,Patologi Klinik,RS Umum Daerah Sagaranten,Jawa Barat,Sukabumi,1
RS Umum Daerah Sayang,3203015,Sudah kerjasama BPJS,Patologi Klinik,RS Umum Daerah Sayang,Jawa Barat,Cianjur,1
RS Umum Daerah Sekarwangi,3202014,Sudah kerjasama BPJS,Patologi Klinik,RS Umum Daerah Sekarwangi,Jawa Barat,Sukabumi,1
RS Umum Daerah Singaparna Medika Citrautama,3206023,Sudah kerjasama BPJS,Patologi Klinik,RS Umum Daerah Singaparna Medika Citrautama,Jawa Barat,Tasikmalaya,1
RS Umum Daerah Waled,3209014,Sudah kerjasama BPJS,Patologi Klinik,RS Umum Daerah Waled,Jawa Barat,Cirebon,1
RS Umum Bayukarta,3215023,Sudah kerjasama BPJS,Patologi Klinik,RS Umum Bayukarta,Jawa Barat,Karawang,1
RS Cahaya Medika,3216407,Sudah kerjasama BPJS,Patologi Klinik,RS Cahaya Medika,Jawa Barat,Bekasi,1
RS Umum Dewi Sri,3215045,Sudah kerjasama BPJS,Patologi Klinik,RS Umum Dewi Sri,Jawa Barat,Karawang,1
RS Umum Harapan Keluarga,3211027,Sudah kerjasama BPJS,Patologi Klinik,RS Umum Harapan Keluarga,Jawa Barat,Sumedang,1
RS Umum IMC,3217006,Sudah kerjasama BPJS,Patologi Klinik,RS Umum IMC,Jawa Barat,Bandung Barat,1
RS Umum Karya Husada,3215056,Sudah kerjasama BPJS,Patologi Klinik,RS Umum Karya Husada,Jawa Barat,Karawang,1
RS Umum Proklamasi,3215067,Sudah kerjasama BPJS,Patologi Klinik,RS Umum Proklamasi,Jawa Barat,Karawang,1
RS Umum Rosela,3215164,Sudah kerjasama BPJS,Patologi Klinik,RS Umum Rosela,Jawa Barat,Karawang,1
RS Umum Amira,3214035,Sudah kerjasama BPJS,Patologi Klinik,RS Umum Amira,Jawa Barat,Purwakarta,1
RS Umum Bina Sehat,3273442,Sudah kerjasama BPJS,Patologi Klinik,RS Umum Bina Sehat ,Jawa Barat,Bandung,1
Siloam Hospitals Lippo Cikarang,3216152,Sudah kerjasama BPJS,Patologi Klinik,Siloam Hospitals Lippo Cikarang,Jawa Barat,Bekasi,1
RS Umum PKU Muhamadiyah Gombong,3305066,Sudah kerjasama BPJS,Patologi Klinik,RS Umum PKU Muhamadiyah Gombong,Jawa Tengah,Kebumen,1
RS Umum PKU Muhammadiyah Sruweng,3305103,Sudah kerjasama BPJS,Patologi Klinik,RS Umum PKU Muhammadiyah Sruweng,Jawa Tengah,Kebumen,1
RS Aisyiyah Kudus,3319021,Sudah kerjasama BPJS,Patologi Klinik,RS Aisyiyah Kudus,Jawa Tengah,Kudus,1
RS Umum Aisyiyah Muntilan,3308017,Sudah kerjasama BPJS,Patologi Klinik,RS Umum Aisyiyah Muntilan ,Jawa Tengah,Magelang,1
RS Umum Amal Sehat,3312306,Sudah kerjasama BPJS,Patologi Klinik,RS Umum  Amal Sehat,Jawa Tengah,Wonogiri,1
RS Umum As-Suyuthiyyah,3318113,Sudah kerjasama BPJS,Patologi Klinik,RS Umum As-Suyuthiyyah ,Jawa Tengah,Pati,1
At-Tin Hospital,3322084,Sudah kerjasama BPJS,Patologi Klinik,At-Tin Hospital,Jawa Tengah,Semarang,1
RS Umum Banyumanik,3374331,Sudah kerjasama BPJS,Patologi Klinik,RS Umum Banyumanik,Jawa Tengah,Kota Semarang,1
RS Umum Bhakti Asih Brebes,3329078,Sudah kerjasama BPJS,Patologi Klinik,RS Umum Bhakti Asih Brebes,Jawa Tengah,Brebes,1
RS Umum Bhakti Asih Jatibarang,3329114,Sudah kerjasama BPJS,Patologi Klinik,RS Umum Bhakti Asih Jatibarang,Jawa Tengah,Brebes,1
RS Umum Bhayangkara Akpol Semarang,3374203,Sudah kerjasama BPJS,Patologi Klinik,RS Umum Bhayangkara Akpol Semarang ,Jawa Tengah,Kota Semarang,1
RS Umum Bhayangkara Semarang,3374091,Sudah kerjasama BPJS,Patologi Klinik,RS Umum Bhayangkara Semarang ,Jawa Tengah,Kota Semarang,1
RS Umum Brayat Minulya,3372041,Sudah kerjasama BPJS,Patologi Klinik,RS Umum Brayat Minulya,Jawa Tengah,Kota Surakarta,1
RS Umum Budi Agung Pati,3318109,Sudah kerjasama BPJS,Patologi Klinik,RS Umum  Budi Agung Pati,Jawa Tengah,Pati,1
RS Umum Budi Rahayu,3375022,Sudah kerjasama BPJS,Patologi Klinik,RS Umum Budi Rahayu,Jawa Tengah,Kota Pekalongan,1
RS Umum Charlie Hospital,3324040,Sudah kerjasama BPJS,Patologi Klinik,RS Umum Charlie Hospital,Jawa Tengah,Kendal,1
RS Umum Muhammadiyah Darul Istiqomah Kendal,3324037,Sudah kerjasama BPJS,Patologi Klinik,RS Umum Muhammadiyah Darul Istiqomah Kendal,Jawa Tengah,Kendal,1
RS Umum Dedy Jaya,3329067,Sudah kerjasama BPJS,Patologi Klinik,RS Umum Dedy Jaya,Jawa Tengah,Brebes,1
RS Umum Dr. Oen,3372026,Sudah kerjasama BPJS,Patologi Klinik,RS Umum Dr. Oen,Jawa Tengah,Kota Surakarta,1
RS Umum Dr. Oen Solo Baru,3311224,Sudah kerjasama BPJS,Patologi Klinik,RS Umum Dr. Oen Solo Baru,Jawa Tengah,Sukoharjo,1
RS Umum Tk. IV 04.07.03 dr. Asmir,3373020,Sudah kerjasama BPJS,Patologi Klinik,RS Umum Tk. IV 04.07.03 dr. Asmir,Jawa Tengah,Kota Salatiga,1
RS Umum H. A. Zaky Djunaid,3375073,Sudah kerjasama BPJS,Patologi Klinik,RS Umum H. A. Zaky Djunaid,Jawa Tengah,Kota Pekalongan,1
RS Umum Harapan,3371131,Sudah kerjasama BPJS,Patologi Klinik,RS Umum Harapan,Jawa Tengah,Kota Magelang,1
RS Umum Harapan Ibu,3303075,Sudah kerjasama BPJS,Patologi Klinik,RS Umum Harapan Ibu,Jawa Tengah,Purbalingga,1
RS Harapan Sehat Pemalang,3327048,Sudah kerjasama BPJS,Patologi Klinik,RS Harapan Sehat Pemalang,Jawa Tengah,Pemalang,1
RS Harapan Sehat Slawi,3328081,Sudah kerjasama BPJS,Patologi Klinik,RS Harapan Sehat Slawi,Jawa Tengah,Tegal,1
RS Umum Hermina Banyumanik Semarang,3374365,Sudah kerjasama BPJS,Patologi Klinik,RS Umum Hermina Banyumanik Semarang,Jawa Tengah,Kota Semarang,1
RS Umum Hermina Pandanaran,3374145,Sudah kerjasama BPJS,Patologi Klinik,RS Umum Hermina Pandanaran,Jawa Tengah,Kota Semarang,1
RS Umum Hermina Solo,3372236,Sudah kerjasama BPJS,Patologi Klinik,RS Umum Hermina Solo,Jawa Tengah,Kota Surakarta,1
RS Hj. Fatimah Sulhan PKU Muhammadiyah Demak,3321036,Sudah kerjasama BPJS,Patologi Klinik,RS Hj. Fatimah Sulhan PKU Muhammadiyah Demak,Jawa Tengah,Demak,1
RS Umum Indriati,3311229,Sudah kerjasama BPJS,Patologi Klinik,RS Umum Indriati,Jawa Tengah,Sukoharjo,1
RS Umum Islam Amal Sehat Sragen,3314056,Sudah kerjasama BPJS,Patologi Klinik,RS Umum Islam Amal Sehat Sragen,Jawa Tengah,Sragen,1
RS Umum Islam Banjarnegara,3304032,Sudah kerjasama BPJS,Patologi Klinik,RS Umum Islam Banjarnegara,Jawa Tengah,Banjarnegara,1
RS Umum Islam Fatimah,3301073,Sudah kerjasama BPJS,Patologi Klinik,RS Umum Islam Fatimah,Jawa Tengah,Cilacap,1
RS Umum Islam Kendal,3324036,Sudah kerjasama BPJS,Patologi Klinik,RS Umum Islam Kendal,Jawa Tengah,Kendal,1
RS Umum Islam Wonosobo,3307050,Sudah kerjasama BPJS,Patologi Klinik,RS Umum Islam Wonosobo,Jawa Tengah,Wonosobo,1
RS Umum Bantuan Kudus,3319102,Sudah kerjasama BPJS,Patologi Klinik,RS Umum Bantuan Kudus,Jawa Tengah,Kudus,1
RS Umum Kasih Ibu,3372165,Sudah kerjasama BPJS,Patologi Klinik,RS Umum Kasih Ibu,Jawa Tengah,Kota Surakarta,1
RS Umum Keluarga Sehat,3318108,Sudah kerjasama BPJS,Patologi Klinik,RS Umum Keluarga Sehat ,Jawa Tengah,Pati,1
RS Keluarga Sehat Tayu,3318114,Sudah kerjasama BPJS,Patologi Klinik,RS Keluarga Sehat Tayu,Jawa Tengah,Pati,1
RS Umum Ken Saras,3322034,Sudah kerjasama BPJS,Patologi Klinik,RS Umum Ken Saras,Jawa Tengah,Semarang,1
RS Khusus Bedah Columbia Asia Semarang,3374366,Sudah kerjasama BPJS,Patologi Klinik,RS Khusus Bedah Columbia Asia Semarang,Jawa Tengah,Kota Semarang,1
RS Umum Mardi Rahayu,3319032,Sudah kerjasama BPJS,Patologi Klinik,RS Umum Mardi Rahayu,Jawa Tengah,Kudus,1
RS Umum Mitra Bangsa Pati,3318075,Sudah kerjasama BPJS,Patologi Klinik,RS Umum Mitra Bangsa Pati,Jawa Tengah,Pati,1
RS Umum Mitra Keluarga Tegal,3328042,Sudah kerjasama BPJS,Patologi Klinik,RS Umum Mitra Keluarga Tegal,Jawa Tengah,Kota Tegal,1
RS Umum Mitra Siaga,3376023,Sudah kerjasama BPJS,Patologi Klinik,RS Umum  Mitra Siaga,Jawa Tengah,Tegal,1
RS Umum Muhammadiyah Mardhatillah,3327047,Sudah kerjasama BPJS,Patologi Klinik,RS Umum Muhammadiyah Mardhatillah,Jawa Tengah,Pemalang,1
RS Umum Nasional Diponegoro,3374367,Sudah kerjasama BPJS,Patologi Klinik,RS Umum Nasional Diponegoro,Jawa Tengah,Kota Semarang,1
RS Umum Ngesti Waluyo,3323024,Sudah kerjasama BPJS,Patologi Klinik,RS Umum Ngesti Waluyo,Jawa Tengah,Temanggung,1
RS Umum Nirmala Suri,3311213,Sudah kerjasama BPJS,Patologi Klinik,RS Umum Nirmala Suri,Jawa Tengah,Sukoharjo,1
RS Khusus Orthopedi Karima Utama,3311027,Sudah kerjasama BPJS,Patologi Klinik,RS Khusus Orthopedi Karima Utama,Jawa Tengah,Sukoharjo,1
RS Orthopedi Prof. Dr. R. Soeharso,3372063,Sudah kerjasama BPJS,Patologi Klinik,RS Orthopedi Prof. Dr. R. Soeharso,Jawa Tengah,Sukoharjo,1
RS Umum Palang Biru Gombong,3305033,Sudah kerjasama BPJS,Patologi Klinik,RS Umum Palang Biru Gombong,Jawa Tengah,Kebumen,1
RS Umum Panti Rahayu,3315024,Sudah kerjasama BPJS,Patologi Klinik,RS Umum Panti Rahayu,Jawa Tengah,Grobogan,1
RS Umum Panti Waluyo Yakkum Purworejo,3306082,Sudah kerjasama BPJS,Patologi Klinik,RS Umum Panti Waluyo Yakkum Purworejo,Jawa Tengah,Purworejo,1
RS Umum Panti Waluyo,3372074,Sudah kerjasama BPJS,Patologi Klinik,RS Umum Panti Waluyo,Jawa Tengah,Kota Surakarta,1
RS Umum Panti Wilasa Citarum,3374112,Sudah kerjasama BPJS,Patologi Klinik,RS Umum Panti Wilasa Citarum,Jawa Tengah,Kota Semarang,1
RS Panti Wilasa,3374240,Sudah kerjasama BPJS,Patologi Klinik,RS Panti Wilasa ,Jawa Tengah,Kota Semarang,1
RS Umum Pelita Anugerah,3321034,Sudah kerjasama BPJS,Patologi Klinik,RS Umum Pelita Anugerah,Jawa Tengah,Demak,1
RS Permata Bunda,3315035,Sudah kerjasama BPJS,Patologi Klinik,RS Permata Bunda,Jawa Tengah,Grobogan,1
RS Umum Permata Medika,3374054,Sudah kerjasama BPJS,Patologi Klinik,RS Umum Permata Medika ,Jawa Tengah,Kota Semarang,1
RS PKU Aisyiyah Jepara,3320046,Sudah kerjasama BPJS,Patologi Klinik,RS PKU Aisyiyah Jepara,Jawa Tengah,Jepara,1
RS Umum PKU Muhammadiyah Kutowinangun,3305118,Sudah kerjasama BPJS,Patologi Klinik,RS Umum PKU Muhammadiyah Kutowinangun ,Jawa Tengah,Kebumen,1
RS Umum PKU Muhammadiyah Banjarnegara,3304035,Sudah kerjasama BPJS,Patologi Klinik,RS Umum PKU Muhammadiyah Banjarnegara,Jawa Tengah,Banjarnegara,1
RS Umum PKU Muhammadiyah Cepu,3316051,Sudah kerjasama BPJS,Patologi Klinik,RS Umum PKU Muhammadiyah Cepu,Jawa Tengah,Blora,1
RS Umum PKU Muhammadiyah Gubug,3315046,Sudah kerjasama BPJS,Patologi Klinik,RS Umum PKU Muhammadiyah Gubug,Jawa Tengah,Grobogan,1
RS PKU Muhammadiyah Karanganyar,3313033,Sudah kerjasama BPJS,Patologi Klinik,RS PKU Muhammadiyah Karanganyar,Jawa Tengah,Karanganyar,1
RS PKU Muhammadiyah Pamotan,3317038,Sudah kerjasama BPJS,Patologi Klinik,RS PKU Muhammadiyah Pamotan,Jawa Tengah,Rembang,1
RS Umum PKU Muhammadiyah Purbalingga,3303102,Sudah kerjasama BPJS,Patologi Klinik,RS Umum PKU Muhammadiyah Purbalingga,Jawa Tengah,Purbalingga,1
RS Umum PKU Muhammadiyah Sragen,3314090,Sudah kerjasama BPJS,Patologi Klinik,RS Umum PKU Muhammadiyah Sragen ,Jawa Tengah,Sragen,1
RS Umum PKU Muhammadiyah Sukoharjo,3311225,Sudah kerjasama BPJS,Patologi Klinik,RS Umum PKU Muhammadiyah Sukoharjo,Jawa Tengah,Sukoharjo,1
RS PKU Muhammadiyah Surakarta,3372096,Sudah kerjasama BPJS,Patologi Klinik,RS PKU Muhammadiyah Surakarta,Jawa Tengah,Kota Surakarta,1
RS PKU Muhammadiyah Wonogiri,3312310,Sudah kerjasama BPJS,Patologi Klinik,RS PKU Muhammadiyah Wonogiri,Jawa Tengah,Wonogiri,1
RS Umum PKU Muhammadiyah Wonosobo,3307051,Sudah kerjasama BPJS,Patologi Klinik,RS Umum  PKU Muhammadiyah Wonosobo,Jawa Tengah,Wonosobo,1
RS Umum Prima Medika,3327045,Sudah kerjasama BPJS,Patologi Klinik,RS Umum Prima Medika,Jawa Tengah,Pemalang,1
RS Primaya Kota Semarang,3374387,Sudah kerjasama BPJS,Patologi Klinik,RS Primaya Kota Semarang,Jawa Tengah,Kota Semarang,1
RS Priscilla Medical Center,3301115,Sudah kerjasama BPJS,Patologi Klinik,RS Priscilla Medical Center,Jawa Tengah,Cilacap,1
RS Umum Purbowangi,3305092,Sudah kerjasama BPJS,Patologi Klinik,RS Umum Purbowangi,Jawa Tengah,Kebumen,1
RS Umum Puri Asih,3373090,Sudah kerjasama BPJS,Patologi Klinik,RS Umum Puri Asih,Jawa Tengah,Kota Salatiga,1
RS Umum Qim,3325037,Sudah kerjasama BPJS,Patologi Klinik,RS Umum Qim,Jawa Tengah,Batang,1
RS Sarkies 'Aisyiyah Kudus,3319113,Sudah kerjasama BPJS,Patologi Klinik,RS Sarkies 'Aisyiyah Kudus,Jawa Tengah,Kudus,1
RS Umum Sebening Kasih,3318111,Sudah kerjasama BPJS,Patologi Klinik,RS Umum Sebening Kasih,Jawa Tengah,Pati,1
RS Umum St. Elisabeth Semarang,3374021,Sudah kerjasama BPJS,Patologi Klinik,RS Umum St. Elisabeth Semarang,Jawa Tengah,Kota Semarang,1
RS Umum Telogorejo Semarang,3374043,Sudah kerjasama BPJS,Patologi Klinik,RS Umum Telogorejo Semarang,Jawa Tengah,Kota Semarang,1
RS Umum Tk. III Wijayakusuma,3302030,Sudah kerjasama BPJS,Patologi Klinik,RS Umum Tk. III Wijayakusuma,Jawa Tengah,Banyumas,1
RS Umum Triharsi,3372191,Sudah kerjasama BPJS,Patologi Klinik,RS Umum Triharsi,Jawa Tengah,Kota Surakarta,1
RS Umum Universitas Sebelas Maret,3311228,Sudah kerjasama BPJS,Patologi Klinik,RS Umum Universitas Sebelas Maret,Jawa Tengah,Sukoharjo,1
RS Umum Palang Biru Kutoarjo,3306104,Sudah kerjasama BPJS,Patologi Klinik,RS Umum Palang Biru Kutoarjo,Jawa Tengah,Purworejo,1
RS Umum Purwogondo,3305114,Sudah kerjasama BPJS,Patologi Klinik,RS Umum Purwogondo,Jawa Tengah,Kebumen,1
RSAU dr. Siswanto Lanud Adi Soemarmo,3313022,Sudah kerjasama BPJS,Patologi Klinik,RSAU dr. Siswanto Lanud Adi Soemarmo,Jawa Tengah,Karanganyar,1
RS Umum Daerah Bagas Waras,3310421,Sudah kerjasama BPJS,Patologi Klinik,RS Umum Daerah Bagas Waras,Jawa Tengah,Klaten,1
RS Umum Islam Al-Ikhlas,3327043,Sudah kerjasama BPJS,Patologi Klinik,RS Umum Islam Al-Ikhlas,Jawa Tengah,Pemalang,1
RS Umum Islam Arafah,3317026,Sudah kerjasama BPJS,Patologi Klinik,RS Umum Islam Arafah,Jawa Tengah,Rembang,1
RS Islam At-Tin Husada,3303103,Sudah kerjasama BPJS,Patologi Klinik,RS Islam At-Tin Husada,Jawa Tengah,Purbalingga,1
RS Umum Islam Harapan Anda,3376082,Sudah kerjasama BPJS,Patologi Klinik,RS Umum Islam Harapan Anda,Jawa Tengah,Kota Tegal,1
RS Umum Islam Magelang,3371142,Sudah kerjasama BPJS,Patologi Klinik,RS Umum Islam Magelang,Jawa Tengah,Kota Magelang,1
RS Umum Islam NU Demak,3321033,Sudah kerjasama BPJS,Patologi Klinik,RS Umum Islam NU Demak,Jawa Tengah,Demak,1
RS Umum Islam Pati,3318064,Sudah kerjasama BPJS,Patologi Klinik,RS Umum Islam Pati,Jawa Tengah,Pati,1
RS Islam PKU Muhammadiyah Pekajangan,3326016,Sudah kerjasama BPJS,Patologi Klinik,RS Islam PKU Muhammadiyah Pekajangan,Jawa Tengah,Pekalongan,1
RS Muhammadiyah Rodliyah Achid,3327032,Sudah kerjasama BPJS,Patologi Klinik,RS Muhammadiyah Rodliyah Achid,Jawa Tengah,Pemalang,1
RSI PKU Muhammadiyah Tegal,3328055,Sudah kerjasama BPJS,Patologi Klinik,RSI PKU Muhammadiyah Tegal,Jawa Tengah,Tegal,1
RS Umum Islam Purwodadi,3315059,Sudah kerjasama BPJS,Patologi Klinik,RS Umum Islam Purwodadi ,Jawa Tengah,Grobogan,1
RS Umum Sultan Agung Semarang,3374076,Sudah kerjasama BPJS,Patologi Klinik,RS Umum Sultan Agung Semarang,Jawa Tengah,Kota Semarang,1
RS Umum Sultan Hadlirin Jepara,3320032,Sudah kerjasama BPJS,Patologi Klinik,RS Umum Sultan Hadlirin Jepara,Jawa Tengah,Jepara,1
RS Umum Islam Sunan Kudus,3319080,Sudah kerjasama BPJS,Patologi Klinik,RS Umum  Islam Sunan Kudus,Jawa Tengah,Kudus,1
RS Umum 'Aisyiyah Klaten,3310052,Sudah kerjasama BPJS,Patologi Klinik,RS Umum 'Aisyiyah Klaten,Jawa Tengah,Klaten,1
RS Ibu dan Anak Bunda Arif,3302174,Sudah kerjasama BPJS,Patologi Klinik,RS Ibu dan Anak Bunda Arif,Jawa Tengah,Banyumas,1
RS Ibu dan Anak NU Cakra Medika,3316074,Sudah kerjasama BPJS,Patologi Klinik,RS Ibu dan Anak NU Cakra Medika,Jawa Tengah,Blora,1
RS Ibu dan Anak Plamongan Indah,3322072,Sudah kerjasama BPJS,Patologi Klinik,RS Ibu dan Anak Plamongan Indah,Jawa Tengah,Kota Semarang,1
RS Jiwa Prof. Dr. Soerojo,3371040,Sudah kerjasama BPJS,Patologi Klinik,RS Jiwa Prof. Dr. Soerojo,Jawa Tengah,Kota Magelang,1
RS Jiwa Daerah Dr. Amino Gondohutomo,3374123,Sudah kerjasama BPJS,Patologi Klinik,RS Jiwa Daerah  Dr. Amino Gondohutomo,Jawa Tengah,Kota Semarang,1
RS Jiwa Daerah Dr. RM. Soedjarwadi,3310026,Sudah kerjasama BPJS,Patologi Klinik,RS Jiwa Daerah Dr. RM. Soedjarwadi,Jawa Tengah,Klaten,1
RS Jiwa Daerah Surakarta,3372052,Sudah kerjasama BPJS,Patologi Klinik,RS Jiwa Daerah Surakarta,Jawa Tengah,Kota Surakarta,1
RS Umum Diponegoro Dua Satu Klaten,3310405,Sudah kerjasama BPJS,Patologi Klinik,RS Umum Diponegoro Dua Satu Klaten,Jawa Tengah,Klaten,1
RS Umum Tk.III Bhakti Wira Tamtama Smg,3374065,Sudah kerjasama BPJS,Patologi Klinik,RS Umum Tk.III Bhakti Wira Tamtama Smg,Jawa Tengah,Kota Semarang,1
RS Umum Tk. II Dr. Soedjono,3371025,Sudah kerjasama BPJS,Patologi Klinik,RS Umum Tk. II Dr. Soedjono,Jawa Tengah,Kota Magelang,1
RS Umum Amanah,3302121,Sudah kerjasama BPJS,Patologi Klinik,RS Umum Amanah,Jawa Tengah,Banyumas,1
RS Amanah Umat Purworejo,3306111,Sudah kerjasama BPJS,Patologi Klinik,RS Amanah Umat Purworejo,Jawa Tengah,Purworejo,1
RS Umum Ananda Purwokerto,3302165,Sudah kerjasama BPJS,Patologi Klinik,RS Umum Ananda Purwokerto,Jawa Tengah,Banyumas,1
RS Umum An Ni'mah,3302074,Sudah kerjasama BPJS,Patologi Klinik,RS Umum An Ni'mah,Jawa Tengah,Banyumas,1
RS Umum Assalam,3314067,Sudah kerjasama BPJS,Patologi Klinik,RS Umum Assalam,Jawa Tengah,Sragen,1
RS Umum Astrini,3312309,Sudah kerjasama BPJS,Patologi Klinik,RS Umum Astrini,Jawa Tengah,Wonogiri,1
RS Umum Asy-Syifa Sambi,3309128,Sudah kerjasama BPJS,Patologi Klinik,RS Umum Asy-Syifa Sambi,Jawa Tengah,Boyolali,1
RS Umum Banyumanik 2,3374374,Sudah kerjasama BPJS,Patologi Klinik,RS Umum Banyumanik 2,Jawa Tengah,Kota Semarang,1
RS Umum Budi Sehat Purworejo,3306110,Sudah kerjasama BPJS,Patologi Klinik,RS Umum Budi Sehat Purworejo,Jawa Tengah,Purworejo,1
RS Umum Cakra Husada,3310395,Sudah kerjasama BPJS,Patologi Klinik,RS Umum Cakra Husada,Jawa Tengah,Klaten,1
RS Umum Comal Baru,3327049,Sudah kerjasama BPJS,Patologi Klinik,RS Umum Comal Baru,Jawa Tengah,Pemalang,1
RS Umum Dadi Keluarga,3302229,Sudah kerjasama BPJS,Patologi Klinik,RS Umum Dadi Keluarga,Jawa Tengah,Banyumas,1
RS Umum Emmanuel,3304021,Sudah kerjasama BPJS,Patologi Klinik,RS Umum Emmanuel,Jawa Tengah,Banjarnegara,1
RS Umum Fastabiq Sehat PKU Muhammadiyah Pati,3318110,Sudah kerjasama BPJS,Patologi Klinik,RS Umum Fastabiq Sehat PKU Muhammadiyah Pati,Jawa Tengah,Pati,1
RS Umum Hermina Pekalongan,3375075,Sudah kerjasama BPJS,Patologi Klinik,RS Umum Hermina Pekalongan,Jawa Tengah,Kota Pekalongan,1
RS Hermina Purwokerto,3302232,Sudah kerjasama BPJS,Patologi Klinik,RS Hermina Purwokerto,Jawa Tengah,Banyumas,1
RS Umum Hidayah Boyolali,3309129,Sudah kerjasama BPJS,Patologi Klinik,RS Umum Hidayah Boyolali,Jawa Tengah,Boyolali,1
RS Indriati Boyolali,3309135,Sudah kerjasama BPJS,Patologi Klinik,RS Indriati Boyolali,Jawa Tengah,Boyolali,1
RS Umum Islam Banyubening Boyolali,3309131,Sudah kerjasama BPJS,Patologi Klinik,RS Umum Islam Banyubening Boyolali ,Jawa Tengah,Boyolali,1
RS Umum Islam Cawas Klaten,3310417,Sudah kerjasama BPJS,Patologi Klinik,RS Umum Islam Cawas Klaten,Jawa Tengah,Klaten,1
RS Umum Islam Klaten,3310384,Sudah kerjasama BPJS,Patologi Klinik,RS Umum Islam Klaten,Jawa Tengah,Klaten,1
RS Umum Islam Kustati,3372132,Sudah kerjasama BPJS,Patologi Klinik,RS Umum Islam Kustati,Jawa Tengah,Kota Surakarta,1
RS Umum Islami Mutiara Bunda,3329103,Sudah kerjasama BPJS,Patologi Klinik,RS Umum Islami Mutiara Bunda,Jawa Tengah,Brebes,1
RS Umum Karanggede Sisma Medika,3309085,Sudah kerjasama BPJS,Patologi Klinik,RS Umum  Karanggede Sisma Medika,Jawa Tengah,Boyolali,1
RS Umum Daerah Kardinah,3376012,Sudah kerjasama BPJS,Patologi Klinik,RS Umum Daerah Kardinah ,Jawa Tengah,Kota Tegal,1
RS Umum Kumala Siwimijen Kudus,3319022,Sudah kerjasama BPJS,Patologi Klinik,RS Umum Kumala Siwimijen Kudus,Jawa Tengah,Kudus,1
RS Umum Kusuma Ungaran,3322073,Sudah kerjasama BPJS,Patologi Klinik,RS Umum Kusuma Ungaran ,Jawa Tengah,Semarang,1
RS Umum Mardi Lestari Sragen,3314023,Sudah kerjasama BPJS,Patologi Klinik,RS Umum Mardi Lestari Sragen,Jawa Tengah,Sragen,1
RS Umum Mitra Pedan,3310419,Sudah kerjasama BPJS,Patologi Klinik,RS Umum Mitra Pedan,Jawa Tengah,Klaten,1
RS Umum Muhammadiyah Selogiri,3312284,Sudah kerjasama BPJS,Patologi Klinik,RS Umum Muhammadiyah Selogiri,Jawa Tengah,Wonogiri,1
RS Umum Mulia Hati Wonogiri,3312308,Sudah kerjasama BPJS,Patologi Klinik,RS Umum Mulia Hati Wonogiri,Jawa Tengah,Wonogiri,1
RS Umum Nirmala,3303064,Sudah kerjasama BPJS,Patologi Klinik,RS Umum Nirmala,Jawa Tengah,Purbalingga,1
RS Umum Nurussyifa,3319043,Sudah kerjasama BPJS,Patologi Klinik,RS Umum  Nurussyifa,Jawa Tengah,Kudus,1
RS Umum Permata Blora,3316040,Sudah kerjasama BPJS,Patologi Klinik,RS Umum Permata Blora,Jawa Tengah,Blora,1
RS Umum PKU Aisyiyah Boyolali,3309063,Sudah kerjasama BPJS,Patologi Klinik,RS Umum PKU Aisyiyah Boyolali,Jawa Tengah,Boyolali,1
RS Umum PKU Muhammadiyah Delanggu,3310416,Sudah kerjasama BPJS,Patologi Klinik,RS Umum PKU Muhammadiyah Delanggu,Jawa Tengah,Klaten,1
RS Umum PKU Muhammadiyah Jatinom,3310418,Sudah kerjasama BPJS,Patologi Klinik,RS Umum PKU Muhammadiyah Jatinom,Jawa Tengah,Klaten,1
RS Umum PKU Muhammadiyah Pedan,3310425,Sudah kerjasama BPJS,Patologi Klinik,RS Umum PKU Muhammadiyah Pedan,Jawa Tengah,Klaten,1
RS Umum PKU Muhammadiyah Petanahan Kebumen,3305117,Sudah kerjasama BPJS,Patologi Klinik,RS Umum PKU Muhammadiyah Petanahan Kebumen,Jawa Tengah,Kebumen,1
RS PKU Muhammadiyah Prambanan,3310426,Sudah kerjasama BPJS,Patologi Klinik,RS PKU Muhammadiyah Prambanan,Jawa Tengah,Klaten,1
RS Umum Rizky Amalia,3314096,Sudah kerjasama BPJS,Patologi Klinik,RS Umum Rizky Amalia,Jawa Tengah,Sragen,1
RS Umum Santa Maria Cilacap,3301107,Sudah kerjasama BPJS,Patologi Klinik,RS Umum Santa Maria Cilacap,Jawa Tengah,Cilacap,1
RS Umum Sarila Husada,3314045,Sudah kerjasama BPJS,Patologi Klinik,RS Umum Sarila Husada,Jawa Tengah,Sragen,1
RS Umum Siaga Medika Pemalang,3327044,Sudah kerjasama BPJS,Patologi Klinik,RS Umum Siaga Medika Pemalang ,Jawa Tengah,Pemalang,1
RS Umum Siaga Medika Purbalingga,3303101,Sudah kerjasama BPJS,Patologi Klinik,RS Umum Siaga Medika Purbalingga ,Jawa Tengah,Purbalingga,1
RS Umum Santa Elisabeth Purwokerto,3302041,Sudah kerjasama BPJS,Patologi Klinik,RS Umum Santa Elisabeth Purwokerto,Jawa Tengah,Banyumas,1
RS Umum Syubbanul Wathon,3308021,Sudah kerjasama BPJS,Patologi Klinik,RS Umum Syubbanul Wathon,Jawa Tengah,Magelang,1
RS Umum Umi Barokah,3309074,Sudah kerjasama BPJS,Patologi Klinik,RS Umum Umi Barokah,Jawa Tengah,Boyolali,1
RS Umum Wijayakusuma,3305081,Sudah kerjasama BPJS,Patologi Klinik,RS Umum Wijayakusuma,Jawa Tengah,Kebumen,1
RS Umum Wiradadi Husada,3302213,Sudah kerjasama BPJS,Patologi Klinik,RS Umum Wiradadi Husada,Jawa Tengah,Banyumas,1
RS Umum Daerah Ajibarang,3302191,Sudah kerjasama BPJS,Patologi Klinik,RS Umum Daerah Ajibarang,Jawa Tengah,Banyumas,1
RS umum Daerah Banyumas,3302015,Sudah kerjasama BPJS,Patologi Klinik,RS umum Daerah Banyumas,Jawa Tengah,Banyumas,1
RS Umum Daerah Batang,3325015,Sudah kerjasama BPJS,Patologi Klinik,RS Umum Daerah Batang,Jawa Tengah,Batang,1
RS Umum Daerah Bendan Kota Pekalongan,3326049,Sudah kerjasama BPJS,Patologi Klinik,RS Umum Daerah Bendan Kota Pekalongan,Jawa Tengah,Kota Pekalongan,1
RS Umum Daerah Brebes,3329012,Sudah kerjasama BPJS,Patologi Klinik,RS Umum Daerah Brebes,Jawa Tengah,Brebes,1
RS Umum Daerah Budi Rahayu,3371144,Sudah kerjasama BPJS,Patologi Klinik,RS Umum Daerah Budi Rahayu,Jawa Tengah,Kota Magelang,1
RS Umum Daerah Bung Karno Kota Surakarta,3372240,Sudah kerjasama BPJS,Patologi Klinik,RS Umum Daerah Bung Karno Kota Surakarta,Jawa Tengah,Kota Surakarta,1
RS Umum Daerah Cilacap,3301014,Sudah kerjasama BPJS,Patologi Klinik,RS Umum Daerah Cilacap,Jawa Tengah,Cilacap,1
RS Umum Daerah Dr. R. Soeprapto Cepu,3316025,Sudah kerjasama BPJS,Patologi Klinik,RS Umum Daerah Dr. R. Soeprapto Cepu,Jawa Tengah,Blora,1
RS Umum Daerah dr. Gondo Suwarno,3322023,Sudah kerjasama BPJS,Patologi Klinik,RS Umum Daerah dr. Gondo Suwarno,Jawa Tengah,Semarang,1
RS Umum Daerah dr. Gunawan Mangunkusumo,3322012,Sudah kerjasama BPJS,Patologi Klinik,RS Umum Daerah dr. Gunawan Mangunkusumo,Jawa Tengah,Semarang,1
RS Umum Daerah dr. Loekmono Hadi,3319010,Sudah kerjasama BPJS,Patologi Klinik,RS Umum Daerah dr. Loekmono Hadi,Jawa Tengah,Kudus,1
RS Umum Daerah Dr. M. Ashari Pemalang,3327010,Sudah kerjasama BPJS,Patologi Klinik,RS Umum Daerah Dr. M. Ashari Pemalang,Jawa Tengah,Pemalang,1
RS Umum Daerah Dr. Moewardi Surakarta,3372015,Sudah kerjasama BPJS,Patologi Klinik,RS Umum Daerah Dr. Moewardi Surakarta,Jawa Tengah,Kota Surakarta,1
RS Umum Daerah Dr. R.Soedjati Soemodiardjo,3315013,Sudah kerjasama BPJS,Patologi Klinik,RS Umum Daerah Dr. R.Soedjati Soemodiardjo,Jawa Tengah,Grobogan,1
RS Umum Daerah dr. R. Goeteng Taroenadibrata,3303016,Sudah kerjasama BPJS,Patologi Klinik,RS Umum Daerah dr. R. Goeteng Taroenadibrata,Jawa Tengah,Purbalingga,1
RS Umum Daerah Dr. Soediran Mangun Sumarso Wonogi,3312010,Sudah kerjasama BPJS,Patologi Klinik,RS Umum Daerah Dr. Soediran Mangun Sumarso Wonogi,Jawa Tengah,Wonogiri,1
RS Umum Daerah dr. Soedirman Kabupaten Kebumen,3305011,Sudah kerjasama BPJS,Patologi Klinik,RS Umum Daerah dr. Soedirman Kabupaten Kebumen,Jawa Tengah,Kebumen,1
RS Umum Daerah dr. Soehadi Prijonegoro,3314012,Sudah kerjasama BPJS,Patologi Klinik,RS Umum Daerah dr. Soehadi Prijonegoro,Jawa Tengah,Sragen,1
RS Umum Daerah dr. Soeratno Gemolong,3314089,Sudah kerjasama BPJS,Patologi Klinik,RS Umum Daerah dr. Soeratno Gemolong,Jawa Tengah,Sragen,1
RS Umum Daerah dr. Soeselo Slawi Kabupaten Tegal,3328011,Sudah kerjasama BPJS,Patologi Klinik,RS Umum Daerah dr. Soeselo Slawi Kabupaten Tegal,Jawa Tengah,Tegal,1
RS Umum Daerah Dr. Tjitrowardojo Purworejo,3306012,Sudah kerjasama BPJS,Patologi Klinik,RS Umum Daerah Dr. Tjitrowardojo Purworejo,Jawa Tengah,Purworejo,1
RS Umum Daerah Dr. H. Soewondo Kendal,3324014,Sudah kerjasama BPJS,Patologi Klinik,RS Umum Daerah  Dr. H. Soewondo Kendal,Jawa Tengah,Kendal,1
RS Umum Daerah dr. R. Soetrasno Rembang,3317015,Sudah kerjasama BPJS,Patologi Klinik,RS Umum Daerah dr. R. Soetrasno Rembang,Jawa Tengah,Rembang,1
RS Umum Daerah Hj. Anna Lasmanah Banjarnegara,3304010,Sudah kerjasama BPJS,Patologi Klinik,RS Umum Daerah Hj. Anna Lasmanah Banjarnegara,Jawa Tengah,Banjarnegara,1
RS Umum Daerah Ibu Fatmawati Soekarno,3372234,Sudah kerjasama BPJS,Patologi Klinik,RS Umum Daerah Ibu Fatmawati Soekarno,Jawa Tengah,Kota Surakarta,1
RS Umum Daerah Ir. Soekarno Kabupaten Sukoharjo,3311016,Sudah kerjasama BPJS,Patologi Klinik,RS Umum Daerah Ir. Soekarno Kabupaten Sukoharjo,Jawa Tengah,Sukoharjo,1
RS Umum Daerah Kajen Kab. Pekalongan,3326038,Sudah kerjasama BPJS,Patologi Klinik,RS Umum Daerah Kajen Kab. Pekalongan,Jawa Tengah,Pekalongan,1
RS Umum Daerah Karanganyar,3313011,Sudah kerjasama BPJS,Patologi Klinik,RS Umum Daerah Karanganyar,Jawa Tengah,Karanganyar,1
RS Umum Daerah Kayen Pati,3318086,Sudah kerjasama BPJS,Patologi Klinik,RS Umum Daerah Kayen Pati,Jawa Tengah,Pati,1
RS Umum Daerah Kelet Provinsi Jawa Tengah,3320021,Sudah kerjasama BPJS,Patologi Klinik,RS Umum Daerah Kelet Provinsi Jawa Tengah,Jawa Tengah,Jepara,1
RS Umum Daerah Ki Ageng Getas Pendowo Gubug,3315061,Sudah kerjasama BPJS,Patologi Klinik,RS Umum Daerah Ki Ageng Getas Pendowo Gubug,Jawa Tengah,Grobogan,1
RS Umum Daerah Ki Ageng Selo,3315060,Sudah kerjasama BPJS,Patologi Klinik,RS Umum Daerah Ki Ageng Selo,Jawa Tengah,Grobogan,1
RS Umum Daerah Kota Salatiga,3373016,Sudah kerjasama BPJS,Patologi Klinik,RS Umum Daerah Kota Salatiga,Jawa Tengah,Kota Salatiga,1
RS Umum Daerah Kraton Kab. Pekalongan,3326011,Sudah kerjasama BPJS,Patologi Klinik,RS Umum Daerah Kraton Kab. Pekalongan,Jawa Tengah,Pekalongan,1
RS Daerah KRMT Wongsonegoro,3374342,Sudah kerjasama BPJS,Patologi Klinik,RS Daerah KRMT Wongsonegoro,Jawa Tengah,Kota Semarang,1
RS Umum Setjonegoro Wonosobo,3307013,Sudah kerjasama BPJS,Patologi Klinik,RS Umum Setjonegoro Wonosobo,Jawa Tengah,Wonosobo,1
RS Umum Daerah Limpung,3325039,Sudah kerjasama BPJS,Patologi Klinik,RS Umum Daerah Limpung,Jawa Tengah,Batang,1
RS Umum Daerah Majenang,3301084,Sudah kerjasama BPJS,Patologi Klinik,RS Umum Daerah Majenang,Jawa Tengah,Cilacap,1
RS Umum Daerah Prof Dr. Margono Soekarjo,3302026,Sudah kerjasama BPJS,Patologi Klinik,RS Umum Daerah Prof Dr. Margono Soekarjo,Jawa Tengah,Banyumas,1
RS Daerah Merah Putih,3308022,Sudah kerjasama BPJS,Patologi Klinik,RS Daerah Merah Putih,Jawa Tengah,Magelang,1
RS Umum Daerah Muntilan Kab. Magelang,3308014,Sudah kerjasama BPJS,Patologi Klinik,RS Umum Daerah Muntilan Kab. Magelang,Jawa Tengah,Magelang,1
RS Umum Daerah Pandan Arang Boyolali,3309015,Sudah kerjasama BPJS,Patologi Klinik,RS Umum Daerah Pandan Arang Boyolali,Jawa Tengah,Boyolali,1
RS Umum Daerah Panti Nugroho,3303097,Sudah kerjasama BPJS,Patologi Klinik,RS Umum Daerah Panti Nugroho,Jawa Tengah,Purbalingga,1
RS Umum Daerah Prembun,3305120,Sudah kerjasama BPJS,Patologi Klinik,RS Umum Daerah Prembun,Jawa Tengah,Kebumen,1
RS Umum Daerah R.A.A Tjokronegoro,3306113,Sudah kerjasama BPJS,Patologi Klinik,RS Umum Daerah R.A.A Tjokronegoro,Jawa Tengah,Purworejo,1
RS Umum Daerah R. A. Kartini,3320010,Sudah kerjasama BPJS,Patologi Klinik,RS Umum Daerah R. A. Kartini,Jawa Tengah,Jepara,1
RS Umum Daerah RAA Soewondo,3318016,Sudah kerjasama BPJS,Patologi Klinik,RS Umum Daerah RAA Soewondo,Jawa Tengah,Pati,1
RS Umum Daerah Simo,3309107,Sudah kerjasama BPJS,Patologi Klinik,RS Umum Daerah Simo,Jawa Tengah,Boyolali,1
RS Umum Daerah Sultan Fatah Karangawen Demak,3321035,Sudah kerjasama BPJS,Patologi Klinik,RS Umum Daerah Sultan Fatah Karangawen Demak,Jawa Tengah,Demak,1
RS Umum Daerah Sunan Kalijaga,3321011,Sudah kerjasama BPJS,Patologi Klinik,RS Umum Daerah Sunan Kalijaga,Jawa Tengah,Demak,1
RS Umum Daerah Suradadi,3328035,Sudah kerjasama BPJS,Patologi Klinik,RS Umum Daerah Suradadi,Jawa Tengah,Tegal,1
RS Umum Daerah Djojonegoro Temanggung,3323013,Sudah kerjasama BPJS,Patologi Klinik,RS Umum Daerah Djojonegoro Temanggung,Jawa Tengah,Temanggung,1
RS Umum Daerah Tidar,3371014,Sudah kerjasama BPJS,Patologi Klinik,RS Umum Daerah Tidar,Jawa Tengah,Kota Magelang,1
RS Umum Daerah Tugurejo Semarang,3374134,Sudah kerjasama BPJS,Patologi Klinik,RS Umum Daerah Tugurejo Semarang,Jawa Tengah,Kota Semarang,1
RS Umum Daerah Waras Wiris,3309096,Sudah kerjasama BPJS,Patologi Klinik,RS Umum Daerah Waras Wiris,Jawa Tengah,Boyolali,1
RS Umum Pusat Dr. Kariadi,3374010,Sudah kerjasama BPJS,Patologi Klinik,RS Umum Pusat Dr. Kariadi,Jawa Tengah,Kota Semarang,1
RS Ibu dan Anak Permata,3306105,Sudah kerjasama BPJS,Patologi Klinik,RS Ibu dan Anak Permata,Jawa Tengah,Purworejo,1
RS Umum Islam Purwokerto,3302132,Sudah kerjasama BPJS,Patologi Klinik,RS Umum Islam Purwokerto,Jawa Tengah,Banyumas,1
RS Islam Surakarta YARSIS,3311231,Sudah kerjasama BPJS,Patologi Klinik,RS Islam Surakarta YARSIS,Jawa Tengah,Sukoharjo,1
RS Umum Tk III Slamet Riyadi Surakarta,3372030,Sudah kerjasama BPJS,Patologi Klinik,RS Umum Tk III Slamet Riyadi Surakarta,Jawa Tengah,Kota Surakarta,1
RS Umum Aura Syifa,3506062,Sudah kerjasama BPJS,Patologi Klinik,RS Umum  Aura Syifa,Jawa Timur,Kediri,1
RS Daerah Dr. Haryoto Kabupaten Lumajang,3508016,Sudah kerjasama BPJS,Patologi Klinik,RS Daerah Dr. Haryoto Kabupaten Lumajang,Jawa Timur,Lumajang,1
RS Umum Era Medika,3504056,Sudah kerjasama BPJS,Patologi Klinik,RS Umum Era Medika ,Jawa Timur,Tulungagung,1
RS Toeloengredjo,3506025,Sudah kerjasama BPJS,Patologi Klinik,RS Toeloengredjo,Jawa Timur,Kediri,1
RS Umum Islam Madinah,3504070,Sudah kerjasama BPJS,Patologi Klinik,RS Umum Islam  Madinah,Jawa Timur,Tulungagung,1
RS Umum Daerah Prof. Dr. Soekandar,3516020,Sudah kerjasama BPJS,Patologi Klinik,RS Umum Daerah Prof. Dr. Soekandar,Jawa Timur,Mojokerto,1
RS Umum Adi Husada Kapasari,3578100,Sudah kerjasama BPJS,Patologi Klinik,RS Umum Adi Husada Kapasari,Jawa Timur,Kota Surabaya,1
RS Umum Aisyiyah Bojonegoro,3522025,Sudah kerjasama BPJS,Patologi Klinik,RS Umum Aisyiyah Bojonegoro,Jawa Timur,Bojonegoro,1
RS Umum Aisyiyah Siti Fatimah,3515138,Sudah kerjasama BPJS,Patologi Klinik,RS Umum Aisyiyah Siti Fatimah,Jawa Timur,Sidoarjo,1
RS Al Huda,3510103,Sudah kerjasama BPJS,Patologi Klinik,RS Al Huda ,Jawa Timur,Banyuwangi,1
RS Umum Amelia,3506036,Sudah kerjasama BPJS,Patologi Klinik,RS Umum Amelia,Jawa Timur,Kediri,1
RS Umum Anna Medika Madura,3526029,Sudah kerjasama BPJS,Patologi Klinik,RS Umum Anna Medika Madura,Jawa Timur,Bangkalan,1
RS Arafah Anwar Medika Sukodono,3515140,Sudah kerjasama BPJS,Patologi Klinik,RS Arafah Anwar Medika Sukodono,Jawa Timur,Sidoarjo,1
RS Abdurrahman Syamsuri (Arsy),3524044,Sudah kerjasama BPJS,Patologi Klinik,RS Abdurrahman Syamsuri (Arsy),Jawa Timur,Lamongan,1
RS Asih Abyakta,3575016,Sudah kerjasama BPJS,Patologi Klinik,RS Asih Abyakta,Jawa Timur,Pasuruan,1
RS Bala Keselamatan Bokor,3507015,Sudah kerjasama BPJS,Patologi Klinik,RS Bala Keselamatan Bokor,Jawa Timur,Malang,1
RS Baptis Kediri,3571042,Sudah kerjasama BPJS,Patologi Klinik,RS Baptis Kediri,Jawa Timur,Kota Kediri,1
RS Bedah Mitra Sehat,3524043,Sudah kerjasama BPJS,Patologi Klinik,RS Bedah Mitra Sehat,Jawa Timur,Lamongan,1
RS Bhakti Rahayu,3578614,Sudah kerjasama BPJS,Patologi Klinik,RS Bhakti Rahayu,Jawa Timur,Kota Surabaya,1
RS Bhayangkara Bondowoso,3511012,Sudah kerjasama BPJS,Patologi Klinik,RS Bhayangkara Bondowoso ,Jawa Timur,Bondowoso,1
RS Bhayangkara Hasta Brata Batu,3579003,Sudah kerjasama BPJS,Patologi Klinik,RS Bhayangkara Hasta Brata Batu ,Jawa Timur,Kota Batu,1
RS Umum Bhayangkara Kediri,3571031,Sudah kerjasama BPJS,Patologi Klinik,RS Umum Bhayangkara Kediri,Jawa Timur,Kota Kediri,1
RS Umum Bhayangkara Tk. III Nganjuk,3518045,Sudah kerjasama BPJS,Patologi Klinik,RS Umum Bhayangkara Tk. III Nganjuk,Jawa Timur,Nganjuk,1
RS Umum Pusdik Polri Porong,3515030,Sudah kerjasama BPJS,Patologi Klinik,RS Umum  Pusdik Polri Porong ,Jawa Timur,Sidoarjo,1
RS Bhayangkara TK II HS. Samsoeri Mertojoso,3578764,Sudah kerjasama BPJS,Patologi Klinik,RS Bhayangkara TK II HS. Samsoeri Mertojoso,Jawa Timur,Kota Surabaya,1
RS Umum Bhayangkara Tulungagung,3504068,Sudah kerjasama BPJS,Patologi Klinik,RS Umum Bhayangkara Tulungagung,Jawa Timur,Tulungagung,1
RS Bina Sehat Jember,3509135,Sudah kerjasama BPJS,Patologi Klinik,RS Bina Sehat Jember,Jawa Timur,Jember,1
RS Bunda,3578235,Sudah kerjasama BPJS,Patologi Klinik,RS Bunda ,Jawa Timur,Kota Surabaya,1
RS Umum Citra Medika,3515131,Sudah kerjasama BPJS,Patologi Klinik,RS Umum Citra Medika,Jawa Timur,Sidoarjo,1
RS Umum Daha Husada,3571053,Sudah kerjasama BPJS,Patologi Klinik,RS Umum Daha Husada,Jawa Timur,Kota Kediri,1
RS Umum Delta Surya,3515096,Sudah kerjasama BPJS,Patologi Klinik,RS Umum Delta Surya,Jawa Timur,Sidoarjo,1
RS Denisa,3525087,Sudah kerjasama BPJS,Patologi Klinik,RS Denisa,Jawa Timur,Gresik,1
RS Umum Dharma Husada,3574023,Sudah kerjasama BPJS,Patologi Klinik,RS Umum Dharma Husada,Jawa Timur,Kota Probolinggo,1
RS Djatiroto,3508055,Sudah kerjasama BPJS,Patologi Klinik,RS Djatiroto,Jawa Timur,Lumajang,1
RS Umum TNI AD Tk. IV 05.04.01 Kota Madiun,3577030,Sudah kerjasama BPJS,Patologi Klinik,RS Umum TNI AD Tk. IV 05.04.01 Kota Madiun,Jawa Timur,Kota Madiun,1
RS Umum dr. Etty Asharto Batu,3579002,Sudah kerjasama BPJS,Patologi Klinik,RS Umum dr. Etty Asharto Batu,Jawa Timur,Kota Batu,1
RS Elizabeth,3512034,Sudah kerjasama BPJS,Patologi Klinik,RS Elizabeth,Jawa Timur,Situbondo,1
RS Fathma Medika,3525093,Sudah kerjasama BPJS,Patologi Klinik,RS Fathma Medika,Jawa Timur,Gresik,1
RS Umum Fatimah Lamongan,3512035,Sudah kerjasama BPJS,Patologi Klinik,RS Umum Fatimah Lamongan,Jawa Timur,Lamongan,1
RS Gatoel,3576036,Sudah kerjasama BPJS,Patologi Klinik,RS Gatoel,Jawa Timur,Kota Mojokerto,1
RS Gigi dan Mulut FKG Universitas Airlangga,3578625,Sudah kerjasama BPJS,Patologi Klinik,RS Gigi dan Mulut FKG Universitas Airlangga,Jawa Timur,Kota Surabaya,1
RS Gotong Royong,3578603,Sudah kerjasama BPJS,Patologi Klinik,RS Gotong Royong,Jawa Timur,Kota Surabaya,1
RS Graha Sehat,3513024,Sudah kerjasama BPJS,Patologi Klinik,RS Graha Sehat,Jawa Timur,Probolinggo,1
RS Graha Sehat Medika,3514057,Sudah kerjasama BPJS,Patologi Klinik,RS Graha Sehat Medika,Jawa Timur,Kota Pasuruan,1
RS Umum Griya Husada Madiun,3577086,Sudah kerjasama BPJS,Patologi Klinik,RS Umum Griya Husada Madiun,Jawa Timur,Kota Madiun,1
RS Hasyim Asy'ari,3517111,Sudah kerjasama BPJS,Patologi Klinik,RS Hasyim Asy'ari,Jawa Timur,Jombang,1
RS Umum Intan Medika,3524046,Sudah kerjasama BPJS,Patologi Klinik,RS Umum Intan Medika,Jawa Timur,Lamongan,1
RS Islam Surabaya,3578111,Sudah kerjasama BPJS,Patologi Klinik,RS Islam Surabaya,Jawa Timur,Kota Surabaya,1
RS Umum Islam Surabaya Jemursari,3578224,Sudah kerjasama BPJS,Patologi Klinik,RS Umum Islam Surabaya Jemursari ,Jawa Timur,Kota Surabaya,1
RS Islam Lumajang,3508056,Sudah kerjasama BPJS,Patologi Klinik,RS Islam Lumajang,Jawa Timur,Lumajang,1
RS Islam Malang,3573226,Sudah kerjasama BPJS,Patologi Klinik,RS Islam Malang,Jawa Timur,Kota Malang,1
RS Islam Nashrul Ummah,3524020,Sudah kerjasama BPJS,Patologi Klinik,RS Islam Nashrul Ummah,Jawa Timur,Lamongan,1
RS Bedah Hasta Husada,3507248,Sudah kerjasama BPJS,Patologi Klinik,RS Bedah Hasta Husada,Jawa Timur,Malang,1
RS Lawang Medika,3507105,Sudah kerjasama BPJS,Patologi Klinik,RS Lawang Medika,Jawa Timur,Malang,1
RS Manyar Medical Centre,3578772,Sudah kerjasama BPJS,Patologi Klinik,RS Manyar Medical Centre,Jawa Timur,Kota Surabaya,1
RS Marsudi Waluyo,3507070,Sudah kerjasama BPJS,Patologi Klinik,RS Marsudi Waluyo,Jawa Timur,Malang,1
RS Mata Fatma,3515136,Sudah kerjasama BPJS,Patologi Klinik,RS Mata Fatma,Jawa Timur,Sidoarjo,1
RS Mata Undaan,3578202,Sudah kerjasama BPJS,Patologi Klinik,RS Mata Undaan,Jawa Timur,Kota Surabaya,1
Mayapada Hospital Surabaya,3578808,Sudah kerjasama BPJS,Patologi Klinik,Mayapada Hospital Surabaya ,Jawa Timur,Kota Surabaya,1
RS Umum Medika Utama,3505043,Sudah kerjasama BPJS,Patologi Klinik,RS Umum Medika Utama,Jawa Timur,Blitar,1
RS Ibu dan Anak Melati Husada,3573253,Sudah kerjasama BPJS,Patologi Klinik,RS Ibu dan Anak Melati Husada,Jawa Timur,Kota Malang,1
RS Mitra Delima,3507098,Sudah kerjasama BPJS,Patologi Klinik,RS Mitra Delima,Jawa Timur,Malang,1
RS Mitra Keluarga Kenjeran,3578785,Sudah kerjasama BPJS,Patologi Klinik,RS Mitra Keluarga Kenjeran,Jawa Timur,Kota Surabaya,1
RS Umum Mitra Sehat Kabupaten Situbondo,3512038,Sudah kerjasama BPJS,Patologi Klinik,RS Umum Mitra Sehat Kabupaten Situbondo,Jawa Timur,Situbondo,1
RS Mitra Sehat Medika,3514053,Sudah kerjasama BPJS,Patologi Klinik,RS Mitra Sehat Medika ,Jawa Timur,Pasuruan,1
RS Umum dr. Moedjito Dwidjosiswojo,3517091,Sudah kerjasama BPJS,Patologi Klinik,RS Umum dr. Moedjito Dwidjosiswojo,Jawa Timur,Jombang,1
RS Muhammadiyah Gresik,3525088,Sudah kerjasama BPJS,Patologi Klinik,RS Muhammadiyah Gresik,Jawa Timur,Gresik,1
RS Muhammadiyah Kalikapas Lamongan,3524056,Sudah kerjasama BPJS,Patologi Klinik,RS Muhammadiyah Kalikapas Lamongan,Jawa Timur,Lamongan,1
RS Umum Muhammadiyah Lamongan,3524031,Sudah kerjasama BPJS,Patologi Klinik,RS Umum Muhammadiyah Lamongan,Jawa Timur,Lamongan,1
RS Nahdlatul Ulama Banyuwangi,3510102,Sudah kerjasama BPJS,Patologi Klinik,RS Nahdlatul Ulama Banyuwangi,Jawa Timur,Banyuwangi,1
RS Umum Panti Nirmala,3573044,Sudah kerjasama BPJS,Patologi Klinik,RS Umum Panti Nirmala,Jawa Timur,Kota Malang,1
RS Umum Panti Waluya Sawahan Malang,3573055,Sudah kerjasama BPJS,Patologi Klinik,RS Umum Panti Waluya Sawahan Malang,Jawa Timur,Kota Malang,1
RS Paru Jember,3509043,Sudah kerjasama BPJS,Patologi Klinik,RS Paru Jember,Jawa Timur,Jember,1
RS Paru Manguharjo Madiun,3519026,Sudah kerjasama BPJS,Patologi Klinik,RS Paru Manguharjo Madiun,Jawa Timur,Kota Madiun,1
RS Umum Pelengkap Medical Center,3517095,Sudah kerjasama BPJS,Patologi Klinik,RS Umum Pelengkap Medical Center,Jawa Timur,Jombang,1
RS Perkebunan PTPN X (Persero) Jember,3509021,Sudah kerjasama BPJS,Patologi Klinik,RS Perkebunan PTPN X (Persero) Jember,Jawa Timur,Jember,1
RS Umum Persada Hospital,3573257,Sudah kerjasama BPJS,Patologi Klinik,RS Umum Persada Hospital,Jawa Timur,Kota Malang,1
RS Petrokimia Gresik Driyorejo,3525096,Sudah kerjasama BPJS,Patologi Klinik,RS Petrokimia Gresik Driyorejo,Jawa Timur,Gresik,1
RS Petrokimia Gresik,3525076,Sudah kerjasama BPJS,Patologi Klinik,RS Petrokimia Gresik,Jawa Timur,Gresik,1
RS PKU Muhammadiyah Sekapuk,3525095,Sudah kerjasama BPJS,Patologi Klinik,RS PKU Muhammadiyah Sekapuk,Jawa Timur,Gresik,1
RS Prima Husada,3507104,Sudah kerjasama BPJS,Patologi Klinik,RS Prima Husada,Jawa Timur,Malang,1
RS Prima Husada,3514059,Sudah kerjasama BPJS,Patologi Klinik,RS Prima Husada,Jawa Timur,Pasuruan,1
RS Punten,3579004,Sudah kerjasama BPJS,Patologi Klinik,RS Punten,Jawa Timur,Kota Batu,1
RS Pusura Candi,3515146,Sudah kerjasama BPJS,Patologi Klinik,RS Pusura Candi,Jawa Timur,Sidoarjo,1
RS Putra Waspada Tulungagung,3504073,Sudah kerjasama BPJS,Patologi Klinik,RS Putra Waspada Tulungagung,Jawa Timur,Tulungagung,1
RS Umum Rachmi Dewi,3525099,Sudah kerjasama BPJS,Patologi Klinik,RS Umum Rachmi Dewi ,Jawa Timur,Gresik,1
RS Umum Rahman Rahim,3515132,Sudah kerjasama BPJS,Patologi Klinik,RS Umum Rahman Rahim,Jawa Timur,Sidoarjo,1
RS Reksa Waluya,3576040,Sudah kerjasama BPJS,Patologi Klinik,RS Reksa Waluya,Jawa Timur,Kota Mojokerto,1
RS Umum Royal Surabaya,3578781,Sudah kerjasama BPJS,Patologi Klinik,RS Umum Royal Surabaya ,Jawa Timur,Kota Surabaya,1
RS Islam Sakinah,3516062,Sudah kerjasama BPJS,Patologi Klinik,RS Islam Sakinah,Jawa Timur,Mojokerto,1
RS Umum Santa Clara,3577026,Sudah kerjasama BPJS,Patologi Klinik,RS Umum Santa Clara,Jawa Timur,Kota Madiun,1
RS Semen Gresik,3525021,Sudah kerjasama BPJS,Patologi Klinik,RS Semen Gresik,Jawa Timur,Gresik,1
RS Sheila Medika,3515144,Sudah kerjasama BPJS,Patologi Klinik,RS Sheila Medika,Jawa Timur,Sidoarjo,1
RS Sido Waras,3516032,Sudah kerjasama BPJS,Patologi Klinik,RS Sido Waras,Jawa Timur,Mojokerto,1
RS Umum Siti Khodijah Muhammadiyah Cabang Sepanjan,3515026,Sudah kerjasama BPJS,Patologi Klinik,RS Umum Siti Khodijah Muhammadiyah Cabang Sepanjan,Jawa Timur,Sidoarjo,1
RS Tk. II Dr. Soepraoen,3573022,Sudah kerjasama BPJS,Patologi Klinik,RS Tk. II Dr. Soepraoen,Jawa Timur,Kota Malang,1
RS Sumber Sentosa,3507230,Sudah kerjasama BPJS,Patologi Klinik,RS Sumber Sentosa,Jawa Timur,Malang,1
RS Umum Daerah Sumberglagah,3516016,Sudah kerjasama BPJS,Patologi Klinik,RS Umum Daerah Sumberglagah,Jawa Timur,Mojokerto,1
RS Surya Medika,3525097,Sudah kerjasama BPJS,Patologi Klinik,RS Surya Medika,Jawa Timur,Gresik,1
RS Umum Daerah Tongas,3513067,Sudah kerjasama BPJS,Patologi Klinik,RS Umum Daerah Tongas ,Jawa Timur,Probolinggo,1
RS Universitas Airlangga,3578777,Sudah kerjasama BPJS,Patologi Klinik,RS Universitas Airlangga ,Jawa Timur,Kota Surabaya,1
RS Universitas Brawijaya,3573262,Sudah kerjasama BPJS,Patologi Klinik,RS Universitas Brawijaya,Jawa Timur,Kota Malang,1
RS Umum Wali Songo I,3525091,Sudah kerjasama BPJS,Patologi Klinik,RS Umum Wali Songo I,Jawa Timur,Gresik,1
RS Umum Wates Husada,3525090,Sudah kerjasama BPJS,Patologi Klinik,RS Umum Wates Husada,Jawa Timur,Gresik,1
RS Umum Wava Husada,3507096,Sudah kerjasama BPJS,Patologi Klinik,RS Umum Wava Husada ,Jawa Timur,Malang,1
RS Umum Wava Husada Kesamben,3505044,Sudah kerjasama BPJS,Patologi Klinik,RS Umum Wava Husada Kesamben,Jawa Timur,Blitar,1
RS Umum Widodo,3521014,Sudah kerjasama BPJS,Patologi Klinik,RS Umum Widodo,Jawa Timur,Ngawi,1
RS Wijaya Kusuma,3508053,Sudah kerjasama BPJS,Patologi Klinik,RS Wijaya Kusuma,Jawa Timur,Lumajang,1
RS William Booth Surabaya,3578031,Sudah kerjasama BPJS,Patologi Klinik,RS William Booth Surabaya,Jawa Timur,Kota Surabaya,1
RS Wiyung Sejahtera,3578766,Sudah kerjasama BPJS,Patologi Klinik,RS Wiyung Sejahtera,Jawa Timur,Kota Surabaya,1
RS Yasmin,3510076,Sudah kerjasama BPJS,Patologi Klinik,RS Yasmin,Jawa Timur,Banyuwangi,1
RS Yasyfin Darussalam Gontor,3502157,Sudah kerjasama BPJS,Patologi Klinik,RS Yasyfin Darussalam Gontor,Jawa Timur,Ponorogo,1
RS Umum Anwar Medika,3515121,Sudah kerjasama BPJS,Patologi Klinik,RS Umum Anwar Medika ,Jawa Timur,Sidoarjo,1
RS Baptis Batu,3579074,Sudah kerjasama BPJS,Patologi Klinik,RS Baptis Batu,Jawa Timur,Kota Batu,1
RS Jiwa Dr. Radjiman Wediodiningrat Lawang,3507026,Sudah kerjasama BPJS,Patologi Klinik,RS Jiwa Dr. Radjiman Wediodiningrat Lawang,Jawa Timur,Malang,1
RS Umum Daerah Raden Achmad Basoeni,3516073,Sudah kerjasama BPJS,Patologi Klinik,RS Umum Daerah Raden Achmad Basoeni,Jawa Timur,Mojokerto,1
RS Umum Tk. III Brawijaya,3578122,Sudah kerjasama BPJS,Patologi Klinik,RS Umum Tk. III Brawijaya,Jawa Timur,Kota Surabaya,1
RS Angkatan Udara dr. Efram Harsana,3520041,Sudah kerjasama BPJS,Patologi Klinik,RS Angkatan Udara dr. Efram Harsana,Jawa Timur,Magetan,1
RS Angkatan Udara dr. Mohammad Moenir,3507102,Sudah kerjasama BPJS,Patologi Klinik,RS Angkatan Udara dr. Mohammad Moenir,Jawa Timur,Malang,1
RS Daerah Balung Jember,3509134,Sudah kerjasama BPJS,Patologi Klinik,RS Daerah Balung Jember,Jawa Timur,Jember,1
RS Umum Daerah Dr. Soebandi,3509010,Sudah kerjasama BPJS,Patologi Klinik,RS Umum Daerah Dr. Soebandi,Jawa Timur,Jember,1
RS Daerah Kalisat Jember,3509123,Sudah kerjasama BPJS,Patologi Klinik,RS Daerah Kalisat Jember,Jawa Timur,Jember,1
RS Daerah Kertosono,3518022,Sudah kerjasama BPJS,Patologi Klinik,RS Daerah Kertosono,Jawa Timur,Nganjuk,1
RS Umum Daerah Kota Madiun,3577085,Sudah kerjasama BPJS,Patologi Klinik,RS Umum Daerah Kota Madiun,Jawa Timur,Kota Madiun,1
RS Islam Aisyiyah Nganjuk,3518046,Sudah kerjasama BPJS,Patologi Klinik,RS Islam Aisyiyah Nganjuk,Jawa Timur,Nganjuk,1
RS Umum Islam Aisyiyah Malang,3573215,Sudah kerjasama BPJS,Patologi Klinik,RS Umum Islam Aisyiyah Malang,Jawa Timur,Kota Malang,1
RS Islam Aminah,3572073,Sudah kerjasama BPJS,Patologi Klinik,RS Islam Aminah,Jawa Timur,Kota Blitar,1
RS Umum Aminah,3515142,Sudah kerjasama BPJS,Patologi Klinik,RS Umum Aminah,Jawa Timur,Sidoarjo,1
RS Umum At-Tin Husada,3521015,Sudah kerjasama BPJS,Patologi Klinik,RS Umum At-Tin Husada,Jawa Timur,Ngawi,1
RS Islam Darus Syifa,3578742,Sudah kerjasama BPJS,Patologi Klinik,RS Islam Darus Syifa,Jawa Timur,Kota Surabaya,1
RS Islam Garam Kalianget,3529025,Sudah kerjasama BPJS,Patologi Klinik,RS Islam Garam Kalianget,Jawa Timur,Sumenep,1
RS Umum Islam Gondang Legi,3507204,Sudah kerjasama BPJS,Patologi Klinik,RS Umum Islam Gondang Legi,Jawa Timur,Malang,1
RS Islam Hasanah Muhammadiyah,3576051,Sudah kerjasama BPJS,Patologi Klinik,RS Islam Hasanah Muhammadiyah ,Jawa Timur,Kota Mojokerto,1
RS Umum Islam Jombang,3517076,Sudah kerjasama BPJS,Patologi Klinik,RS Umum Islam Jombang,Jawa Timur,Jombang,1
RS Islam Masyithoh Bangil,3514025,Sudah kerjasama BPJS,Patologi Klinik,RS Islam Masyithoh Bangil,Jawa Timur,Pasuruan,1
RS Umum Islam Siti Aisyah,3577074,Sudah kerjasama BPJS,Patologi Klinik,RS Umum Islam Siti Aisyah,Jawa Timur,Kota Madiun,1
RS Islam Siti Hajar Sidoarjo,3515106,Sudah kerjasama BPJS,Patologi Klinik,RS Islam Siti Hajar Sidoarjo,Jawa Timur,Sidoarjo,1
RS Ibu dan Anak Graha Medika,3578791,Sudah kerjasama BPJS,Patologi Klinik,RS Ibu dan Anak Graha Medika,Jawa Timur,Kota Surabaya,1
RS Ibu dan Anak Lombok Dua Dua Lontar,3578768,Sudah kerjasama BPJS,Patologi Klinik,RS Ibu dan Anak Lombok Dua Dua Lontar,Jawa Timur,Kota Surabaya,1
RS Ibu dan Anak Mardi Waloeja Kauman Malang,3573243,Sudah kerjasama BPJS,Patologi Klinik,RS Ibu dan Anak Mardi Waloeja Kauman Malang,Jawa Timur,Kota Malang,1
RS Ibu dan Anak Muhammadiyah Malang,3573135,Sudah kerjasama BPJS,Patologi Klinik,RS Ibu dan Anak Muhammadiyah Malang,Jawa Timur,Kota Malang,1
RS Ibu dan Anak Muslimat Jombang,3517043,Sudah kerjasama BPJS,Patologi Klinik,RS Ibu dan Anak Muslimat Jombang,Jawa Timur,Jombang,1
RS Ibu dan Anak Nur Ummi Numbi,3578774,Sudah kerjasama BPJS,Patologi Klinik,RS Ibu dan Anak Nur Ummi Numbi,Jawa Timur,Kota Surabaya,1
RS Ibu dan Anak Pondok Tjandra,3515137,Sudah kerjasama BPJS,Patologi Klinik,RS Ibu dan Anak Pondok Tjandra,Jawa Timur,Sidoarjo,1
RS Ibu dan Anak Pura Raharja,3578593,Sudah kerjasama BPJS,Patologi Klinik,RS Ibu dan Anak Pura Raharja,Jawa Timur,Kota Surabaya,1
RS Ibu dan Anak Puri,3573244,Sudah kerjasama BPJS,Patologi Klinik,RS Ibu dan Anak Puri,Jawa Timur,Kota Malang,1
RS Ibu dan Anak Puri Bunda,3573250,Sudah kerjasama BPJS,Patologi Klinik,RS Ibu dan Anak Puri Bunda,Jawa Timur,Kota Malang,1
RS Ibu dan Anak Putri Surabaya,3578771,Sudah kerjasama BPJS,Patologi Klinik,RS Ibu dan Anak Putri Surabaya,Jawa Timur,Kota Surabaya,1
RS Katolik Budi Rahayu,3572021,Sudah kerjasama BPJS,Patologi Klinik,RS Katolik Budi Rahayu,Jawa Timur,Kota Blitar,1
RS Kristen Mojowarno,3517021,Sudah kerjasama BPJS,Patologi Klinik,RS Kristen Mojowarno,Jawa Timur,Jombang,1
RS Muhammadiyah Ahmad Dahlan,3571122,Sudah kerjasama BPJS,Patologi Klinik,RS Muhammadiyah Ahmad Dahlan,Jawa Timur,Kota Kediri,1
RS Muhammadiyah Siti Khodijah,3506059,Sudah kerjasama BPJS,Patologi Klinik,RS Muhammadiyah Siti Khodijah,Jawa Timur,Kediri,1
RS Umum Muhammadiyah Surya Melati,3506047,Sudah kerjasama BPJS,Patologi Klinik,RS Umum Muhammadiyah Surya Melati ,Jawa Timur,Kediri,1
RSPAL dr. Ramelan,3578020,Sudah kerjasama BPJS,Patologi Klinik,RSPAL dr. Ramelan,Jawa Timur,Kota Surabaya,1
RS Umum Aisyiyah Ponorogo,3502112,Sudah kerjasama BPJS,Patologi Klinik,RS Umum Aisyiyah Ponorogo,Jawa Timur,Ponorogo,1
RS Umum Al-Islam H. M. Mawardi,3515126,Sudah kerjasama BPJS,Patologi Klinik,RS Umum Al-Islam H. M. Mawardi,Jawa Timur,Sidoarjo,1
RS Umum Aminah Blitar,3572065,Sudah kerjasama BPJS,Patologi Klinik,RS Umum Aminah Blitar,Jawa Timur,Kota Blitar,1
RS Umum An-Nisaa,3505054,Sudah kerjasama BPJS,Patologi Klinik,RS Umum An-Nisaa,Jawa Timur,Blitar,1
RS Umum Aulia Blitar,3505024,Sudah kerjasama BPJS,Patologi Klinik,RS Umum Aulia Blitar,Jawa Timur,Blitar,1
RS Tk. III Baladhika Husada Jember,3509032,Sudah kerjasama BPJS,Patologi Klinik,RS Tk. III Baladhika Husada Jember,Jawa Timur,Jember,1
RS Umum Bhakti Husada,3510021,Sudah kerjasama BPJS,Patologi Klinik,RS Umum Bhakti Husada,Jawa Timur,Banyuwangi,1
RS Umum Darmayu Ponorogo,3502123,Sudah kerjasama BPJS,Patologi Klinik,RS Umum Darmayu Ponorogo,Jawa Timur,Ponorogo,1
RS Umum dr. H.Koesnadi Bondowoso,3511011,Sudah kerjasama BPJS,Patologi Klinik,RS Umum dr. H.Koesnadi Bondowoso,Jawa Timur,Bondowoso,1
RS Umum Dungus,3519012,Sudah kerjasama BPJS,Patologi Klinik,RS Umum Dungus,Jawa Timur,Madiun,1
RS Eka Husada,3525105,Sudah kerjasama BPJS,Patologi Klinik,RS Eka Husada,Jawa Timur,Gresik,1
RS Umum Hermina Tangkubanprahu,3573246,Sudah kerjasama BPJS,Patologi Klinik,RS Umum Hermina Tangkubanprahu,Jawa Timur,Kota Malang,1
RS Kaliwates Jember,3509138,Sudah kerjasama BPJS,Patologi Klinik,RS Kaliwates Jember,Jawa Timur,Jember,1
RS Umum Karsa Husada Kota Batu,3579030,Sudah kerjasama BPJS,Patologi Klinik,RS Umum Karsa Husada Kota Batu ,Jawa Timur,Kota Batu,1
RS Umum Lirboyo,3571146,Sudah kerjasama BPJS,Patologi Klinik,RS Umum Lirboyo,Jawa Timur,Kota Kediri,1
RS Umum Mitra Sehat Mandiri Sidoarjo,3515143,Sudah kerjasama BPJS,Patologi Klinik,RS Umum Mitra Sehat Mandiri Sidoarjo,Jawa Timur,Sidoarjo,1
RS Umum Daerah Mohammad Noer Pamekasan,3528027,Sudah kerjasama BPJS,Patologi Klinik,RS Umum Daerah Mohammad Noer Pamekasan,Jawa Timur,Pamekasan,1
RS Umum Muhammadiyah Babat,3524049,Sudah kerjasama BPJS,Patologi Klinik,RS Umum Muhammadiyah Babat,Jawa Timur,Lamongan,1
RS Umum Muhammadiyah Ponorogo,3502134,Sudah kerjasama BPJS,Patologi Klinik,RS Umum Muhammadiyah Ponorogo,Jawa Timur,Ponorogo,1
RS Umum Permata Bunda,3573249,Sudah kerjasama BPJS,Patologi Klinik,RS Umum Permata Bunda,Jawa Timur,Kota Malang,1
RS Umum Pindad,3507117,Sudah kerjasama BPJS,Patologi Klinik,RS Umum Pindad,Jawa Timur,Malang,1
RS Umum PKU Muhammadiyah Mojoagung,3517109,Sudah kerjasama BPJS,Patologi Klinik,RS Umum PKU Muhammadiyah Mojoagung,Jawa Timur,Jombang,1
RS Umum Randegansari Husada,3525102,Sudah kerjasama BPJS,Patologi Klinik,RS Umum Randegansari Husada,Jawa Timur,Gresik,1
RS Umum dr. Suyudi,3524045,Sudah kerjasama BPJS,Patologi Klinik,RS Umum dr. Suyudi,Jawa Timur,Lamongan,1
RS TK. IV 05.07.02 Kediri,3571020,Sudah kerjasama BPJS,Patologi Klinik,RS TK. IV 05.07.02 Kediri,Jawa Timur,Kota Kediri,1
RS Umum Usada,3515123,Sudah kerjasama BPJS,Patologi Klinik,RS Umum Usada ,Jawa Timur,Sidoarjo,1
RS Umum Wilujeng,3506063,Sudah kerjasama BPJS,Patologi Klinik,RS Umum  Wilujeng,Jawa Timur,Kediri,1
RS Umum Wonolangan,3513026,Sudah kerjasama BPJS,Patologi Klinik,RS Umum  Wonolangan,Jawa Timur,Probolinggo,1
RS Umum Universitas Muhammadiyah Malang,3507108,Sudah kerjasama BPJS,Patologi Klinik,RS Umum Universitas Muhammadiyah Malang,Jawa Timur,Malang,1
RS Umum Daerah Asembagus Kabupaten Situbondo,3512037,Sudah kerjasama BPJS,Patologi Klinik,RS Umum Daerah Asembagus Kabupaten Situbondo,Jawa Timur,Situbondo,1
RS Umum Daerah Bangil,3514036,Sudah kerjasama BPJS,Patologi Klinik,RS Umum Daerah Bangil,Jawa Timur,Pasuruan,1
RS Umum Daerah Syarifah Ambami Rato Ebu,3526011,Sudah kerjasama BPJS,Patologi Klinik,RS Umum Daerah Syarifah Ambami Rato Ebu,Jawa Timur,Bangkalan,1
RS Umum Daerah Besuki Kabupaten Situbondo,3512036,Sudah kerjasama BPJS,Patologi Klinik,RS Umum Daerah Besuki Kabupaten Situbondo,Jawa Timur,Situbondo,1
RS Umum Daerah Bhakti Dharma Husada,3578213,Sudah kerjasama BPJS,Patologi Klinik,RS Umum Daerah Bhakti Dharma Husada,Jawa Timur,Kota Surabaya,1
RS Umum Daerah Blambangan,3510010,Sudah kerjasama BPJS,Patologi Klinik,RS Umum Daerah Blambangan,Jawa Timur,Banyuwangi,1
RS Umum Daerah Dolopo,3519024,Sudah kerjasama BPJS,Patologi Klinik,RS Umum Daerah Dolopo,Jawa Timur,Madiun,1
RS Umum Daerah dr. Mohamad Soewandhie,3578571,Sudah kerjasama BPJS,Patologi Klinik,RS Umum Daerah dr. Mohamad Soewandhie,Jawa Timur,Kota Surabaya,1
RS Umum Daerah Dr. R. Sosodoro Djatikoesoemo,3522014,Sudah kerjasama BPJS,Patologi Klinik,RS Umum Daerah Dr. R. Sosodoro Djatikoesoemo,Jawa Timur,Bojonegoro,1
RS Umum Daerah dr. Soedomo Trenggalek,3503011,Sudah kerjasama BPJS,Patologi Klinik,RS Umum Daerah dr. Soedomo Trenggalek,Jawa Timur,Trenggalek,1
RS Umum Daerah Dr. Soegiri Lamongan,3524016,Sudah kerjasama BPJS,Patologi Klinik,RS Umum Daerah Dr. Soegiri Lamongan,Jawa Timur,Lamongan,1
RS Umum Daerah Dr. Soetomo,3578016,Sudah kerjasama BPJS,Patologi Klinik,RS Umum Daerah Dr. Soetomo,Jawa Timur,Kota Surabaya,1
RS Umum Daerah dr. Abdoer Rahem Situbondo,3512012,Sudah kerjasama BPJS,Patologi Klinik,RS Umum Daerah dr. Abdoer Rahem Situbondo,Jawa Timur,Situbondo,1
RS Umum Daerah Dr. H. Slamet Martodirdjo Pamekasan,3528013,Sudah kerjasama BPJS,Patologi Klinik,RS Umum Daerah Dr. H. Slamet Martodirdjo Pamekasan,Jawa Timur,Pamekasan,1
RS Umum Daerah Dr. Iskak Tulungagung,3504012,Sudah kerjasama BPJS,Patologi Klinik,RS Umum Daerah Dr. Iskak Tulungagung,Jawa Timur,Tulungagung,1
RS Umum Daerah Dr. Saiful Anwar,3573011,Sudah kerjasama BPJS,Patologi Klinik,RS Umum Daerah Dr. Saiful Anwar,Jawa Timur,Kota Malang,1
RSUD dr. Wahidin Sudiro Husodo Kota Mojokerto,3576014,Sudah kerjasama BPJS,Patologi Klinik,RSUD dr. Wahidin Sudiro Husodo Kota Mojokerto,Jawa Timur,Kota Mojokerto,1
RS Umum Daerah Dr. R. Koesma Tuban,3523015,Sudah kerjasama BPJS,Patologi Klinik,RS Umum Daerah Dr. R. Koesma Tuban,Jawa Timur,Tuban,1
RS Umum Daerah Dr. R. Soedarsono Kota Pasuruan,3575013,Sudah kerjasama BPJS,Patologi Klinik,RS Umum Daerah Dr. R. Soedarsono Kota Pasuruan,Jawa Timur,Kota Pasuruan,1
RS Umum Daerah Dr. Soedono Madiun,3577015,Sudah kerjasama BPJS,Patologi Klinik,RS Umum Daerah Dr. Soedono Madiun,Jawa Timur,Kota Madiun,1
RS Umum Daerah Gambiran,3571016,Sudah kerjasama BPJS,Patologi Klinik,RS Umum Daerah Gambiran,Jawa Timur,Kota Kediri,1
RS Umum Daerah Geneng,3521027,Sudah kerjasama BPJS,Patologi Klinik,RS Umum Daerah Geneng,Jawa Timur,Ngawi,1
RS Umum Daerah Genteng,3510043,Sudah kerjasama BPJS,Patologi Klinik,RS Umum Daerah Genteng,Jawa Timur,Banyuwangi,1
RS Umum Daerah Haji Provinsi Jawa Timur,3578523,Sudah kerjasama BPJS,Patologi Klinik,RS Umum Daerah Haji Provinsi Jawa Timur,Jawa Timur,Kota Surabaya,1
RS Umum Daerah Dr. Harjono S. Kabupaten Ponorogo,3502010,Sudah kerjasama BPJS,Patologi Klinik,RS Umum Daerah Dr. Harjono S. Kabupaten Ponorogo,Jawa Timur,Ponorogo,1
RS Umum Daerah Husada Prima,3578322,Sudah kerjasama BPJS,Patologi Klinik,RS Umum Daerah Husada Prima,Jawa Timur,Kota Surabaya,1
RS Umum Daerah Ibnu Sina Kab. Gresik,3525010,Sudah kerjasama BPJS,Patologi Klinik,RS Umum Daerah Ibnu Sina Kab. Gresik,Jawa Timur,Gresik,1
RS Umum Daerah Kab. Jombang,3517010,Sudah kerjasama BPJS,Patologi Klinik,RS Umum Daerah Kab. Jombang,Jawa Timur,Jombang,1
RS Umum Daerah Kabupaten Kediri,3506014,Sudah kerjasama BPJS,Patologi Klinik,RS Umum Daerah Kabupaten Kediri,Jawa Timur,Kediri,1
RS Umum Daerah dr. Sayidiman Magetan,3520012,Sudah kerjasama BPJS,Patologi Klinik,RS Umum Daerah dr. Sayidiman Magetan,Jawa Timur,Magetan,1
RS Umum Daerah Kanjuruhan Kepanjen Kab. Malang,3507052,Sudah kerjasama BPJS,Patologi Klinik,RS Umum Daerah Kanjuruhan Kepanjen Kab. Malang,Jawa Timur,Malang,1
RS Umum Daerah Kota Malang,3573258,Sudah kerjasama BPJS,Patologi Klinik,RS Umum Daerah Kota Malang,Jawa Timur,Kota Malang,1
RS Umum Daerah Mantingan,3521028,Sudah kerjasama BPJS,Patologi Klinik,RS Umum Daerah Mantingan,Jawa Timur,Ngawi,1
RS Umum Daerah Mardi Waluyo,3572010,Sudah kerjasama BPJS,Patologi Klinik,RS Umum Daerah Mardi Waluyo,Jawa Timur,Kota Blitar,1
RS Umum Daerah dr. Mohamad Saleh Kota Probolinggo,3574012,Sudah kerjasama BPJS,Patologi Klinik,RS Umum Daerah dr. Mohamad Saleh Kota Probolinggo,Jawa Timur,Kota Probolinggo,1
RS Umum Daerah Nganjuk,3518011,Sudah kerjasama BPJS,Patologi Klinik,RS Umum Daerah Nganjuk,Jawa Timur,Nganjuk,1
RS Umum Daerah Dr. Soeroto Ngawi,3521013,Sudah kerjasama BPJS,Patologi Klinik,RS Umum Daerah Dr. Soeroto Ngawi,Jawa Timur,Ngawi,1
RS Umum Daerah Ngimbang,3524042,Sudah kerjasama BPJS,Patologi Klinik,RS Umum Daerah Ngimbang,Jawa Timur,Lamongan,1
RS Umum Daerah Ngudi Waluyo Wlingi,3505013,Sudah kerjasama BPJS,Patologi Klinik,RS Umum Daerah Ngudi Waluyo Wlingi,Jawa Timur,Blitar,1
RS Umum Daerah dr. Darsono,3501016,Sudah kerjasama BPJS,Patologi Klinik,RS Umum Daerah  dr. Darsono,Jawa Timur,Pacitan,1
RS umum Daerah Padangan,3522058,Sudah kerjasama BPJS,Patologi Klinik,RS umum Daerah Padangan,Jawa Timur,Bojonegoro,1
RS Umum Daerah Pasirian Kabupaten Lumajang,3508058,Sudah kerjasama BPJS,Patologi Klinik,RS Umum Daerah Pasirian Kabupaten Lumajang,Jawa Timur,Lumajang,1
RS Umum Daerah Ploso,3517089,Sudah kerjasama BPJS,Patologi Klinik,RS Umum Daerah Ploso,Jawa Timur,Jombang,1
RS Umum Daerah R. Ali Manshur,3523055,Sudah kerjasama BPJS,Patologi Klinik,RS Umum Daerah R. Ali Manshur,Jawa Timur,Tuban,1
RS Umum Daerah dr. Mohammad Zyn Kab. Sampang,3527012,Sudah kerjasama BPJS,Patologi Klinik,RS Umum Daerah dr. Mohammad Zyn Kab. Sampang,Jawa Timur,Sampang,1
RS Umum Daerah Sidoarjo,3515015,Sudah kerjasama BPJS,Patologi Klinik,RS Umum Daerah Sidoarjo,Jawa Timur,Sidoarjo,1
RS Umum Daerah Sidoarjo Barat,3515157,Sudah kerjasama BPJS,Patologi Klinik,RS Umum Daerah Sidoarjo Barat,Jawa Timur,Sidoarjo,1
RS Umum Daerah Simpang Lima Gumul Kediri,3506066,Sudah kerjasama BPJS,Patologi Klinik,RS Umum Daerah Simpang Lima Gumul Kediri,Jawa Timur,Kediri,1
RS Umum Daerah Srengat Kab. Blitar,3505045,Sudah kerjasama BPJS,Patologi Klinik,RS Umum Daerah Srengat Kab. Blitar,Jawa Timur,Blitar,1
RS Umum Daerah Sumberrejo,3522047,Sudah kerjasama BPJS,Patologi Klinik,RS Umum Daerah Sumberrejo,Jawa Timur,Bojonegoro,1
RS Umum Daerah dr. H. Moh. Anwar,3529014,Sudah kerjasama BPJS,Patologi Klinik,RS Umum Daerah dr. H. Moh. Anwar ,Jawa Timur,Sumenep,1
RS Umum Daerah Waluyo Jati Kraksaan,3513013,Sudah kerjasama BPJS,Patologi Klinik,RS Umum Daerah Waluyo Jati Kraksaan,Jawa Timur,Probolinggo,1
RS Umum Islam Madinah Kasembon,3507241,Sudah kerjasama BPJS,Patologi Klinik,RS Umum Islam Madinah Kasembon,Jawa Timur,Malang,1
RS Umum Islam Orpeha,3504045,Sudah kerjasama BPJS,Patologi Klinik,RS Umum Islam Orpeha,Jawa Timur,Tulungagung,1
RS Ibu dan Anak Fatma,3522064,Sudah kerjasama BPJS,Patologi Klinik,RS Ibu dan Anak Fatma,Jawa Timur,Bojonegoro,1
RS Islam Fatimah,3510054,Sudah kerjasama BPJS,Patologi Klinik,RS Islam Fatimah,Jawa Timur,Banyuwangi,1
RS Umum Lavalette Malang,3573066,Sudah kerjasama BPJS,Patologi Klinik,RS Umum Lavalette Malang,Jawa Timur,Kota Malang,1
RS Muji Rahayu,3578246,Sudah kerjasama BPJS,Patologi Klinik,RS Muji Rahayu,Jawa Timur,Kota Surabaya,1
RS Soemitro Lanud Moeljono Surabaya,3578166,Sudah kerjasama BPJS,Patologi Klinik,RS Soemitro Lanud Moeljono Surabaya,Jawa Timur,Kota Surabaya,1
RS TNI AL Dr. Oepomo,3578090,Sudah kerjasama BPJS,Patologi Klinik,RS TNI AL Dr. Oepomo,Jawa Timur,Kota Surabaya,1
RS Marinir Ewa Pangalila Gunungsari,3578144,Sudah kerjasama BPJS,Patologi Klinik,RS Marinir Ewa Pangalila Gunungsari,Jawa Timur,Kota Surabaya,1
RS Bantuan 05.08.03 Sidoarjo,3515135,Sudah kerjasama BPJS,Patologi Klinik,RS Bantuan 05.08.03 Sidoarjo,Jawa Timur,Sidoarjo,1
RS Umum Siloam Hospitals Surabaya,3578443,Sudah kerjasama BPJS,Patologi Klinik,RS Umum Siloam Hospitals Surabaya,Jawa Timur,Kota Surabaya,1
RS Siloam Jember,3509140,Sudah kerjasama BPJS,Patologi Klinik,RS Siloam Jember,Jawa Timur,Jember,1
RS Rizani,3513027,Sudah kerjasama BPJS,Patologi Klinik,RS Rizani,Jawa Timur,Probolinggo,1
RS Parindu,6105026,Sudah kerjasama BPJS,Patologi Klinik,RS Parindu,Kalimantan Barat,Sanggau,1
RS Universitas Tanjungpura,6171139,Sudah kerjasama BPJS,Patologi Klinik,RS Universitas Tanjungpura,Kalimantan Barat,Kota Pontianak,1
RS Umum Harapan Bersama Singkawang,6172124,Sudah kerjasama BPJS,Patologi Klinik,RS Umum Harapan Bersama Singkawang,Kalimantan Barat,Kota Singkawang,1
RS Umum Bethesda Serukam,6102055,Sudah kerjasama BPJS,Patologi Klinik,RS Umum Bethesda Serukam,Kalimantan Barat,Bengkayang,1
RS Fatima Ketapang,6106020,Sudah kerjasama BPJS,Patologi Klinik,RS Fatima Ketapang,Kalimantan Barat,Ketapang,1
RS Umum Santo Vincentius Singkawang,6172113,Sudah kerjasama BPJS,Patologi Klinik,RS Umum Santo Vincentius Singkawang,Kalimantan Barat,Kota Singkawang,1
RS Umum Daerah dr. Achmad Diponegoro Putussibau,6108011,Sudah kerjasama BPJS,Patologi Klinik,RS Umum Daerah dr. Achmad Diponegoro Putussibau,Kalimantan Barat,Kapuas Hulu,1
RS Umum Daerah Dr. Abdul Aziz Singkawang,6172011,Sudah kerjasama BPJS,Patologi Klinik,RS Umum Daerah Dr. Abdul Aziz Singkawang,Kalimantan Barat,Kota Singkawang,1
RS Umum Daerah Ade Muhammad Djoen Sintang,6107010,Sudah kerjasama BPJS,Patologi Klinik,RS Umum Daerah Ade Muhammad Djoen Sintang ,Kalimantan Barat,Sintang,1
RS Umum Daerah Dr. Agoesdjam Ketapang,6106016,Sudah kerjasama BPJS,Patologi Klinik,RS Umum Daerah Dr. Agoesdjam Ketapang,Kalimantan Barat,Ketapang,1
RS Umum Daerah Dr. Soedarso Pontianak,6171011,Sudah kerjasama BPJS,Patologi Klinik,RS Umum Daerah Dr. Soedarso Pontianak,Kalimantan Barat,Kota Pontianak,1
RS Umum Daerah Dr. Rubini Mempawah,6104014,Sudah kerjasama BPJS,Patologi Klinik,RS Umum Daerah Dr. Rubini Mempawah,Kalimantan Barat,Mempawah,1
"RS Umum Daerah Drs. Jacobus Luna, M.Si",6102012,Sudah kerjasama BPJS,Patologi Klinik,"RS Umum Daerah Drs. Jacobus Luna, M.Si",Kalimantan Barat,Bengkayang,1
RS Umum Daerah Kabupaten Landak,6103013,Sudah kerjasama BPJS,Patologi Klinik,RS Umum Daerah Kabupaten Landak,Kalimantan Barat,Landak,1
RS Umum Daerah M. Th. Djaman Sanggau,6105015,Sudah kerjasama BPJS,Patologi Klinik,RS Umum Daerah M. Th. Djaman Sanggau,Kalimantan Barat,Sanggau,1
RS Umum Daerah Kabupaten Melawi,6110012,Sudah kerjasama BPJS,Patologi Klinik,RS Umum Daerah Kabupaten Melawi,Kalimantan Barat,Melawi,1
RS Umum Daerah Pemangkat,6101033,Sudah kerjasama BPJS,Patologi Klinik,RS Umum Daerah Pemangkat,Kalimantan Barat,Sambas,1
RS Umum Daerah Sambas,6101022,Sudah kerjasama BPJS,Patologi Klinik,RS Umum Daerah Sambas,Kalimantan Barat,Sambas,1
RS Umum Daerah Sekadau,6109012,Sudah kerjasama BPJS,Patologi Klinik,RS Umum Daerah Sekadau,Kalimantan Barat,Sekadau,1
RS Umum Daerah Sultan Syarif Mohammad Alkadrie,6171138,Sudah kerjasama BPJS,Patologi Klinik,RS Umum Daerah Sultan Syarif  Mohammad Alkadrie,Kalimantan Barat,Kota Pontianak,1
RS Tk. II Kartika Husada Kes.Dam XII Tanjungpura,6171022,Sudah kerjasama BPJS,Patologi Klinik,RS Tk. II Kartika Husada Kes.Dam XII Tanjungpura,Kalimantan Barat,Kubu Raya,1
RS Bhayangkara Tk. III Banjarmasin,6371152,Sudah kerjasama BPJS,Patologi Klinik,RS Bhayangkara Tk. III Banjarmasin,Kalimantan Selatan,Kota Banjarmasin,1
RS Umum Ceria,6306023,Sudah kerjasama BPJS,Patologi Klinik,RS Umum Ceria,Kalimantan Selatan,Hulu Sungai Selatan,1
RS Tk. III Dr. R. Soeharsono,6371050,Sudah kerjasama BPJS,Patologi Klinik,RS Tk. III Dr. R. Soeharsono,Kalimantan Selatan,Kota Banjarmasin,1
RS Marina Permata,6310018,Sudah kerjasama BPJS,Patologi Klinik,RS Marina Permata,Kalimantan Selatan,Tanah Bumbu,1
RS Umum Sari Mulia,6371094,Sudah kerjasama BPJS,Patologi Klinik,RS Umum Sari Mulia,Kalimantan Selatan,Kota Banjarmasin,1
RS Islam Sultan Agung Banjarbaru,6372022,Sudah kerjasama BPJS,Patologi Klinik,RS Islam Sultan Agung Banjarbaru,Kalimantan Selatan,Kota Banjar baru,1
RS Jiwa Sambang Lihum,6304016,Sudah kerjasama BPJS,Patologi Klinik,RS Jiwa Sambang Lihum,Kalimantan Selatan,Banjar,1
RS Umum Almansyur Medika Banjarbaru,6372019,Sudah kerjasama BPJS,Patologi Klinik,RS Umum Almansyur Medika Banjarbaru,Kalimantan Selatan,Kota Banjar baru,1
RS Umum Handayati,6305011,Sudah kerjasama BPJS,Patologi Klinik,RS Umum Handayati,Kalimantan Selatan,Tapin,1
RS Umum Syifa Medika,6372017,Sudah kerjasama BPJS,Patologi Klinik,RS Umum Syifa Medika,Kalimantan Selatan,Kota Banjar baru,1
RS Umum Daerah Daha Sejahtera,6306024,Sudah kerjasama BPJS,Patologi Klinik,RS Umum Daerah Daha Sejahtera,Kalimantan Selatan,Hulu Sungai Selatan,1
RS Umum Daerah Datu Sanggul Rantau,6305010,Sudah kerjasama BPJS,Patologi Klinik,RS Umum Daerah Datu Sanggul Rantau,Kalimantan Selatan,Tapin,1
RS Umum Daerah dr. H. Andi Abdurrahman Noor,6310015,Sudah kerjasama BPJS,Patologi Klinik,RS Umum Daerah dr. H. Andi Abdurrahman Noor,Kalimantan Selatan,Tanah Bumbu,1
RS Umum Daerah Dr. H. Moch. Ansari Saleh,6371072,Sudah kerjasama BPJS,Patologi Klinik,RS Umum Daerah Dr. H. Moch. Ansari Saleh,Kalimantan Selatan,Kota Banjarmasin,1
RS Umum Daerah H. Boejasin Pelaihari,6301013,Sudah kerjasama BPJS,Patologi Klinik,RS Umum Daerah H. Boejasin Pelaihari,Kalimantan Selatan,Tanah Laut,1
RSD Idaman Kota Banjarbaru,6372014,Sudah kerjasama BPJS,Patologi Klinik,RSD Idaman Kota Banjarbaru,Kalimantan Selatan,Kota Banjar baru,1
RS Umum Daerah KH. Mansyur,6301020,Sudah kerjasama BPJS,Patologi Klinik,RS Umum Daerah KH. Mansyur,Kalimantan Selatan,Tanah Laut,1
RS Umum Daerah Pangeran Jaya Sumitra,6302014,Sudah kerjasama BPJS,Patologi Klinik,RS Umum Daerah Pangeran Jaya Sumitra,Kalimantan Selatan,Kota baru,1
RS Umum Daerah Sultan Suriansyah Banjarmasin,6371156,Sudah kerjasama BPJS,Patologi Klinik,RS Umum Daerah Sultan Suriansyah Banjarmasin,Kalimantan Selatan,Kota Banjarmasin,1
RS Umum Daerah Ulin Banjarmasin,6371013,Sudah kerjasama BPJS,Patologi Klinik,RS Umum Daerah Ulin Banjarmasin,Kalimantan Selatan,Kota Banjarmasin,1
RS Umum Daerah Datu Kandang Haji,6311016,Sudah kerjasama BPJS,Patologi Klinik,RS Umum Daerah Datu Kandang Haji,Kalimantan Selatan,Balangan,1
RS Umum Daerah H. Badaruddin Kasim,6309014,Sudah kerjasama BPJS,Patologi Klinik,RS Umum Daerah H. Badaruddin Kasim,Kalimantan Selatan,Tabalong,1
RS Umum Daerah H Damanhuri Barabai,6307012,Sudah kerjasama BPJS,Patologi Klinik,RS Umum Daerah  H Damanhuri Barabai,Kalimantan Selatan,Hulu Sungai Tengah,1
RS Umum Daerah Brigjed H. Hasan Basry Kandangan,6306011,Sudah kerjasama BPJS,Patologi Klinik,RS Umum Daerah Brigjed H. Hasan Basry Kandangan,Kalimantan Selatan,Hulu Sungai Selatan,1
RS Umum Daerah Pambalah Batung,6308013,Sudah kerjasama BPJS,Patologi Klinik,RS Umum Daerah Pambalah Batung,Kalimantan Selatan,Hulu Sungai Utara,1
RS Bhayangkara Palangka Raya,6271025,Sudah kerjasama BPJS,Patologi Klinik,RS Bhayangkara Palangka Raya,Kalimantan Tengah,Kota Palangka Raya,1
RS Citra Husada Pangkalan Bun,6201013,Sudah kerjasama BPJS,Patologi Klinik,RS Citra Husada Pangkalan Bun,Kalimantan Tengah,Kotawaringin Barat,1
RS Primaya Betang Pambelum,6271027,Sudah kerjasama BPJS,Patologi Klinik,RS Primaya Betang Pambelum,Kalimantan Tengah,Kota Palangka Raya,1
RS Islam PKU Muhammadiyah Palangka Raya,6271024,Sudah kerjasama BPJS,Patologi Klinik,RS Islam PKU Muhammadiyah Palangka Raya,Kalimantan Tengah,Kota Palangka Raya,1
RS Umum Daerah Dr Murjani Sampit,6202013,Sudah kerjasama BPJS,Patologi Klinik,RS Umum Daerah Dr Murjani Sampit,Kalimantan Tengah,Kotawaringin Timur,1
RS Umum Daerah Sultan Imanuddin,6201012,Sudah kerjasama BPJS,Patologi Klinik,RS Umum Daerah Sultan Imanuddin,Kalimantan Tengah,Kotawaringin Barat,1
RS Umum Daerah Dr. Doris Sylvanus Palangka Raya,6271012,Sudah kerjasama BPJS,Patologi Klinik,RS Umum Daerah Dr. Doris Sylvanus Palangka Raya,Kalimantan Tengah,Kota Palangka Raya,1
RS Umum Daerah Dr. H. Soemarno Sosroaatmojo,6203015,Sudah kerjasama BPJS,Patologi Klinik,RS Umum Daerah Dr. H. Soemarno Sosroaatmojo,Kalimantan Tengah,Kapuas,1
RS Umum Daerah Hanau,6208013,Sudah kerjasama BPJS,Patologi Klinik,RS Umum Daerah Hanau,Kalimantan Tengah,Seruyan,1
RS Umum Daerah Jaraga Sasameh,6204016,Sudah kerjasama BPJS,Patologi Klinik,RS Umum Daerah Jaraga Sasameh,Kalimantan Tengah,Barito Selatan,1
RS Umum Kelas D Kota Palangka Raya,6271026,Sudah kerjasama BPJS,Patologi Klinik,RS Umum Kelas D Kota Palangka Raya,Kalimantan Tengah,Kota Palangka Raya,1
RS Umum Daerah Kuala Kurun,6211026,Sudah kerjasama BPJS,Patologi Klinik,RS Umum Daerah Kuala Kurun,Kalimantan Tengah,Gunung Mas,1
RS Umum Daerah Kuala Pembuang,6208014,Sudah kerjasama BPJS,Patologi Klinik,RS Umum Daerah Kuala Pembuang,Kalimantan Tengah,Seruyan,1
RS Umum Daerah Kabupaten Lamandau,6207012,Sudah kerjasama BPJS,Patologi Klinik,RS Umum Daerah Kabupaten Lamandau,Kalimantan Tengah,Lamandau,1
RS Umum Daerah Mas Amsyar Kasongan,6209024,Sudah kerjasama BPJS,Patologi Klinik,RS Umum Daerah  Mas Amsyar Kasongan,Kalimantan Tengah,Katingan,1
RS Umum Daerah Puruk Cahu,6213022,Sudah kerjasama BPJS,Patologi Klinik,RS Umum Daerah Puruk Cahu,Kalimantan Tengah,Murung Raya,1
RS Umum Daerah Sukamara,6207033,Sudah kerjasama BPJS,Patologi Klinik,RS Umum Daerah Sukamara,Kalimantan Tengah,Sukamara,1
RS Umum Daerah Tamiang Layang,6212020,Sudah kerjasama BPJS,Patologi Klinik,RS Umum Daerah Tamiang Layang,Kalimantan Tengah,Barito Timur,1
RS Amalia Bontang,6474033,Sudah kerjasama BPJS,Patologi Klinik,RS Amalia Bontang,Kalimantan Timur,Kota Bontang,1
RS Umum Balikpapan Baru,6471077,Sudah kerjasama BPJS,Patologi Klinik,RS Umum Balikpapan Baru,Kalimantan Timur,Kota Balikpapan,1
RS Bhayangkara Balikpapan,6471073,Sudah kerjasama BPJS,Patologi Klinik,RS Bhayangkara Balikpapan,Kalimantan Timur,Kota Balikpapan,1
RS Umum Dirgahayu,6472030,Sudah kerjasama BPJS,Patologi Klinik,RS Umum Dirgahayu,Kalimantan Timur,Kota Samarinda,1
RS Hermina Balikpapan,6471086,Sudah kerjasama BPJS,Patologi Klinik,RS Hermina Balikpapan,Kalimantan Timur,Kota Balikpapan,1
RS Hermina Samarinda,6472130,Sudah kerjasama BPJS,Patologi Klinik,RS Hermina Samarinda,Kalimantan Timur,Kota Samarinda,1
RS Islam Bontang,6474034,Sudah kerjasama BPJS,Patologi Klinik,RS Islam Bontang,Kalimantan Timur,Kota Bontang,1
RS Jiwa Atma Husada Mahakam,6472063,Sudah kerjasama BPJS,Patologi Klinik,RS Jiwa Atma Husada Mahakam,Kalimantan Timur,Kota Samarinda,1
RS Medika Utama Manggar,6471087,Sudah kerjasama BPJS,Patologi Klinik,RS Medika Utama Manggar,Kalimantan Timur,Kota Balikpapan,1
RS Medika Utama Permata,6471074,Sudah kerjasama BPJS,Patologi Klinik,RS Medika Utama Permata,Kalimantan Timur,Kota Balikpapan,1
RS Pertamina Balikpapan,6471025,Sudah kerjasama BPJS,Patologi Klinik,RS Pertamina Balikpapan,Kalimantan Timur,Kota Balikpapan,1
RS Pupuk Kaltim,6474021,Sudah kerjasama BPJS,Patologi Klinik,RS Pupuk Kaltim,Kalimantan Timur,Kota Bontang,1
RS Samarinda Medika Citra,6472123,Sudah kerjasama BPJS,Patologi Klinik,RS Samarinda Medika Citra,Kalimantan Timur,Kota Samarinda,1
RS Siaga Al-Munawwarah Samarinda,6472124,Sudah kerjasama BPJS,Patologi Klinik,RS Siaga Al-Munawwarah Samarinda,Kalimantan Timur,Kota Samarinda,1
RS Siloam Hospitals Balikpapan,6471075,Sudah kerjasama BPJS,Patologi Klinik,RS Siloam Hospitals Balikpapan,Kalimantan Timur,Kota Balikpapan,1
RS Restu Ibu,6471051,Sudah kerjasama BPJS,Patologi Klinik,RS Restu Ibu,Kalimantan Timur,Kota Balikpapan,1
RS Tk. II Dr. R. Hardjanto,6471036,Sudah kerjasama BPJS,Patologi Klinik,RS Tk. II Dr. R. Hardjanto,Kalimantan Timur,Kota Balikpapan,1
RS Ibu Anak Cahaya Sangatta,6404045,Sudah kerjasama BPJS,Patologi Klinik,RS Ibu Anak Cahaya Sangatta,Kalimantan Timur,Kutai Timur,1
RS Ibu dan Anak Sayang Ibu,6471062,Sudah kerjasama BPJS,Patologi Klinik,RS Ibu dan Anak Sayang Ibu,Kalimantan Timur,Kota Balikpapan,1
RS Umum Medika Sangatta,6404046,Sudah kerjasama BPJS,Patologi Klinik,RS Umum Medika Sangatta,Kalimantan Timur,Kutai Timur,1
RS Umum Daerah Aji Muhammad Parikesit,6403015,Sudah kerjasama BPJS,Patologi Klinik,RS Umum Daerah Aji Muhammad Parikesit,Kalimantan Timur,Kutai Kartanegara,1
RS Umum Daerah Abdul Wahab Sjahranie,6472015,Sudah kerjasama BPJS,Patologi Klinik,RS Umum Daerah Abdul Wahab Sjahranie,Kalimantan Timur,Kota Samarinda,1
RS Umum Daerah Aji Batara Agung Dewa Sakti,6403052,Sudah kerjasama BPJS,Patologi Klinik,RS Umum Daerah Aji Batara Agung Dewa Sakti,Kalimantan Timur,Kutai Kartanegara,1
RS Umum Daerah Beriman,6471079,Sudah kerjasama BPJS,Patologi Klinik,RS Umum Daerah Beriman,Kalimantan Timur,Kota Balikpapan,1
RS Umum Daerah Dayaku Raja,6403017,Sudah kerjasama BPJS,Patologi Klinik,RS Umum Daerah Dayaku Raja,Kalimantan Timur,Kutai Kartanegara,1
RS Umum Daerah Harapan Insan Sendawar,6402041,Sudah kerjasama BPJS,Patologi Klinik,RS Umum Daerah Harapan Insan Sendawar,Kalimantan Timur,Kutai Barat,1
RS Umum Daerah Inche Abdoel Moeis,6472118,Sudah kerjasama BPJS,Patologi Klinik,RS Umum Daerah Inche Abdoel Moeis,Kalimantan Timur,Kota Samarinda,1
RS Umum Daerah Dr. Kanujoso Djatiwibowo,6471014,Sudah kerjasama BPJS,Patologi Klinik,RS Umum Daerah Dr. Kanujoso Djatiwibowo,Kalimantan Timur,Kota Balikpapan,1
RS Umum Daerah Kudungga,6404032,Sudah kerjasama BPJS,Patologi Klinik,RS Umum Daerah Kudungga,Kalimantan Timur,Kutai Timur,1
RS Umum Daerah Panglima Sebaya,6401014,Sudah kerjasama BPJS,Patologi Klinik,RS Umum Daerah Panglima Sebaya,Kalimantan Timur,Paser,1
RS Umum Daerah Ratu Aji Putri Botung,6409036,Sudah kerjasama BPJS,Patologi Klinik,RS Umum Daerah Ratu Aji Putri Botung,Kalimantan Timur,Penajam Paser Utara,1
RS Umum Daerah Taman Husada Bontang,6474032,Sudah kerjasama BPJS,Patologi Klinik,RS Umum Daerah Taman Husada Bontang,Kalimantan Timur,Kota Bontang,1
RS Bhayangkara Tarakan,6571045,Sudah kerjasama BPJS,Patologi Klinik,RS Bhayangkara Tarakan,Kalimantan Utara,Kota Tarakan,1
RS AL Ilyas Tarakan,6473042,Sudah kerjasama BPJS,Patologi Klinik,RS AL Ilyas Tarakan,Kalimantan Utara,Kota Tarakan,1
RS Umum Kota Tarakan,6571044,Sudah kerjasama BPJS,Patologi Klinik,RS Umum Kota Tarakan,Kalimantan Utara,Kota Tarakan,1
RS Umum Daerah Akhmad Berahim,6503002,Sudah kerjasama BPJS,Patologi Klinik,RS Umum Daerah Akhmad Berahim,Kalimantan Utara,Tana Tidung,1
RS Umum Daerah dr.H. Jusuf SK,6473016,Sudah kerjasama BPJS,Patologi Klinik,RS Umum Daerah dr.H. Jusuf SK,Kalimantan Utara,Kota Tarakan,1
RS Umum Daerah Kabupaten Malinau,6406012,Sudah kerjasama BPJS,Patologi Klinik,RS Umum Daerah Kabupaten Malinau ,Kalimantan Utara,Malinau,1
RS Umum Daerah Tanjung Selor,6404021,Sudah kerjasama BPJS,Patologi Klinik,RS Umum Daerah Tanjung Selor,Kalimantan Utara,Bulungan,1
RS Pertamina Tarakan,6473043,Sudah kerjasama BPJS,Patologi Klinik,RS Pertamina Tarakan,Kalimantan Utara,Kota Tarakan,1
RS Umum Carsa Tarakan,6571056,Sudah kerjasama BPJS,Patologi Klinik,RS Umum Carsa Tarakan,Kalimantan Utara,Kota Tarakan,1
RS Umum Daerah Kabupaten Nunukan,6408025,Sudah kerjasama BPJS,Patologi Klinik,RS Umum Daerah Kabupaten Nunukan,Kalimantan Utara,Nunukan,1
RS Umum Arsani,1902042,Sudah kerjasama BPJS,Patologi Klinik,RS Umum Arsani,Kepulauan Bangka Belitung,Bangka,1
RS Primaya Bhakti Wara,1971002,Sudah kerjasama BPJS,Patologi Klinik,RS Primaya Bhakti Wara,Kepulauan Bangka Belitung,Kota Pangkal Pinang,1
RS Jiwa Daerah dr. Samsi Jacobalis,1901020,Sudah kerjasama BPJS,Patologi Klinik,RS Jiwa Daerah dr. Samsi Jacobalis,Kepulauan Bangka Belitung,Bangka,1
RS Umum Daerah Kab. Bangka Selatan,1905024,Sudah kerjasama BPJS,Patologi Klinik,RS Umum Daerah Kab. Bangka Selatan,Kepulauan Bangka Belitung,Bangka Selatan,1
RS Umum Daerah Depati Bahrin,1901016,Sudah kerjasama BPJS,Patologi Klinik,RS Umum Daerah Depati Bahrin,Kepulauan Bangka Belitung,Bangka,1
RS Umum Daerah Depati Hamzah,1971021,Sudah kerjasama BPJS,Patologi Klinik,RS Umum Daerah Depati Hamzah,Kepulauan Bangka Belitung,Kota Pangkal Pinang,1
RS Umum Daerah DR. Eko Maulana Ali,1901044,Sudah kerjasama BPJS,Patologi Klinik,RS Umum Daerah DR. Eko Maulana Ali,Kepulauan Bangka Belitung,Bangka,1
RS Umum Daerah Dr. (HC) Ir. Soekarno,1901043,Sudah kerjasama BPJS,Patologi Klinik,RS Umum Daerah Dr. (HC) Ir. Soekarno,Kepulauan Bangka Belitung,Bangka,1
RS Umum Daerah Drs. H. Abu Hanifah,1904013,Sudah kerjasama BPJS,Patologi Klinik,RS Umum Daerah Drs. H. Abu Hanifah,Kepulauan Bangka Belitung,Bangka Tengah,1
RS Umum Daerah Kriopanting Payung,1905026,Sudah kerjasama BPJS,Patologi Klinik,RS Umum Daerah Kriopanting Payung,Kepulauan Bangka Belitung,Bangka Selatan,1
RS Umum Daerah Muhammad Zein,1906014,Sudah kerjasama BPJS,Patologi Klinik,RS Umum Daerah  Muhammad Zein,Kepulauan Bangka Belitung,Belitung Timur,1
RS Umum Daerah Sejiran Setason,1903013,Sudah kerjasama BPJS,Patologi Klinik,RS Umum Daerah Sejiran Setason,Kepulauan Bangka Belitung,Bangka Barat,1
RS Siloam Bangka,1904014,Sudah kerjasama BPJS,Patologi Klinik,RS Siloam Bangka,Kepulauan Bangka Belitung,Bangka Tengah,1
RS Umum Awal Bros Batam,2071103,Sudah kerjasama BPJS,Patologi Klinik,RS Umum Awal Bros Batam,Kepulauan Riau,Kota Batam,1
RS Awal Bros Botania,2171078,Sudah kerjasama BPJS,Patologi Klinik,RS Awal Bros Botania,Kepulauan Riau,Kota Batam,1
RS Badan Pengusahaan Batam,2071034,Sudah kerjasama BPJS,Patologi Klinik,RS Badan Pengusahaan Batam,Kepulauan Riau,Kota Batam,1
RS Umum Bhakti Timah,2001045,Sudah kerjasama BPJS,Patologi Klinik,RS Umum Bhakti Timah,Kepulauan Riau,Karimun,1
RS Bhayangkara Batam Polda Kepri,2171061,Sudah kerjasama BPJS,Patologi Klinik,RS Bhayangkara Batam Polda Kepri,Kepulauan Riau,Kota Batam,1
RS Umum Camatha Sahidya,2071056,Sudah kerjasama BPJS,Patologi Klinik,RS Umum Camatha Sahidya,Kepulauan Riau,Kota Batam,1
RS Umum Charis Medika,2071037,Sudah kerjasama BPJS,Patologi Klinik,RS Umum Charis Medika,Kepulauan Riau,Kota Batam,1
RS Umum Graha Hermine,2071050,Sudah kerjasama BPJS,Patologi Klinik,RS Umum Graha Hermine,Kepulauan Riau,Kota Batam,1
RS Umum Harapan Bunda Batam,2071023,Sudah kerjasama BPJS,Patologi Klinik,RS Umum Harapan Bunda Batam,Kepulauan Riau,Kota Batam,1
RS Hj. Bunda Halimah Batam,2171065,Sudah kerjasama BPJS,Patologi Klinik,RS Hj. Bunda Halimah Batam,Kepulauan Riau,Kota Batam,1
RS Mutiara Aini,2171083,Sudah kerjasama BPJS,Patologi Klinik,RS Mutiara Aini,Kepulauan Riau,Kota Batam,1
RS Umum Soedarsono Darmosoewito,2071059,Sudah kerjasama BPJS,Patologi Klinik,RS Umum Soedarsono Darmosoewito,Kepulauan Riau,Kota Batam,1
RS Umum Santa Elisabeth Batam Kota,2071053,Sudah kerjasama BPJS,Patologi Klinik,RS Umum Santa Elisabeth Batam Kota,Kepulauan Riau,Kota Batam,1
RS Santa Elisabeth Sei Lekop,2171064,Sudah kerjasama BPJS,Patologi Klinik,RS Santa Elisabeth Sei Lekop,Kepulauan Riau,Kota Batam,1
RS Umum Santa Elisabeth Batam,2071015,Sudah kerjasama BPJS,Patologi Klinik,RS Umum Santa Elisabeth Batam,Kepulauan Riau,Kota Batam,1
RS Ibu dan Anak Griya Medika Batam,2071054,Sudah kerjasama BPJS,Patologi Klinik,RS Ibu dan  Anak Griya Medika Batam,Kepulauan Riau,Kota Batam,1
RS Jiwa dan Ketergantungan Obat Engku Haji Daud,2002010,Sudah kerjasama BPJS,Patologi Klinik,RS Jiwa dan Ketergantungan Obat Engku Haji Daud,Kepulauan Riau,Bintan,1
RS Umum Daerah Dabo Kabupaten Lingga,2004012,Sudah kerjasama BPJS,Patologi Klinik,RS Umum Daerah Dabo Kabupaten Lingga,Kepulauan Riau,Lingga,1
RS Umum Daerah Embung Fatimah Kota Batam,2071114,Sudah kerjasama BPJS,Patologi Klinik,RS Umum Daerah Embung Fatimah Kota Batam,Kepulauan Riau,Kota Batam,1
RS Umum Daerah Kabupaten Bintan,2002002,Sudah kerjasama BPJS,Patologi Klinik,RS Umum Daerah  Kabupaten Bintan,Kepulauan Riau,Bintan,1
RS Umum Daerah Muhammad Sani Kabupaten Karimun,2001013,Sudah kerjasama BPJS,Patologi Klinik,RS Umum Daerah Muhammad Sani Kabupaten Karimun,Kepulauan Riau,Karimun,1
RS Umum Daerah Natuna,2003011,Sudah kerjasama BPJS,Patologi Klinik,RS Umum Daerah Natuna,Kepulauan Riau,Natuna,1
RS Umum Daerah Raja Ahmad Tabib,2072002,Sudah kerjasama BPJS,Patologi Klinik,RS Umum Daerah Raja Ahmad Tabib,Kepulauan Riau,Kota Tanjung Pinang,1
RS Umum Daerah Kota Tanjung Pinang,2072012,Sudah kerjasama BPJS,Patologi Klinik,RS Umum Daerah Kota Tanjung Pinang,Kepulauan Riau,Kota Tanjung Pinang,1
RS Umum Daerah Tarempa,2105005,Sudah kerjasama BPJS,Patologi Klinik,RS Umum Daerah Tarempa,Kepulauan Riau,Kepulauan Anambas,1
Rumkital dr. Midiyato Suratani,2072023,Sudah kerjasama BPJS,Patologi Klinik,Rumkital dr. Midiyato Suratani,Kepulauan Riau,Kota Tanjung Pinang,1
RS Umum Imanuel Way Halim,1871180,Sudah kerjasama BPJS,Patologi Klinik,RS Umum Imanuel Way Halim,Lampung,Kota Bandar Lampung,1
RS Natar Medika,1803033,Sudah kerjasama BPJS,Patologi Klinik,RS Natar Medika,Lampung,Lampung Selatan,1
RS Umum Pertamina-Bintang Amin Lampung,1871427,Sudah kerjasama BPJS,Patologi Klinik,RS Umum Pertamina-Bintang Amin Lampung,Lampung,Kota Bandar Lampung,1
RS Umum Advent Bandar Lampung,1871282,Sudah kerjasama BPJS,Patologi Klinik,RS Umum Advent Bandar Lampung,Lampung,Kota Bandar Lampung,1
RS AKA Medika Sribhawono,1804012,Sudah kerjasama BPJS,Patologi Klinik,RS AKA Medika Sribhawono,Lampung,Lampung Timur,1
RS Umum Az - Zahra,1805048,Sudah kerjasama BPJS,Patologi Klinik,RS Umum Az - Zahra,Lampung,Lampung Tengah,1
RS Bhayangkara Polda Lampung,1871438,Sudah kerjasama BPJS,Patologi Klinik,RS Bhayangkara Polda Lampung,Lampung,Kota Bandar Lampung,1
RS Budi Medika,1871450,Sudah kerjasama BPJS,Patologi Klinik,RS Budi Medika,Lampung,Kota Bandar Lampung,1
RS Umum Graha Husada,1871416,Sudah kerjasama BPJS,Patologi Klinik,RS Umum Graha Husada,Lampung,Kota Bandar Lampung,1
RS Griya Medika Dompet Dhuafa,1808018,Sudah kerjasama BPJS,Patologi Klinik,RS Griya Medika Dompet Dhuafa,Lampung,Tulang Bawang,1
RS Umum Haji Kamino,1807016,Sudah kerjasama BPJS,Patologi Klinik,RS Umum Haji Kamino,Lampung,Way Kanan,1
RS Umum Harapan Bunda,1805045,Sudah kerjasama BPJS,Patologi Klinik,RS Umum Harapan Bunda,Lampung,Lampung Tengah,1
RS Umum Islam Asy-Syifaa Bandar Jaya,1805024,Sudah kerjasama BPJS,Patologi Klinik,RS Umum Islam Asy-Syifaa Bandar Jaya,Lampung,Lampung Tengah,1
RS Umum Islam Metro,1872031,Sudah kerjasama BPJS,Patologi Klinik,RS Umum Islam Metro,Lampung,Kota Metro,1
RS Umum Kartini,1805046,Sudah kerjasama BPJS,Patologi Klinik,RS Umum Kartini,Lampung,Lampung Tengah,1
RS Umum Mitra Husada,1802038,Sudah kerjasama BPJS,Patologi Klinik,RS Umum Mitra Husada,Lampung,Pringsewu,1
RS Umum Mutiara Bunda,1808016,Sudah kerjasama BPJS,Patologi Klinik,RS Umum Mutiara Bunda,Lampung,Tulang Bawang,1
RS Umum Penawar Medika,1808017,Sudah kerjasama BPJS,Patologi Klinik,RS Umum Penawar Medika,Lampung,Tulang Bawang,1
RS Umum Permata Hati Metro,1872064,Sudah kerjasama BPJS,Patologi Klinik,RS Umum Permata Hati Metro,Lampung,Kota Metro,1
RS Umum Surya Asih,1810003,Sudah kerjasama BPJS,Patologi Klinik,RS Umum Surya Asih,Lampung,Pringsewu,1
RS Tk. IV 02.07.04,1871026,Sudah kerjasama BPJS,Patologi Klinik,RS Tk. IV 02.07.04,Lampung,Kota Bandar Lampung,1
RS Umum Handayani,1806035,Sudah kerjasama BPJS,Patologi Klinik,RS Umum Handayani,Lampung,Lampung Utara,1
RS Umum Yukum Medical Centre,1805023,Sudah kerjasama BPJS,Patologi Klinik,RS Umum Yukum Medical Centre,Lampung,Lampung Tengah,1
RS Umum Bumi Waras,1871234,Sudah kerjasama BPJS,Patologi Klinik,RS Umum Bumi Waras,Lampung,Kota Bandar Lampung,1
RS Umum Daerah Pringsewu,1803010,Sudah kerjasama BPJS,Patologi Klinik,RS Umum Daerah Pringsewu,Lampung,Pringsewu,1
RS Umum Urip Sumoharjo,1871405,Sudah kerjasama BPJS,Patologi Klinik,RS Umum Urip Sumoharjo,Lampung,Kota Bandar Lampung,1
RS Umum Daerah Menggala Tulang Bawang,1808015,Sudah kerjasama BPJS,Patologi Klinik,RS Umum Daerah Menggala Tulang Bawang,Lampung,Tulang Bawang,1
RS Umum Daerah May Jen HM Ryacudu,1806013,Sudah kerjasama BPJS,Patologi Klinik,RS Umum Daerah May Jen HM Ryacudu,Lampung,Lampung Utara,1
RS Umum Daerah Sukadana,1804011,Sudah kerjasama BPJS,Patologi Klinik,RS Umum Daerah Sukadana,Lampung,Lampung Timur,1
RS Ibu dan Anak Anugerah Medical Center Metro,1872053,Sudah kerjasama BPJS,Patologi Klinik,RS Ibu dan Anak Anugerah Medical Center Metro,Lampung,Kota Metro,1
RS Ibu dan Anak Puri Betik Hati,1871442,Sudah kerjasama BPJS,Patologi Klinik,RS Ibu dan Anak Puri Betik Hati,Lampung,Kota Bandar Lampung,1
RS Umum Muhammadiyah Metro,1872042,Sudah kerjasama BPJS,Patologi Klinik,RS Umum Muhammadiyah Metro,Lampung,Kota Metro,1
RS Umum Daerah Alimuddin Umar,1801015,Sudah kerjasama BPJS,Patologi Klinik,RS Umum Daerah Alimuddin Umar,Lampung,Lampung Barat,1
RS Umum Daerah Bandar Negara Husada,1803035,Sudah kerjasama BPJS,Patologi Klinik,RS Umum Daerah Bandar Negara Husada,Lampung,Lampung Selatan,1
RS Umum Daerah Demang Sepulau Raya,1805034,Sudah kerjasama BPJS,Patologi Klinik,RS Umum Daerah Demang Sepulau Raya,Lampung,Lampung Tengah,1
RS Umum Daerah Dr. A. Dadi Tjokrodipo,1871048,Sudah kerjasama BPJS,Patologi Klinik,RS Umum Daerah Dr. A. Dadi Tjokrodipo,Lampung,Kota Bandar Lampung,1
RS Umum Daerah Pesawaran,1809002,Sudah kerjasama BPJS,Patologi Klinik,RS Umum Daerah Pesawaran,Lampung,Pesawaran,1
RS Umum Daerah Ragab Begawe Caram,1811002,Sudah kerjasama BPJS,Patologi Klinik,RS Umum Daerah Ragab Begawe Caram,Lampung,Mesuji,1
RS Umum Daerah Sumbersari Bantul,1872067,Sudah kerjasama BPJS,Patologi Klinik,RS Umum Daerah Sumbersari Bantul,Lampung,Kota Metro,1
RS Umum Daerah Tulang Bawang Barat,1812003,Sudah kerjasama BPJS,Patologi Klinik,RS Umum Daerah Tulang Bawang Barat,Lampung,Tulang Bawang Barat,1
RS Umum Daerah Zainal Abidin Pagar Alam,1807014,Sudah kerjasama BPJS,Patologi Klinik,RS Umum Daerah Zainal Abidin Pagar Alam,Lampung,Way Kanan,1
RS Umum Daerah Dr H Abdul Moeloek,1801017,Sudah kerjasama BPJS,Patologi Klinik,RS Umum Daerah Dr H Abdul Moeloek,Lampung,Kota Bandar Lampung,1
RS Airan Raya,1803036,Sudah kerjasama BPJS,Patologi Klinik,RS Airan Raya,Lampung,Lampung Selatan,1
RS Wisma Rini,1871002,Sudah kerjasama BPJS,Patologi Klinik,RS Wisma Rini,Lampung,Pringsewu,1
RS Bhayangkara Ambon,8171121,Sudah kerjasama BPJS,Patologi Klinik,RS Bhayangkara Ambon,Maluku,Kota Ambon,1
RS Siloam Ambon,8171124,Sudah kerjasama BPJS,Patologi Klinik,RS Siloam Ambon,Maluku,Kota Ambon,1
RS Sumber Hidup GPM,8171085,Sudah kerjasama BPJS,Patologi Klinik,RS Sumber Hidup GPM,Maluku,Kota Ambon,1
RS Tk. II Prof. dr. J. A. Latumeten,8171026,Sudah kerjasama BPJS,Patologi Klinik,RS Tk. II Prof. dr. J. A. Latumeten,Maluku,Kota Ambon,1
RSKD Provinsi Maluku,8171063,Sudah kerjasama BPJS,Patologi Klinik,RSKD Provinsi Maluku,Maluku,Kota Ambon,1
RS Al Fatah,8171110,Sudah kerjasama BPJS,Patologi Klinik,RS Al Fatah,Maluku,Kota Ambon,1
RS Umum Daerah Bula,8107021,Sudah kerjasama BPJS,Patologi Klinik,RS Umum Daerah Bula,Maluku,Seram Bagian Timur,1
RS Umum Daerah Cendrawasih Dobo,8105019,Sudah kerjasama BPJS,Patologi Klinik,RS Umum Daerah Cendrawasih Dobo,Maluku,Kepulauan Aru,1
RS Umum Daerah dr. Ishak Umarella,8103053,Sudah kerjasama BPJS,Patologi Klinik,RS Umum Daerah dr. Ishak Umarella,Maluku,Maluku Tengah,1
RS Umum Dr. M. Haulussy Ambon,8171015,Sudah kerjasama BPJS,Patologi Klinik,RS Umum Dr. M. Haulussy Ambon,Maluku,Kota Ambon,1
RS Umum Daerah dr. Salim Alkatiri,8109018,Sudah kerjasama BPJS,Patologi Klinik,RS Umum Daerah dr. Salim Alkatiri,Maluku,Buru Selatan,1
RS Umum Masohi,8103042,Sudah kerjasama BPJS,Patologi Klinik,RS Umum Masohi,Maluku,Maluku Tengah,1
RS Umum Piru,8106010,Sudah kerjasama BPJS,Patologi Klinik,RS Umum Piru,Maluku,Seram Bagian Barat,1
RS Umum Pusat Dr. Johannes Leimena Ambon,8171123,Sudah kerjasama BPJS,Patologi Klinik,RS Umum Pusat Dr. Johannes Leimena Ambon,Maluku,Kota Ambon,1
RS Umum Daerah Ir. Soekarno Kab. Pulau Morotai,8205032,Sudah kerjasama BPJS,Patologi Klinik,RS Umum Daerah Ir. Soekarno Kab. Pulau Morotai,Maluku Utara,Pulau Morotai,1
RS Umum Daerah Kota Tidore Kepulauan,8202043,Sudah kerjasama BPJS,Patologi Klinik,RS Umum Daerah Kota Tidore Kepulauan,Maluku Utara,Kota Tidore Kepulauan,1
RS Umum Daerah Dr. H. Chasan Boesoirie Ternate,8271016,Sudah kerjasama BPJS,Patologi Klinik,RS Umum Daerah Dr. H. Chasan Boesoirie Ternate,Maluku Utara,Kota Ternate,1
RS Umum Daerah Jailolo,8201021,Sudah kerjasama BPJS,Patologi Klinik,RS Umum Daerah Jailolo,Maluku Utara,Halmahera Barat,1
RS Umum Daerah Labuha,8204010,Sudah kerjasama BPJS,Patologi Klinik,RS Umum Daerah  Labuha,Maluku Utara,Halmahera Selatan,1
RS Umum Daerah Weda,8205021,Sudah kerjasama BPJS,Patologi Klinik,RS Umum Daerah Weda,Maluku Utara,Halmahera Tengah,1
RS Umum Daerah Maren H. Noho Renuat Kota Tual,8172002,Sudah kerjasama BPJS,Patologi Klinik,RS Umum Daerah Maren H. Noho Renuat Kota Tual,Maluku,Kota Tual,1
RS Cahaya Medika,5202024,Sudah kerjasama BPJS,Patologi Klinik,RS Cahaya Medika,Nusa Tenggara Barat,Lombok Tengah,1
RS H. L. Manambai Abdulkadir,5206027,Sudah kerjasama BPJS,Patologi Klinik,RS H. L. Manambai Abdulkadir,Nusa Tenggara Barat,Sumbawa,1
RS Jiwa Mutiara Sukma,5271054,Sudah kerjasama BPJS,Patologi Klinik,RS Jiwa Mutiara Sukma,Nusa Tenggara Barat,Kota Mataram,1
RS Lotim Medical Center,5203025,Sudah kerjasama BPJS,Patologi Klinik,RS Lotim Medical Center,Nusa Tenggara Barat,Lombok Timur,1
RS Mandalika Provinsi Nusa Tenggara Barat,5202035,Sudah kerjasama BPJS,Patologi Klinik,RS Mandalika Provinsi Nusa Tenggara Barat,Nusa Tenggara Barat,Lombok Tengah,1
RS PKU Muhammadiyah Bima,5206028,Sudah kerjasama BPJS,Patologi Klinik,RS PKU Muhammadiyah Bima,Nusa Tenggara Barat,Kota Bima,1
RS Surya Medika PKU Muhammadiyah Sumbawa,5207004,Sudah kerjasama BPJS,Patologi Klinik,RS Surya Medika PKU Muhammadiyah Sumbawa,Nusa Tenggara Barat,Sumbawa,1
RS Universitas Mataram,5271101,Sudah kerjasama BPJS,Patologi Klinik,RS Universitas Mataram,Nusa Tenggara Barat,Kota Mataram,1
RS Islam Yatofa,5202022,Sudah kerjasama BPJS,Patologi Klinik,RS Islam Yatofa,Nusa Tenggara Barat,Lombok Tengah,1
RS Umum Daerah Provinsi NTB,5271010,Sudah kerjasama BPJS,Patologi Klinik,RS Umum Daerah Provinsi NTB,Nusa Tenggara Barat,Kota Mataram,1
RS Umum Daerah Asy-Syifa Sumbawa Barat,5207002,Sudah kerjasama BPJS,Patologi Klinik,RS Umum Daerah Asy-Syifa Sumbawa Barat,Nusa Tenggara Barat,Sumbawa Barat,1
RS Umum Daerah Awet Muda Narmada,5201012,Sudah kerjasama BPJS,Patologi Klinik,RS Umum Daerah Awet Muda Narmada,Nusa Tenggara Barat,Lombok Barat,1
RS Umum Bima,5206015,Sudah kerjasama BPJS,Patologi Klinik,RS Umum Bima,Nusa Tenggara Barat,Bima,1
RS Umum Dompu,5205014,Sudah kerjasama BPJS,Patologi Klinik,RS Umum Dompu,Nusa Tenggara Barat,Dompu,1
RS Umum Daerah Dr. R. Soedjono Selong,5203012,Sudah kerjasama BPJS,Patologi Klinik,RS Umum Daerah Dr. R. Soedjono Selong,Nusa Tenggara Barat,Lombok Timur,1
RS Umum Daerah Kota Bima,5272005,Sudah kerjasama BPJS,Patologi Klinik,RS Umum Daerah Kota Bima,Nusa Tenggara Barat,Kota Bima,1
RS Umum Daerah Patut Patuh Patju,5201010,Sudah kerjasama BPJS,Patologi Klinik,RS Umum Daerah Patut Patuh Patju,Nusa Tenggara Barat,Lombok Barat,1
RS Umum Praya,5202011,Sudah kerjasama BPJS,Patologi Klinik,RS Umum Praya,Nusa Tenggara Barat,Lombok Tengah,1
RS Umum Sumbawa Besar,5204013,Sudah kerjasama BPJS,Patologi Klinik,RS Umum Sumbawa Besar,Nusa Tenggara Barat,Sumbawa,1
RS Umum Kab. Lombok Utara,5208002,Sudah kerjasama BPJS,Patologi Klinik,RS Umum Kab. Lombok Utara,Nusa Tenggara Barat,Lombok Utara,1
RS Islam Siti Hajar,5271032,Sudah kerjasama BPJS,Patologi Klinik,RS Islam Siti Hajar,Nusa Tenggara Barat,Kota Mataram,1
RS Metro Medika,5271104,Sudah kerjasama BPJS,Patologi Klinik,RS Metro Medika,Nusa Tenggara Barat,Kota Mataram,1
RS Umum Daerah Kota Mataram,5271087,Sudah kerjasama BPJS,Patologi Klinik,RS Umum Daerah Kota Mataram,Nusa Tenggara Barat,Kota Mataram,1
RS Bhayangkara Mataram,5271065,Sudah kerjasama BPJS,Patologi Klinik,RS Bhayangkara Mataram,Nusa Tenggara Barat,Kota Mataram,1
RS Angkatan Darat REM Wira Bhakti Mataram,5271021,Sudah kerjasama BPJS,Patologi Klinik,RS Angkatan Darat REM Wira Bhakti Mataram,Nusa Tenggara Barat,Kota Mataram,1
RS Umum Daerah Lombok Timur,5203027,Sudah kerjasama BPJS,Patologi Klinik,RS Umum Daerah Lombok Timur,Nusa Tenggara Barat,Lombok Timur,1
RS Bhayangkara,5303033,Sudah kerjasama BPJS,Patologi Klinik,RS Bhayangkara,Nusa Tenggara Timur,Kota Kupang,1
RS Jiwa Naimata,5371059,Sudah kerjasama BPJS,Patologi Klinik,RS Jiwa Naimata,Nusa Tenggara Timur,Kota Kupang,1
RS Kartini,5371057,Sudah kerjasama BPJS,Patologi Klinik,RS Kartini,Nusa Tenggara Timur,Kota Kupang,1
RS Sito Husada,5306031,Sudah kerjasama BPJS,Patologi Klinik,RS Sito Husada,Nusa Tenggara Timur,Belu,1
RS Daerah Kalabahi,5307010,Sudah kerjasama BPJS,Patologi Klinik,RS Daerah Kalabahi,Nusa Tenggara Timur,Alor,1
RS Ibu dan Anak Dedari,5371047,Sudah kerjasama BPJS,Patologi Klinik,RS Ibu dan Anak Dedari,Nusa Tenggara Timur,Kota Kupang,1
RS Kristen Lindimara,5302012,Sudah kerjasama BPJS,Patologi Klinik,RS Kristen Lindimara,Nusa Tenggara Timur,Sumba Timur,1
RS Umum Imanuel Sumba,5302034,Sudah kerjasama BPJS,Patologi Klinik,RS Umum Imanuel Sumba,Nusa Tenggara Timur,Sumba Timur,1
RS Umum Leona,5305025,Sudah kerjasama BPJS,Patologi Klinik,RS Umum Leona,Nusa Tenggara Timur,Timor Tengah Utara,1
RS Umum Leona Kupang,5371058,Sudah kerjasama BPJS,Patologi Klinik,RS Umum Leona Kupang,Nusa Tenggara Timur,Kota Kupang,1
RS Siloam Kupang,5303028,Sudah kerjasama BPJS,Patologi Klinik,RS Siloam Kupang,Nusa Tenggara Timur,Kota Kupang,1
RS Umum Daerah Aeramo Kabupaten Nagekeo,5318002,Sudah kerjasama BPJS,Patologi Klinik,RS Umum Daerah Aeramo Kabupaten Nagekeo,Nusa Tenggara Timur,Nagekeo,1
RS Umum Daerah MGR Gabriel Manek,5306016,Sudah kerjasama BPJS,Patologi Klinik,RS Umum Daerah MGR Gabriel Manek,Nusa Tenggara Timur,Belu,1
RS Umum Daerah Rote Ndao Ba'a,5303024,Sudah kerjasama BPJS,Patologi Klinik,RS Umum Daerah Rote Ndao Ba'a ,Nusa Tenggara Timur,Rote Ndao,1
RS Umum Bajawa,5312014,Sudah kerjasama BPJS,Patologi Klinik,RS Umum Bajawa,Nusa Tenggara Timur,Ngada,1
RS Umum Daerah dr. Hendrikus Fernandez Larantuka,5309012,Sudah kerjasama BPJS,Patologi Klinik,RS Umum Daerah dr. Hendrikus Fernandez Larantuka,Nusa Tenggara Timur,Flores Timur,1
RS Umum Dr TC Hillers Maumere,5310012,Sudah kerjasama BPJS,Patologi Klinik,RS Umum Dr TC Hillers Maumere,Nusa Tenggara Timur,Sikka,1
RS Umum Daerah Ende,5311013,Sudah kerjasama BPJS,Patologi Klinik,RS Umum Daerah Ende,Nusa Tenggara Timur,Ende,1
RS Umum Daerah Kefamenanu,5305015,Sudah kerjasama BPJS,Patologi Klinik,RS Umum Daerah Kefamenanu,Nusa Tenggara Timur,Timor Tengah Utara,1
RS Umum Daerah Lewoleba,5308045,Sudah kerjasama BPJS,Patologi Klinik,RS Umum Daerah Lewoleba,Nusa Tenggara Timur,Lembata,1
RS Umum Prof. Dr. WZ Johanes,5371011,Sudah kerjasama BPJS,Patologi Klinik,RS Umum Prof. Dr. WZ Johanes,Nusa Tenggara Timur,Kota Kupang,1
RS Umum Daerah Ruteng,5313015,Sudah kerjasama BPJS,Patologi Klinik,RS Umum Daerah Ruteng,Nusa Tenggara Timur,Manggarai,1
RS Umum Daerah S. K. Lerik,5303013,Sudah kerjasama BPJS,Patologi Klinik,RS Umum Daerah S. K. Lerik,Nusa Tenggara Timur,Kota Kupang,1
RS Umum Soe,5304014,Sudah kerjasama BPJS,Patologi Klinik,RS Umum Soe,Nusa Tenggara Timur,Timor Tengah Selatan,1
RS Umum Daerah Waingapu,5302023,Sudah kerjasama BPJS,Patologi Klinik,RS Umum Daerah Waingapu,Nusa Tenggara Timur,Sumba Timur,1
RS Umum Waikabubak,5301033,Sudah kerjasama BPJS,Patologi Klinik,RS Umum Waikabubak,Nusa Tenggara Timur,Sumba Barat,1
RS Umum Pusat dr. Ben Mboi,5303056,Sudah kerjasama BPJS,Patologi Klinik,RS Umum Pusat dr. Ben Mboi,Nusa Tenggara Timur,Kota Kupang,1
RS Umum Penyangga Perbatasan Betun,5306042,Sudah kerjasama BPJS,Patologi Klinik,RS Umum Penyangga Perbatasan Betun,Nusa Tenggara Timur,Malaka,1
RS Umum Daerah Komodo,5315003,Sudah kerjasama BPJS,Patologi Klinik,RS Umum Daerah Komodo,Nusa Tenggara Timur,Manggarai Barat,1
RS Siloam Labuan Bajo,5315002,Sudah kerjasama BPJS,Patologi Klinik,RS Siloam Labuan Bajo,Nusa Tenggara Timur,Manggarai Barat,1
RS Bhayangkara Jayapura,9271067,Sudah kerjasama BPJS,Patologi Klinik,RS Bhayangkara Jayapura,Papua,Kota Jayapura,1
RS TNI Angkatan Darat Marthen Indey Jayapura,9203016,Sudah kerjasama BPJS,Patologi Klinik,RS TNI Angkatan Darat Marthen Indey Jayapura,Papua,Kota Jayapura,1
RS Dian Harapan,9271056,Sudah kerjasama BPJS,Patologi Klinik,RS Dian Harapan,Papua,Kota Jayapura,1
RS Umum Biak,9205015,Sudah kerjasama BPJS,Patologi Klinik,RS Umum Biak,Papua,Biak Numfor,1
RS Umum Daerah Ramela Muara Tami,9271080,Sudah kerjasama BPJS,Patologi Klinik,RS Umum Daerah Ramela Muara Tami,Papua,Kota Jayapura,1
RS Umum Daerah Serui,9204014,Sudah kerjasama BPJS,Patologi Klinik,RS Umum Daerah Serui,Papua,Kepulauan Yapen,1
RS Umum Daerah Supiori,9227011,Sudah kerjasama BPJS,Patologi Klinik,RS Umum Daerah Supiori,Papua,Supiori,1
RS Umum Jayapura,9271012,Sudah kerjasama BPJS,Patologi Klinik,RS Umum Jayapura,Papua,Kota Jayapura,1
RS Umum Abepura,9271023,Sudah kerjasama BPJS,Patologi Klinik,RS Umum Abepura,Papua,Kota Jayapura,1
RS Provita Jayapura,9271079,Sudah kerjasama BPJS,Patologi Klinik,RS Provita Jayapura,Papua,Kota Jayapura,1
RS Bhayangkara Lodewijk Mandatjan,9105005,Sudah kerjasama BPJS,Patologi Klinik,RS Bhayangkara Lodewijk Mandatjan,Papua Barat,Manokwari,1
RS Umum Daerah Manokwari,9102011,Sudah kerjasama BPJS,Patologi Klinik,RS Umum Daerah Manokwari,Papua Barat,Manokwari,1
RS Pertamina Sorong,9171021,Sudah kerjasama BPJS,Patologi Klinik,RS Pertamina Sorong,Papua Barat Daya,Kota Sorong,1
RS Umum Daerah Kabupaten Sorong,9171010,Sudah kerjasama BPJS,Patologi Klinik,RS Umum Daerah Kabupaten Sorong,Papua Barat Daya,Sorong,1
RS Umum Daerah Sele Be Solu,9171032,Sudah kerjasama BPJS,Patologi Klinik,RS Umum Daerah Sele Be Solu,Papua Barat Daya,Kota Sorong,1
RS Umum Daerah Dekai,9202014,Sudah kerjasama BPJS,Patologi Klinik,RS Umum Daerah Dekai,Papua Pegunungan,Yahukimo,1
RS Umum Wamena,9202013,Sudah kerjasama BPJS,Patologi Klinik,RS Umum Wamena,Papua Pegunungan,Jayawijaya,1
RS Umum Merauke,9201012,Sudah kerjasama BPJS,Patologi Klinik,RS Umum Merauke,Papua Selatan,Merauke,1
RS Umum Daerah Perpetua J. Safanpo,9215011,Sudah kerjasama BPJS,Patologi Klinik,RS Umum Daerah Perpetua J. Safanpo,Papua Selatan,Asmat,1
RS Umum Daerah Kabupaten Mimika,9212011,Sudah kerjasama BPJS,Patologi Klinik,RS Umum Daerah Kabupaten Mimika,Papua Tengah,Mimika,1
RS Umum Nabire,9202012,Sudah kerjasama BPJS,Patologi Klinik,RS Umum Nabire,Papua Tengah,Nabire,1
RS Umum Daerah Paniai,9202023,Sudah kerjasama BPJS,Patologi Klinik,RS Umum Daerah Paniai,Papua Tengah,Paniai,1
RS Mitra Masyarakat Timika,9201011,Sudah kerjasama BPJS,Patologi Klinik,RS Mitra Masyarakat Timika,Papua Tengah,Mimika,1
Aulia Hospital,1471396,Sudah kerjasama BPJS,Patologi Klinik,Aulia Hospital,Riau,Kota Pekanbaru,1
RS Umum Awal Bros Pekanbaru,1471226,Sudah kerjasama BPJS,Patologi Klinik,RS Umum  Awal Bros Pekanbaru,Riau,Kota Pekanbaru,1
RS Awal Bros A. Yani,1471384,Sudah kerjasama BPJS,Patologi Klinik,RS Awal Bros A. Yani,Riau,Kota Pekanbaru,1
RS Umum Awal Bros Bagan Batu,1409033,Sudah kerjasama BPJS,Patologi Klinik,RS Umum Awal Bros Bagan Batu,Riau,Rokan Hilir,1
RS Umum Awal Bros Panam,1471390,Sudah kerjasama BPJS,Patologi Klinik,RS Umum  Awal Bros Panam,Riau,Kota Pekanbaru,1
RS Umum Awal Bros Ujung Batu,1407012,Sudah kerjasama BPJS,Patologi Klinik,RS Umum  Awal Bros Ujung Batu,Riau,Rokan Hulu,1
RS Umum Azzahra,1407013,Sudah kerjasama BPJS,Patologi Klinik,RS Umum Azzahra,Riau,Rokan Hulu,1
RS Bhayangkara Tk. III Kota Pekanbaru,1471033,Sudah kerjasama BPJS,Patologi Klinik,RS Bhayangkara Tk. III Kota Pekanbaru,Riau,Kota Pekanbaru,1
RS Umum Efarina,1404025,Sudah kerjasama BPJS,Patologi Klinik,RS Umum  Efarina,Riau,Pelalawan,1
RS Umum Eka Hospital Pekanbaru,1471067,Sudah kerjasama BPJS,Patologi Klinik,RS Umum  Eka Hospital Pekanbaru,Riau,Kota Pekanbaru,1
RS Eria,1471237,Sudah kerjasama BPJS,Patologi Klinik,RS  Eria,Riau,Kota Pekanbaru,1
RS Graha Yasmine,1473079,Sudah kerjasama BPJS,Patologi Klinik,RS Graha Yasmine,Riau,Kota Dumai,1
RS Umum Islam Ibnu Sina,1471135,Sudah kerjasama BPJS,Patologi Klinik,RS Umum  Islam Ibnu Sina,Riau,Kota Pekanbaru,1
RS Umum Lancang Kuning,1471371,Sudah kerjasama BPJS,Patologi Klinik,RS Umum  Lancang Kuning,Riau,Kota Pekanbaru,1
RS Angkatan Udara dr. Sukirman Lanud Roesmin Nurjadin,1471215,Sudah kerjasama BPJS,Patologi Klinik,RS Angkatan Udara dr. Sukirman Lanud Roesmin Nurjadin,Riau,Kota Pekanbaru,1
RS Umum Medicare Sorek,1404026,Sudah kerjasama BPJS,Patologi Klinik,RS Umum  Medicare Sorek,Riau,Pelalawan,1
RS Umum Pekanbaru Medical Center,1471382,Sudah kerjasama BPJS,Patologi Klinik,RS Umum  Pekanbaru Medical Center,Riau,Kota Pekanbaru,1
RS Umum Permata Hati,1408080,Sudah kerjasama BPJS,Patologi Klinik,RS Umum  Permata Hati,Riau,Bengkalis,1
RS Pertamina Dumai,1473024,Sudah kerjasama BPJS,Patologi Klinik,RS Pertamina Dumai,Riau,Kota Dumai,1
RS Umum Prima Pekanbaru,1471397,Sudah kerjasama BPJS,Patologi Klinik,RS Umum  Prima Pekanbaru,Riau,Kota Pekanbaru,1
RS Prof. Dr. Tabrani,1471150,Sudah kerjasama BPJS,Patologi Klinik,RS Prof. Dr. Tabrani,Riau,Kota Pekanbaru,1
RS Umum Sansani,1471383,Sudah kerjasama BPJS,Patologi Klinik,RS Umum  Sansani,Riau,Kota Pekanbaru,1
RS Santa Maria Pekanbaru,1471055,Sudah kerjasama BPJS,Patologi Klinik,RS Santa Maria Pekanbaru,Riau,Kota Pekanbaru,1
RS Umum Surya Insani,1407014,Sudah kerjasama BPJS,Patologi Klinik,RS Umum  Surya Insani,Riau,Rokan Hulu,1
RS Umum Syafira,1471079,Sudah kerjasama BPJS,Patologi Klinik,RS Umum  Syafira,Riau,Kota Pekanbaru,1
RS Umum Universitas Riau,1471392,Sudah kerjasama BPJS,Patologi Klinik,RS Umum  Universitas Riau,Riau,Kota Pekanbaru,1
RS Ibu dan Anak Annisa,1471386,Sudah kerjasama BPJS,Patologi Klinik,RS Ibu dan Anak Annisa,Riau,Kota Pekanbaru,1
RS Daerah Madani Kota Pekanbaru,1471398,Sudah kerjasama BPJS,Patologi Klinik,RS Daerah Madani Kota Pekanbaru,Riau,Kota Pekanbaru,1
RS Ibu Anak Budhi Mulia,1471395,Sudah kerjasama BPJS,Patologi Klinik,RS Ibu Anak  Budhi Mulia,Riau,Kota Pekanbaru,1
RS Ibu Anak Husada Bunda,1406044,Sudah kerjasama BPJS,Patologi Klinik,RS Ibu Anak  Husada Bunda,Riau,Kampar,1
RS Ibu Anak Norfa Husada,1406046,Sudah kerjasama BPJS,Patologi Klinik,RS Ibu Anak  Norfa Husada,Riau,Kampar,1
RS Ibu dan Anak Safira,1402014,Sudah kerjasama BPJS,Patologi Klinik,RS Ibu dan Anak  Safira,Riau,Indragiri Hulu,1
RS Ibu dan Anak Zainab,1471387,Sudah kerjasama BPJS,Patologi Klinik,RS Ibu dan Anak  Zainab,Riau,Kota Pekanbaru,1
RS Umum Mutia Sari,1408055,Sudah kerjasama BPJS,Patologi Klinik,RS Umum  Mutia Sari,Riau,Bengkalis,1
RS Umum Daerah Arifin Achmad,1471011,Sudah kerjasama BPJS,Patologi Klinik,RS Umum Daerah  Arifin Achmad,Riau,Kota Pekanbaru,1
RS Umum Daerah Bangkinang,1406016,Sudah kerjasama BPJS,Patologi Klinik,RS Umum Daerah  Bangkinang,Riau,Kampar,1
RS Umum Daerah Bengkalis,1408011,Sudah kerjasama BPJS,Patologi Klinik,RS Umum Daerah  Bengkalis,Riau,Bengkalis,1
RS Umum Daerah Dr. RM. Pratomo Bagansiapiapi,1409022,Sudah kerjasama BPJS,Patologi Klinik,RS Umum Daerah  Dr. RM. Pratomo Bagansiapiapi,Riau,Rokan Hilir,1
RS Umum Daerah Kota Dumai,1473013,Sudah kerjasama BPJS,Patologi Klinik,RS Umum Daerah  Kota Dumai,Riau,Kota Dumai,1
RS Umum Daerah Indrasari Rengat,1402012,Sudah kerjasama BPJS,Patologi Klinik,RS Umum Daerah  Indrasari Rengat,Riau,Indragiri Hulu,1
RS Umum Daerah Kabupaten Kepulauan Meranti,1410043,Sudah kerjasama BPJS,Patologi Klinik,RS Umum Daerah  Kabupaten Kepulauan Meranti,Riau,Kepulauan Meranti,1
RS Umum Daerah Kec.Mandau,1408032,Sudah kerjasama BPJS,Patologi Klinik,RS Umum Daerah  Kec.Mandau,Riau,Bengkalis,1
RS Umum Daerah Petala Bumi,1471091,Sudah kerjasama BPJS,Patologi Klinik,RS Umum Daerah  Petala Bumi ,Riau,Kota Pekanbaru,1
RS Umum Daerah Puri Husada Tembilahan,1403013,Sudah kerjasama BPJS,Patologi Klinik,RS Umum Daerah  Puri Husada Tembilahan,Riau,Indragiri Hilir,1
RS Umum Daerah Rokan Hulu,1407011,Sudah kerjasama BPJS,Patologi Klinik,RS Umum Daerah  Rokan Hulu,Riau,Rokan Hulu,1
RS Umum Daerah Selasih Riau,1404014,Sudah kerjasama BPJS,Patologi Klinik,RS Umum Daerah  Selasih Riau,Riau,Pelalawan,1
RS Umum Daerah Teluk Kuantan,1401011,Sudah kerjasama BPJS,Patologi Klinik,RS Umum Daerah Teluk Kuantan,Riau,Kuantan Singingi,1
RS Umum Daerah Tengku Rafi'an Siak Sri Indrapura,1405015,Sudah kerjasama BPJS,Patologi Klinik,RS Umum Daerah Tengku Rafi'an Siak Sri Indrapura,Riau,Siak,1
RSUD TUALANG,1405017,Sudah kerjasama BPJS,Patologi Klinik,RS Type D Perawang,Riau,Siak,1
RS Bhayangkara Tkt. IV Polda Sulbar,7604027,Sudah kerjasama BPJS,Patologi Klinik,RS Bhayangkara Tkt. IV Polda Sulbar,Sulawesi Barat,Mamuju,1
RS Umum Daerah Provinsi Sulawesi Barat,7604023,Sudah kerjasama BPJS,Patologi Klinik,RS Umum Daerah Provinsi Sulawesi Barat,Sulawesi Barat,Mamuju,1
RS Umum Daerah Hajjah Andi Depu,7602044,Sudah kerjasama BPJS,Patologi Klinik,RS Umum Daerah Hajjah Andi Depu,Sulawesi Barat,Polewali Mandar,1
RS Umum Daerah Kabupaten Majene,7601011,Sudah kerjasama BPJS,Patologi Klinik,RS Umum Daerah Kabupaten Majene,Sulawesi Barat,Majene,1
RS Umum Daerah Pasangkayu,7605013,Sudah kerjasama BPJS,Patologi Klinik,RS Umum Daerah Pasangkayu,Sulawesi Barat,Pasangkayu,1
RS Umum Daerah Wonomulyo,7602048,Sudah kerjasama BPJS,Patologi Klinik,RS Umum Daerah Wonomulyo,Sulawesi Barat,Polewali Mandar,1
RS Umum Mitra Manakarra,7604024,Sudah kerjasama BPJS,Patologi Klinik,RS Umum Mitra Manakarra,Sulawesi Barat,Mamuju,1
RS Umum Daerah Kabupaten Mamuju,7604012,Sudah kerjasama BPJS,Patologi Klinik,RS Umum Daerah Kabupaten Mamuju,Sulawesi Barat,Mamuju,1
RS Umum Elim Rantepao,7318010,Sudah kerjasama BPJS,Patologi Klinik,RS Umum Elim Rantepao,Sulawesi Selatan,Toraja Utara,1
RS Fatima Makale,7318021,Sudah kerjasama BPJS,Patologi Klinik,RS Fatima Makale,Sulawesi Selatan,Tana Toraja,1
RS Umum Daerah Lakipadada,7318054,Sudah kerjasama BPJS,Patologi Klinik,RS Umum Daerah Lakipadada,Sulawesi Selatan,Tana Toraja,1
RS AT Medika,7373064,Sudah kerjasama BPJS,Patologi Klinik,RS AT Medika,Sulawesi Selatan,Kota Palopo,1
RS Kepolisian Bhayangkara,7371041,Sudah kerjasama BPJS,Patologi Klinik,RS Kepolisian Bhayangkara,Sulawesi Selatan,Kota Makassar,1
RS Umum Bintang Laut Palopo,7373003,Sudah kerjasama BPJS,Patologi Klinik,RS Umum Bintang Laut Palopo,Sulawesi Selatan,Kota Palopo,1
RS Umum Pusat Dr. Tadjuddin Chalid Makassar,7371314,Sudah kerjasama BPJS,Patologi Klinik,RS Umum Pusat Dr. Tadjuddin Chalid Makassar,Sulawesi Selatan,Kota Makassar,1
RS Grestelina,7371373,Sudah kerjasama BPJS,Patologi Klinik,RS Grestelina,Sulawesi Selatan,Kota Makassar,1
RS Hapsah,7308058,Sudah kerjasama BPJS,Patologi Klinik,RS Hapsah,Sulawesi Selatan,Bone,1
RS Hermina Makassar,7371426,Sudah kerjasama BPJS,Patologi Klinik,RS Hermina Makassar,Sulawesi Selatan,Kota Makassar,1
RS Hikmah Citra medika Sengkang,7313025,Sudah kerjasama BPJS,Patologi Klinik,RS Hikmah Citra medika Sengkang,Sulawesi Selatan,Wajo,1
RS Hikmah Sejahtera Sukamaju,7322004,Sudah kerjasama BPJS,Patologi Klinik,RS Hikmah Sejahtera Sukamaju,Sulawesi Selatan,Luwu Utara,1
RS Umum Daerah I Lagaligo,7325016,Sudah kerjasama BPJS,Patologi Klinik,RS Umum Daerah I Lagaligo,Sulawesi Selatan,Luwu Timur,1
RS Ibnu Sina YW-UMI Makassar,7371340,Sudah kerjasama BPJS,Patologi Klinik,RS Ibnu Sina YW-UMI Makassar,Sulawesi Selatan,Kota Makassar,1
RS AL Jala Ammari Makassar,7371074,Sudah kerjasama BPJS,Patologi Klinik,RS AL Jala Ammari Makassar,Sulawesi Selatan,Kota Makassar,1
RS Maryam Citra Medika,7305013,Sudah kerjasama BPJS,Patologi Klinik,RS Maryam Citra Medika,Sulawesi Selatan,Takalar,1
RS Mega Buana Palopo,7373007,Sudah kerjasama BPJS,Patologi Klinik,RS Mega Buana Palopo,Sulawesi Selatan,Kota Palopo,1
RS Mujaisyah,7373005,Sudah kerjasama BPJS,Patologi Klinik,RS Mujaisyah,Sulawesi Selatan,Kota Palopo,1
RS Umum Sandi Karsa Makassar,7371434,Sudah kerjasama BPJS,Patologi Klinik,RS Umum Sandi Karsa Makassar,Sulawesi Selatan,Kota Makassar,1
Rumah Sakit Sinar Kasih Toraja,7318056,Sudah kerjasama BPJS,Patologi Klinik,Rumah Sakit Sinar Kasih Toraja,Sulawesi Selatan,Tana Toraja,1
RS Umum St. Madyang,7373004,Sudah kerjasama BPJS,Patologi Klinik,RS Umum St. Madyang,Sulawesi Selatan,Kota Palopo,1
RS Tk. II Pelamonia,7371030,Sudah kerjasama BPJS,Patologi Klinik,RS Tk. II Pelamonia,Sulawesi Selatan,Kota Makassar,1
RS Stella Maris,7371063,Sudah kerjasama BPJS,Patologi Klinik,RS Stella Maris,Sulawesi Selatan,Kota Makassar,1
RS Akademis Jaury,7371052,Sudah kerjasama BPJS,Patologi Klinik,RS Akademis Jaury,Sulawesi Selatan,Kota Makassar,1
RS Islam Faisal,7371293,Sudah kerjasama BPJS,Patologi Klinik,RS Islam Faisal,Sulawesi Selatan,Kota Makassar,1
RS Tk. IV 07.07.03 Dr. Sumantri,7372031,Sudah kerjasama BPJS,Patologi Klinik,RS Tk. IV 07.07.03 Dr. Sumantri,Sulawesi Selatan,Kota Pare-pare,1
RS AU dr. Dody Sardjoto,7309044,Sudah kerjasama BPJS,Patologi Klinik,RS AU dr. Dody Sardjoto,Sulawesi Selatan,Maros,1
RS Khusus Gigi dan Mulut Universitas Hasanuddin,7371422,Sudah kerjasama BPJS,Patologi Klinik,RS Khusus Gigi dan Mulut Universitas Hasanuddin,Sulawesi Selatan,Kota Makassar,1
RS Ibu dan Anak Amanat,7371430,Sudah kerjasama BPJS,Patologi Klinik,RS Ibu dan Anak Amanat,Sulawesi Selatan,Kota Makassar,1
RS Ibu Dan Anak Ananda,7371410,Sudah kerjasama BPJS,Patologi Klinik,RS Ibu dan Anak Ananda,Sulawesi Selatan,Kota Makassar,1
RS Ibu dan Anak Ananda Trifa,7372077,Sudah kerjasama BPJS,Patologi Klinik,RS Ibu dan Anak Ananda Trifa,Sulawesi Selatan,Kota Pare-pare,1
RS Ibu dan Anak Kartini,7371429,Sudah kerjasama BPJS,Patologi Klinik,RS Ibu dan Anak Kartini ,Sulawesi Selatan,Kota Makassar,1
RS Ibu dan Anak Paramount,7371428,Sudah kerjasama BPJS,Patologi Klinik,RS Ibu dan Anak Paramount,Sulawesi Selatan,Kota Makassar,1
RS Ibu dan Anak Permata Hati,7371413,Sudah kerjasama BPJS,Patologi Klinik,RS Ibu dan Anak Permata Hati,Sulawesi Selatan,Kota Makassar,1
RS Ibu dan Anak Prof. dr. H. M. Farid,7371414,Sudah kerjasama BPJS,Patologi Klinik,RS Ibu dan Anak Prof. dr. H. M. Farid,Sulawesi Selatan,Kota Makassar,1
RS Ibu dan Anak Yasira,7302017,Sudah kerjasama BPJS,Patologi Klinik,RS Ibu dan Anak Yasira,Sulawesi Selatan,Bulukumba,1
RS Khusus Daerah Dadi,7371096,Sudah kerjasama BPJS,Patologi Klinik,RS Khusus Daerah Dadi,Sulawesi Selatan,Kota Makassar,1
RS Khusus Daerah Ibu dan Anak Pertiwi,7371234,Sudah kerjasama BPJS,Patologi Klinik,RS Khusus Daerah Ibu dan Anak Pertiwi,Sulawesi Selatan,Kota Makassar,1
RS Khusus Daerah Ibu dan Anak Siti Fatimah,7371256,Sudah kerjasama BPJS,Patologi Klinik,RS Khusus Daerah Ibu dan Anak Siti Fatimah,Sulawesi Selatan,Kota Makassar,1
RS Otak & Jantung Pertamina Royal Biringkanaya,7371449,Sudah kerjasama BPJS,Patologi Klinik,RS Otak & Jantung Pertamina Royal Biringkanaya,Sulawesi Selatan,Kota Makassar,1
RS Umum Bahagia,7371407,Sudah kerjasama BPJS,Patologi Klinik,RS Umum Bahagia,Sulawesi Selatan,Kota Makassar,1
RSU Cahaya Medika Makassar,7371425,Sudah kerjasama BPJS,Patologi Klinik,RSU Cahaya Medika Makassar,Sulawesi Selatan,Kota Makassar,1
RS Hikmah,7371336,Sudah kerjasama BPJS,Patologi Klinik,RS Hikmah,Sulawesi Selatan,Kota Makassar,1
RS Umum Hikmah Masamba,7322003,Sudah kerjasama BPJS,Patologi Klinik,RS Umum Hikmah Masamba,Sulawesi Selatan,Luwu Utara,1
RS Umum Inco Sorowako,7317020,Sudah kerjasama BPJS,Patologi Klinik,RS Umum Inco Sorowako,Sulawesi Selatan,Luwu Timur,1
RS Umum Daerah Labuang Baji,7371026,Sudah kerjasama BPJS,Patologi Klinik,RS Umum Daerah Labuang Baji,Sulawesi Selatan,Kota Makassar,1
RS Mitra Husada,7371403,Sudah kerjasama BPJS,Patologi Klinik,RS Mitra Husada,Sulawesi Selatan,Kota Makassar,1
RS Umum Daerah Nene Mallomo,7314013,Sudah kerjasama BPJS,Patologi Klinik,RS Umum Daerah Nene Mallomo,Sulawesi Selatan,Sidenreng Rappang,1
RS Umum Wisata Universitas Indonesia Timur,7371412,Sudah kerjasama BPJS,Patologi Klinik,RS Umum Wisata Universitas Indonesia Timur,Sulawesi Selatan,Kota Makassar,1
RS Umum Yapika,7306059,Sudah kerjasama BPJS,Patologi Klinik,RS Umum Yapika,Sulawesi Selatan,Gowa,1
RS Umum Daerah Arifin Numang,7314024,Sudah kerjasama BPJS,Patologi Klinik,RS Umum Daerah Arifin Numang,Sulawesi Selatan,Sidenreng Rappang,1
RS Umum Thalia Irham,7306057,Sudah kerjasama BPJS,Patologi Klinik,RS Umum Thalia Irham,Sulawesi Selatan,Gowa,1
RS Umum Daerah Andi Makkasau Parepare,7372075,Sudah kerjasama BPJS,Patologi Klinik,RS Umum Daerah Andi Makkasau Parepare,Sulawesi Selatan,Kota Pare-pare,1
RS Umum Daerah Prof. Dr. H. Anwar Makkatutu,7303010,Sudah kerjasama BPJS,Patologi Klinik,RS Umum Daerah Prof. Dr. H. Anwar Makkatutu,Sulawesi Selatan,Bantaeng,1
RS Umum Daerah Batara Guru,7317075,Sudah kerjasama BPJS,Patologi Klinik,RS Umum Daerah Batara Guru,Sulawesi Selatan,Luwu,1
RS Umum Batara Siang,7310016,Sudah kerjasama BPJS,Patologi Klinik,RS Umum Batara Siang,Sulawesi Selatan,Pangkajene Kepulauan,1
RS Umum Daerah Datu Pancaitana,7308059,Sudah kerjasama BPJS,Patologi Klinik,RS Umum Daerah Datu Pancaitana,Sulawesi Selatan,Bone,1
RS Dokter Palemmai Tandi,7373008,Sudah kerjasama BPJS,Patologi Klinik,RS Dokter Palemmai Tandi,Sulawesi Selatan,Kota Palopo,1
RS Umum Daerah dr. La Palaloi,7309016,Sudah kerjasama BPJS,Patologi Klinik,RS Umum Daerah dr. La Palaloi,Sulawesi Selatan,Maros,1
RS Umum Daerah H.A. Sulthan Daeng Radja,7302016,Sudah kerjasama BPJS,Patologi Klinik,RS Umum Daerah H.A. Sulthan Daeng Radja,Sulawesi Selatan,Bulukumba,1
RS Umum Daerah Haji Makassar,7371362,Sudah kerjasama BPJS,Patologi Klinik,RS Umum Daerah Haji Makassar,Sulawesi Selatan,Kota Makassar,1
RS Umum Daerah Daya Kota Makassar,7371395,Sudah kerjasama BPJS,Patologi Klinik,RS Umum Daerah Daya Kota Makassar,Sulawesi Selatan,Kota Makassar,1
RS Umum Daerah La Patarai,7311010,Sudah kerjasama BPJS,Patologi Klinik,RS Umum Daerah La Patarai,Sulawesi Selatan,Barru,1
RS Umum Daerah Lanto Daeng Pasewang,7304011,Sudah kerjasama BPJS,Patologi Klinik,RS Umum Daerah Lanto Daeng Pasewang,Sulawesi Selatan,Jeneponto,1
RS Umum Daerah Massenrempulu Enrekang,7316015,Sudah kerjasama BPJS,Patologi Klinik,RS Umum Daerah Massenrempulu Enrekang,Sulawesi Selatan,Enrekang,1
RS Umum Daerah H. Padjonga Dg. Ngalle Takalar,7305012,Sudah kerjasama BPJS,Patologi Klinik,RS Umum Daerah H. Padjonga Dg. Ngalle Takalar,Sulawesi Selatan,Takalar,1
RS Umum Daerah Pongtiku,7326002,Sudah kerjasama BPJS,Patologi Klinik,RS Umum Daerah Pongtiku,Sulawesi Selatan,Toraja Utara,1
RS Umum Daerah La Mappapenning,7308071,Sudah kerjasama BPJS,Patologi Klinik,RS Umum Daerah La Mappapenning,Sulawesi Selatan,Bone,1
RS Umum Daerah Sawerigading,7373016,Sudah kerjasama BPJS,Patologi Klinik,RS Umum Daerah Sawerigading,Sulawesi Selatan,Kota Palopo,1
RS Umum Daerah Sayang Rakyat,7371014,Sudah kerjasama BPJS,Patologi Klinik,RS Umum Daerah Sayang Rakyat,Sulawesi Selatan,Kota Makassar,1
RS Umum Daerah Syehk Yusuf Gowa,7306046,Sudah kerjasama BPJS,Patologi Klinik,RS Umum Daerah Syehk Yusuf Gowa,Sulawesi Selatan,Gowa,1
RS Umum Daerah Lamaddukkelleng Kabupaten Wajo,7313012,Sudah kerjasama BPJS,Patologi Klinik,RS Umum Daerah Lamaddukkelleng Kabupaten Wajo,Sulawesi Selatan,Wajo,1
RS Umum Daerah Siwa,7313023,Sudah kerjasama BPJS,Patologi Klinik,RS Umum Daerah Siwa,Sulawesi Selatan,Wajo,1
RS Umum Daerah Tenriawaru Bone,7308041,Sudah kerjasama BPJS,Patologi Klinik,RS Umum Daerah Tenriawaru Bone,Sulawesi Selatan,Bone,1
RSUP Dr. Wahidin Sudirohusodo,7371325,Sudah kerjasama BPJS,Patologi Klinik,RSUP Dr. Wahidin Sudirohusodo,Sulawesi Selatan,Kota Makassar,1
RS Universitas Hasanuddin,7371408,Sudah kerjasama BPJS,Patologi Klinik,RS Universitas Hasanuddin,Sulawesi Selatan,Kota Makassar,1
RS Umum Sis Al Jufri Palu,7271128,Sudah kerjasama BPJS,Patologi Klinik,RS Umum  Sis Al Jufri Palu,Sulawesi Tengah,Kota Palu,1
RS Woodward,7271040,Sudah kerjasama BPJS,Patologi Klinik,RS Woodward,Sulawesi Tengah,Kota Palu,1
RS Umum Daerah Ampana,7209032,Sudah kerjasama BPJS,Patologi Klinik,RS Umum Daerah Ampana,Sulawesi Tengah,Tojo Una-Una,1
RS Umum Daerah Anuntaloko Parigi,7208011,Sudah kerjasama BPJS,Patologi Klinik,RS Umum Daerah Anuntaloko Parigi,Sulawesi Tengah,Parigi Moutong,1
RS Umum Anutapura Palu,7271036,Sudah kerjasama BPJS,Patologi Klinik,RS Umum Anutapura Palu,Sulawesi Tengah,Kota Palu,1
RS Umum Daerah Banggai,7201011,Sudah kerjasama BPJS,Patologi Klinik,RS Umum Daerah Banggai,Sulawesi Tengah,Banggai Laut,1
RS Umum Daerah Kabupaten Banggai,7202015,Sudah kerjasama BPJS,Patologi Klinik,RS Umum Daerah Kabupaten Banggai ,Sulawesi Tengah,Banggai,1
RS Umum Daerah Kolonodale,7204021,Sudah kerjasama BPJS,Patologi Klinik,RS Umum Daerah Kolonodale,Sulawesi Tengah,Morowali Utara,1
RS Umum Mokopido Toli-Toli,7206012,Sudah kerjasama BPJS,Patologi Klinik,RS Umum  Mokopido Toli-Toli,Sulawesi Tengah,Toli-Toli,1
RS Umum Daerah Morowali,7203016,Sudah kerjasama BPJS,Patologi Klinik,RS Umum Daerah Morowali,Sulawesi Tengah,Morowali,1
RS Umum Daerah Pendau Tambu Kab Donggala,7205024,Sudah kerjasama BPJS,Patologi Klinik,RS Umum Daerah Pendau Tambu Kab Donggala,Sulawesi Tengah,Donggala,1
RS Umum Daerah Salabangkapaku,7203018,Sudah kerjasama BPJS,Patologi Klinik,RS Umum Daerah Salabangkapaku,Sulawesi Tengah,Morowali,1
RS Umum Daerah Trikora Salakan,7201012,Sudah kerjasama BPJS,Patologi Klinik,RS Umum Daerah Trikora Salakan,Sulawesi Tengah,Banggai Kepulauan,1
RS Umum Daerah Undata Palu,7271014,Sudah kerjasama BPJS,Patologi Klinik,RS Umum Daerah Undata Palu,Sulawesi Tengah,Kota Palu,1
RS Benyamin Guluh Kolaka,7404012,Sudah kerjasama BPJS,Patologi Klinik,RS Benyamin Guluh Kolaka,Sulawesi Tenggara,Kolaka,1
RS Bahteramas Provinsi Sultra,7471011,Sudah kerjasama BPJS,Patologi Klinik,RS Bahteramas Provinsi Sultra,Sulawesi Tenggara,Kota Kendari,1
RS Bhayangkara Kendari,7471070,Sudah kerjasama BPJS,Patologi Klinik,RS Bhayangkara Kendari,Sulawesi Tenggara,Kota Kendari,1
RS Umum Tiara Sentosa,7471009,Sudah kerjasama BPJS,Patologi Klinik,RS Umum Tiara Sentosa,Sulawesi Tenggara,Kota Kendari,1
RS Hermina Kendari,7471010,Sudah kerjasama BPJS,Patologi Klinik,RS Hermina Kendari,Sulawesi Tenggara,Kota Kendari,1
RS Umum Daerah Konawe,7403022,Sudah kerjasama BPJS,Patologi Klinik,RS Umum Daerah Konawe,Sulawesi Tenggara,Konawe,1
RS Umum Daerah Raha,7402010,Sudah kerjasama BPJS,Patologi Klinik,RS Umum Daerah Raha,Sulawesi Tenggara,Muna,1
RS Umum Daerah Kabupaten Bombana,7406036,Sudah kerjasama BPJS,Patologi Klinik,RS Umum Daerah Kabupaten Bombana,Sulawesi Tenggara,Bombana,1
RS Umum Daerah Kabupaten Buton,7401038,Sudah kerjasama BPJS,Patologi Klinik,RS Umum Daerah Kabupaten Buton,Sulawesi Tenggara,Buton,1
RS Umum Daerah Kabupaten Buton Utara,7401024,Sudah kerjasama BPJS,Patologi Klinik,RS Umum Daerah Kabupaten Buton Utara,Sulawesi Tenggara,Buton Utara,1
RS Umum Daerah Kota Bau Bau,7472016,Sudah kerjasama BPJS,Patologi Klinik,RS Umum Daerah Kota Bau Bau,Sulawesi Tenggara,Kota Bau-Bau,1
RS Umum Daerah Kota Kendari,7471092,Sudah kerjasama BPJS,Patologi Klinik,RS Umum Daerah Kota Kendari,Sulawesi Tenggara,Kota Kendari,1
RS Siloam Hospital Buton,7472002,Sudah kerjasama BPJS,Patologi Klinik,RS Siloam Hospital Buton,Sulawesi Tenggara,Kota Bau-Bau,1
RS Dr. J. H. Awaloei,7102121,Sudah kerjasama BPJS,Patologi Klinik,RS Dr. J. H. Awaloei,Sulawesi Utara,Minahasa,1
RS Hermina Manado,7171106,Sudah kerjasama BPJS,Patologi Klinik,RS Hermina Manado,Sulawesi Utara,Kota Manado,1
RS Umum Daerah Manembo-Nembo Bitung,7172036,Sudah kerjasama BPJS,Patologi Klinik,RS Umum Daerah Manembo-Nembo Bitung,Sulawesi Utara,Kota Bitung,1
RS Siloam GMIM Sonder,7102040,Sudah kerjasama BPJS,Patologi Klinik,RS Siloam GMIM Sonder,Sulawesi Utara,Minahasa,1
RS Siloam Paal Dua,7171105,Sudah kerjasama BPJS,Patologi Klinik,RS Siloam Paal Dua,Sulawesi Utara,Kota Manado,1
RS Umum Manado Medical Center,7171102,Sudah kerjasama BPJS,Patologi Klinik,RS Umum Manado Medical Center,Sulawesi Utara,Kota Manado,1
RS Hermana,7102062,Sudah kerjasama BPJS,Patologi Klinik,RS Hermana,Sulawesi Utara,Minahasa Utara,1
RS Budi Mulia Bitung,7172014,Sudah kerjasama BPJS,Patologi Klinik,RS Budi Mulia Bitung,Sulawesi Utara,Kota Bitung,1
RS TK. II R. W. Mongisidi,7171024,Sudah kerjasama BPJS,Patologi Klinik,RS TK. II R. W. Mongisidi,Sulawesi Utara,Kota Manado,1
RS Ibu dan Anak Kasih Fatimah Kotamobagu,7174004,Sudah kerjasama BPJS,Patologi Klinik,RS Ibu dan Anak Kasih Fatimah Kotamobagu,Sulawesi Utara,Kota Kotamobagu,1
RS Budi Setia,7102073,Sudah kerjasama BPJS,Patologi Klinik,RS Budi Setia,Sulawesi Utara,Minahasa,1
RS Kalooran,7105116,Sudah kerjasama BPJS,Patologi Klinik,RS Kalooran,Sulawesi Utara,Minahasa Selatan,1
RS Gunung Maria,7173051,Sudah kerjasama BPJS,Patologi Klinik,RS Gunung Maria,Sulawesi Utara,Kota Tomohon,1
RS Tonsea,7102095,Sudah kerjasama BPJS,Patologi Klinik,RS Tonsea,Sulawesi Utara,Minahasa Utara,1
RS Umum Daerah Anugerah,7173002,Sudah kerjasama BPJS,Patologi Klinik,RS Umum Daerah Anugerah,Sulawesi Utara,Kota Tomohon,1
RS Umum Daerah Dr. Sam Ratulangi Tondano,7102014,Sudah kerjasama BPJS,Patologi Klinik,RS Umum Daerah Dr. Sam Ratulangi Tondano,Sulawesi Utara,Minahasa,1
RS Umum Daerah Kota Kotamobagu,7174035,Sudah kerjasama BPJS,Patologi Klinik,RS Umum Daerah Kota Kotamobagu ,Sulawesi Utara,Kota Kotamobagu,1
RS Umum Daerah Maria Walanda Maramis,7106018,Sudah kerjasama BPJS,Patologi Klinik,RS Umum Daerah Maria Walanda Maramis,Sulawesi Utara,Minahasa Utara,1
RS Umum Daerah ODSK,7171103,Sudah kerjasama BPJS,Patologi Klinik,RS Umum Daerah ODSK,Sulawesi Utara,Kota Manado,1
RS Umum Daerah Talaud,7104038,Sudah kerjasama BPJS,Patologi Klinik,RS Umum Daerah Talaud,Sulawesi Utara,Kepulauan Talaud,1
RSUP Prof. Dr. R. D. Kandou,7171013,Sudah kerjasama BPJS,Patologi Klinik,RSUP Prof. Dr. R. D. Kandou,Sulawesi Utara,Kota Manado,1
RS Umum Siloam Hospital Manado,7171099,Sudah kerjasama BPJS,Patologi Klinik,RS Umum Siloam Hospital Manado,Sulawesi Utara,Kota Manado,1
RS Umum Aisyiyah Pariaman,1377003,Sudah kerjasama BPJS,Patologi Klinik,RS Umum Aisyiyah Pariaman,Sumatera Barat,Kota Pariaman,1
RS Bhayangkara Padang,1371123,Sudah kerjasama BPJS,Patologi Klinik,RS Bhayangkara Padang,Sumatera Barat,Kota Padang,1
RS Umum Ibnu Sina Kota Payakumbuh,1376011,Sudah kerjasama BPJS,Patologi Klinik,RS Umum Ibnu Sina Kota Payakumbuh,Sumatera Barat,Kota Payakumbuh,1
RS Kelas D Pasaman,1309024,Sudah kerjasama BPJS,Patologi Klinik,RS Kelas D Pasaman,Sumatera Barat,Pasaman,1
RS Khusus Mata Padang Eye Center,1371457,Sudah kerjasama BPJS,Patologi Klinik,RS Khusus Mata Padang Eye Center,Sumatera Barat,Kota Padang,1
RS Umum Tamar Medical Centre,1377005,Sudah kerjasama BPJS,Patologi Klinik,RS Umum Tamar Medical Centre,Sumatera Barat,Kota Pariaman,1
RS Umum Yos Sudarso,1371032,Sudah kerjasama BPJS,Patologi Klinik,RS Umum Yos Sudarso,Sumatera Barat,Kota Padang,1
RS Umum Daerah Dr. Achmad Mochtar,1375014,Sudah kerjasama BPJS,Patologi Klinik,RS Umum Daerah Dr. Achmad Mochtar,Sumatera Barat,Kota Bukittinggi,1
RS Islam Ibnu Sina Bukittinggi,1375040,Sudah kerjasama BPJS,Patologi Klinik,RS Islam Ibnu Sina Bukittinggi,Sumatera Barat,Kota Bukittinggi,1
RS Islam Ibnu Sina Panti Yarsi,1309023,Sudah kerjasama BPJS,Patologi Klinik,RS Islam Ibnu Sina Panti Yarsi ,Sumatera Barat,Pasaman,1
RS Umum Ibnu Sina Padang Panjang,1374024,Sudah kerjasama BPJS,Patologi Klinik,RS Umum Ibnu Sina Padang Panjang,Sumatera Barat,Kota Padang Panjang,1
RS Umum Islam Ibnu Sina,1309022,Sudah kerjasama BPJS,Patologi Klinik,RS Umum Islam Ibnu Sina,Sumatera Barat,Pasaman Barat,1
RS Islam Siti Rahmah,1371456,Sudah kerjasama BPJS,Patologi Klinik,RS Islam Siti Rahmah,Sumatera Barat,Kota Padang,1
RS Ibu dan Anak Cicik,1371451,Sudah kerjasama BPJS,Patologi Klinik,RS Ibu dan Anak Cicik,Sumatera Barat,Kota Padang,1
RS Ibu dan Anak Fadhila Batusangkar,1305016,Sudah kerjasama BPJS,Patologi Klinik,RS Ibu dan Anak Fadhila Batusangkar,Sumatera Barat,Tanah Datar,1
RS Ibu dan Anak Mutiara Bunda,1371460,Sudah kerjasama BPJS,Patologi Klinik,RS Ibu dan Anak Mutiara Bunda,Sumatera Barat,Kota Padang,1
RS Ibu dan Anak Permata Bunda Solok,1372013,Sudah kerjasama BPJS,Patologi Klinik,RS Ibu dan Anak Permata Bunda Solok,Sumatera Barat,Kota Solok,1
RS Ibu dan Anak Restu Ibu,1371465,Sudah kerjasama BPJS,Patologi Klinik,RS Ibu dan Anak Restu Ibu,Sumatera Barat,Kota Padang,1
RS Ibu dan Anak Rezki Bunda,1307017,Sudah kerjasama BPJS,Patologi Klinik,RS Ibu dan Anak Rezki Bunda,Sumatera Barat,Agam,1
RS Ibu dan Anak Sayang Ibu,1305015,Sudah kerjasama BPJS,Patologi Klinik,RS Ibu dan Anak Sayang Ibu,Sumatera Barat,Tanah Datar,1
RS Jiwa Prof. Dr. Hasan Basri Saanin Datuk Tan Par,1371316,Sudah kerjasama BPJS,Patologi Klinik,RS Jiwa Prof. Dr. Hasan Basri Saanin Datuk Tan Par,Sumatera Barat,Kota Padang,1
RS Khusus Bedah Kartika Docta,1371463,Sudah kerjasama BPJS,Patologi Klinik,RS Khusus Bedah Kartika Docta,Sumatera Barat,Kota Padang,1
RS Khusus Ibu dan Anak Permata Hati,1302015,Sudah kerjasama BPJS,Patologi Klinik,RS Khusus Ibu dan Anak Permata Hati,Sumatera Barat,Pesisir Selatan,1
RS Otak DR. Drs. M. Hatta Bukittinggi,1375036,Sudah kerjasama BPJS,Patologi Klinik,RS Otak DR. Drs. M. Hatta Bukittinggi,Sumatera Barat,Kota Bukittinggi,1
RS Tk. III Reksodiwiryo Padang,1371021,Sudah kerjasama BPJS,Patologi Klinik,RS Tk. III Reksodiwiryo Padang,Sumatera Barat,Kota Padang,1
RS Tk. IV Bukittinggi,1375025,Sudah kerjasama BPJS,Patologi Klinik,RS Tk. IV Bukittinggi,Sumatera Barat,Kota Bukittinggi,1
RS Umum Aisyiyah Padang,1371112,Sudah kerjasama BPJS,Patologi Klinik,RS Umum Aisyiyah Padang,Sumatera Barat,Kota Padang,1
RS Umum Bunda Padang,1371446,Sudah kerjasama BPJS,Patologi Klinik,RS Umum Bunda Padang,Sumatera Barat,Kota Padang,1
RS Umum Daerah Dr. Adnaan WD,1376015,Sudah kerjasama BPJS,Patologi Klinik,RS Umum Daerah Dr. Adnaan WD,Sumatera Barat,Kota Payakumbuh,1
RS Umum Harapan Ibunda,1305017,Sudah kerjasama BPJS,Patologi Klinik,RS Umum Harapan Ibunda,Sumatera Barat,Tanah Datar,1
RS Umum Hermina Padang,1371466,Sudah kerjasama BPJS,Patologi Klinik,RS Umum Hermina Padang,Sumatera Barat,Kota Padang,1
RS Umum Daerah Lubuk Basung,1308016,Sudah kerjasama BPJS,Patologi Klinik,RS Umum Daerah Lubuk Basung,Sumatera Barat,Agam,1
RS Umum Daerah Lubuk Sikaping,1309011,Sudah kerjasama BPJS,Patologi Klinik,RS Umum Daerah Lubuk Sikaping,Sumatera Barat,Pasaman,1
RS Umum Madina,1375051,Sudah kerjasama BPJS,Patologi Klinik,RS Umum Madina,Sumatera Barat,Kota Bukittinggi,1
RS Umum Daerah Padang Panjang,1374013,Sudah kerjasama BPJS,Patologi Klinik,RS Umum Daerah Padang Panjang,Sumatera Barat,Kota Padang Panjang,1
RS Umum Daerah Sawah Lunto,1373012,Sudah kerjasama BPJS,Patologi Klinik,RS Umum Daerah Sawah Lunto,Sumatera Barat,Kota Sawah Lunto,1
RS Umum Daerah Kota Bukittinggi,1375053,Sudah kerjasama BPJS,Patologi Klinik,RS Umum Daerah Kota Bukittinggi,Sumatera Barat,Kota Bukittinggi,1
RS Umum Daerah Dr Sadikin Kota Pariaman,1377007,Sudah kerjasama BPJS,Patologi Klinik,RS Umum Daerah Dr Sadikin Kota Pariaman,Sumatera Barat,Kota Pariaman,1
RS Umum Daerah Dr. Muhammad Zein Painan,1302011,Sudah kerjasama BPJS,Patologi Klinik,RS Umum Daerah Dr. Muhammad Zein Painan,Sumatera Barat,Pesisir Selatan,1
RS Umum Daerah Kep. Mentawai,1301010,Sudah kerjasama BPJS,Patologi Klinik,RS Umum Daerah Kep. Mentawai,Sumatera Barat,Kepulauan Mentawai,1
RS Umum Daerah Mohammad Natsir,1372011,Sudah kerjasama BPJS,Patologi Klinik,RS Umum Daerah Mohammad Natsir,Sumatera Barat,Kota Solok,1
RS Umum Daerah Padang Pariaman,1306056,Sudah kerjasama BPJS,Patologi Klinik,RS Umum Daerah Padang Pariaman,Sumatera Barat,Padang Pariaman,1
RS Umum Daerah Pariaman,1306015,Sudah kerjasama BPJS,Patologi Klinik,RS Umum Daerah Pariaman,Sumatera Barat,Kota Pariaman,1
RS Umum Daerah Pasaman Barat,1312024,Sudah kerjasama BPJS,Patologi Klinik,RS Umum Daerah Pasaman Barat,Sumatera Barat,Pasaman Barat,1
RS Umum Daerah Prof. Dr. M.A. Hanafiah,1305014,Sudah kerjasama BPJS,Patologi Klinik,RS Umum Daerah Prof. Dr. M.A. Hanafiah,Sumatera Barat,Tanah Datar,1
RS Umum Daerah Kabupaten Sijunjung,1304014,Sudah kerjasama BPJS,Patologi Klinik,RS Umum Daerah Kabupaten Sijunjung,Sumatera Barat,Sijunjung,1
RS Umum Daerah Sungai Rumbai,1311002,Sudah kerjasama BPJS,Patologi Klinik,RS Umum Daerah Sungai Rumbai,Sumatera Barat,Dharmasraya,1
RS Umum Daerah dr. Rasidin Padang,1371444,Sudah kerjasama BPJS,Patologi Klinik,RS Umum Daerah dr. Rasidin Padang,Sumatera Barat,Kota Padang,1
RSUP Dr. M. Djamil,1371010,Sudah kerjasama BPJS,Patologi Klinik,RSUP Dr. M. Djamil,Sumatera Barat,Kota Padang,1
RS Umum BKM,1302012,Sudah kerjasama BPJS,Patologi Klinik,RS Umum BKM,Sumatera Barat,Pesisir Selatan,1
RS Umum Naili DBS,1371462,Sudah kerjasama BPJS,Patologi Klinik,RS Umum Naili DBS,Sumatera Barat,Kota Padang,1
RS Paru Sumatera Barat,1306057,Sudah kerjasama BPJS,Patologi Klinik,RS Paru Sumatera Barat,Sumatera Barat,Padang Pariaman,1
RS Umum Daerah Sungai Dareh,1311013,Sudah kerjasama BPJS,Patologi Klinik,RS Umum Daerah Sungai Dareh,Sumatera Barat,Dharmasraya,1
RS Umum Daerah Arosuka Solok,1303023,Sudah kerjasama BPJS,Patologi Klinik,RS Umum Daerah Arosuka Solok,Sumatera Barat,Solok,1
RS Umum Daerah Muara Labuh,1303012,Sudah kerjasama BPJS,Patologi Klinik,RS Umum Daerah Muara Labuh,Sumatera Barat,Solok Selatan,1
RS. Universitas Andalas,1371464,Sudah kerjasama BPJS,Patologi Klinik,RS. Universitas Andalas,Sumatera Barat,Kota Padang,1
RS Tkt. IV 01.07.06 Solok,1372012,Sudah kerjasama BPJS,Patologi Klinik,RS Tkt. IV 01.07.06 Solok,Sumatera Barat,Kota Solok,1
RS Umum Semen Padang Hospital,1371305,Sudah kerjasama BPJS,Patologi Klinik,RS Umum Semen Padang Hospital,Sumatera Barat,Kota Padang,1
Charitas Hospital Kenten,1671327,Sudah kerjasama BPJS,Patologi Klinik,Charitas Hospital Kenten,Sumatera Selatan,Kota Palembang,1
RS AR Bunda Kota Lubuk Linggau,1674002,Sudah kerjasama BPJS,Patologi Klinik,RS AR Bunda Kota Lubuk Linggau,Sumatera Selatan,Kota Lubuk Linggau,1
RS Umum Ar-Rasyid Palembang,1671343,Sudah kerjasama BPJS,Patologi Klinik,RS Umum Ar-Rasyid Palembang,Sumatera Selatan,Kota Palembang,1
RS Bhayangkara M. Hasan Palembang,1671331,Sudah kerjasama BPJS,Patologi Klinik,RS Bhayangkara M. Hasan Palembang,Sumatera Selatan,Kota Palembang,1
RS Umum Bunda Palembang,1671243,Sudah kerjasama BPJS,Patologi Klinik,RS Umum Bunda Palembang,Sumatera Selatan,Kota Palembang,1
Charitas Hospital Belitang,1609046,Sudah kerjasama BPJS,Patologi Klinik,Charitas Hospital Belitang,Sumatera Selatan,Ogan Komering Ulu Timur,1
RS Tk. IV Lahat,1604020,Sudah kerjasama BPJS,Patologi Klinik,RS Tk. IV Lahat,Sumatera Selatan,Lahat,1
RS Umum dr. AK. Gani Kota Palembang,1671035,Sudah kerjasama BPJS,Patologi Klinik,RS Umum dr. AK. Gani Kota Palembang,Sumatera Selatan,Kota Palembang,1
RS Jiwa Ernaldi Bahar Provinsi Sumatera Selatan,1671061,Sudah kerjasama BPJS,Patologi Klinik,RS Jiwa Ernaldi Bahar Provinsi Sumatera Selatan,Sumatera Selatan,Kota Palembang,1
RS Umum Pusat Dr. Rivai Abdullah,1671072,Sudah kerjasama BPJS,Patologi Klinik,RS Umum Pusat Dr. Rivai Abdullah,Sumatera Selatan,Banyuasin,1
RS Umum Graha Mandiri,1671336,Sudah kerjasama BPJS,Patologi Klinik,RS Umum Graha Mandiri ,Sumatera Selatan,Kota Palembang,1
RS Hermina OPI Jakabaring,1607014,Sudah kerjasama BPJS,Patologi Klinik,RS Hermina OPI Jakabaring,Sumatera Selatan,Banyuasin,1
RS Islam At-Taqwa Gumawang,1609012,Sudah kerjasama BPJS,Patologi Klinik,RS Islam At-Taqwa Gumawang,Sumatera Selatan,Ogan Komering Ulu Timur,1
RS Khusus Mata Masyarakat Provinsi Sumatera Selatan,1671323,Sudah kerjasama BPJS,Patologi Klinik,RS Khusus Mata Masyarakat Provinsi Sumatera Selatan,Sumatera Selatan,Kota Palembang,1
RS Muhammadiyah Palembang,1671301,Sudah kerjasama BPJS,Patologi Klinik,RS Muhammadiyah Palembang,Sumatera Selatan,Kota Palembang,1
RS Musi Medika Cendikia,1671342,Sudah kerjasama BPJS,Patologi Klinik,RS Musi Medika Cendikia,Sumatera Selatan,Kota Palembang,1
RS Umum Pertamina Palembang,1671024,Sudah kerjasama BPJS,Patologi Klinik,RS Umum Pertamina Palembang,Sumatera Selatan,Kota Palembang,1
RS Umum Pusri Palembang,1671046,Sudah kerjasama BPJS,Patologi Klinik,RS Umum Pusri Palembang,Sumatera Selatan,Kota Palembang,1
RS Umum Santo Antonio Baturaja,1601035,Sudah kerjasama BPJS,Patologi Klinik,RS Umum Santo Antonio Baturaja,Sumatera Selatan,Ogan Komering Ulu,1
RS Siloam Silampari,1674003,Sudah kerjasama BPJS,Patologi Klinik,RS Siloam Silampari,Sumatera Selatan,Kota Lubuk Linggau,1
RS Siloam Sriwijaya Palembang,1671335,Sudah kerjasama BPJS,Patologi Klinik,RS Siloam Sriwijaya Palembang,Sumatera Selatan,Kota Palembang,1
RS Umum Sriwijaya,1671094,Sudah kerjasama BPJS,Patologi Klinik,RS Umum Sriwijaya,Sumatera Selatan,Kota Palembang,1
RS Umum YK Madira Palembang,1671332,Sudah kerjasama BPJS,Patologi Klinik,RS Umum YK Madira Palembang ,Sumatera Selatan,Kota Palembang,1
RS Umum Fadhilah Kota Prabumulih,1672002,Sudah kerjasama BPJS,Patologi Klinik,RS Umum Fadhilah Kota Prabumulih,Sumatera Selatan,Kota Prabumulih,1
RS AR Bunda Kota Prabumulih,1672074,Sudah kerjasama BPJS,Patologi Klinik,RS AR Bunda Kota Prabumulih,Sumatera Selatan,Kota Prabumulih,1
RS Pelabuhan Palembang,1671333,Sudah kerjasama BPJS,Patologi Klinik,RS Pelabuhan Palembang ,Sumatera Selatan,Kota Palembang,1
RS Pertamina Kota Prabumulih,1672026,Sudah kerjasama BPJS,Patologi Klinik,RS Pertamina Kota Prabumulih,Sumatera Selatan,Kota Prabumulih,1
RS Islam Siti Khadijah,1671083,Sudah kerjasama BPJS,Patologi Klinik,RS Islam Siti Khadijah,Sumatera Selatan,Kota Palembang,1
RS Ibu dan Anak Az-Zahra Palembang,1671340,Sudah kerjasama BPJS,Patologi Klinik,RS Ibu dan Anak Az-Zahra Palembang,Sumatera Selatan,Kota Palembang,1
RS Ibu dan Anak Dwi Sari,1674005,Sudah kerjasama BPJS,Patologi Klinik,RS Ibu dan Anak Dwi Sari,Sumatera Selatan,Kota Lubuk Linggau,1
RS Ibu dan Anak Mama,1671348,Sudah kerjasama BPJS,Patologi Klinik,RS Ibu dan Anak Mama,Sumatera Selatan,Kota Palembang,1
RS Ibu dan Anak Rika Amelia,1671324,Sudah kerjasama BPJS,Patologi Klinik,RS Ibu dan Anak Rika Amelia,Sumatera Selatan,Kota Palembang,1
RS Umum Daerah Kota Prabumulih,1672015,Sudah kerjasama BPJS,Patologi Klinik,RS Umum Daerah Kota Prabumulih,Sumatera Selatan,Kota Prabumulih,1
RS Umum Daerah Banyuasin,1607012,Sudah kerjasama BPJS,Patologi Klinik,RS Umum Daerah Banyuasin,Sumatera Selatan,Banyuasin,1
RS Umum Daerah Bayung Lincir,1606032,Sudah kerjasama BPJS,Patologi Klinik,RS Umum Daerah Bayung Lincir,Sumatera Selatan,Musi Banyuasin,1
RS Umum Daerah Basemah Kota Pagar Alam,1673031,Sudah kerjasama BPJS,Patologi Klinik,RS Umum Daerah Basemah Kota Pagar Alam,Sumatera Selatan,Kota Pagar Alam,1
RS Umum Daerah Kabupaten Empat Lawang,1611042,Sudah kerjasama BPJS,Patologi Klinik,RS Umum Daerah Kabupaten Empat Lawang,Sumatera Selatan,Empat Lawang,1
RS Umum Daerah dr. H. M. Rabain Muara Enim,1603063,Sudah kerjasama BPJS,Patologi Klinik,RS Umum Daerah dr. H. M. Rabain Muara Enim,Sumatera Selatan,Muara Enim,1
RS Umum Daerah Kayuagung,1602014,Sudah kerjasama BPJS,Patologi Klinik,RS Umum Daerah Kayuagung,Sumatera Selatan,Ogan Komering Ilir,1
RS Umum Daerah Martapura,1609011,Sudah kerjasama BPJS,Patologi Klinik,RS Umum Daerah Martapura,Sumatera Selatan,Ogan Komering Ulu Timur,1
RS Umum Daerah Muara Beliti,1605044,Sudah kerjasama BPJS,Patologi Klinik,RS Umum Daerah Muara Beliti,Sumatera Selatan,Musi Rawas,1
RS Umum Daerah Kabupaten Ogan Ilir,1610003,Sudah kerjasama BPJS,Patologi Klinik,RS Umum Daerah Kabupaten Ogan Ilir,Sumatera Selatan,Ogan Ilir,1
RS Umum Daerah Palembang Bari,1671265,Sudah kerjasama BPJS,Patologi Klinik,RS Umum Daerah Palembang Bari,Sumatera Selatan,Kota Palembang,1
RS Umum Daerah Petanang,1674008,Sudah kerjasama BPJS,Patologi Klinik,RS Umum Daerah Petanang,Sumatera Selatan,Kota Lubuk Linggau,1
RS Umum Daerah Rupit Kabupaten Musi Rawas Utara,1605043,Sudah kerjasama BPJS,Patologi Klinik,RS Umum Daerah Rupit Kabupaten Musi Rawas Utara,Sumatera Selatan,Musi Rawas Utara,1
RS Umum Daerah Sekayu,1606011,Sudah kerjasama BPJS,Patologi Klinik,RS Umum Daerah Sekayu,Sumatera Selatan,Musi Banyuasin,1
RS Umum Daerah Siti Fatimah Provinsi Sumatera Sela,1671347,Sudah kerjasama BPJS,Patologi Klinik,RS Umum Daerah Siti Fatimah Provinsi Sumatera Sela,Sumatera Selatan,Kota Palembang,1
RS Umum Daerah Sungai Lilin,1606022,Sudah kerjasama BPJS,Patologi Klinik,RS Umum Daerah Sungai Lilin,Sumatera Selatan,Musi Banyuasin,1
RS Umum Pusat Dr. Mohammad Hoesin Palembang,1671013,Sudah kerjasama BPJS,Patologi Klinik,RS Umum Pusat Dr. Mohammad Hoesin Palembang,Sumatera Selatan,Kota Palembang,1
RS Umum Daerah Dr. Pirngadi,1275013,Sudah kerjasama BPJS,Patologi Klinik,RS Umum Daerah Dr. Pirngadi,Sumatera Utara,Kota Medan,1
RS Umum Prima Husada Cipta Medan,1275600,Sudah kerjasama BPJS,Patologi Klinik,RS Umum Prima Husada Cipta Medan,Sumatera Utara,Kota Medan,1
RS Umum AL Fuadi,1276078,Sudah kerjasama BPJS,Patologi Klinik,RS Umum AL Fuadi,Sumatera Utara,Kota Binjai,1
RS Umum Artha Medica,1276036,Sudah kerjasama BPJS,Patologi Klinik,RS Umum Artha Medica,Sumatera Utara,Kota Binjai,1
RS Arun Lhokseumawe,1110053,Sudah kerjasama BPJS,Patologi Klinik,RS Arun Lhokseumawe,Aceh,Kota Lhokseumawe,1
RS Bhayangkara Tingkat II,1275046,Sudah kerjasama BPJS,Patologi Klinik,RS Bhayangkara Tingkat II,Sumatera Utara,Kota Medan,1
RS Umum Bina Kasih,1275997,Sudah kerjasama BPJS,Patologi Klinik,RS Umum Bina Kasih,Sumatera Utara,Kota Medan,1
RS Umum Bunda Thamrin,1275890,Sudah kerjasama BPJS,Patologi Klinik,RS Umum Bunda Thamrin,Sumatera Utara,Kota Medan,1
RS Umum Delia,1213057,Sudah kerjasama BPJS,Patologi Klinik,RS Umum Delia,Sumatera Utara,Langkat,1
RS Umum Efarina Etaham,1211124,Sudah kerjasama BPJS,Patologi Klinik,RS Umum Efarina Etaham,Sumatera Utara,Karo,1
RS Efarina Etaham Pematang Siantar,1273119,Sudah kerjasama BPJS,Patologi Klinik,RS Efarina Etaham Pematang Siantar,Sumatera Utara,Kota Pematang Siantar,1
RS Umum Estomihi,1275841,Sudah kerjasama BPJS,Patologi Klinik,RS Umum Estomihi,Sumatera Utara,Kota Medan,1
RS Umum Full Bethesda,1275147,Sudah kerjasama BPJS,Patologi Klinik,RS Umum Full Bethesda,Sumatera Utara,Deli Serdang,1
RS Umum Dr. Gerhard L. Tobing,1212023,Sudah kerjasama BPJS,Patologi Klinik,RS Umum Dr. Gerhard L. Tobing,Sumatera Utara,Deli Serdang,1
RS Grandmed,1218158,Sudah kerjasama BPJS,Patologi Klinik,RS Grandmed ,Sumatera Utara,Deli Serdang,1
RS Umum Kasih Ibu Lhokseumawe,1174064,Sudah kerjasama BPJS,Patologi Klinik,RS Umum Kasih Ibu Lhokseumawe,Aceh,Kota Lhokseumawe,1
RS Umum Martha Friska Multatuli,1275888,Sudah kerjasama BPJS,Patologi Klinik,RS Umum Martha Friska Multatuli,Sumatera Utara,Kota Medan,1
RS Umum Melati,1218024,Sudah kerjasama BPJS,Patologi Klinik,RS Umum Melati ,Sumatera Utara,Serdang Bedagai,1
RS Umum Methodist,1275126,Sudah kerjasama BPJS,Patologi Klinik,RS Umum Methodist,Sumatera Utara,Kota Medan,1
RS Umum Metta Medika,1271032,Sudah kerjasama BPJS,Patologi Klinik,RS Umum Metta Medika,Sumatera Utara,Kota Sibolga,1
RS Metta Medika II,1271033,Sudah kerjasama BPJS,Patologi Klinik,RS Metta Medika II,Sumatera Utara,Kota Sibolga,1
RS Metta Medika,1277027,Sudah kerjasama BPJS,Patologi Klinik,RS Metta Medika,Sumatera Utara,Kota Padang Sidempuan,1
RS Umum Pabatu,1218026,Sudah kerjasama BPJS,Patologi Klinik,RS Umum Pabatu,Sumatera Utara,Serdang Bedagai,1
RS Umum Permata Madina Sibuhuan,1221002,Sudah kerjasama BPJS,Patologi Klinik,RS Umum Permata Madina Sibuhuan,Sumatera Utara,Padang Lawas,1
RS Umum Pertamina Pangkalan Brandan,1213035,Sudah kerjasama BPJS,Patologi Klinik,RS Umum Pertamina Pangkalan Brandan,Sumatera Utara,Langkat,1
RS Roemani Muhammadiyah Semarang,3374080,Sudah kerjasama BPJS,Patologi Klinik,RS Roemani Muhammadiyah Semarang,Jawa Tengah,Kota Semarang,1
RS Umum Royal Prima Marelan,1275936,Sudah kerjasama BPJS,Patologi Klinik,RS Umum Royal Prima Marelan,Sumatera Utara,Kota Medan,1
RS Umum Royal Prima,1275907,Sudah kerjasama BPJS,Patologi Klinik,RS Umum Royal Prima,Sumatera Utara,Kota Medan,1
RS Umum Santa Elisabeth Medan,1275072,Sudah kerjasama BPJS,Patologi Klinik,RS Umum Santa Elisabeth Medan,Sumatera Utara,Kota Medan,1
RS Umum Sint Lucia,1205142,Sudah kerjasama BPJS,Patologi Klinik,RS Umum Sint Lucia,Sumatera Utara,Tapanuli Utara,1
RS Sri Pamela Sei Dadap,1208053,Sudah kerjasama BPJS,Patologi Klinik,RS Sri Pamela Sei Dadap,Sumatera Utara,Asahan,1
RS Sri Pamela Torgamba,1207052,Sudah kerjasama BPJS,Patologi Klinik,RS Sri Pamela Torgamba,Sumatera Utara,Labuhan Batu Selatan,1
RS Umum Sylvani,1276077,Sudah kerjasama BPJS,Patologi Klinik,RS Umum Sylvani,Sumatera Utara,Kota Binjai,1
RS Umum Tiara Kasih Sejati,1273106,Sudah kerjasama BPJS,Patologi Klinik,RS Umum Tiara Kasih Sejati,Sumatera Utara,Kota Pematang Siantar,1
RS TNI Tk. IV 01.07.03,1277015,Sudah kerjasama BPJS,Patologi Klinik,RS TNI Tk. IV 01.07.03,Sumatera Utara,Kota Padang Sidempuan,1
RS Umum Universitas Sumatera Utara,1275913,Sudah kerjasama BPJS,Patologi Klinik,RS Umum Universitas Sumatera Utara,Sumatera Utara,Kota Medan,1
RS Umum Haji Medan,1275794,Sudah kerjasama BPJS,Patologi Klinik,RS Umum Haji Medan,Sumatera Utara,Deli Serdang,1
RS Jiwa Prof. Dr. Muhammad Ildrem,1275221,Sudah kerjasama BPJS,Patologi Klinik,RS Jiwa Prof. Dr. Muhammad Ildrem,Sumatera Utara,Kota Medan,1
RS AL Dr. Komang Makes Belawan,1275141,Sudah kerjasama BPJS,Patologi Klinik,RS AL Dr. Komang Makes Belawan,Sumatera Utara,Kota Medan,1
RS Umum Islam Malahayati,1275163,Sudah kerjasama BPJS,Patologi Klinik,RS Umum Islam Malahayati,Sumatera Utara,Kota Medan,1
RS Ibu dan Anak Mina Husada,1211127,Sudah kerjasama BPJS,Patologi Klinik,RS Ibu dan Anak Mina Husada,Sumatera Utara,Karo,1
RS Ibu dan Anak Pramaliesa,1212197,Sudah kerjasama BPJS,Patologi Klinik,RS Ibu dan Anak Pramaliesa,Sumatera Utara,Deli Serdang,1
RS Umum Pusat H. Adam Malik,1275655,Sudah kerjasama BPJS,Patologi Klinik,RS Umum Pusat H. Adam Malik,Sumatera Utara,Kota Medan,1
RS Umum Advent Medan,1275094,Sudah kerjasama BPJS,Patologi Klinik,RS Umum Advent Medan,Sumatera Utara,Kota Medan,1
RS Umum Bandung,1275772,Sudah kerjasama BPJS,Patologi Klinik,RS Umum Bandung,Sumatera Utara,Kota Medan,1
RS Umum Bethesda Gunungsitoli,1278002,Sudah kerjasama BPJS,Patologi Klinik,RS Umum Bethesda Gunungsitoli,Sumatera Utara,Kota Gunungsitoli,1
RS Umum Bidadari,1276075,Sudah kerjasama BPJS,Patologi Klinik,RS Umum Bidadari,Sumatera Utara,Kota Binjai,1
RS Umum Bunda Mulia,1208059,Sudah kerjasama BPJS,Patologi Klinik,RS Umum Bunda Mulia,Sumatera Utara,Asahan,1
RS Chevani,1274063,Sudah kerjasama BPJS,Patologi Klinik,RS Chevani,Sumatera Utara,Kota Tebing Tinggi,1
RS Umum Citra Medika,1212179,Sudah kerjasama BPJS,Patologi Klinik,RS Umum Citra Medika,Sumatera Utara,Deli Serdang,1
RS Umum Delima Medan,1275061,Sudah kerjasama BPJS,Patologi Klinik,RS Umum Delima Medan,Sumatera Utara,Kota Medan,1
RS Umum Elpi Al Azis,1207066,Sudah kerjasama BPJS,Patologi Klinik,RS Umum Elpi Al Azis,Sumatera Utara,Labuhan Batu,1
RS Umum Eshmun,1275931,Sudah kerjasama BPJS,Patologi Klinik,RS Umum Eshmun,Sumatera Utara,Kota Medan,1
RS Umum Hermina Medan,1275930,Sudah kerjasama BPJS,Patologi Klinik,RS Umum Hermina Medan,Sumatera Utara,Kota Medan,1
RS Umum Hidayah,1212067,Sudah kerjasama BPJS,Patologi Klinik,RS Umum Hidayah,Sumatera Utara,Deli Serdang,1
RS Umum Imelda Pekerja Indonesia,1275622,Sudah kerjasama BPJS,Patologi Klinik,RS Umum Imelda Pekerja Indonesia,Sumatera Utara,Kota Medan,1
RS Umum Inanta,1277026,Sudah kerjasama BPJS,Patologi Klinik,RS Umum Inanta,Sumatera Utara,Kota Padang Sidempuan,1
RS Umum Karya Bakti Ujung Bandar,1207067,Sudah kerjasama BPJS,Patologi Klinik,RS Umum Karya Bakti Ujung Bandar,Sumatera Utara,Labuhan Batu,1
RS Umum Keliat,1212174,Sudah kerjasama BPJS,Patologi Klinik,RS Umum Keliat,Sumatera Utara,Deli Serdang,1
RS Umum Latersia,1276074,Sudah kerjasama BPJS,Patologi Klinik,RS Umum Latersia,Sumatera Utara,Kota Binjai,1
RS Umum Madani,1275909,Sudah kerjasama BPJS,Patologi Klinik,RS Umum Madani,Sumatera Utara,Kota Medan,1
RS Umum Mahkota Bidadari,1213062,Sudah kerjasama BPJS,Patologi Klinik,RS Umum Mahkota Bidadari,Sumatera Utara,Langkat,1
RS Umum Mitra Medika,1275516,Sudah kerjasama BPJS,Patologi Klinik,RS Umum Mitra Medika,Sumatera Utara,Kota Medan,1
RS Umum Mitra Sehat,1212175,Sudah kerjasama BPJS,Patologi Klinik,RS Umum Mitra Sehat,Sumatera Utara,Deli Serdang,1
RS Umum Mitra Sejati,1275298,Sudah kerjasama BPJS,Patologi Klinik,RS Umum Mitra Sejati,Sumatera Utara,Kota Medan,1
RS Umum Murni Teguh Memorial Hospital,1275889,Sudah kerjasama BPJS,Patologi Klinik,RS Umum Murni Teguh Memorial Hospital,Sumatera Utara,Kota Medan,1
RS Umum Natama,1274061,Sudah kerjasama BPJS,Patologi Klinik,RS Umum Natama,Sumatera Utara,Kota Tebing Tinggi,1
RS Umum Nuraini,1206063,Sudah kerjasama BPJS,Patologi Klinik,RS Umum Nuraini,Sumatera Utara,Labuhan Batu Selatan,1
OG Hospital,1276079,Sudah kerjasama BPJS,Patologi Klinik,OG Hospital,Sumatera Utara,Kota Binjai,1
RS Umum Pancur Batu,1212185,Sudah kerjasama BPJS,Patologi Klinik,RS Umum Pancur Batu,Sumatera Utara,Deli Serdang,1
RS Umum Patar Asih,1212172,Sudah kerjasama BPJS,Patologi Klinik,RS Umum Patar Asih,Sumatera Utara,Deli Serdang,1
RS Umum Prof. Dr. Boloni,1275750,Sudah kerjasama BPJS,Patologi Klinik,RS Umum Prof. Dr. Boloni,Sumatera Utara,Kota Medan,1
RS Umum Putri Bidadari,1213059,Sudah kerjasama BPJS,Patologi Klinik,RS Umum Putri Bidadari,Sumatera Utara,Langkat,1
RS Umum Rahmad Hidayah,1212171,Sudah kerjasama BPJS,Patologi Klinik,RS Umum Rahmad Hidayah,Sumatera Utara,Deli Serdang,1
RS Umum Royal Maternity,1275935,Sudah kerjasama BPJS,Patologi Klinik,RS Umum Royal Maternity,Sumatera Utara,Kota Medan,1
RS Umum Sawit Indah Perbaungan,1218025,Sudah kerjasama BPJS,Patologi Klinik,RS Umum Sawit Indah Perbaungan,Sumatera Utara,Serdang Bedagai,1
RS Umum Sembiring Deli Tua,1212045,Sudah kerjasama BPJS,Patologi Klinik,RS Umum Sembiring Deli Tua,Sumatera Utara,Deli Serdang,1
RS SUFINA AZIZ,1275996,Sudah kerjasama BPJS,Patologi Klinik,RS SUFINA AZIZ,Sumatera Utara,Kota Medan,1
RS Umum Sundari,1275265,Sudah kerjasama BPJS,Patologi Klinik,RS Umum Sundari,Sumatera Utara,Kota Medan,1
RS Umum Universitas Prima Indonesia,1274062,Sudah kerjasama BPJS,Patologi Klinik,RS Umum Universitas Prima Indonesia,Sumatera Utara,Kota Tebing Tinggi,1
RS Umum Wira Husada,1208057,Sudah kerjasama BPJS,Patologi Klinik,RS Umum Wira Husada,Sumatera Utara,Asahan,1
RS Umum Wulan Windy,1275830,Sudah kerjasama BPJS,Patologi Klinik,RS Umum Wulan Windy,Sumatera Utara,Kota Medan,1
RS Umum Yoshua,1212177,Sudah kerjasama BPJS,Patologi Klinik,RS Umum Yoshua,Sumatera Utara,Deli Serdang,1
RS Umum Martha Friska,1275633,Sudah kerjasama BPJS,Patologi Klinik,RS Umum Martha Friska,Sumatera Utara,Kota Medan,1
RS Umum Daerah H. Bachtiar Djafar,1275012,Sudah kerjasama BPJS,Patologi Klinik,RS Umum Daerah H. Bachtiar Djafar,Sumatera Utara,Kota Medan,1
RS Umum HKBP Balige,1205061,Sudah kerjasama BPJS,Patologi Klinik,RS Umum HKBP Balige,Sumatera Utara,Toba Samosir,1
RS Umum Sari Mutiara Lubuk Pakam,1212093,Sudah kerjasama BPJS,Patologi Klinik,RS Umum Sari Mutiara Lubuk Pakam,Sumatera Utara,Deli Serdang,1
RS Umum Daerah Batu Bara,1219003,Sudah kerjasama BPJS,Patologi Klinik,RS Umum Daerah Batu Bara,Sumatera Utara,Batu Bara,1
RS Umum Daerah Dolok Sanggul,1205035,Sudah kerjasama BPJS,Patologi Klinik,RS Umum Daerah Dolok Sanggul,Sumatera Utara,Humbang Hasundutan,1
RS Umum Daerah Dr. Djasamen Saragih,1273011,Sudah kerjasama BPJS,Patologi Klinik,RS Umum Daerah Dr. Djasamen Saragih,Sumatera Utara,Kota Pematang Siantar,1
RS Umum Daerah Dr. H. Kumpulan Pane,1274012,Sudah kerjasama BPJS,Patologi Klinik,RS Umum Daerah Dr. H. Kumpulan Pane,Sumatera Utara,Kota Tebing Tinggi,1
RS Umum Daerah Dr. Tengku Mansyur,1272010,Sudah kerjasama BPJS,Patologi Klinik,RS Umum Daerah Dr. Tengku Mansyur,Sumatera Utara,Kota Tanjung Balai,1
RS Umum Daerah Drs. H. Amri Tambunan,1212012,Sudah kerjasama BPJS,Patologi Klinik,RS Umum Daerah Drs. H. Amri Tambunan,Sumatera Utara,Deli Serdang,1
RS Umum Daerah Gunung Tua,1203044,Sudah kerjasama BPJS,Patologi Klinik,RS Umum Daerah Gunung Tua,Sumatera Utara,Padang Lawas Utara,1
RS Umum Daerah H. Abdul Manan Simatupang,1208016,Sudah kerjasama BPJS,Patologi Klinik,RS Umum Daerah H. Abdul Manan Simatupang,Sumatera Utara,Asahan,1
RS Umum Daerah Kabupaten Karo,1211011,Sudah kerjasama BPJS,Patologi Klinik,RS Umum Daerah Kabupaten Karo,Sumatera Utara,Karo,1
RS Umum Daerah Kota Pinang,1222002,Sudah kerjasama BPJS,Patologi Klinik,RS Umum Daerah Kota Pinang,Sumatera Utara,Labuhan Batu Selatan,1
RS Umum Daerah Padang Sidempuan,1277011,Sudah kerjasama BPJS,Patologi Klinik,RS Umum Daerah Padang Sidempuan,Sumatera Utara,Kota Padang Sidempuan,1
RS Umum Daerah Pandan,1204056,Sudah kerjasama BPJS,Patologi Klinik,RS Umum Daerah Pandan,Sumatera Utara,Tapanuli Tengah,1
RS Umum Daerah Panyabungan,1203022,Sudah kerjasama BPJS,Patologi Klinik,RS Umum Daerah Panyabungan,Sumatera Utara,Mandailing Natal,1
RS Umum Daerah Parapat,1209065,Sudah kerjasama BPJS,Patologi Klinik,RS Umum Daerah Parapat,Sumatera Utara,Simalungun,1
RS Umum Daerah Perdagangan,1209076,Sudah kerjasama BPJS,Patologi Klinik,RS Umum Daerah Perdagangan,Sumatera Utara,Simalungun,1
RS Umum Daerah Rantau Prapat,1207015,Sudah kerjasama BPJS,Patologi Klinik,RS Umum Daerah Rantau Prapat,Sumatera Utara,Labuhan Batu,1
RS Umum Daerah Salak,1216011,Sudah kerjasama BPJS,Patologi Klinik,RS Umum Daerah Salak,Sumatera Utara,Pakpak Bharat,1
RS Umum Daerah Sibuhuan,1203055,Sudah kerjasama BPJS,Patologi Klinik,RS Umum Daerah Sibuhuan,Sumatera Utara,Padang Lawas,1
RS Umum Daerah Sidikalang,1210010,Sudah kerjasama BPJS,Patologi Klinik,RS Umum Daerah Sidikalang,Sumatera Utara,Dairi,1
RS Umum Daerah Tapanuli Selatan,1203033,Sudah kerjasama BPJS,Patologi Klinik,RS Umum Daerah Tapanuli Selatan,Sumatera Utara,Tapanuli Selatan,1
RS Umum Daerah Tarutung,1205013,Sudah kerjasama BPJS,Patologi Klinik,RS Umum Daerah Tarutung,Sumatera Utara,Tapanuli Utara,1
RS Umum Daerah Tuan Rondahaim,1209077,Sudah kerjasama BPJS,Patologi Klinik,RS Umum Daerah Tuan Rondahaim,Sumatera Utara,Simalungun,1
RS Umum Daerah Dr. FL Tobing Sibolga,1271016,Sudah kerjasama BPJS,Patologi Klinik,RS Umum Daerah Dr. FL Tobing Sibolga,Sumatera Utara,Kota Sibolga,1
RS Umum Daerah Dr. R. M. Djoelham Binjai,1276014,Sudah kerjasama BPJS,Patologi Klinik,RS Umum Daerah Dr. R. M. Djoelham Binjai,Sumatera Utara,Kota Binjai,1
RS Umum Daerah Porsea,1205046,Sudah kerjasama BPJS,Patologi Klinik,RS Umum Daerah Porsea,Sumatera Utara,Toba Samosir,1
RS Umum Daerah Sultan Sulaiman Syariful Alamsyah,1218125,Sudah kerjasama BPJS,Patologi Klinik,RS Umum Daerah Sultan Sulaiman Syariful Alamsyah,Sumatera Utara,Serdang Bedagai,1
RS Umum Daerah Tanjung Pura,1213013,Sudah kerjasama BPJS,Patologi Klinik,RS Umum Daerah Tanjung Pura,Sumatera Utara,Langkat,1
RS Umum Amanda,1211126,Sudah kerjasama BPJS,Patologi Klinik,RS Umum Amanda,Sumatera Utara,Karo,1
RS Umum Balimbingan PTP 4,1209010,Sudah kerjasama BPJS,Patologi Klinik,RS Umum Balimbingan PTP 4,Sumatera Utara,Simalungun,1
RS Umum Harapan,1273033,Sudah kerjasama BPJS,Patologi Klinik,RS Umum Harapan,Sumatera Utara,Kota Pematang Siantar,1
RS Umum Horas Insani,1273102,Sudah kerjasama BPJS,Patologi Klinik,RS Umum Horas Insani,Sumatera Utara,Kota Pematang Siantar,1
RS Umum Karya Husada,1209081,Sudah kerjasama BPJS,Patologi Klinik,RS Umum Karya Husada,Sumatera Utara,Simalungun,1
RS Umum Vita Insani,1273055,Sudah kerjasama BPJS,Patologi Klinik,RS Umum Vita Insani,Sumatera Utara,Kota Pematang Siantar,1
RS Tk. IV 01.07.01,1273022,Sudah kerjasama BPJS,Patologi Klinik,RS Tk. IV 01.07.01,Sumatera Utara,Kota Pematang Siantar,1
RS Tk. IV 01.07.02 Binjai,1276040,Sudah kerjasama BPJS,Patologi Klinik,RS Tk. IV 01.07.02 Binjai,Sumatera Utara,Kota Binjai,1
RS Tk. II Putri Hijau Medan,1275035,Sudah kerjasama BPJS,Patologi Klinik,RS Tk. II Putri Hijau Medan,Sumatera Utara,Kota Medan,1
RS Khusus Mata Provinsi Sumatera Utara,1275922,Sudah kerjasama BPJS,Patologi Klinik,RS Khusus Mata Provinsi Sumatera Utara,Sumatera Utara,Kota Medan,1
RS Umum Daerah dr. M. Thomsen Nias,1201016,Sudah kerjasama BPJS,Patologi Klinik,RS Umum Daerah dr. M. Thomsen Nias,Sumatera Utara,Nias,1
RS Umum Daerah Datu Beru Takengon,1106013,Sudah kerjasama BPJS,Kolonoskopi,RS Umum Daerah Datu Beru Takengon,Aceh,Aceh Tengah,1
RS Umum Daerah Dr. Zainoel Abidin,1171015,Sudah kerjasama BPJS,Kolonoskopi,RS Umum Daerah  Dr. Zainoel Abidin,Aceh,Kota Banda Aceh,1
RS Umum Daerah Meuraxa,1171110,Sudah kerjasama BPJS,Kolonoskopi,RS Umum Daerah Meuraxa,Aceh,Kota Banda Aceh,1
RS Bali Jimbaran,5103038,Sudah kerjasama BPJS,Kolonoskopi,RS Bali Jimbaran,Bali,Badung,1
RS Umum Ganesha,5104034,Sudah kerjasama BPJS,Kolonoskopi,RS Umum Ganesha,Bali,Gianyar,1
RS Umum Grha Bhakti Medika,5105017,Sudah kerjasama BPJS,Kolonoskopi,RS Umum Grha Bhakti Medika,Bali,Klungkung,1
RS Umum Balimed Karangasem,5107017,Sudah kerjasama BPJS,Kolonoskopi,RS Umum Balimed Karangasem,Bali,Karangasem,1
RS Umum Surya Husadha,5171086,Sudah kerjasama BPJS,Kolonoskopi,RS Umum Surya Husadha,Bali,Kota Denpasar,1
RS Umum Balimed,5171203,Sudah kerjasama BPJS,Kolonoskopi,RS Umum Balimed,Bali,Kota Denpasar,1
RS Umum Daerah Bali Mandara Provinsi Bali,5171220,Sudah kerjasama BPJS,Kolonoskopi,RS Umum Daerah Bali Mandara Provinsi Bali,Bali,Kota Denpasar,1
RS Umum Daerah Klungkung,5105013,Sudah kerjasama BPJS,Kolonoskopi,RS Umum Daerah Klungkung,Bali,Klungkung,1
RS Umum Daerah Bangli,5106014,Sudah kerjasama BPJS,Kolonoskopi,RS Umum Daerah Bangli,Bali,Bangli,1
RS Umum Daerah Sanjiwani Gianyar,5104012,Sudah kerjasama BPJS,Kolonoskopi,RS Umum Daerah Sanjiwani Gianyar,Bali,Gianyar,1
RSUP Prof. Dr. I.G.N.G. Ngoerah,5171016,Sudah kerjasama BPJS,Kolonoskopi,RSUP Prof. Dr. I.G.N.G. Ngoerah,Bali,Kota Denpasar,1
RS Umum Daerah Wangaya,5171020,Belum kerjasama BPJS,Kolonoskopi,RS Umum Daerah Wangaya,Bali,Kota Denpasar,0
RS Umum Puri Raharja,5171133,Belum kerjasama BPJS,Kolonoskopi,RS Umum Puri Raharja,Bali,Kota Denpasar,0
RS Ciputra,3603180,Belum kerjasama BPJS,Kolonoskopi,RS Ciputra ,Banten,Tangerang,0
RS Murni Teguh Ciledug,3671126,Belum kerjasama BPJS,Kolonoskopi,RS Murni Teguh Ciledug,Banten,Kota Tangerang,0
RS Mayapada,3671080,Belum kerjasama BPJS,Kolonoskopi,RS Mayapada,Banten,Kota Tangerang,0
RS Umum Daerah Banten,3673004,Belum kerjasama BPJS,Kolonoskopi,RS Umum Daerah Banten,Banten,Kota Serang,0
RS Columbia Asia BSD,3674157,Belum kerjasama BPJS,Kolonoskopi,RS Columbia Asia BSD,Banten,Kota Tangerang Selatan,0
RS Sari Asih Ciputat,3674005,Belum kerjasama BPJS,Kolonoskopi,RS Sari Asih Ciputat,Banten,Kota Tangerang Selatan,0
RS Permata Pamulang,3674004,Belum kerjasama BPJS,Kolonoskopi,RS Permata Pamulang,Banten,Kota Tangerang Selatan,0
RS Premier Bintaro,3674102,Belum kerjasama BPJS,Kolonoskopi,RS Premier Bintaro,Banten,Kota Tangerang Selatan,0
RS Siloam Hospitals Lippo Village,3671054,Belum kerjasama BPJS,Kolonoskopi,RS Siloam Hospitals Lippo Village,Banten,Tangerang,0
RS Umum Daerah dr. Drajat Prawiranegara,3604013,Belum kerjasama BPJS,Kolonoskopi,RS Umum Daerah dr. Drajat Prawiranegara ,Banten,Serang,0
RS EMC Tangerang,3671065,Belum kerjasama BPJS,Kolonoskopi,RS EMC Tangerang,Banten,Kota Tangerang,0
RS Sari Asih Ciledug,3671205,Belum kerjasama BPJS,Kolonoskopi,RS Sari Asih Ciledug,Banten,Kota Tangerang,0
RS Umum Daerah Kota Cilegon,3672022,Belum kerjasama BPJS,Kolonoskopi,RS Umum Daerah Kota Cilegon,Banten,Kota Cilegon,0
RS Universitas Islam Indonesia,3402084,Belum kerjasama BPJS,Kolonoskopi,RS Universitas Islam Indonesia,DI Yogyakarta,Bantul,0
RS Akademik Universitas Gadjah Mada,3404189,Belum kerjasama BPJS,Kolonoskopi,RS Akademik Universitas Gadjah Mada,DI Yogyakarta,Sleman,0
RS Siloam Yogyakarta,3471380,Belum kerjasama BPJS,Kolonoskopi,RS Siloam Yogyakarta,DI Yogyakarta,Kota Yogyakarta,0
RS Umum Daerah Kota Yogyakarta,3471234,Belum kerjasama BPJS,Kolonoskopi,RS Umum Daerah Kota Yogyakarta,DI Yogyakarta,Kota Yogyakarta,0
RS Bethesda Yogyakarta,3471063,Belum kerjasama BPJS,Kolonoskopi,RS Bethesda Yogyakarta,DI Yogyakarta,Kota Yogyakarta,0
RSUP Dr. Sardjito,3404015,Belum kerjasama BPJS,Kolonoskopi,RSUP Dr. Sardjito,DI Yogyakarta,Sleman,0
RS Umum Daerah Sleman,3404011,Belum kerjasama BPJS,Kolonoskopi,RS Umum Daerah Sleman,DI Yogyakarta,Sleman,0
RS Umum Panti Rapih,3471052,Belum kerjasama BPJS,Kolonoskopi,RS Umum Panti Rapih,DI Yogyakarta,Kota Yogyakarta,0
RS Umum Daerah Panembahan Senopati,3402016,Belum kerjasama BPJS,Kolonoskopi,RS Umum Daerah Panembahan Senopati,DI Yogyakarta,Bantul,0
RSPAU Dr. Suhardi Harjolukito,3471074,Belum kerjasama BPJS,Kolonoskopi,RSPAU Dr.  Suhardi Harjolukito,DI Yogyakarta,Bantul,0
RSU PKU Muhammadiyah Bantul,3402031,Belum kerjasama BPJS,Kolonoskopi,RSU PKU Muhammadiyah Bantul,DI Yogyakarta,Bantul,0
RS Muhammadiyah Taman Puring,3171781,Belum kerjasama BPJS,Kolonoskopi,RS Muhammadiyah Taman Puring,DKI Jakarta,Kota Jakarta Selatan,0
RS Umum Tebet,3171461,Belum kerjasama BPJS,Kolonoskopi,RS Umum Tebet,DKI Jakarta,Kota Jakarta Selatan,0
RS Umum Hermina Jatinegara,3172243,Belum kerjasama BPJS,Kolonoskopi,RS Umum Hermina Jatinegara,DKI Jakarta,Kota Jakarta Timur,0
RS Umum Primaya Evasari Hospital,3173441,Belum kerjasama BPJS,Kolonoskopi,RS Umum Primaya Evasari Hospital,DKI Jakarta,Kota Jakarta Pusat,0
RS Umum Hermina Daan Mogot,3174431,Belum kerjasama BPJS,Kolonoskopi,RS Umum Hermina Daan Mogot,DKI Jakarta,Kota Jakarta Barat,0
RS Umum Ciputra Hospital Citragarden City,3174522,Belum kerjasama BPJS,Kolonoskopi,RS Umum Ciputra Hospital Citragarden City,DKI Jakarta,Kota Jakarta Barat,0
RS Umum Gading Pluit,3175407,Belum kerjasama BPJS,Kolonoskopi,RS Umum Gading Pluit,DKI Jakarta,Kota Jakarta Utara,0
RS Umum Akademik Atma Jaya,3175031,Belum kerjasama BPJS,Kolonoskopi,RS Umum Akademik Atma Jaya,DKI Jakarta,Kota Jakarta Utara,0
RS Umum Puri Medika,3175374,Belum kerjasama BPJS,Kolonoskopi,RS Umum Puri Medika,DKI Jakarta,Kota Jakarta Utara,0
RS Umum Pekerja,3175410,Belum kerjasama BPJS,Kolonoskopi,RS Umum Pekerja,DKI Jakarta,Kota Jakarta Utara,0
RSUPN Dr. Cipto Mangunkusumo,3173014,Belum kerjasama BPJS,Kolonoskopi,RSUPN Dr. Cipto Mangunkusumo,DKI Jakarta,Kota Jakarta Pusat,0
RS Umum Daerah Tarakan,3173521,Belum kerjasama BPJS,Kolonoskopi,RS Umum Daerah Tarakan,DKI Jakarta,Kota Jakarta Pusat,0
RS Umum PAD Gatot Soebroto,3173025,Belum kerjasama BPJS,Kolonoskopi,RS Umum PAD Gatot Soebroto,DKI Jakarta,Kota Jakarta Pusat,0
RS Umum AL Dr. Mintoharjo,3173036,Belum kerjasama BPJS,Kolonoskopi,RS Umum AL Dr. Mintoharjo,DKI Jakarta,Kota Jakarta Pusat,0
RS Islam Jakarta Cempaka Putih,3173073,Belum kerjasama BPJS,Kolonoskopi,RS Islam Jakarta Cempaka Putih,DKI Jakarta,Kota Jakarta Pusat,0
RS Primaya PGI Cikini,3173062,Belum kerjasama BPJS,Kolonoskopi,RS Primaya PGI Cikini,DKI Jakarta,Kota Jakarta Pusat,0
RS Umum Husada,3173040,Belum kerjasama BPJS,Kolonoskopi,RS Umum Husada,DKI Jakarta,Kota Jakarta Pusat,0
RS Umum Daerah Pasar Rebo,3172126,Belum kerjasama BPJS,Kolonoskopi,RS Umum Daerah Pasar Rebo,DKI Jakarta,Kota Jakarta Timur,0
RS Umum Daerah Budhi Asih,3172024,Sudah kerjasama BPJS,Kolonoskopi,RS Umum Daerah Budhi Asih,DKI Jakarta,Kota Jakarta Timur,1
RS Umum Universitas Kristen Indonesia,3172094,Sudah kerjasama BPJS,Kolonoskopi,RS Umum Universitas Kristen Indonesia,DKI Jakarta,Kota Jakarta Timur,1
RS Islam Jakarta Pondok Kopi,3172505,Sudah kerjasama BPJS,Kolonoskopi,RS Islam Jakarta Pondok Kopi,DKI Jakarta,Kota Jakarta Timur,1
RS Umum Haji Jakarta,3172724,Sudah kerjasama BPJS,Kolonoskopi,RS Umum Haji Jakarta,DKI Jakarta,Kota Jakarta Timur,1
RS Jantung dan Pembuluh Darah Harapan Kita,3174282,Sudah kerjasama BPJS,Kolonoskopi,RS Jantung dan Pembuluh Darah Harapan Kita,DKI Jakarta,Kota Jakarta Barat,1
RS Umum Sumber Waras,3174015,Sudah kerjasama BPJS,Kolonoskopi,RS Umum Sumber Waras,DKI Jakarta,Kota Jakarta Barat,1
RS Umum Pelni Petamburan,3174026,Sudah kerjasama BPJS,Kolonoskopi,RS Umum Pelni Petamburan,DKI Jakarta,Kota Jakarta Barat,1
RS Umum Daerah Cengkareng,3174074,Sudah kerjasama BPJS,Kolonoskopi,RS Umum Daerah Cengkareng,DKI Jakarta,Kota Jakarta Barat,1
RS Kanker Dharmais,3174063,Sudah kerjasama BPJS,Kolonoskopi,RS Kanker Dharmais,DKI Jakarta,Kota Jakarta Barat,1
RS Siloam Jambi,1571147,Sudah kerjasama BPJS,Kolonoskopi,RS Siloam Jambi,Jambi,Kota Jambi,1
RS Tk. III 02.06.01 dr. Bratanata,1571023,Sudah kerjasama BPJS,Kolonoskopi,RS Tk. III 02.06.01  dr. Bratanata,Jambi,Kota Jambi,1
RS Bhayangkara Jambi,1571034,Sudah kerjasama BPJS,Kolonoskopi,RS Bhayangkara Jambi,Jambi,Kota Jambi,1
RS Umum Sentra Medika Cibinong,3201230,Sudah kerjasama BPJS,Kolonoskopi,RS Umum Sentra Medika Cibinong,Jawa Barat,Bogor,1
RS EMC Sentul,3201247,Sudah kerjasama BPJS,Kolonoskopi,RS EMC Sentul,Jawa Barat,Bogor,1
RS Primaya Sukabumi,3202088,Sudah kerjasama BPJS,Kolonoskopi,RS Primaya Sukabumi,Jawa Barat,Sukabumi,1
RS Unggul Karsa Medika,3204133,Sudah kerjasama BPJS,Kolonoskopi,RS Unggul Karsa Medika,Jawa Barat,Bandung,1
RS Pertamina Cirebon,3209025,Sudah kerjasama BPJS,Kolonoskopi,RS Pertamina Cirebon,Jawa Barat,Cirebon,1
RS Umum Permata Cirebon,3209054,Sudah kerjasama BPJS,Kolonoskopi,RS Umum Permata Cirebon,Jawa Barat,Cirebon,1
RS Mitra Plumbon Indramayu,3212059,Sudah kerjasama BPJS,Kolonoskopi,RS Mitra Plumbon Indramayu,Jawa Barat,Indramayu,1
RS Umum Siloam Purwakarta,3214031,Sudah kerjasama BPJS,Kolonoskopi,RS Umum Siloam Purwakarta,Jawa Barat,Purwakarta,1
RS Umum Bayukarta,3215023,Sudah kerjasama BPJS,Kolonoskopi,RS Umum Bayukarta,Jawa Barat,Karawang,1
RS Primaya Karawang,3215170,Sudah kerjasama BPJS,Kolonoskopi,RS Primaya Karawang,Jawa Barat,Karawang,1
Siloam Hospitals Lippo Cikarang,3216152,Sudah kerjasama BPJS,Kolonoskopi,Siloam Hospitals Lippo Cikarang,Jawa Barat,Bekasi,1
RS Umum Harapan Keluarga Jababeka,3216385,Sudah kerjasama BPJS,Kolonoskopi,RS Umum Harapan Keluarga Jababeka,Jawa Barat,Bekasi,1
RS Umum Daerah Kota Bogor,3271104,Sudah kerjasama BPJS,Kolonoskopi,RS Umum Daerah Kota Bogor,Jawa Barat,Kota Bogor,1
RS Umum Advent Bandung,3273085,Sudah kerjasama BPJS,Kolonoskopi,RS Umum Advent Bandung,Jawa Barat,Kota Bandung,1
RS Umum Hermina Bekasi,3275115,Sudah kerjasama BPJS,Kolonoskopi,RS Umum Hermina Bekasi,Jawa Barat,Kota Bekasi,1
RS PRIMAYA BEKASI BARAT,3275392,Sudah kerjasama BPJS,Kolonoskopi,RS Primaya,Jawa Barat,Kota Bekasi,1
RS Primaya Bekasi Timur,3275063,Sudah kerjasama BPJS,Kolonoskopi,RS Primaya,Jawa Barat,Kota Bekasi,1
RS Umum Mitra Keluarga Bekasi Timur,3275046,Sudah kerjasama BPJS,Kolonoskopi,RS Umum Mitra Keluarga Bekasi Timur,Jawa Barat,Kota Bekasi,1
RS Umum Meilia,3201185,Sudah kerjasama BPJS,Kolonoskopi,RS Umum Meilia,Jawa Barat,Kota Depok,1
RS Umum Grha Permata Ibu,3276041,Sudah kerjasama BPJS,Kolonoskopi,RS Umum Grha Permata Ibu,Jawa Barat,Kota Depok,1
RS Umum Hermina Depok,3201126,Sudah kerjasama BPJS,Kolonoskopi,RS Umum Hermina Depok,Jawa Barat,Kota Depok,1
RS Umum Sentra Medika,3276017,Sudah kerjasama BPJS,Kolonoskopi,RS Umum Sentra Medika,Jawa Barat,Kota Depok,1
RS Umum Permata Depok,3276151,Sudah kerjasama BPJS,Kolonoskopi,RS Umum Permata Depok,Jawa Barat,Kota Depok,1
RS Umum Citra Arafiq,3276153,Sudah kerjasama BPJS,Kolonoskopi,RS Umum Citra Arafiq,Jawa Barat,Kota Depok,1
RS Umum Alia Hospital,3276154,Sudah kerjasama BPJS,Kolonoskopi,RS Umum Alia Hospital,Jawa Barat,Kota Depok,1
RS Universitas Indonesia,3201256,Sudah kerjasama BPJS,Kolonoskopi,RS Universitas Indonesia,Jawa Barat,Kota Depok,1
RS Umum Daerah Pandega Pangandaran,3218001,Sudah kerjasama BPJS,Kolonoskopi,RS Umum Daerah Pandega Pangandaran,Jawa Barat,Pangandaran,1
RS Umum Daerah Kota Bandung,3273405,Sudah kerjasama BPJS,Kolonoskopi,RS Umum Daerah Kota Bandung,Jawa Barat,Kota Bandung,1
RSAU dr. M. Salamun,3273030,Sudah kerjasama BPJS,Kolonoskopi,RSAU dr. M. Salamun,Jawa Barat,Kota Bandung,1
RS Umum Santosa Hospital Bandung Central,3273486,Sudah kerjasama BPJS,Kolonoskopi,RS Umum Santosa Hospital Bandung Central,Jawa Barat,Kota Bandung,1
RS Umum Daerah Cibabat,3277020,Sudah kerjasama BPJS,Kolonoskopi,RS Umum Daerah Cibabat,Jawa Barat,Kota Cimahi,1
RS Umum Daerah Al Ihsan Provinsi Jawa Barat,3204086,Sudah kerjasama BPJS,Kolonoskopi,RS Umum Daerah Al Ihsan Provinsi Jawa Barat,Jawa Barat,Bandung,1
RS Umum Daerah Oto Iskandar Di Nata,3204090,Sudah kerjasama BPJS,Kolonoskopi,RS Umum Daerah Oto Iskandar Di Nata,Jawa Barat,Bandung,1
RS Umum Tk. II Dustira,3277031,Sudah kerjasama BPJS,Kolonoskopi,RS Umum Tk. II Dustira,Jawa Barat,Kota Cimahi,1
RS Umum PMI Bogor,3271013,Sudah kerjasama BPJS,Kolonoskopi,RS Umum PMI Bogor,Jawa Barat,Kota Bogor,1
RS Umum Daerah Cibinong,3201046,Sudah kerjasama BPJS,Kolonoskopi,RS Umum Daerah Cibinong,Jawa Barat,Bogor,1
RS Umum Daerah Karawang,3215012,Sudah kerjasama BPJS,Kolonoskopi,RS Umum Daerah Karawang,Jawa Barat,Karawang,1
RS Umum Islam Karawang,3215078,Sudah kerjasama BPJS,Kolonoskopi,RS Umum Islam Karawang,Jawa Barat,Karawang,1
RS Umum Daerah Kab.Bekasi,3216252,Sudah kerjasama BPJS,Kolonoskopi,RS Umum Daerah Kab.Bekasi,Jawa Barat,Bekasi,1
RS Umum Daerah Cideres,3210025,Sudah kerjasama BPJS,Kolonoskopi,RS Umum Daerah Cideres,Jawa Barat,Majalengka,1
RS Umum Mitra Plumbon,3209051,Sudah kerjasama BPJS,Kolonoskopi,RS Umum Mitra Plumbon,Jawa Barat,Cirebon,1
RS Umum Daerah Kab. Indramayu,3212016,Sudah kerjasama BPJS,Kolonoskopi,RS Umum Daerah Kab. Indramayu,Jawa Barat,Indramayu,1
RS Umum Bhayangkara Indramayu,3212042,Sudah kerjasama BPJS,Kolonoskopi,RS Umum Bhayangkara Indramayu,Jawa Barat,Indramayu,1
RS Umum Jasa Kartini,3206070,Sudah kerjasama BPJS,Kolonoskopi,RS Umum Jasa Kartini,Jawa Barat,Kota Tasikmalaya,1
RS Umum Islam Purwokerto,3302132,Sudah kerjasama BPJS,Kolonoskopi,RS Umum Islam Purwokerto,Jawa Tengah,Banyumas,1
RS Umum Dadi Keluarga,3302229,Sudah kerjasama BPJS,Kolonoskopi,RS Umum Dadi Keluarga,Jawa Tengah,Banyumas,1
RS Umum Santa Elisabeth Purwokerto,3302041,Sudah kerjasama BPJS,Kolonoskopi,RS Umum Santa Elisabeth Purwokerto,Jawa Tengah,Banyumas,1
RS Umum Palang Biru Kutoarjo,3306104,Sudah kerjasama BPJS,Kolonoskopi,RS Umum Palang Biru Kutoarjo,Jawa Tengah,Purworejo,1
RS Umum Dr. Oen Solo Baru,3311224,Sudah kerjasama BPJS,Kolonoskopi,RS Umum Dr. Oen Solo Baru,Jawa Tengah,Sukoharjo,1
RS Umum Nirmala Suri,3311213,Sudah kerjasama BPJS,Kolonoskopi,RS Umum Nirmala Suri,Jawa Tengah,Sukoharjo,1
RS Umum Universitas Sebelas Maret,3311228,Sudah kerjasama BPJS,Kolonoskopi,RS Umum Universitas Sebelas Maret,Jawa Tengah,Sukoharjo,1
RS Umum Indriati,3311229,Sudah kerjasama BPJS,Kolonoskopi,RS Umum Indriati,Jawa Tengah,Sukoharjo,1
RS Islam Surakarta YARSIS,3311231,Sudah kerjasama BPJS,Kolonoskopi,RS Islam Surakarta YARSIS,Jawa Tengah,Sukoharjo,1
RS Hermina Wonogiri,3312295,Sudah kerjasama BPJS,Kolonoskopi,RS Hermina Wonogiri,Jawa Tengah,Wonogiri,1
RS Umum Amal Sehat,3312306,Sudah kerjasama BPJS,Kolonoskopi,RS Umum  Amal Sehat,Jawa Tengah,Wonogiri,1
RS Umum Sarila Husada,3314045,Sudah kerjasama BPJS,Kolonoskopi,RS Umum Sarila Husada,Jawa Tengah,Sragen,1
RS Umum Ken Saras,3322034,Sudah kerjasama BPJS,Kolonoskopi,RS Umum Ken Saras,Jawa Tengah,Semarang,1
RS Umum Siaga Medika Pemalang,3327044,Sudah kerjasama BPJS,Kolonoskopi,RS Umum Siaga Medika Pemalang ,Jawa Tengah,Pemalang,1
RS Umum Muhammadiyah Siti Aminah,3329056,Sudah kerjasama BPJS,Kolonoskopi,RS Umum Muhammadiyah Siti Aminah,Jawa Tengah,Brebes,1
RS Jiwa Prof. Dr. Soerojo,3371040,Sudah kerjasama BPJS,Kolonoskopi,RS Jiwa Prof. Dr. Soerojo,Jawa Tengah,Kota Magelang,1
RS Umum Brayat Minulya,3372041,Sudah kerjasama BPJS,Kolonoskopi,RS Umum Brayat Minulya,Jawa Tengah,Kota Surakarta,1
RS Umum Pusat Surakarta,3372201,Sudah kerjasama BPJS,Kolonoskopi,RS Umum Pusat Surakarta,Jawa Tengah,Kota Surakarta,1
RS Umum Daerah Bendan Kota Pekalongan,3326049,Sudah kerjasama BPJS,Kolonoskopi,RS Umum Daerah Bendan Kota Pekalongan,Jawa Tengah,Kota Pekalongan,1
RS Umum Mitra Keluarga Tegal,3328042,Sudah kerjasama BPJS,Kolonoskopi,RS Umum Mitra Keluarga Tegal,Jawa Tengah,Kota Tegal,1
RS Umum Pusat Dr. Kariadi,3374010,Sudah kerjasama BPJS,Kolonoskopi,RS Umum Pusat Dr. Kariadi,Jawa Tengah,Kota Semarang,1
RS Umum Daerah Tugurejo Semarang,3374134,Sudah kerjasama BPJS,Kolonoskopi,RS Umum Daerah Tugurejo Semarang,Jawa Tengah,Kota Semarang,1
RS Umum Telogorejo Semarang,3374043,Sudah kerjasama BPJS,Kolonoskopi,RS Umum Telogorejo Semarang,Jawa Tengah,Kota Semarang,1
RS Umum Sultan Agung Semarang,3374076,Sudah kerjasama BPJS,Kolonoskopi,RS Umum Sultan Agung Semarang,Jawa Tengah,Kota Semarang,1
RS Daerah KRMT Wongsonegoro,3374342,Sudah kerjasama BPJS,Kolonoskopi,RS Daerah KRMT Wongsonegoro,Jawa Tengah,Kota Semarang,1
RS Umum Budi Rahayu,3375022,Sudah kerjasama BPJS,Kolonoskopi,RS Umum Budi Rahayu,Jawa Tengah,Kota Pekalongan,1
RS Umum Daerah Kraton Kab. Pekalongan,3326011,Sudah kerjasama BPJS,Kolonoskopi,RS Umum Daerah Kraton Kab. Pekalongan,Jawa Tengah,Pekalongan,1
RS Umum Daerah Batang,3325015,Sudah kerjasama BPJS,Kolonoskopi,RS Umum Daerah Batang,Jawa Tengah,Batang,1
RS Umum Daerah Kardinah,3376012,Sudah kerjasama BPJS,Kolonoskopi,RS Umum Daerah Kardinah ,Jawa Tengah,Kota Tegal,1
RS Umum Islam Harapan Anda,3376082,Sudah kerjasama BPJS,Kolonoskopi,RS Umum Islam Harapan Anda,Jawa Tengah,Kota Tegal,1
RS Umum Daerah dr. Soeselo Slawi Kabupaten Tegal,3328011,Sudah kerjasama BPJS,Kolonoskopi,RS Umum Daerah dr. Soeselo Slawi Kabupaten Tegal,Jawa Tengah,Tegal,1
RS Umum Daerah Brebes,3329012,Sudah kerjasama BPJS,Kolonoskopi,RS Umum Daerah Brebes,Jawa Tengah,Brebes,1
RS Muhammadiyah Rodliyah Achid,3327032,Sudah kerjasama BPJS,Kolonoskopi,RS Muhammadiyah Rodliyah Achid,Jawa Tengah,Pemalang,1
RS Umum Daerah Prof Dr. Margono Soekarjo,3302026,Sudah kerjasama BPJS,Kolonoskopi,RS Umum Daerah Prof Dr. Margono Soekarjo,Jawa Tengah,Banyumas,1
RS umum Daerah Banyumas,3302015,Sudah kerjasama BPJS,Kolonoskopi,RS umum Daerah Banyumas,Jawa Tengah,Banyumas,1
RS Umum Daerah Hj. Anna Lasmanah Banjarnegara,3304010,Sudah kerjasama BPJS,Kolonoskopi,RS Umum Daerah Hj. Anna Lasmanah Banjarnegara,Jawa Tengah,Banjarnegara,1
RS Umum Daerah Djojonegoro Temanggung,3323013,Sudah kerjasama BPJS,Kolonoskopi,RS Umum Daerah Djojonegoro Temanggung,Jawa Tengah,Temanggung,1
RS Umum Daerah Pandan Arang Boyolali,3309015,Sudah kerjasama BPJS,Kolonoskopi,RS Umum Daerah Pandan Arang Boyolali,Jawa Tengah,Boyolali,1
RS Umum Daerah Waras Wiris,3309096,Sudah kerjasama BPJS,Kolonoskopi,RS Umum Daerah Waras Wiris,Jawa Tengah,Boyolali,1
RS Paru Dr. Ario Wirawan,3373042,Sudah kerjasama BPJS,Kolonoskopi,RS Paru Dr. Ario Wirawan,Jawa Tengah,Kota Salatiga,1
RS Umum Islam Klaten,3310384,Sudah kerjasama BPJS,Kolonoskopi,RS Umum Islam Klaten,Jawa Tengah,Klaten,1
RS Umum Pusat Dr. Soeradji Tirtonegoro,3310015,Sudah kerjasama BPJS,Kolonoskopi,RS Umum Pusat Dr. Soeradji Tirtonegoro,Jawa Tengah,Klaten,1
RS Jiwa Daerah Dr. RM. Soedjarwadi,3310026,Sudah kerjasama BPJS,Kolonoskopi,RS Jiwa Daerah Dr. RM. Soedjarwadi,Jawa Tengah,Klaten,1
RS Umum Daerah Dr. Moewardi Surakarta,3372015,Sudah kerjasama BPJS,Kolonoskopi,RS Umum Daerah Dr. Moewardi Surakarta,Jawa Tengah,Kota Surakarta,1
RS Umum Dr. Oen,3372026,Sudah kerjasama BPJS,Kolonoskopi,RS Umum Dr. Oen,Jawa Tengah,Kota Surakarta,1
RS Umum Panti Waluyo,3372074,Sudah kerjasama BPJS,Kolonoskopi,RS Umum Panti Waluyo,Jawa Tengah,Kota Surakarta,1
RS Umum Kasih Ibu,3372165,Sudah kerjasama BPJS,Kolonoskopi,RS Umum Kasih Ibu,Jawa Tengah,Kota Surakarta,1
RS PKU Muhammadiyah Surakarta,3372096,Sudah kerjasama BPJS,Kolonoskopi,RS PKU Muhammadiyah Surakarta,Jawa Tengah,Kota Surakarta,1
RS Umum Daerah Karanganyar,3313011,Sudah kerjasama BPJS,Kolonoskopi,RS Umum Daerah Karanganyar,Jawa Tengah,Karanganyar,1
RS Umum Daerah dr. Soehadi Prijonegoro,3314012,Sudah kerjasama BPJS,Kolonoskopi,RS Umum Daerah dr. Soehadi Prijonegoro,Jawa Tengah,Sragen,1
RS Umum Daerah Ir. Soekarno Kabupaten Sukoharjo,3311016,Sudah kerjasama BPJS,Kolonoskopi,RS Umum Daerah Ir. Soekarno Kabupaten Sukoharjo,Jawa Tengah,Sukoharjo,1
RS Umum Daerah Dr. Soediran Mangun Sumarso Wonogi,3312010,Sudah kerjasama BPJS,Kolonoskopi,RS Umum Daerah Dr. Soediran Mangun Sumarso Wonogi,Jawa Tengah,Wonogiri,1
RS Umum Islam Sunan Kudus,3319080,Sudah kerjasama BPJS,Kolonoskopi,RS Umum  Islam Sunan Kudus,Jawa Tengah,Kudus,1
RS Umum Mardi Rahayu,3319032,Sudah kerjasama BPJS,Kolonoskopi,RS Umum Mardi Rahayu,Jawa Tengah,Kudus,1
RS Umum Daerah dr. Loekmono Hadi,3319010,Sudah kerjasama BPJS,Kolonoskopi,RS Umum Daerah dr. Loekmono Hadi,Jawa Tengah,Kudus,1
RS Umum Daerah Dr. R.Soedjati Soemodiardjo,3315013,Sudah kerjasama BPJS,Kolonoskopi,RS Umum Daerah Dr. R.Soedjati Soemodiardjo,Jawa Tengah,Grobogan,1
RS Umum Daerah Sunan Kalijaga,3321011,Sudah kerjasama BPJS,Kolonoskopi,RS Umum Daerah Sunan Kalijaga,Jawa Tengah,Demak,1
RS Umum Keluarga Sehat,3318108,Sudah kerjasama BPJS,Kolonoskopi,RS Umum Keluarga Sehat ,Jawa Tengah,Pati,1
RS Umum Daerah dr. R. Soetrasno Rembang,3317015,Sudah kerjasama BPJS,Kolonoskopi,RS Umum Daerah dr. R. Soetrasno Rembang,Jawa Tengah,Rembang,1
RS Umum Daerah Simpang Lima Gumul Kediri,3506066,Sudah kerjasama BPJS,Kolonoskopi,RS Umum Daerah Simpang Lima Gumul Kediri,Jawa Timur,Kediri,1
RS Umum Daerah Lawang,3507085,Sudah kerjasama BPJS,Kolonoskopi,RS Umum Daerah Lawang ,Jawa Timur,Malang,1
RS Perkebunan PTPN X (Persero) Jember,3509021,Sudah kerjasama BPJS,Kolonoskopi,RS Perkebunan PTPN X (Persero) Jember,Jawa Timur,Jember,1
RS Mata Situbondo,3512051,Sudah kerjasama BPJS,Kolonoskopi,RS Mata Situbondo,Jawa Timur,Situbondo,1
RS Islam Siti Hajar Sidoarjo,3515106,Sudah kerjasama BPJS,Kolonoskopi,RS Islam Siti Hajar Sidoarjo,Jawa Timur,Sidoarjo,1
RS Umum dr. Moedjito Dwidjosiswojo,3517091,Sudah kerjasama BPJS,Kolonoskopi,RS Umum dr. Moedjito Dwidjosiswojo,Jawa Timur,Jombang,1
RS Medika Mulia Tuban,3523041,Sudah kerjasama BPJS,Kolonoskopi,RS Medika Mulia Tuban,Jawa Timur,Tuban,1
RS Islam Nashrul Ummah,3524020,Sudah kerjasama BPJS,Kolonoskopi,RS Islam Nashrul Ummah,Jawa Timur,Lamongan,1
RS Umum Muhammadiyah Lamongan,3524031,Sudah kerjasama BPJS,Kolonoskopi,RS Umum Muhammadiyah Lamongan,Jawa Timur,Lamongan,1
RS Permata Hati Lamongan,3524072,Sudah kerjasama BPJS,Kolonoskopi,RS Permata Hati Lamongan,Jawa Timur,Lamongan,1
RS Semen Gresik,3525021,Sudah kerjasama BPJS,Kolonoskopi,RS Semen Gresik,Jawa Timur,Gresik,1
RS Umum Lavalette Malang,3573066,Sudah kerjasama BPJS,Kolonoskopi,RS Umum Lavalette Malang,Jawa Timur,Kota Malang,1
RS Umum Persada Hospital,3573257,Sudah kerjasama BPJS,Kolonoskopi,RS Umum Persada Hospital,Jawa Timur,Kota Malang,1
RS Universitas Airlangga,3578777,Sudah kerjasama BPJS,Kolonoskopi,RS Universitas Airlangga ,Jawa Timur,Kota Surabaya,1
RS Husada Utama Surabaya,3578560,Sudah kerjasama BPJS,Kolonoskopi,RS Husada Utama Surabaya,Jawa Timur,Kota Surabaya,1
RS Primasatya Husada Citra (PHC) Surabaya,3578086,Sudah kerjasama BPJS,Kolonoskopi,RS Primasatya Husada Citra (PHC) Surabaya,Jawa Timur,Kota Surabaya,1
RSPAL dr. Ramelan,3578020,Sudah kerjasama BPJS,Kolonoskopi,RSPAL dr. Ramelan,Jawa Timur,Kota Surabaya,1
RS Umum Daerah dr. Mohamad Soewandhie,3578571,Sudah kerjasama BPJS,Kolonoskopi,RS Umum Daerah dr. Mohamad Soewandhie,Jawa Timur,Kota Surabaya,1
RS Bhayangkara TK II HS. Samsoeri Mertojoso,3578764,Sudah kerjasama BPJS,Kolonoskopi,RS Bhayangkara TK II HS. Samsoeri Mertojoso,Jawa Timur,Kota Surabaya,1
RS Umum Daerah Ibnu Sina Kab. Gresik,3525010,Sudah kerjasama BPJS,Kolonoskopi,RS Umum Daerah Ibnu Sina Kab. Gresik,Jawa Timur,Gresik,1
RS Umum Daerah Sidoarjo,3515015,Sudah kerjasama BPJS,Kolonoskopi,RS Umum Daerah Sidoarjo,Jawa Timur,Sidoarjo,1
RS Umum Siti Khodijah Muhammadiyah Cabang Sepanjan,3515026,Sudah kerjasama BPJS,Kolonoskopi,RS Umum Siti Khodijah Muhammadiyah Cabang Sepanjan,Jawa Timur,Sidoarjo,1
RS Umum Daerah Dr. R. Sosodoro Djatikoesoemo,3522014,Sudah kerjasama BPJS,Kolonoskopi,RS Umum Daerah Dr. R. Sosodoro Djatikoesoemo,Jawa Timur,Bojonegoro,1
RS umum Daerah Padangan,3522058,Sudah kerjasama BPJS,Kolonoskopi,RS umum Daerah Padangan,Jawa Timur,Bojonegoro,1
RS Umum Daerah Dr. R. Koesma Tuban,3523015,Sudah kerjasama BPJS,Kolonoskopi,RS Umum Daerah Dr. R. Koesma Tuban,Jawa Timur,Tuban,1
RS Umum Daerah Dr. Soegiri Lamongan,3524016,Sudah kerjasama BPJS,Kolonoskopi,RS Umum Daerah Dr. Soegiri Lamongan,Jawa Timur,Lamongan,1
RS Umum Daerah Dr. Soedono Madiun,3577015,Sudah kerjasama BPJS,Kolonoskopi,RS Umum Daerah Dr. Soedono Madiun,Jawa Timur,Kota Madiun,1
RS Umum Daerah Kota Madiun,3577085,Sudah kerjasama BPJS,Kolonoskopi,RS Umum Daerah Kota Madiun,Jawa Timur,Kota Madiun,1
RS Umum Daerah Dr. Soeroto Ngawi,3521013,Sudah kerjasama BPJS,Kolonoskopi,RS Umum Daerah Dr. Soeroto Ngawi,Jawa Timur,Ngawi,1
RS Umum Daerah Dr. Harjono S. Kabupaten Ponorogo,3502010,Sudah kerjasama BPJS,Kolonoskopi,RS Umum Daerah Dr. Harjono S. Kabupaten Ponorogo,Jawa Timur,Ponorogo,1
RS Umum Daerah Dr. Iskak Tulungagung,3504012,Sudah kerjasama BPJS,Kolonoskopi,RS Umum Daerah Dr. Iskak Tulungagung,Jawa Timur,Tulungagung,1
RS Umum Daerah Gambiran,3571016,Sudah kerjasama BPJS,Kolonoskopi,RS Umum Daerah Gambiran,Jawa Timur,Kota Kediri,1
RS Umum Daerah Nganjuk,3518011,Sudah kerjasama BPJS,Kolonoskopi,RS Umum Daerah Nganjuk,Jawa Timur,Nganjuk,1
RSUD dr. Wahidin Sudiro Husodo Kota Mojokerto,3576014,Sudah kerjasama BPJS,Kolonoskopi,RSUD dr. Wahidin Sudiro Husodo Kota Mojokerto,Jawa Timur,Kota Mojokerto,1
RS Umum Daerah Kab. Jombang,3517010,Sudah kerjasama BPJS,Kolonoskopi,RS Umum Daerah Kab. Jombang,Jawa Timur,Jombang,1
RS Umum Daerah Dr. Saiful Anwar,3573011,Sudah kerjasama BPJS,Kolonoskopi,RS Umum Daerah Dr. Saiful Anwar,Jawa Timur,Kota Malang,1
RS Umum Panti Nirmala,3573044,Sudah kerjasama BPJS,Kolonoskopi,RS Umum Panti Nirmala,Jawa Timur,Kota Malang,1
RS Umum Daerah Kanjuruhan Kepanjen Kab. Malang,3507052,Sudah kerjasama BPJS,Kolonoskopi,RS Umum Daerah Kanjuruhan Kepanjen Kab. Malang,Jawa Timur,Malang,1
RS Umum Karsa Husada Kota Batu,3579030,Sudah kerjasama BPJS,Kolonoskopi,RS Umum Karsa Husada Kota Batu ,Jawa Timur,Kota Batu,1
RS Umum Daerah Bangil,3514036,Sudah kerjasama BPJS,Kolonoskopi,RS Umum Daerah Bangil,Jawa Timur,Pasuruan,1
RS Umum Daerah dr. Mohamad Saleh Kota Probolinggo,3574012,Sudah kerjasama BPJS,Kolonoskopi,RS Umum Daerah dr. Mohamad Saleh Kota Probolinggo,Jawa Timur,Kota Probolinggo,1
RS Umum Daerah Dr. Soebandi,3509010,Sudah kerjasama BPJS,Kolonoskopi,RS Umum Daerah Dr. Soebandi,Jawa Timur,Jember,1
RS Paru Jember,3509043,Sudah kerjasama BPJS,Kolonoskopi,RS Paru Jember,Jawa Timur,Jember,1
RS Tk. III Baladhika Husada Jember,3509032,Sudah kerjasama BPJS,Kolonoskopi,RS Tk. III Baladhika Husada Jember,Jawa Timur,Jember,1
RS Daerah Dr. Haryoto Kabupaten Lumajang,3508016,Sudah kerjasama BPJS,Kolonoskopi,RS Daerah Dr. Haryoto Kabupaten Lumajang,Jawa Timur,Lumajang,1
RS Umum Daerah dr. Abdoer Rahem Situbondo,3512012,Sudah kerjasama BPJS,Kolonoskopi,RS Umum Daerah dr. Abdoer Rahem Situbondo,Jawa Timur,Situbondo,1
RS Umum dr. H.Koesnadi Bondowoso,3511011,Sudah kerjasama BPJS,Kolonoskopi,RS Umum dr. H.Koesnadi Bondowoso,Jawa Timur,Bondowoso,1
RS Umum Daerah Blambangan,3510010,Sudah kerjasama BPJS,Kolonoskopi,RS Umum Daerah Blambangan,Jawa Timur,Banyuwangi,1
RS Umum Daerah Syarifah Ambami Rato Ebu,3526011,Sudah kerjasama BPJS,Kolonoskopi,RS Umum Daerah Syarifah Ambami Rato Ebu,Jawa Timur,Bangkalan,1
RS Umum Daerah Dr. H. Slamet Martodirdjo Pamekasan,3528013,Sudah kerjasama BPJS,Kolonoskopi,RS Umum Daerah Dr. H. Slamet Martodirdjo Pamekasan,Jawa Timur,Pamekasan,1
RS Umum Daerah Ulin Banjarmasin,6371013,Sudah kerjasama BPJS,Kolonoskopi,RS Umum Daerah Ulin Banjarmasin,Kalimantan Selatan,Kota Banjarmasin,1
RS Umum Daerah Dr. H. Moch. Ansari Saleh,6371072,Sudah kerjasama BPJS,Kolonoskopi,RS Umum Daerah Dr. H. Moch. Ansari Saleh,Kalimantan Selatan,Kota Banjarmasin,1
RS Umum Daerah Dr. Doris Sylvanus Palangka Raya,6271012,Sudah kerjasama BPJS,Kolonoskopi,RS Umum Daerah Dr. Doris Sylvanus Palangka Raya,Kalimantan Tengah,Kota Palangka Raya,1
RS Bhayangkara Palangka Raya,6271025,Sudah kerjasama BPJS,Kolonoskopi,RS Bhayangkara Palangka Raya,Kalimantan Tengah,Kota Palangka Raya,1
RS Umum Daerah Sultan Imanuddin,6201012,Sudah kerjasama BPJS,Kolonoskopi,RS Umum Daerah Sultan Imanuddin,Kalimantan Tengah,Kotawaringin Barat,1
RS Umum Daerah Tamiang Layang,6212020,Sudah kerjasama BPJS,Kolonoskopi,RS Umum Daerah Tamiang Layang,Kalimantan Tengah,Barito Timur,1
RS Siloam Hospitals Balikpapan,6471075,Sudah kerjasama BPJS,Kolonoskopi,RS Siloam Hospitals Balikpapan,Kalimantan Timur,Kota Balikpapan,1
RS Pertamina Balikpapan,6471025,Sudah kerjasama BPJS,Kolonoskopi,RS Pertamina Balikpapan,Kalimantan Timur,Kota Balikpapan,1
RS Samarinda Medika Citra,6472123,Sudah kerjasama BPJS,Kolonoskopi,RS Samarinda Medika Citra,Kalimantan Timur,Kota Samarinda,1
RS Umum Dirgahayu,6472030,Sudah kerjasama BPJS,Kolonoskopi,RS Umum Dirgahayu,Kalimantan Timur,Kota Samarinda,1
RS Umum Daerah Abdul Wahab Sjahranie,6472015,Sudah kerjasama BPJS,Kolonoskopi,RS Umum Daerah Abdul Wahab Sjahranie,Kalimantan Timur,Kota Samarinda,1
RS Umum Daerah Aji Muhammad Parikesit,6403015,Sudah kerjasama BPJS,Kolonoskopi,RS Umum Daerah Aji Muhammad Parikesit,Kalimantan Timur,Kutai Kartanegara,1
RS Umum Daerah Dr. Kanujoso Djatiwibowo,6471014,Sudah kerjasama BPJS,Kolonoskopi,RS Umum Daerah Dr. Kanujoso Djatiwibowo,Kalimantan Timur,Kota Balikpapan,1
RS Umum Daerah Kudungga,6404032,Sudah kerjasama BPJS,Kolonoskopi,RS Umum Daerah Kudungga,Kalimantan Timur,Kutai Timur,1
RS Umum Daerah dr.H. Jusuf SK,6473016,Sudah kerjasama BPJS,Kolonoskopi,RS Umum Daerah dr.H. Jusuf SK,Kalimantan Utara,Kota Tarakan,1
RS Umum Daerah Kabupaten Malinau,6406012,Sudah kerjasama BPJS,Kolonoskopi,RS Umum Daerah Kabupaten Malinau ,Kalimantan Utara,Malinau,1
RS Umum Daerah Dr. (HC) Ir. Soekarno,1901043,Sudah kerjasama BPJS,Kolonoskopi,RS Umum Daerah Dr. (HC) Ir. Soekarno,Kepulauan Bangka Belitung,Bangka,1
RS Bakti Timah Pangkalpinang,1971043,Sudah kerjasama BPJS,Kolonoskopi,RS Bakti Timah Pangkalpinang,Kepulauan Bangka Belitung,Kota Pangkal Pinang,1
RS Umum Daerah Raja Ahmad Tabib,2072002,Sudah kerjasama BPJS,Kolonoskopi,RS Umum Daerah Raja Ahmad Tabib,Kepulauan Riau,Kota Tanjung Pinang,1
RS Awal Bros Botania,2171078,Sudah kerjasama BPJS,Kolonoskopi,RS Awal Bros Botania,Kepulauan Riau,Kota Batam,1
Rumkital dr. Midiyato Suratani,2072023,Sudah kerjasama BPJS,Kolonoskopi,Rumkital dr. Midiyato Suratani,Kepulauan Riau,Kota Tanjung Pinang,1
RS Umum Budi Kemuliaan Batam,2071012,Sudah kerjasama BPJS,Kolonoskopi,RS Umum Budi Kemuliaan Batam,Kepulauan Riau,Kota Batam,1
RS Umum Daerah Embung Fatimah Kota Batam,2071114,Sudah kerjasama BPJS,Kolonoskopi,RS Umum Daerah Embung Fatimah Kota Batam,Kepulauan Riau,Kota Batam,1
RS Umum Awal Bros Batam,2071103,Sudah kerjasama BPJS,Kolonoskopi,RS Umum Awal Bros Batam,Kepulauan Riau,Kota Batam,1
RS Umum Mitra Mulia Husada,1805012,Sudah kerjasama BPJS,Kolonoskopi,RS Umum Mitra Mulia Husada,Lampung,Lampung Tengah,1
RS Umum Daerah Dr H Abdul Moeloek,1801017,Sudah kerjasama BPJS,Kolonoskopi,RS Umum Daerah Dr H Abdul Moeloek,Lampung,Kota Bandar Lampung,1
RS Umum Bakti Rahayu,8171096,Sudah kerjasama BPJS,Kolonoskopi,RS Umum Bakti Rahayu,Maluku,Kota Ambon,1
RS Umum Daerah Kota Mataram,5271087,Sudah kerjasama BPJS,Kolonoskopi,RS Umum Daerah Kota Mataram,Nusa Tenggara Barat,Kota Mataram,1
RS Umum Daerah Dr. R. Soedjono Selong,5203012,Sudah kerjasama BPJS,Kolonoskopi,RS Umum Daerah Dr. R. Soedjono Selong,Nusa Tenggara Barat,Lombok Timur,1
RS Umum Daerah Provinsi NTB,5271010,Sudah kerjasama BPJS,Kolonoskopi,RS Umum Daerah Provinsi NTB,Nusa Tenggara Barat,Kota Mataram,1
RS Umum Prof. Dr. WZ Johanes,5371011,Sudah kerjasama BPJS,Kolonoskopi,RS Umum Prof. Dr. WZ Johanes,Nusa Tenggara Timur,Kota Kupang,1
RS Umum Jayapura,9271012,Sudah kerjasama BPJS,Kolonoskopi,RS Umum Jayapura,Papua,Kota Jayapura,1
RS Umum Biak,9205015,Sudah kerjasama BPJS,Kolonoskopi,RS Umum Biak,Papua,Biak Numfor,1
RS PT. Freeport Indonesia,9101021,Sudah kerjasama BPJS,Kolonoskopi,RS PT. Freeport Indonesia,Papua Tengah,Mimika,1
RS Umum Awal Bros Pekanbaru,1471226,Sudah kerjasama BPJS,Kolonoskopi,RS Umum  Awal Bros Pekanbaru,Riau,Kota Pekanbaru,1
RS Umum Syafira,1471079,Sudah kerjasama BPJS,Kolonoskopi,RS Umum  Syafira,Riau,Kota Pekanbaru,1
RS Umum Awal Bros Panam,1471390,Sudah kerjasama BPJS,Kolonoskopi,RS Umum  Awal Bros Panam,Riau,Kota Pekanbaru,1
RS Umum Eka Hospital Pekanbaru,1471067,Sudah kerjasama BPJS,Kolonoskopi,RS Umum  Eka Hospital Pekanbaru,Riau,Kota Pekanbaru,1
RS Santa Maria Pekanbaru,1471055,Sudah kerjasama BPJS,Kolonoskopi,RS Santa Maria Pekanbaru,Riau,Kota Pekanbaru,1
RS Awal Bros A. Yani,1471384,Sudah kerjasama BPJS,Kolonoskopi,RS Awal Bros A. Yani,Riau,Kota Pekanbaru,1
RS Umum Daerah Arifin Achmad,1471011,Sudah kerjasama BPJS,Kolonoskopi,RS Umum Daerah  Arifin Achmad,Riau,Kota Pekanbaru,1
RS Hikmah Sejahtera Sukamaju,7322004,Sudah kerjasama BPJS,Kolonoskopi,RS Hikmah Sejahtera Sukamaju,Sulawesi Selatan,Luwu Utara,1
RS Hikmah Sejahtera Belopa,7317076,Sudah kerjasama BPJS,Kolonoskopi,RS Hikmah Sejahtera Belopa ,Sulawesi Selatan,Luwu,1
RS Primaya,7371399,Sudah kerjasama BPJS,Kolonoskopi,RS Primaya,Sulawesi Selatan,Kota Makassar,1
RS Universitas Hasanuddin,7371408,Sudah kerjasama BPJS,Kolonoskopi,RS Universitas Hasanuddin,Sulawesi Selatan,Kota Makassar,1
RS Grestelina,7371373,Sudah kerjasama BPJS,Kolonoskopi,RS Grestelina,Sulawesi Selatan,Kota Makassar,1
RS Siloam Makassar,7371402,Sudah kerjasama BPJS,Kolonoskopi,RS Siloam Makassar,Sulawesi Selatan,Kota Makassar,1
RSUP Dr. Wahidin Sudirohusodo,7371325,Sudah kerjasama BPJS,Kolonoskopi,RSUP Dr. Wahidin Sudirohusodo,Sulawesi Selatan,Kota Makassar,1
RS Umum Daerah Haji Makassar,7371362,Sudah kerjasama BPJS,Kolonoskopi,RS Umum Daerah Haji Makassar,Sulawesi Selatan,Kota Makassar,1
RS Tk. II Pelamonia,7371030,Sudah kerjasama BPJS,Kolonoskopi,RS Tk. II Pelamonia,Sulawesi Selatan,Kota Makassar,1
RS Kepolisian Bhayangkara,7371041,Sudah kerjasama BPJS,Kolonoskopi,RS Kepolisian Bhayangkara,Sulawesi Selatan,Kota Makassar,1
RS Khusus Daerah Dadi,7371096,Sudah kerjasama BPJS,Kolonoskopi,RS Khusus Daerah Dadi,Sulawesi Selatan,Kota Makassar,1
RS Ibnu Sina YW-UMI Makassar,7371340,Sudah kerjasama BPJS,Kolonoskopi,RS Ibnu Sina YW-UMI Makassar,Sulawesi Selatan,Kota Makassar,1
RS Umum Daerah Prof. Dr. H. Anwar Makkatutu,7303010,Sudah kerjasama BPJS,Kolonoskopi,RS Umum Daerah Prof. Dr. H. Anwar Makkatutu,Sulawesi Selatan,Bantaeng,1
RS Umum Daerah H.A. Sulthan Daeng Radja,7302016,Sudah kerjasama BPJS,Kolonoskopi,RS Umum Daerah H.A. Sulthan Daeng Radja,Sulawesi Selatan,Bulukumba,1
RS Umum Daerah Andi Makkasau Parepare,7372075,Sudah kerjasama BPJS,Kolonoskopi,RS Umum Daerah Andi Makkasau Parepare,Sulawesi Selatan,Kota Pare-pare,1
RS Umum Daerah Undata Palu,7271014,Sudah kerjasama BPJS,Kolonoskopi,RS Umum Daerah Undata Palu,Sulawesi Tengah,Kota Palu,1
RS Umum Anutapura Palu,7271036,Sudah kerjasama BPJS,Kolonoskopi,RS Umum Anutapura Palu,Sulawesi Tengah,Kota Palu,1
RS Bahteramas Provinsi Sultra,7471011,Sudah kerjasama BPJS,Kolonoskopi,RS Bahteramas Provinsi Sultra,Sulawesi Tenggara,Kota Kendari,1
RS Islam Siti Rahmah,1371456,Sudah kerjasama BPJS,Kolonoskopi,RS Islam Siti Rahmah,Sumatera Barat,Kota Padang,1
RS Umum Bunda Padang,1371446,Sudah kerjasama BPJS,Kolonoskopi,RS Umum Bunda Padang,Sumatera Barat,Kota Padang,1
RS. Universitas Andalas,1371464,Sudah kerjasama BPJS,Kolonoskopi,RS. Universitas Andalas,Sumatera Barat,Kota Padang,1
RS Umum Yos Sudarso,1371032,Sudah kerjasama BPJS,Kolonoskopi,RS Umum Yos Sudarso,Sumatera Barat,Kota Padang,1
RS Umum Daerah Pariaman,1306015,Sudah kerjasama BPJS,Kolonoskopi,RS Umum Daerah Pariaman,Sumatera Barat,Kota Pariaman,1
RS Otak DR. Drs. M. Hatta Bukittinggi,1375036,Sudah kerjasama BPJS,Kolonoskopi,RS Otak DR. Drs. M. Hatta Bukittinggi,Sumatera Barat,Kota Bukittinggi,1
RS Umum Daerah Mohammad Natsir,1372011,Sudah kerjasama BPJS,Kolonoskopi,RS Umum Daerah Mohammad Natsir,Sumatera Barat,Kota Solok,1
RS AR Bunda Kota Lubuk Linggau,1674002,Sudah kerjasama BPJS,Kolonoskopi,RS AR Bunda Kota Lubuk Linggau,Sumatera Selatan,Kota Lubuk Linggau,1
RS Umum Pusat Dr. Mohammad Hoesin Palembang,1671013,Sudah kerjasama BPJS,Kolonoskopi,RS Umum Pusat Dr. Mohammad Hoesin Palembang,Sumatera Selatan,Kota Palembang,1
RS Umum Daerah dr. H. M. Rabain Muara Enim,1603063,Sudah kerjasama BPJS,Kolonoskopi,RS Umum Daerah dr. H. M. Rabain Muara Enim,Sumatera Selatan,Muara Enim,1
RS Umum Sembiring Deli Tua,1212045,Sudah kerjasama BPJS,Kolonoskopi,RS Umum Sembiring Deli Tua,Sumatera Utara,Deli Serdang,1
RS Grandmed,1218158,Sudah kerjasama BPJS,Kolonoskopi,RS Grandmed ,Sumatera Utara,Deli Serdang,1
RS Umum Vita Insani,1273055,Sudah kerjasama BPJS,Kolonoskopi,RS Umum Vita Insani,Sumatera Utara,Kota Pematang Siantar,1
RS Umum Bina Kasih,1275997,Sudah kerjasama BPJS,Kolonoskopi,RS Umum Bina Kasih,Sumatera Utara,Kota Medan,1
RS Umum Advent Medan,1275094,Sudah kerjasama BPJS,Kolonoskopi,RS Umum Advent Medan,Sumatera Utara,Kota Medan,1
RS Umum Imelda Pekerja Indonesia,1275622,Sudah kerjasama BPJS,Kolonoskopi,RS Umum Imelda Pekerja Indonesia,Sumatera Utara,Kota Medan,1
RS SUFINA AZIZ,1275996,Sudah kerjasama BPJS,Kolonoskopi,RS SUFINA AZIZ,Sumatera Utara,Kota Medan,1
RS Umum Murni Teguh Memorial Hospital,1275889,Sudah kerjasama BPJS,Kolonoskopi,RS Umum Murni Teguh Memorial Hospital,Sumatera Utara,Kota Medan,1
RS Umum Bunda Thamrin,1275890,Sudah kerjasama BPJS,Kolonoskopi,RS Umum Bunda Thamrin,Sumatera Utara,Kota Medan,1
RS Umum Royal Prima,1275907,Sudah kerjasama BPJS,Kolonoskopi,RS Umum Royal Prima,Sumatera Utara,Kota Medan,1
RS Umum Santa Elisabeth Medan,1275072,Sudah kerjasama BPJS,Kolonoskopi,RS Umum Santa Elisabeth Medan,Sumatera Utara,Kota Medan,1
RS Umum Universitas Sumatera Utara,1275913,Sudah kerjasama BPJS,Kolonoskopi,RS Umum Universitas Sumatera Utara,Sumatera Utara,Kota Medan,1
RS Umum Royal Prima Marelan,1275936,Sudah kerjasama BPJS,Kolonoskopi,RS Umum Royal Prima Marelan,Sumatera Utara,Kota Medan,1
RS Umum Artha Medica,1276036,Sudah kerjasama BPJS,Kolonoskopi,RS Umum Artha Medica,Sumatera Utara,Kota Binjai,1
RS Umum Pusat H. Adam Malik,1275655,Sudah kerjasama BPJS,Kolonoskopi,RS Umum Pusat H. Adam Malik,Sumatera Utara,Kota Medan,1
RS Umum Haji Medan,1275794,Sudah kerjasama BPJS,Kolonoskopi,RS Umum Haji Medan,Sumatera Utara,Deli Serdang,1
RS Tk. II Putri Hijau Medan,1275035,Sudah kerjasama BPJS,Kolonoskopi,RS Tk. II Putri Hijau Medan,Sumatera Utara,Kota Medan,1
RS Bhayangkara Tingkat II,1275046,Sudah kerjasama BPJS,Kolonoskopi,RS Bhayangkara Tingkat II,Sumatera Utara,Kota Medan,1
RS Umum Martha Friska,1275633,Sudah kerjasama BPJS,Kolonoskopi,RS Umum Martha Friska,Sumatera Utara,Kota Medan,1
RS Umum Daerah Drs. H. Amri Tambunan,1212012,Sudah kerjasama BPJS,Kolonoskopi,RS Umum Daerah Drs. H. Amri Tambunan,Sumatera Utara,Deli Serdang,1
RS Umum Daerah Rantau Prapat,1207015,Sudah kerjasama BPJS,Kolonoskopi,RS Umum Daerah Rantau Prapat,Sumatera Utara,Labuhan Batu,1
RS Umum Daerah Dr. Kanujoso Djatiwibowo,6471014,Sudah kerjasama BPJS,Radioterapi,RS Umum Daerah Dr. Kanujoso Djatiwibowo,Kalimantan Timur,Kota Balikpapan,1
RS Umum Daerah Dr H Abdul Moeloek,1801017,Sudah kerjasama BPJS,Radioterapi,RS Umum Daerah Dr H Abdul Moeloek,Lampung,Kota Bandar Lampung,1
RS Umum Pusat Dr. Hasan Sadikin,3273015,Sudah kerjasama BPJS,Radioterapi,RS Umum Pusat Dr. Hasan Sadikin,Jawa Barat,Kota Bandung,1
RS Umum Daerah Al Ihsan Provinsi Jawa Barat,3204086,Sudah kerjasama BPJS,Radioterapi,RS Umum Daerah Al Ihsan Provinsi Jawa Barat,Jawa Barat,Bandung,1
RS Umum Daerah Ulin Banjarmasin,6371013,Sudah kerjasama BPJS,Radioterapi,RS Umum Daerah Ulin Banjarmasin,Kalimantan Selatan,Kota Banjarmasin,1
RSUP Prof. Dr. I.G.N.G. Ngoerah,5171016,Sudah kerjasama BPJS,Radioterapi,RSUP Prof. Dr. I.G.N.G. Ngoerah,Bali,Kota Denpasar,1
RS Umum Daerah Bali Mandara Provinsi Bali,5171220,Belum kerjasama BPJS,Radioterapi,RS Umum Daerah Bali Mandara Provinsi Bali,Bali,Kota Denpasar,0
RSUPN Dr. Cipto Mangunkusumo,3173014,Belum kerjasama BPJS,Radioterapi,RSUPN Dr. Cipto Mangunkusumo,DKI Jakarta,Kota Jakarta Pusat,0
RS Kanker Dharmais,3174063,Belum kerjasama BPJS,Radioterapi,RS Kanker Dharmais,DKI Jakarta,Kota Jakarta Barat,0
RSUP Persahabatan,3172013,Belum kerjasama BPJS,Radioterapi,RSUP Persahabatan,DKI Jakarta,Kota Jakarta Timur,0
RS Umum Daerah Pasar Minggu,3171795,Belum kerjasama BPJS,Radioterapi,RS Umum Daerah Pasar Minggu,DKI Jakarta,Kota Jakarta Selatan,0
RSUP Dr. Wahidin Sudirohusodo,7371325,Belum kerjasama BPJS,Radioterapi,RSUP Dr. Wahidin Sudirohusodo,Sulawesi Selatan,Kota Makassar,0
RS Umum Daerah Dr. Saiful Anwar,3573011,Belum kerjasama BPJS,Radioterapi,RS Umum Daerah Dr. Saiful Anwar,Jawa Timur,Kota Malang,0
RS Umum Daerah dr. Mohamad Soewandhie,3578571,Belum kerjasama BPJS,Radioterapi,RS Umum Daerah dr. Mohamad Soewandhie,Jawa Timur,Kota Surabaya,0
RSUP Prof. Dr. R. D. Kandou,7171013,Belum kerjasama BPJS,Radioterapi,RSUP Prof. Dr. R. D. Kandou,Sulawesi Utara,Kota Manado,0
RS Umum Daerah Provinsi NTB,5271010,Belum kerjasama BPJS,Radioterapi,RS Umum Daerah Provinsi NTB,Nusa Tenggara Barat,Kota Mataram,0
RS Umum Pusat H. Adam Malik,1275655,Belum kerjasama BPJS,Radioterapi,RS Umum Pusat H. Adam Malik,Sumatera Utara,Kota Medan,0
RSUP Dr. M. Djamil,1371010,Belum kerjasama BPJS,Radioterapi,RSUP Dr. M. Djamil,Sumatera Barat,Kota Padang,0
RS Umum Pusat Dr. Mohammad Hoesin Palembang,1671013,Belum kerjasama BPJS,Radioterapi,RS Umum Pusat Dr. Mohammad Hoesin Palembang,Sumatera Selatan,Kota Palembang,0
RS Umum Daerah  Arifin Achmad,1471011,Belum kerjasama BPJS,Radioterapi,RS Umum Daerah  Arifin Achmad,Riau,Kota Pekanbaru,0
RS Umum Daerah Prof Dr. Margono Soekarjo,3302026,Belum kerjasama BPJS,Radioterapi,RS Umum Daerah Prof Dr. Margono Soekarjo,Jawa Tengah,Banyumas,0
RS Umum Daerah Abdul Wahab Sjahranie,6472015,Belum kerjasama BPJS,Radioterapi,RS Umum Daerah Abdul Wahab Sjahranie,Kalimantan Timur,Kota Samarinda,0
RS Umum Pusat Dr. Kariadi,3374010,Belum kerjasama BPJS,Radioterapi,RS Umum Pusat Dr. Kariadi,Jawa Tengah,Kota Semarang,0
RS Umum Daerah Sidoarjo,3515015,Belum kerjasama BPJS,Radioterapi,RS Umum Daerah Sidoarjo,Jawa Timur,Sidoarjo,0
RSUP Dr. Sardjito,3404015,Belum kerjasama BPJS,Radioterapi,RSUP Dr. Sardjito,DI Yogyakarta,Sleman,0
RS Umum Daerah Dr. Soetomo,3578016,Belum kerjasama BPJS,Radioterapi,RS Umum Daerah Dr. Soetomo,Jawa Timur,Kota Surabaya,0
RS Umum Daerah Dr. Moewardi Surakarta,3372015,Belum kerjasama BPJS,Radioterapi,RS Umum Daerah Dr. Moewardi Surakarta,Jawa Tengah,Kota Surakarta,0
RSUP Fatmawati,3171012,Belum kerjasama BPJS,Radioterapi,RSUP Fatmawati,DKI Jakarta,Kota Jakarta Selatan,0
RS Umum Daerah Meuraxa,1171110,Sudah kerjasama BPJS,Bronkoskopi,RS Umum Daerah Meuraxa,Aceh,Kota Banda Aceh,1
RS Bali Jimbaran,5103038,Sudah kerjasama BPJS,Bronkoskopi,RS Bali Jimbaran,Bali,Badung,1
RS Umum Grha Bhakti Medika,5105017,Sudah kerjasama BPJS,Bronkoskopi,RS Umum Grha Bhakti Medika,Bali,Klungkung,1
RS Umum Balimed,5171203,Sudah kerjasama BPJS,Bronkoskopi,RS Umum Balimed,Bali,Kota Denpasar,1
RS Umum Daerah Klungkung,5105013,Sudah kerjasama BPJS,Bronkoskopi,RS Umum Daerah Klungkung,Bali,Klungkung,1
RS Umum Daerah Wangaya,5171020,Belum kerjasama BPJS,Bronkoskopi,RS Umum Daerah Wangaya,Bali,Kota Denpasar,0
RS Siloam Hospitals Kelapa Dua,3603193,Belum kerjasama BPJS,Bronkoskopi,RS Siloam Hospitals Kelapa Dua,Banten,Tangerang,0
RS EMC Alam Sutera,3603115,Belum kerjasama BPJS,Bronkoskopi,RS EMC Alam Sutera,Banten,Kota Tangerang Selatan,0
RS Umum Daerah Dr. M. Yunus Bengkulu,1771014,Belum kerjasama BPJS,Bronkoskopi,RS Umum Daerah Dr. M. Yunus Bengkulu,Bengkulu,Kota Bengkulu,0
RS Akademik Universitas Gadjah Mada,3404189,Belum kerjasama BPJS,Bronkoskopi,RS Akademik Universitas Gadjah Mada,DI Yogyakarta,Sleman,0
RS Paru Respira,3471121,Belum kerjasama BPJS,Bronkoskopi,RS Paru Respira,DI Yogyakarta,Bantul,0
RS Siloam Yogyakarta,3471380,Belum kerjasama BPJS,Bronkoskopi,RS Siloam Yogyakarta,DI Yogyakarta,Kota Yogyakarta,0
RS Bethesda Yogyakarta,3471063,Belum kerjasama BPJS,Bronkoskopi,RS Bethesda Yogyakarta,DI Yogyakarta,Kota Yogyakarta,0
RS Umum Daerah Panembahan Senopati,3402016,Belum kerjasama BPJS,Bronkoskopi,RS Umum Daerah Panembahan Senopati,DI Yogyakarta,Bantul,0
RS Umum Yarsi,3173712,Belum kerjasama BPJS,Bronkoskopi,RS Umum Yarsi,DKI Jakarta,Kota Jakarta Pusat,0
RS Umum Gading Pluit,3175407,Belum kerjasama BPJS,Bronkoskopi,RS Umum Gading Pluit,DKI Jakarta,Kota Jakarta Utara,0
RS Islam Jakarta Cempaka Putih,3173073,Belum kerjasama BPJS,Bronkoskopi,RS Islam Jakarta Cempaka Putih,DKI Jakarta,Kota Jakarta Pusat,0
RS Angkatan Udara dr. Esnawan Antariksa,3172061,Belum kerjasama BPJS,Bronkoskopi,RS Angkatan Udara dr. Esnawan Antariksa,DKI Jakarta,Kota Jakarta Timur,0
RS Penyakit Infeksi Prof. Dr. Sulianti Saroso,3175064,Belum kerjasama BPJS,Bronkoskopi,RS Penyakit Infeksi Prof. Dr. Sulianti Saroso,DKI Jakarta,Kota Jakarta Utara,0
RS Eka Hospital,3201258,Belum kerjasama BPJS,Bronkoskopi,RS Eka Hospital,Jawa Barat,Bogor,0
RS Hermina Soreang,3204165,Belum kerjasama BPJS,Bronkoskopi,RS Hermina Soreang,Jawa Barat,Bandung,0
RS Umum Daerah M. A. Sentot Patrol,3212031,Belum kerjasama BPJS,Bronkoskopi,RS Umum Daerah M. A. Sentot Patrol,Jawa Barat,Indramayu,0
RS Umum Pamanukan Medical Center (PMC),3213045,Belum kerjasama BPJS,Bronkoskopi,RS Umum Pamanukan Medical Center (PMC),Jawa Barat,Subang,0
RS Hamori,3213062,Belum kerjasama BPJS,Bronkoskopi,RS Hamori,Jawa Barat,Subang,0
RS Umum Siloam Purwakarta,3214031,Belum kerjasama BPJS,Bronkoskopi,RS Umum Siloam Purwakarta,Jawa Barat,Purwakarta,0
RS Primaya Karawang,3215170,Belum kerjasama BPJS,Bronkoskopi,RS Primaya Karawang,Jawa Barat,Karawang,0
RS Umum Sentra Medika,3276017,Belum kerjasama BPJS,Bronkoskopi,RS Umum Sentra Medika,Jawa Barat,Kota Depok,0
RS Jantung Diagram,3276150,Belum kerjasama BPJS,Bronkoskopi,RS Jantung Diagram,Jawa Barat,Kota Depok,0
RS Umum Permata Bunda,3278082,Belum kerjasama BPJS,Bronkoskopi,RS Umum Permata Bunda,Jawa Barat,Kota Tasikmalaya,0
RS Umum Daerah Karawang,3215012,Belum kerjasama BPJS,Bronkoskopi,RS Umum Daerah Karawang,Jawa Barat,Karawang,0
RS Paru Provinsi Jawa Barat,3209036,Belum kerjasama BPJS,Bronkoskopi,RS Paru Provinsi Jawa Barat,Jawa Barat,Cirebon,0
RS Umum Mitra Plumbon,3209051,Belum kerjasama BPJS,Bronkoskopi,RS Umum Mitra Plumbon,Jawa Barat,Cirebon,0
RS Umum Daerah Kab. Indramayu,3212016,Belum kerjasama BPJS,Bronkoskopi,RS Umum Daerah Kab. Indramayu,Jawa Barat,Indramayu,0
RS Umum Telogorejo Semarang,3374043,Belum kerjasama BPJS,Bronkoskopi,RS Umum Telogorejo Semarang,Jawa Tengah,Kota Semarang,0
RS umum Daerah Banyumas,3302015,Belum kerjasama BPJS,Bronkoskopi,RS umum Daerah Banyumas,Jawa Tengah,Banyumas,0
RS Umum Daerah Cilacap,3301014,Belum kerjasama BPJS,Bronkoskopi,RS Umum Daerah Cilacap,Jawa Tengah,Cilacap,0
RS Umum PKU Muhamadiyah Gombong,3305066,Sudah kerjasama BPJS,Bronkoskopi,RS Umum PKU Muhamadiyah Gombong,Jawa Tengah,Kebumen,1
RS Umum Daerah Pandan Arang Boyolali,3309015,Sudah kerjasama BPJS,Bronkoskopi,RS Umum Daerah Pandan Arang Boyolali,Jawa Tengah,Boyolali,1
RS Umum Kasih Ibu,3372165,Sudah kerjasama BPJS,Bronkoskopi,RS Umum Kasih Ibu,Jawa Tengah,Kota Surakarta,1
RS Umum Daerah Dr. Soediran Mangun Sumarso Wonogi,3312010,Sudah kerjasama BPJS,Bronkoskopi,RS Umum Daerah Dr. Soediran Mangun Sumarso Wonogi,Jawa Tengah,Wonogiri,1
RS Umum Mardi Rahayu,3319032,Sudah kerjasama BPJS,Bronkoskopi,RS Umum Mardi Rahayu,Jawa Tengah,Kudus,1
RS Umum Daerah Srengat Kab. Blitar,3505045,Sudah kerjasama BPJS,Bronkoskopi,RS Umum Daerah Srengat Kab. Blitar,Jawa Timur,Blitar,1
RS Umum Mitra Keluarga Waru,3515122,Sudah kerjasama BPJS,Bronkoskopi,RS Umum Mitra Keluarga Waru,Jawa Timur,Sidoarjo,1
RS Paru Manguharjo Madiun,3519026,Sudah kerjasama BPJS,Bronkoskopi,RS Paru Manguharjo Madiun,Jawa Timur,Kota Madiun,1
RS Umum Siti Khodijah Muhammadiyah Cabang Sepanjan,3515026,Sudah kerjasama BPJS,Bronkoskopi,RS Umum Siti Khodijah Muhammadiyah Cabang Sepanjan,Jawa Timur,Sidoarjo,1
RS Umum Karsa Husada Kota Batu,3579030,Sudah kerjasama BPJS,Bronkoskopi,RS Umum Karsa Husada Kota Batu ,Jawa Timur,Kota Batu,1
RS Umum Daerah dr. Mohammad Zyn Kab. Sampang,3527012,Sudah kerjasama BPJS,Bronkoskopi,RS Umum Daerah dr. Mohammad Zyn Kab. Sampang,Jawa Timur,Sampang,1
RS Umum Daerah Dr. H. Slamet Martodirdjo Pamekasan,3528013,Sudah kerjasama BPJS,Bronkoskopi,RS Umum Daerah Dr. H. Slamet Martodirdjo Pamekasan,Jawa Timur,Pamekasan,1
RS Umum Daerah Sultan Imanuddin,6201012,Sudah kerjasama BPJS,Bronkoskopi,RS Umum Daerah Sultan Imanuddin,Kalimantan Tengah,Kotawaringin Barat,1
RS Umum Daerah Dr Murjani Sampit,6202013,Sudah kerjasama BPJS,Bronkoskopi,RS Umum Daerah Dr Murjani Sampit,Kalimantan Tengah,Kotawaringin Timur,1
RS Umum Daerah Panglima Sebaya,6401014,Sudah kerjasama BPJS,Bronkoskopi,RS Umum Daerah Panglima Sebaya,Kalimantan Timur,Paser,1
RS Ibu dan Anak Rona,1971006,Sudah kerjasama BPJS,Bronkoskopi,RS Ibu dan Anak Rona,Kepulauan Bangka Belitung,Kota Pangkal Pinang,1
RS Umum Daerah Depati Bahrin,1901016,Sudah kerjasama BPJS,Bronkoskopi,RS Umum Daerah Depati Bahrin,Kepulauan Bangka Belitung,Bangka,1
RS Badan Pengusahaan Batam,2071034,Sudah kerjasama BPJS,Bronkoskopi,RS Badan Pengusahaan Batam,Kepulauan Riau,Kota Batam,1
RS Umum Awal Bros Batam,2071103,Sudah kerjasama BPJS,Bronkoskopi,RS Umum Awal Bros Batam,Kepulauan Riau,Kota Batam,1
RS Umum Pusat Dr. Johannes Leimena Ambon,8171123,Sudah kerjasama BPJS,Bronkoskopi,RS Umum Pusat Dr. Johannes Leimena Ambon,Maluku,Kota Ambon,1
RS H. L. Manambai Abdulkadir,5206027,Sudah kerjasama BPJS,Bronkoskopi,RS H. L. Manambai Abdulkadir,Nusa Tenggara Barat,Sumbawa,1
RS Umum Daerah Petala Bumi,1471091,Sudah kerjasama BPJS,Bronkoskopi,RS Umum Daerah  Petala Bumi ,Riau,Kota Pekanbaru,1
RS Umum Eka Hospital Pekanbaru,1471067,Sudah kerjasama BPJS,Bronkoskopi,RS Umum  Eka Hospital Pekanbaru,Riau,Kota Pekanbaru,1
RS Santa Maria Pekanbaru,1471055,Sudah kerjasama BPJS,Bronkoskopi,RS Santa Maria Pekanbaru,Riau,Kota Pekanbaru,1
RS Umum Prima Pekanbaru,1471397,Sudah kerjasama BPJS,Bronkoskopi,RS Umum  Prima Pekanbaru,Riau,Kota Pekanbaru,1
RS Angkatan Udara dr. Sukirman Lanud Roesmin Nurjadin,1471215,Sudah kerjasama BPJS,Bronkoskopi,RS Angkatan Udara dr. Sukirman Lanud Roesmin Nurjadin,Riau,Kota Pekanbaru,1
RSUP Dr. Wahidin Sudirohusodo,7371325,Sudah kerjasama BPJS,Bronkoskopi,RSUP Dr. Wahidin Sudirohusodo,Sulawesi Selatan,Kota Makassar,1
RS Umum Daerah Haji Makassar,7371362,Sudah kerjasama BPJS,Bronkoskopi,RS Umum Daerah Haji Makassar,Sulawesi Selatan,Kota Makassar,1
RS Umum Pusat Dr. Tadjuddin Chalid Makassar,7371314,Sudah kerjasama BPJS,Bronkoskopi,RS Umum Pusat Dr. Tadjuddin Chalid Makassar,Sulawesi Selatan,Kota Makassar,1
RS Umum Daerah Daya Kota Makassar,7371395,Sudah kerjasama BPJS,Bronkoskopi,RS Umum Daerah Daya Kota Makassar,Sulawesi Selatan,Kota Makassar,1
RS Umum Daerah ODSK,7171103,Sudah kerjasama BPJS,Bronkoskopi,RS Umum Daerah ODSK,Sulawesi Utara,Kota Manado,1
RS Paru Sumatera Barat,1306057,Sudah kerjasama BPJS,Bronkoskopi,RS Paru Sumatera Barat,Sumatera Barat,Padang Pariaman,1
RS Otak DR. Drs. M. Hatta Bukittinggi,1375036,Sudah kerjasama BPJS,Bronkoskopi,RS Otak DR. Drs. M. Hatta Bukittinggi,Sumatera Barat,Kota Bukittinggi,1
RS Umum Madina,1375051,Sudah kerjasama BPJS,Bronkoskopi,RS Umum Madina,Sumatera Barat,Kota Bukittinggi,1
RS Umum Daerah Arosuka Solok,1303023,Sudah kerjasama BPJS,Bronkoskopi,RS Umum Daerah Arosuka Solok,Sumatera Barat,Solok,1
RS Umum Daerah Sawah Lunto,1373012,Sudah kerjasama BPJS,Bronkoskopi,RS Umum Daerah Sawah Lunto,Sumatera Barat,Kota Sawah Lunto,1
RS AR Bunda Kota Lubuk Linggau,1674002,Sudah kerjasama BPJS,Bronkoskopi,RS AR Bunda Kota Lubuk Linggau,Sumatera Selatan,Kota Lubuk Linggau,1
RS Umum Bina Kasih,1275997,Sudah kerjasama BPJS,Bronkoskopi,RS Umum Bina Kasih,Sumatera Utara,Kota Medan,1
RS Umum Mitra Sejati,1275298,Sudah kerjasama BPJS,Bronkoskopi,RS Umum Mitra Sejati,Sumatera Utara,Kota Medan,1
RS Umum Imelda Pekerja Indonesia,1275622,Sudah kerjasama BPJS,Bronkoskopi,RS Umum Imelda Pekerja Indonesia,Sumatera Utara,Kota Medan,1
RS Umum Royal Prima,1275907,Sudah kerjasama BPJS,Bronkoskopi,RS Umum Royal Prima,Sumatera Utara,Kota Medan,1
RS Umum Universitas Sumatera Utara,1275913,Sudah kerjasama BPJS,Bronkoskopi,RS Umum Universitas Sumatera Utara,Sumatera Utara,Kota Medan,1
RS Umum Pusat H. Adam Malik,1275655,Sudah kerjasama BPJS,Bronkoskopi,RS Umum Pusat H. Adam Malik,Sumatera Utara,Kota Medan,1
RS Umum Haji Medan,1275794,Sudah kerjasama BPJS,Bronkoskopi,RS Umum Haji Medan,Sumatera Utara,Deli Serdang,1
RS Umum Daerah Dr. R. M. Djoelham Binjai,1276014,Sudah kerjasama BPJS,Bronkoskopi,RS Umum Daerah Dr. R. M. Djoelham Binjai,Sumatera Utara,Kota Binjai,1
