Kode_RS,Rumah_Sakit,Jenis,Jenis_Grup,Kelas,Penyelenggara,Penyelenggara_Kategori,Provinsi,Kab_Kota,Dokter,Dokter Gigi,Dokter Spesialis Penyakit Dalam (Sp.PD),Dokter Spesialis Obstetri & Ginekologi (Sp.OG),Dokter Spesialis Anak (Sp.A),Dokter Spesialis Bedah (Sp.B),Subspesialis Digestif,Subspesialis Onkologi,Dokter Spesialis Obstetri & Ginekologi (Sp.OG)_2,Subspesialis Onkologi ginekologi,Dokter Spesialis Penyakit Dalam (Sp.PD)_2,Subspesialis Hematologi onkologi,Subspesialis Gastroenterologi-hepatologi,Dokter Spesialis Anak (Sp.A)_2,Subspesialis Hematologi onkologi_2,Dokter Spesialis Paru  - Pulmonologi (Sp.P),Subspesialis Onkologi thoraks,Dokter Spesialis Patologi Anatomi (Sp.PA),Dokter Spesialis Patologi Klinik (SP.PK),Dokter Spesialis Radiologi (Sp.Rad),Dokter Spesialis Onkologi Radiasi (Sp.Onk.Rad),Dokter Spesialis Anastesiologi (Sp.An),Dokter Spesialis Nuklir (Sp.KN),Ahli Teknologi Laboratorium Medik (Analis Kesehatan),Fisikawan Medik,Radiografer,Total_SDM_Tercatat,Jumlah_Jenis_SDM_Tersedia,Kelengkapan_Data_SDM_pct,Brachytherapy,CT Scan 128,CT Scan 64,CT Simulator,CUSA,Cyclotron,Cytotoxic drug safety cabinet,Flowcytometer,IHK Manual,IHK Set,LINAC,Mammografi,Mikroskop fluoresen,Mikroskop microsurgery,MRI 1.5 Tesla,PET CT,Set Histopatologi,Slide Scanner / Digital Pathology,SPECT CT,"USG (Payudara, Abdomen, Ginekologi)",Jumlah_Record_Alkes_Raw,Duplikat_Alkes_Raw,Total_Unit_Alkes_Tercatat,Jumlah_Jenis_Alkes_Tersedia,Kelengkapan_Data_Alkes_pct,Ada_Data_Alkes,BPJS_Bedah Onko,BPJS_Bronkoskopi,BPJS_Kemo,BPJS_Kolonoskopi,BPJS_Mammografi,BPJS_Patologi Anatomi,BPJS_Patologi Klinik,BPJS_Radioterapi,Jumlah_Layanan_BPJS_Tercatat,Jumlah_Layanan_BPJS_Sudah,Persen_Layanan_BPJS_Sudah
1103010,RS Umum Daerah Dr. H. Yulidin Away,RSU,RS Umum,B,Pemkab,RS Publik,Aceh,Aceh Selatan,40.0,5.0,3.0,3.0,3.0,3.0,,1.0,3.0,,3.0,,,3.0,,2.0,,1.0,2.0,1.0,,2.0,,23.0,1.0,12.0,102.0,15,65.22,0.0,0.0,1.0,0.0,0.0,0.0,0.0,0.0,,0.0,0.0,0.0,,0.0,0.0,0.0,,,0.0,,1.0,False,1.0,1.0,75.0,1,,,,,,,Sudah kerjasama BPJS,,1,1,100.0
1103021,RS Cahaya Sehat,RSU,RS Umum,D,Kementerian Lain,RS Publik,Aceh,Aceh Selatan,,,,,,,,,,,,,,,,,,,,,,,,,,,,0,0.0,,,,,,,,,,,,,,,,,,,,,,,,,,0,,,,,,,,,0,0,
1104011,RS Umum Daerah H. Sahudin Kutacane,RSU,RS Umum,C,Pemkab,RS Publik,Aceh,Aceh Tenggara,28.0,3.0,3.0,1.0,1.0,3.0,,,1.0,,3.0,,,1.0,,1.0,,1.0,2.0,1.0,,1.0,,28.0,,12.0,85.0,13,56.52,0.0,0.0,0.0,1.0,0.0,0.0,0.0,0.0,,0.0,0.0,0.0,,0.0,0.0,0.0,,,0.0,,1.0,False,1.0,1.0,75.0,1,,,,,,Sudah kerjasama BPJS,Sudah kerjasama BPJS,,2,2,100.0
1104012,RS Umum Nurul Hasanah,RSU,RS Umum,C,Swasta,RS Privat,Aceh,Aceh Tenggara,10.0,1.0,2.0,2.0,2.0,1.0,,,2.0,,2.0,,,2.0,,,,1.0,1.0,1.0,,1.0,,,,2.0,24.0,11,47.83,,,,,,,,,,,,,,,,,,,,,,,,,,0,,,,,,,Sudah kerjasama BPJS,,1,1,100.0
1104013,RS Ibu dan Anak Keluarga Desa,RSIA,RS Khusus,C,Swasta,RS Privat,Aceh,Aceh Tenggara,,,,,,,,,,,,,,,,,,,,,,,,,,,,0,0.0,,,,,,,,,,,,,,,,,,,,,,,,,,0,,,,,,,Sudah kerjasama BPJS,,1,1,100.0
1105056,RS Umum Daerah dr. Zubir Mahmud,RSU,RS Umum,B,Pemkab,RS Publik,Aceh,Aceh Timur,30.0,2.0,2.0,4.0,2.0,2.0,,,4.0,,2.0,,,2.0,,2.0,,1.0,2.0,1.0,,2.0,,22.0,,15.0,87.0,13,56.52,0.0,0.0,1.0,0.0,0.0,0.0,0.0,0.0,,0.0,0.0,1.0,,0.0,0.0,0.0,,,0.0,,1.0,False,2.0,2.0,75.0,1,,,,,Sudah kerjasama BPJS,Sudah kerjasama BPJS,Sudah kerjasama BPJS,,3,3,100.0
1105067,RS Umum Daerah Sultan Abdul Aziz Syah Peureulak,RSU,RS Umum,C,Pemkab,RS Publik,Aceh,Aceh Timur,26.0,2.0,3.0,3.0,2.0,2.0,,,3.0,,3.0,,,2.0,,1.0,,1.0,1.0,1.0,,1.0,,12.0,,6.0,61.0,13,56.52,,,,,,,,,,,,,,,,,,,,,,,,,,0,,,,,,Sudah kerjasama BPJS,Sudah kerjasama BPJS,,2,2,100.0
1105078,RS Umum Graha Bunda ,RSU,RS Umum,C,Swasta Non Profit,RS Publik,Aceh,Aceh Timur,,,,,,,,,,,,,,,,,,,,,,,,2.0,,2.0,4.0,2,8.7,,,,,,,,,,,,,,,,,,,,,,,,,,0,,,,,,,,,0,0,
1106013,RS Umum Daerah Datu Beru Takengon,RSU,RS Umum,B,Pemkab,RS Publik,Aceh,Aceh Tengah,42.0,2.0,2.0,3.0,3.0,2.0,,,3.0,,2.0,,,3.0,,3.0,,3.0,3.0,2.0,,2.0,,41.0,,23.0,131.0,13,56.52,0.0,0.0,0.0,0.0,0.0,0.0,0.0,0.0,,0.0,0.0,1.0,,0.0,1.0,0.0,,,0.0,,1.0,False,2.0,2.0,75.0,1,,,,Sudah kerjasama BPJS,Sudah kerjasama BPJS,Sudah kerjasama BPJS,Sudah kerjasama BPJS,,4,4,100.0
1106014,RS Umum Fandika,RSU,RS Umum,D,Swasta,RS Privat,Aceh,Aceh Tengah,6.0,,,2.0,,,,,2.0,,,,,,,,,,,,,,,,,,8.0,2,8.7,,,,,,,,,,,,,,,,,,,,,,,,,,0,,,,,,,Sudah kerjasama BPJS,,1,1,100.0
1107014,RS Umum Daerah Cut Nyak Dhien,RSU,RS Umum,B,Pemkab,RS Publik,Aceh,Aceh Barat,33.0,4.0,6.0,4.0,6.0,4.0,,1.0,4.0,,6.0,,,6.0,,3.0,,,2.0,,,2.0,,28.0,,20.0,113.0,12,52.17,0.0,0.0,0.0,0.0,2.0,0.0,0.0,0.0,,0.0,0.0,1.0,,0.0,0.0,0.0,,,0.0,,1.0,False,3.0,2.0,75.0,1,Sudah kerjasama BPJS,,,,Sudah kerjasama BPJS,,Sudah kerjasama BPJS,,3,3,100.0
1107015,RS Umum Montella,RSU,RS Umum,D,Swasta,RS Privat,Aceh,Aceh Barat,6.0,,3.0,2.0,2.0,,,,2.0,,3.0,,,2.0,,,,,,,,,,,,,13.0,4,17.39,,,,,,,,,,,,,,,,,,,,,,,,,,0,,,,,,,,,0,0,
1107016,RS Umum Harapan Sehat,RSU,RS Umum,D,Swasta,RS Privat,Aceh,Aceh Barat,1.0,1.0,1.0,1.0,1.0,2.0,,,1.0,,1.0,,,1.0,,1.0,,,,,,,,,,,8.0,7,30.43,,,,,,,,,,,,,,,,,,,,,,,,,,0,,,,,,,,,0,0,
1107017,RS Tingkat IV IM 07.02,RSU,RS Umum,D,TNI,RS Publik,Aceh,Aceh Barat,4.0,1.0,,,,,,,,,,,,,,,,,,,,,,,,3.0,8.0,3,13.04,,,,,,,,,,,,,,,,,,,,,,,,,,0,,,,,,,Sudah kerjasama BPJS,,1,1,100.0
1108015,RS Umum Daerah Kabupaten Aceh Besar,RSU,RS Umum,C,Pemkab,RS Publik,Aceh,Aceh Besar,18.0,6.0,3.0,1.0,3.0,1.0,,,1.0,,3.0,,,3.0,,1.0,,,1.0,1.0,,1.0,,8.0,,4.0,48.0,12,52.17,0.0,0.0,0.0,0.0,0.0,0.0,0.0,0.0,0.0,0.0,0.0,0.0,,0.0,0.0,0.0,0.0,0.0,0.0,0.0,1.0,False,0.0,0.0,95.0,1,,,,,,,,,0,0,
1108017,RS Umum Ibnu Sina,RSU,RS Umum,D,Swasta,RS Privat,Aceh,Aceh Besar,19.0,,1.0,,,1.0,,,,,1.0,,,,,,,,,,,,,6.0,,1.0,28.0,5,21.74,,,,,,,,,,,,,,,,,,,,,,,,,,0,,,,,,Sudah kerjasama BPJS,Sudah kerjasama BPJS,,2,2,100.0
1108028,RS Hermina Aceh,RSU,RS Umum,D,Swasta,RS Privat,Aceh,Aceh Besar,,,,,,,,,,,,,,,,,,,,,,,,,,,,0,0.0,,,,,,,,,,,,,,,,,,,,,,,,,,0,,,,,,,,,0,0,
1109016,RS Umum Daerah TGK Chik Ditiro Sigli,RSU,RS Umum,B,Pemkab,RS Publik,Aceh,Pidie,32.0,5.0,6.0,3.0,4.0,4.0,,,3.0,,6.0,,,4.0,,1.0,,,2.0,1.0,,4.0,,19.0,,16.0,97.0,12,52.17,0.0,1.0,0.0,1.0,0.0,0.0,1.0,0.0,,0.0,0.0,1.0,,0.0,1.0,0.0,,,0.0,,1.0,False,5.0,5.0,75.0,1,Sudah kerjasama BPJS,,Sudah kerjasama BPJS,,,Sudah kerjasama BPJS,Sudah kerjasama BPJS,,4,4,100.0
1109027,RS Umum Daerah TGK. Abdullah Syafii Beureuneun,RSU,RS Umum,C,Pemkab,RS Publik,Aceh,Pidie,23.0,5.0,3.0,3.0,4.0,3.0,,,3.0,,3.0,,,4.0,,,,,1.0,1.0,,2.0,,14.0,,8.0,67.0,11,47.83,,,,,,,,,,,,,,,,,,,,,,,,,,0,,,,,,,Sudah kerjasama BPJS,,1,1,100.0
1109028,RS Umum Mufid,RSU,RS Umum,D,Swasta,RS Privat,Aceh,Pidie,8.0,1.0,2.0,1.0,2.0,3.0,,,1.0,,2.0,,,2.0,,1.0,,,1.0,1.0,,1.0,,3.0,,2.0,26.0,12,52.17,,,,,,,,,,,,,,,,,,,,,,,,,,0,Sudah kerjasama BPJS,,,,,,Sudah kerjasama BPJS,,2,2,100.0
1109029,RS Umum Citra Husada,RSU,RS Umum,D,Swasta,RS Privat,Aceh,Pidie,20.0,2.0,3.0,4.0,3.0,2.0,,,4.0,,3.0,,,3.0,,1.0,,,1.0,1.0,,3.0,,4.0,,1.0,45.0,12,52.17,,,,,,,,,,,,,,,,,,,,,,,,,,0,,,,,,,Sudah kerjasama BPJS,,1,1,100.0
1109031,RS Islam Ibnu Sina Sigli,RSU,RS Umum,D,Swasta,RS Privat,Aceh,Pidie,8.0,1.0,3.0,1.0,3.0,1.0,,,1.0,,3.0,,,3.0,,,,,,,,2.0,,2.0,,3.0,24.0,9,39.13,,,,,,,,,,,,,,,,,,,,,,,,,,0,,,,,,Sudah kerjasama BPJS,,,1,1,100.0
1109042,RS Umum Harapan Ibu,RSU,RS Umum,D,Swasta,RS Privat,Aceh,Pidie,,,,,,,,,,,,,,,,,,,,,,,,,,,,0,0.0,,,,,,,,,,,,,,,,,,,,,,,,,,0,,,,,,,,,0,0,
1111005,RS Umum Prima Inti Medika,RSU,RS Umum,D,Swasta,RS Privat,Aceh,Aceh Utara,6.0,1.0,2.0,1.0,1.0,2.0,,,1.0,,2.0,,,1.0,,,,,1.0,,,3.0,,7.0,,4.0,28.0,10,43.48,,,,,,,,,,,,,,,,,,,,,,,,,,0,,,,,,,Sudah kerjasama BPJS,,1,1,100.0
1111006,RS Umum Daerah dr. Muchtar Hasbi,RSU,RS Umum,D PRATAMA,Pemkab,RS Publik,Aceh,Aceh Utara,3.0,,,,,,,,,,,,,,,,,,,,,,,1.0,,,4.0,2,8.7,,,,,,,,,,,,,,,,,,,,,,,,,,0,,,,,,,,,0,0,
1111029,RS Zahra,RSU,RS Umum,D,Swasta,RS Privat,Aceh,Aceh Utara,,,,,,,,,,,,,,,,,,,,,,,,,,,,0,0.0,,,,,,,,,,,,,,,,,,,,,,,,,,0,,,,,,,,,0,0,
1174016,RS Umum Cut Meutia Kab. Aceh Utara,RSU,RS Umum,B,Pemkab,RS Publik,Aceh,Aceh Utara,36.0,4.0,12.0,3.0,6.0,4.0,,,3.0,,12.0,,,6.0,,5.0,,1.0,2.0,2.0,,3.0,,29.0,,18.0,125.0,13,56.52,0.0,0.0,1.0,1.0,0.0,0.0,1.0,0.0,,0.0,0.0,1.0,,3.0,0.0,0.0,,,0.0,,1.0,False,7.0,5.0,75.0,1,Sudah kerjasama BPJS,,,,,Sudah kerjasama BPJS,Sudah kerjasama BPJS,,3,3,100.0
1101015,RS Umum Daerah Simeulue,RSU,RS Umum,C,Pemkab,RS Publik,Aceh,Simeulue,7.0,1.0,3.0,2.0,2.0,2.0,,,2.0,,3.0,,,2.0,,1.0,,,1.0,,,,,12.0,,12.0,43.0,10,43.48,0.0,0.0,0.0,0.0,0.0,0.0,0.0,0.0,0.0,0.0,0.0,0.0,,0.0,0.0,0.0,0.0,0.0,0.0,0.0,1.0,False,0.0,0.0,95.0,1,,,,,,,Sudah kerjasama BPJS,,1,1,100.0
1102016,RS Umum Daerah Aceh Singkil,RSU,RS Umum,C,Pemkab,RS Publik,Aceh,Aceh Singkil,36.0,6.0,4.0,2.0,2.0,2.0,,,2.0,,4.0,,,2.0,,1.0,,,1.0,1.0,,1.0,,13.0,,11.0,80.0,12,52.17,0.0,0.0,0.0,0.0,0.0,0.0,0.0,0.0,0.0,0.0,0.0,0.0,,0.0,0.0,0.0,0.0,0.0,0.0,3.0,1.0,False,3.0,1.0,95.0,1,,,,,,,Sudah kerjasama BPJS,,1,1,100.0
1110027,RS Umum Malahayati,RSU,RS Umum,D,Swasta Non Profit,RS Publik,Aceh,Bireuen,8.0,2.0,4.0,1.0,2.0,2.0,,,1.0,,4.0,,,2.0,,1.0,,,1.0,1.0,,1.0,,3.0,,3.0,29.0,12,52.17,,,,,,,,,,,,,,,,,,,,,,,,,,0,,,,,,,,,0,0,
1110075,RS Umum Daerah Dr. Fauziah Bireun,RSU,RS Umum,B,Pemkab,RS Publik,Aceh,Bireuen,42.0,5.0,9.0,6.0,5.0,4.0,,,6.0,,9.0,,,5.0,,4.0,,3.0,3.0,3.0,,6.0,,38.0,1.0,26.0,155.0,14,60.87,0.0,0.0,1.0,1.0,0.0,0.0,0.0,0.0,,0.0,0.0,1.0,,0.0,1.0,0.0,,,0.0,,1.0,False,4.0,4.0,75.0,1,,,,,,Sudah kerjasama BPJS,Sudah kerjasama BPJS,,2,2,100.0
1110101,RS Umum Bireuen Medical Center ,RSU,RS Umum,D,Swasta Non Profit,RS Publik,Aceh,Bireuen,16.0,1.0,2.0,,1.0,3.0,,,,,2.0,,,1.0,,2.0,,,1.0,,,1.0,,4.0,,2.0,33.0,10,43.48,,,,,,,,,,,,,,,,,,,,,,,,,,0,,,,,,,Sudah kerjasama BPJS,,1,1,100.0
1110102,RS Umum Telaga Bunda,RSU,RS Umum,D,Swasta Non Profit,RS Publik,Aceh,Bireuen,17.0,1.0,4.0,2.0,3.0,2.0,,,2.0,,4.0,,,3.0,,,,1.0,1.0,,,2.0,,6.0,,1.0,40.0,11,47.83,,,,,,,,,,,,,,,,,,,,,,,,,,0,,,,,,,Sudah kerjasama BPJS,,1,1,100.0
1110103,RS Umum Avicenna,RSU,RS Umum,D,Swasta,RS Privat,Aceh,Bireuen,17.0,1.0,2.0,3.0,1.0,2.0,,,3.0,,2.0,,,1.0,,,,,,1.0,,2.0,,6.0,,,35.0,9,39.13,,,,,,,,,,,,,,,,,,,,,,,,,,0,,,,,,,,,0,0,
1110104,RS Umum Jeumpa Hospital,RSU,RS Umum,C,Swasta,RS Privat,Aceh,Bireuen,11.0,2.0,2.0,2.0,1.0,3.0,,,2.0,,2.0,,,1.0,,1.0,,,1.0,1.0,,2.0,,1.0,,4.0,31.0,12,52.17,,,,,,,,,,,,,,,,,,,,,,,,,,0,,,,,,,Sudah kerjasama BPJS,,1,1,100.0
1112011,RS Umum Daerah Teungku Peukan,RSU,RS Umum,C,Pemkab,RS Publik,Aceh,Aceh Barat Daya,25.0,2.0,3.0,2.0,2.0,2.0,,,2.0,,3.0,,,2.0,,1.0,,,1.0,1.0,,2.0,,23.0,,17.0,81.0,12,52.17,0.0,0.0,0.0,0.0,0.0,0.0,0.0,0.0,0.0,0.0,0.0,0.0,,0.0,0.0,0.0,0.0,0.0,0.0,7.0,1.0,False,7.0,1.0,95.0,1,,,,,,,Sudah kerjasama BPJS,,1,1,100.0
1113012,RS Umum Muhammad Ali Kasim,RSU,RS Umum,C,Pemkab,RS Publik,Aceh,Gayo Lues,16.0,3.0,4.0,1.0,1.0,2.0,,,1.0,,4.0,,,1.0,,1.0,,,,1.0,,1.0,,21.0,,13.0,64.0,11,47.83,0.0,0.0,0.0,0.0,0.0,0.0,0.0,0.0,0.0,0.0,0.0,0.0,,0.0,0.0,0.0,0.0,0.0,0.0,2.0,1.0,False,2.0,1.0,95.0,1,,,,,,,Sudah kerjasama BPJS,,1,1,100.0
1116011,RS Umum Daerah Teuku Umar Kabupaten Aceh Jaya,RSU,RS Umum,C,Pemkab,RS Publik,Aceh,Aceh Jaya,12.0,3.0,4.0,2.0,1.0,4.0,,,2.0,,4.0,,,1.0,,1.0,,,1.0,1.0,,2.0,,6.0,,12.0,49.0,12,52.17,0.0,0.0,0.0,0.0,0.0,0.0,0.0,0.0,0.0,0.0,0.0,0.0,,0.0,0.0,0.0,1.0,0.0,0.0,2.0,1.0,False,3.0,2.0,95.0,1,,,,,,,Sudah kerjasama BPJS,,1,1,100.0
1115012,RS Umum Daerah Sultan Iskandar Muda Nagan Raya,RSU,RS Umum,C,Pemkab,RS Publik,Aceh,Nagan Raya,23.0,1.0,5.0,2.0,2.0,1.0,,,2.0,,5.0,,,2.0,,1.0,,,1.0,1.0,,4.0,,17.0,,17.0,75.0,12,52.17,0.0,0.0,0.0,0.0,0.0,0.0,0.0,0.0,0.0,0.0,0.0,0.0,,0.0,0.0,0.0,0.0,0.0,0.0,4.0,1.0,False,4.0,1.0,95.0,1,,,,,,,Sudah kerjasama BPJS,,1,1,100.0
1105034,RS Umum Pertamina Rantau,RSU,RS Umum,D,BUMN,RS Privat,Aceh,Aceh Tamiang,5.0,,,,,,,,,,,,,,,,,,,,,,,2.0,,1.0,8.0,3,13.04,,,,,,,,,,,,,,,,,,,,,,,,,,0,,,,,,,,,0,0,
1114011,RS Umum Daerah Tamiang,RSU,RS Umum,C,Pemkab,RS Publik,Aceh,Aceh Tamiang,28.0,5.0,4.0,4.0,2.0,3.0,1.0,,4.0,,4.0,,,2.0,,1.0,,,3.0,1.0,,2.0,,25.0,,14.0,93.0,13,56.52,0.0,0.0,0.0,0.0,0.0,0.0,0.0,0.0,0.0,0.0,0.0,0.0,,0.0,0.0,0.0,0.0,0.0,0.0,3.0,1.0,False,3.0,1.0,95.0,1,,,,,,Sudah kerjasama BPJS,Sudah kerjasama BPJS,,2,2,100.0
1117025,RS Umum Daerah Muyang Kute Redelong Bener Meriah,RSU,RS Umum,C,Pemkab,RS Publik,Aceh,Bener Meriah,30.0,3.0,3.0,2.0,2.0,2.0,,,2.0,,3.0,,,2.0,,,,1.0,1.0,1.0,,,,20.0,,13.0,78.0,11,47.83,0.0,0.0,0.0,0.0,0.0,0.0,0.0,0.0,0.0,0.0,0.0,0.0,,0.0,0.0,0.0,0.0,0.0,0.0,1.0,1.0,False,1.0,1.0,95.0,1,,,,,,Sudah kerjasama BPJS,Sudah kerjasama BPJS,,2,2,100.0
1117027,RS Ibu dan Anak Azalia,RSIA,RS Khusus,C,Swasta,RS Privat,Aceh,Bener Meriah,4.0,,,1.0,1.0,1.0,,,1.0,,,,,1.0,,,,,1.0,,,2.0,,1.0,,,11.0,7,30.43,,,,,,,,,,,,,,,,,,,,,,,,,,0,,,,,,,Sudah kerjasama BPJS,,1,1,100.0
1118012,RS Umum Daerah Pidie Jaya,RSU,RS Umum,B,Pemkab,RS Publik,Aceh,Pidie Jaya,32.0,2.0,4.0,1.0,,3.0,,,1.0,,4.0,,,,,1.0,,,1.0,1.0,,1.0,,24.0,,21.0,91.0,11,47.83,0.0,0.0,0.0,0.0,0.0,0.0,0.0,0.0,0.0,0.0,0.0,0.0,,0.0,0.0,0.0,1.0,0.0,0.0,5.0,1.0,False,6.0,2.0,95.0,1,,,,,,,,,0,0,
1171015,RS Umum Daerah  Dr. Zainoel Abidin,RSU,RS Umum,A,Pemprop,RS Publik,Aceh,Kota Banda Aceh,566.0,14.0,24.0,12.0,11.0,6.0,3.0,1.0,12.0,1.0,24.0,1.0,2.0,11.0,1.0,10.0,,3.0,5.0,10.0,,18.0,1.0,65.0,2.0,51.0,807.0,21,91.3,0.0,1.0,2.0,1.0,2.0,0.0,1.0,0.0,,1.0,0.0,1.0,,2.0,1.0,0.0,,,0.0,,1.0,False,12.0,9.0,75.0,1,Sudah kerjasama BPJS,,Sudah kerjasama BPJS,Sudah kerjasama BPJS,,Sudah kerjasama BPJS,Sudah kerjasama BPJS,,5,5,100.0
1171026,RS Tk. II Iskandar Muda Banda Aceh,RSU,RS Umum,B,TNI,RS Publik,Aceh,Kota Banda Aceh,43.0,3.0,7.0,4.0,2.0,1.0,,,4.0,,7.0,,,2.0,,3.0,,,1.0,2.0,,2.0,,17.0,,8.0,93.0,12,52.17,,,,,,,,,,,,,,,,,,,,,,,,,,0,,,,,,Sudah kerjasama BPJS,Sudah kerjasama BPJS,,2,2,100.0
1171041,RS Jiwa Aceh,RSK Jiwa,RS Khusus,A,Pemprop,RS Publik,Aceh,Kota Banda Aceh,22.0,4.0,1.0,,1.0,,,,,,1.0,,,1.0,,,,,,,,,,8.0,,2.0,38.0,6,26.09,,,,,,,,,,,,,,,,,,,,,,,,,,0,,,,,,,,,0,0,
1171085,RS Umum Malahayati,RSU,RS Umum,D,Swasta Non Profit,RS Publik,Aceh,Kota Banda Aceh,,,,,,,,,,,,,,,,,,,,,,,,,,,,0,0.0,,,,,,,,,,,,,,,,,,,,,,,,,,0,,,,,,,,,0,0,
1171096,RS Umum Harapan Bunda Banda Aceh,RSU,RS Umum,C,Swasta Non Profit,RS Publik,Aceh,Kota Banda Aceh,8.0,,2.0,2.0,1.0,,,,2.0,,2.0,,,1.0,,,,,,,,1.0,,13.0,,8.0,35.0,7,30.43,,,,,,,,,,,,,,,,,,,,,,,,,,0,,,,,,,,,0,0,
1171106,RS Umum Teungku Fakinah,RSU,RS Umum,C,Swasta Non Profit,RS Publik,Aceh,Kota Banda Aceh,10.0,,3.0,6.0,2.0,2.0,,,6.0,,3.0,,,2.0,,,,,,,,1.0,,,,6.0,30.0,7,30.43,,,,,,,,,,,,,,,,,,,,,,,,,,0,,,,,,,Sudah kerjasama BPJS,,1,1,100.0
1171110,RS Umum Daerah Meuraxa,RSU,RS Umum,B,Pemkot,RS Publik,Aceh,Kota Banda Aceh,55.0,11.0,7.0,3.0,5.0,6.0,,,3.0,,7.0,,,5.0,,2.0,,,2.0,1.0,,1.0,,20.0,,19.0,132.0,12,52.17,0.0,0.0,2.0,1.0,0.0,0.0,0.0,0.0,,0.0,0.0,1.0,,0.0,0.0,0.0,,,0.0,,1.0,False,4.0,3.0,75.0,1,,Sudah kerjasama BPJS,,Sudah kerjasama BPJS,,Sudah kerjasama BPJS,Sudah kerjasama BPJS,,4,4,100.0
1171121,RS Ibu dan Anak Pemerintah Aceh,RSIA,RS Khusus,B,Pemprop,RS Publik,Aceh,Kota Banda Aceh,48.0,4.0,3.0,4.0,5.0,2.0,,,4.0,,3.0,,,5.0,,1.0,,,1.0,,,3.0,,36.0,,9.0,116.0,11,47.83,,,,,,,,,,,,,,,,,,,,,,,,,,0,,,Sudah kerjasama BPJS,,Sudah kerjasama BPJS,,Sudah kerjasama BPJS,,3,3,100.0
1171143,RS Bhayangkara Banda Aceh,RSU,RS Umum,C,POLRI,RS Publik,Aceh,Kota Banda Aceh,24.0,1.0,1.0,,,,,,,,1.0,,,,,2.0,,,,1.0,,,,8.0,,9.0,46.0,7,30.43,,,,,,,,,,,,,,,,,,,,,,,,,,0,,,,,,,,,0,0,
1171145,RS Umum Meutia,RSU,RS Umum,D,Swasta,RS Privat,Aceh,Kota Banda Aceh,2.0,,,,,,,,,,,,,,,,,,,,,,,,,,2.0,1,4.35,,,,,,,,,,,,,,,,,,,,,,,,,,0,Sudah kerjasama BPJS,,,,,,,,1,1,100.0
1171146,RS Ibu dan Anak Cempaka Az Zahra Banda Aceh,RSIA,RS Khusus,C,Swasta,RS Privat,Aceh,Kota Banda Aceh,6.0,,2.0,6.0,2.0,,,,6.0,,2.0,,,2.0,,,,,1.0,,,1.0,,2.0,,,20.0,7,30.43,,,,,,,,,,,,,,,,,,,,,,,,,,0,,,,,,,Sudah kerjasama BPJS,,1,1,100.0
1171147,RS Pendidikan Universitas Syiah Kuala,RSU,RS Umum,D,Kementerian Lain,RS Publik,Aceh,Kota Banda Aceh,15.0,1.0,7.0,2.0,2.0,3.0,,,2.0,,7.0,,,2.0,,5.0,,,1.0,1.0,,2.0,,1.0,,2.0,42.0,12,52.17,,,,,,,,,,,,,,,,,,,,,,,,,,0,,,,,,,,,0,0,
1171150,RS Umum Pertamedika Ummi Rosnati,RSU,RS Umum,C,Swasta,RS Privat,Aceh,Kota Banda Aceh,14.0,,1.0,1.0,7.0,1.0,,,1.0,,1.0,,,7.0,,,,,,,,1.0,,,,,25.0,6,26.09,,,,,,,,,,,,,,,,,,,,,,,,,,0,,,,,,,Sudah kerjasama BPJS,,1,1,100.0
1171161,RS Umum Cempaka Lima,RSU,RS Umum,C,Swasta,RS Privat,Aceh,Kota Banda Aceh,8.0,,,,,,,,,,,,,,,,,,,,,,,6.0,,4.0,18.0,3,13.04,,,,,,,,,,,,,,,,,,,,,,,,,,0,,,,,,,Sudah kerjasama BPJS,,1,1,100.0
1171162,RS Khusus Bedah Sehat Selamat Sejahtera,RSK BEDAH,RS Khusus,C,Swasta,RS Privat,Aceh,Kota Banda Aceh,,,,,,,,,,,,,,,,,,,,,,,,,,,,0,0.0,,,,,,,,,,,,,,,,,,,,,,,,,,0,,,,,,,,,0,0,
1172016,RS Umum Daerah Sabang,RSU,RS Umum,C,Pemkot,RS Publik,Aceh,Kota Sabang,17.0,2.0,3.0,2.0,2.0,1.0,,,2.0,,3.0,,,2.0,,1.0,,,1.0,,,1.0,,7.0,,8.0,45.0,11,47.83,0.0,0.0,0.0,0.0,0.0,0.0,0.0,0.0,0.0,0.0,0.0,0.0,,0.0,0.0,0.0,0.0,0.0,0.0,2.0,1.0,False,2.0,1.0,95.0,1,,,,,,,Sudah kerjasama BPJS,,1,1,100.0
1172031,RS AL Sabang,RSU,RS Umum,D,TNI,RS Publik,Aceh,Kota Sabang,3.0,3.0,1.0,,1.0,,,,,,1.0,,,1.0,,,,,,,,,,,,1.0,9.0,5,21.74,,,,,,,,,,,,,,,,,,,,,,,,,,0,,,,,,,,,0,0,
1110053,RS Arun Lhokseumawe,RSU,RS Umum,C,Swasta,RS Privat,Aceh,Kota Lhokseumawe,7.0,2.0,3.0,1.0,1.0,2.0,,,1.0,,3.0,,,1.0,,2.0,,,1.0,1.0,,2.0,,6.0,,2.0,30.0,12,52.17,,,,,,,,,,,,,,,,,,,,,,,,,,0,,,,,,Sudah kerjasama BPJS,Sudah kerjasama BPJS,,2,2,100.0
1110086,RS Umum Bunda ,RSU,RS Umum,C,Swasta Non Profit,RS Publik,Aceh,Kota Lhokseumawe,9.0,,4.0,2.0,3.0,1.0,,,2.0,,4.0,,,3.0,,1.0,,,,1.0,,2.0,,4.0,,,27.0,9,39.13,,,,,,,,,,,,,,,,,,,,,,,,,,0,,,,,,,,,0,0,
1111018,RS Umum PMI Cabang Aceh Utara,RSU,RS Umum,D,Swasta Non Profit,RS Publik,Aceh,Kota Lhokseumawe,9.0,1.0,6.0,2.0,2.0,1.0,,,2.0,,6.0,,,2.0,,2.0,,,1.0,1.0,,1.0,,,,1.0,27.0,11,47.83,,,,,,,,,,,,,,,,,,,,,,,,,,0,,,,,,,Sudah kerjasama BPJS,,1,1,100.0
1174019,RS Umum Bunga Melati,RSU,RS Umum,D,Swasta,RS Privat,Aceh,Kota Lhokseumawe,5.0,2.0,3.0,3.0,3.0,1.0,,,3.0,,3.0,,,3.0,,1.0,,,1.0,,,1.0,,6.0,,,26.0,10,43.48,,,,,,,,,,,,,,,,,,,,,,,,,,0,,,,,,,Sudah kerjasama BPJS,,1,1,100.0
1174021,RS Umum Sakinah,RSU,RS Umum,D,Swasta Non Profit,RS Publik,Aceh,Kota Lhokseumawe,11.0,1.0,2.0,3.0,2.0,1.0,,,3.0,,2.0,,1.0,2.0,,1.0,,,1.0,,,,,,,,23.0,9,39.13,,,,,,,,,,,,,,,,,,,,,,,,,,0,,,,,,,Sudah kerjasama BPJS,,1,1,100.0
1174022,RS Umum Metro Medical Center,RSU,RS Umum,D,Swasta,RS Privat,Aceh,Kota Lhokseumawe,16.0,2.0,6.0,2.0,3.0,2.0,,,2.0,,6.0,,,3.0,,2.0,,,2.0,,,3.0,,,,,38.0,9,39.13,,,,,,,,,,,,,,,,,,,,,,,,,,0,,,,,,,Sudah kerjasama BPJS,,1,1,100.0
1174023,RS Ibu dan Anak ABBY,RSIA,RS Khusus,C,Swasta,RS Privat,Aceh,Kota Lhokseumawe,4.0,,2.0,2.0,3.0,1.0,,,2.0,,2.0,,,3.0,,,,,1.0,,,2.0,,2.0,,,17.0,8,34.78,,,,,,,,,,,,,,,,,,,,,,,,,,0,,,,,,,Sudah kerjasama BPJS,,1,1,100.0
1174024,RS Umum Az-Zuhra,RSU,RS Umum,D,Swasta,RS Privat,Aceh,Kota Lhokseumawe,19.0,1.0,1.0,2.0,2.0,2.0,1.0,,2.0,,1.0,,,2.0,,,,,2.0,,,,,,,,30.0,8,34.78,,,,,,,,,,,,,,,,,,,,,,,,,,0,,,,,,,Sudah kerjasama BPJS,,1,1,100.0
1174064,RS Umum Kasih Ibu Lhokseumawe,RSU,RS Umum,C,Swasta Non Profit,RS Publik,Aceh,Kota Lhokseumawe,9.0,1.0,2.0,2.0,1.0,1.0,,,2.0,,2.0,,,1.0,,,,,1.0,1.0,,1.0,,,,1.0,20.0,10,43.48,,,,,,,,,,,,,,,,,,,,,,,,,,0,,,,,,,Sudah kerjasama BPJS,,1,1,100.0
1174100,RS Tk. IV Lhokseumawe Aceh Utara,RSU,RS Umum,C,TNI,RS Publik,Aceh,Kota Lhokseumawe,11.0,3.0,5.0,3.0,2.0,2.0,,,3.0,,5.0,,,2.0,,3.0,,1.0,2.0,1.0,,3.0,,9.0,,7.0,52.0,13,56.52,,,,,,,,,,,,,,,,,,,,,,,,,,0,,,,,,Sudah kerjasama BPJS,Sudah kerjasama BPJS,,2,2,100.0
1173003,RS Umum Ummi Langsa,RSU,RS Umum,D,Swasta,RS Privat,Aceh,Kota Langsa,5.0,,2.0,1.0,1.0,2.0,,,1.0,,2.0,,,1.0,,,,,,,,,,,,,11.0,5,21.74,,,,,,,,,,,,,,,,,,,,,,,,,,0,,,,,,,,,0,0,
1173012,RS Umum Daerah Langsa,RSU,RS Umum,B,Pemkot,RS Publik,Aceh,Kota Langsa,37.0,4.0,4.0,4.0,3.0,4.0,1.0,,4.0,,4.0,,,3.0,,2.0,,1.0,3.0,2.0,,3.0,,23.0,,21.0,112.0,14,60.87,0.0,1.0,0.0,1.0,0.0,0.0,0.0,0.0,,0.0,0.0,1.0,,0.0,1.0,0.0,,,0.0,,1.0,False,4.0,4.0,75.0,1,,,,,,Sudah kerjasama BPJS,Sudah kerjasama BPJS,,2,2,100.0
1173023,RS Umum Cut Meutia,RSU,RS Umum,C,BUMN,RS Privat,Aceh,Kota Langsa,18.0,,,,,,,,,,,,,,,,,,,,,,,,,,18.0,1,4.35,,,,,,,,,,,,,,,,,,,,,,,,,,0,,,,,,,Sudah kerjasama BPJS,,1,1,100.0
1173045,RS Cut Nyak Dhien Langsa,RSU,RS Umum,D,Swasta Non Profit,RS Publik,Aceh,Kota Langsa,1.0,,,,,,,,,,,,,,,,,,,,,,,,,,1.0,1,4.35,,,,,,,,,,,,,,,,,,,,,,,,,,0,,,,,,,,,0,0,
1173056,RS Ibu dan Anak Ummi Langsa,RSIA,RS Khusus,C,Swasta,RS Privat,Aceh,Kota Langsa,,,,,,,,,,,,,,,,,,,,,,,,,,,,0,0.0,,,,,,,,,,,,,,,,,,,,,,,,,,0,,,,,,,,,0,0,
1102027,RS Umum Daerah Kota Subulussalam,RSU,RS Umum,C,Pemkot,RS Publik,Aceh,Kota Subulussalam,16.0,5.0,4.0,2.0,1.0,3.0,,,2.0,,4.0,,,1.0,,1.0,,,1.0,,,1.0,,22.0,,11.0,67.0,11,47.83,0.0,0.0,0.0,0.0,0.0,0.0,0.0,0.0,0.0,0.0,0.0,0.0,,0.0,0.0,0.0,0.0,0.0,0.0,2.0,1.0,False,2.0,1.0,95.0,1,,,,,,Sudah kerjasama BPJS,Sudah kerjasama BPJS,,2,2,100.0
1204056,RS Umum Daerah Pandan,RSU,RS Umum,C,Pemkab,RS Publik,Sumatera Utara,Tapanuli Tengah,19.0,5.0,2.0,1.0,2.0,2.0,,,1.0,,2.0,,,2.0,,1.0,,,1.0,1.0,,1.0,,5.0,,3.0,43.0,12,52.17,0.0,0.0,1.0,0.0,0.0,0.0,0.0,0.0,,0.0,0.0,0.0,,0.0,0.0,0.0,,,0.0,,1.0,False,1.0,1.0,75.0,1,,,,,,Sudah kerjasama BPJS,Sudah kerjasama BPJS,,2,2,100.0
1205013,RS Umum Daerah Tarutung,RSU,RS Umum,B,Pemkab,RS Publik,Sumatera Utara,Tapanuli Utara,18.0,3.0,3.0,3.0,2.0,2.0,,,3.0,,3.0,,,2.0,,1.0,,1.0,3.0,1.0,,1.0,,16.0,1.0,10.0,65.0,14,60.87,0.0,0.0,1.0,0.0,0.0,0.0,0.0,0.0,,0.0,0.0,1.0,,0.0,0.0,0.0,,,0.0,,1.0,False,2.0,2.0,75.0,1,,,,,,Sudah kerjasama BPJS,Sudah kerjasama BPJS,,2,2,100.0
1205142,RS Umum Sint Lucia,RSU,RS Umum,D,Swasta Non Profit,RS Publik,Sumatera Utara,Tapanuli Utara,6.0,,1.0,2.0,1.0,1.0,,,2.0,,1.0,,,1.0,,,,,1.0,1.0,,1.0,,,,2.0,16.0,9,39.13,,,,,,,,,,,,,,,,,,,,,,,,,,0,,,,,,,Sudah kerjasama BPJS,,1,1,100.0
1203033,RS Umum Daerah Tapanuli Selatan,RSU,RS Umum,C,Pemkab,RS Publik,Sumatera Utara,Tapanuli Selatan,20.0,1.0,3.0,1.0,3.0,2.0,,,1.0,,3.0,,,3.0,,1.0,,,1.0,1.0,,1.0,,4.0,,5.0,43.0,12,52.17,0.0,0.0,0.0,0.0,0.0,0.0,0.0,0.0,0.0,0.0,0.0,0.0,,0.0,0.0,0.0,0.0,0.0,0.0,4.0,1.0,False,4.0,1.0,95.0,1,,,,,,,Sudah kerjasama BPJS,,1,1,100.0
1203066,RS Umum Daerah Pintu Padang,RSU,RS Umum,D,Pemkab,RS Publik,Sumatera Utara,Tapanuli Selatan,3.0,,1.0,,1.0,,,,,,1.0,,,1.0,,,,,,,,,,,,,5.0,3,13.04,,,,,,,,,,,,,,,,,,,,,,,,,,0,,,,,,,,,0,0,
1203067,RS Bhayangkara TK. IV  Batangtoru,RSU,RS Umum,D,POLRI,RS Publik,Sumatera Utara,Tapanuli Selatan,,,,,,,,,,,,,,,,,,,,,,,,,,,,0,0.0,,,,,,,,,,,,,,,,,,,,,,,,,,0,,,,,,,,,0,0,
1201016,RS Umum Daerah dr. M. Thomsen Nias,RSU,RS Umum,C,Pemkab,RS Publik,Sumatera Utara,Nias,26.0,2.0,3.0,3.0,2.0,3.0,,,3.0,,3.0,,,2.0,,1.0,,,1.0,2.0,,3.0,,21.0,,16.0,83.0,12,52.17,0.0,0.0,1.0,0.0,0.0,0.0,0.0,0.0,,0.0,0.0,0.0,,0.0,0.0,0.0,,,0.0,,1.0,False,1.0,1.0,75.0,1,,,,,,,Sudah kerjasama BPJS,,1,1,100.0
1213013,RS Umum Daerah Tanjung Pura,RSU,RS Umum,C,Pemkab,RS Publik,Sumatera Utara,Langkat,14.0,4.0,3.0,3.0,6.0,1.0,,,3.0,,3.0,,,6.0,,2.0,,1.0,2.0,1.0,,1.0,,4.0,,6.0,48.0,13,56.52,0.0,0.0,0.0,0.0,1.0,0.0,0.0,0.0,,0.0,0.0,1.0,,0.0,0.0,0.0,,,0.0,,1.0,False,2.0,2.0,75.0,1,,,,,,,Sudah kerjasama BPJS,,1,1,100.0
1213024,RS Umum PTP II Tg Selamat,RSU,RS Umum,C,BUMN,RS Privat,Sumatera Utara,Langkat,11.0,2.0,1.0,1.0,,2.0,,,1.0,,1.0,,,,,,,,,,,1.0,,2.0,,2.0,22.0,8,34.78,,,,,,,,,,,,,,,,,,,,,,,,,,0,,,,,,,,,0,0,
1213035,RS Umum Pertamina Pangkalan Brandan,RSU,RS Umum,C,BUMN,RS Privat,Sumatera Utara,Langkat,12.0,2.0,3.0,3.0,3.0,4.0,,,3.0,,3.0,,,3.0,,1.0,,,1.0,1.0,,1.0,,1.0,,,32.0,11,47.83,,,,,,,,,,,,,,,,,,,,,,,,,,0,,,,,,,Sudah kerjasama BPJS,,1,1,100.0
1213057,RS Umum Delia,RSU,RS Umum,C,Swasta Non Profit,RS Publik,Sumatera Utara,Langkat,6.0,1.0,1.0,1.0,2.0,1.0,,,1.0,,1.0,,,2.0,,1.0,,1.0,,1.0,,1.0,,1.0,,,17.0,11,47.83,,,,,,,,,,,,,,,,,,,,,,,,,,0,,,,,,Sudah kerjasama BPJS,Sudah kerjasama BPJS,,2,2,100.0
1213058,RS Umum Wampu Norita,RSU,RS Umum,D,Swasta,RS Privat,Sumatera Utara,Langkat,4.0,1.0,2.0,1.0,1.0,,,,1.0,,2.0,,,1.0,,,,,1.0,1.0,,,,,,1.0,12.0,8,34.78,,,,,,,,,,,,,,,,,,,,,,,,,,0,,,,,,,,,0,0,
1213059,RS Umum Putri Bidadari,RSU,RS Umum,B,Swasta,RS Privat,Sumatera Utara,Langkat,18.0,1.0,4.0,4.0,3.0,4.0,1.0,1.0,4.0,,4.0,1.0,1.0,3.0,,1.0,,1.0,2.0,1.0,,3.0,,5.0,,5.0,56.0,17,73.91,,,,,,,,,,,,,,,,,,,,,,,,,,0,Sudah kerjasama BPJS,,Sudah kerjasama BPJS,,,Sudah kerjasama BPJS,Sudah kerjasama BPJS,,4,4,100.0
1213062,RS Umum Mahkota Bidadari,RSU,RS Umum,C,Swasta,RS Privat,Sumatera Utara,Langkat,15.0,1.0,2.0,3.0,2.0,2.0,,,3.0,,2.0,,,2.0,,2.0,,,1.0,1.0,,3.0,,1.0,,3.0,36.0,12,52.17,,,,,,,,,,,,,,,,,,,,,,,,,,0,,,,,,,Sudah kerjasama BPJS,,1,1,100.0
1211011,RS Umum Daerah Kabupaten Karo,RSU,RS Umum,C,Pemkab,RS Publik,Sumatera Utara,Karo,17.0,4.0,4.0,4.0,3.0,1.0,,,4.0,,4.0,,,3.0,,1.0,,1.0,,,,,,13.0,,7.0,55.0,10,43.48,0.0,0.0,0.0,0.0,0.0,0.0,0.0,0.0,,0.0,0.0,0.0,,0.0,0.0,0.0,,,0.0,,1.0,False,0.0,0.0,75.0,1,,,,,,,Sudah kerjasama BPJS,,1,1,100.0
1211033,RS Umum Kusta Lau Simomo,RSU,RS Umum,C,Pemprop,RS Publik,Sumatera Utara,Karo,8.0,1.0,,,,,,,,,,,,,,,,,1.0,,,,,1.0,,1.0,12.0,5,21.74,,,,,,,,,,,,,,,,,,,,,,,,,,0,,,,,,,,,0,0,
1211124,RS Umum Efarina Etaham,RSU,RS Umum,C,Swasta,RS Privat,Sumatera Utara,Karo,16.0,2.0,6.0,3.0,1.0,1.0,,,3.0,,6.0,,,1.0,,1.0,,1.0,,,,1.0,,1.0,,,33.0,10,43.48,,,,,,,,,,,,,,,,,,,,,,,,,,0,,,,,Sudah kerjasama BPJS,Sudah kerjasama BPJS,Sudah kerjasama BPJS,,3,3,100.0
1211126,RS Umum Amanda,RSU,RS Umum,C,Swasta,RS Privat,Sumatera Utara,Karo,11.0,,2.0,4.0,2.0,2.0,,,4.0,,2.0,,,2.0,,2.0,,,1.0,1.0,,1.0,,1.0,,3.0,30.0,11,47.83,,,,,,,,,,,,,,,,,,,,,,,,,,0,,,,,,,Sudah kerjasama BPJS,,1,1,100.0
1211127,RS Ibu dan Anak Mina Husada,RSIA,RS Khusus,C,Swasta,RS Privat,Sumatera Utara,Karo,,,,,,,,,,,,,,,,,,,,,,,,1.0,,,1.0,1,4.35,,,,,,,,,,,,,,,,,,,,,,,,,,0,,,,,,,Sudah kerjasama BPJS,,1,1,100.0
1212012,RS Umum Daerah Drs. H. Amri Tambunan,RSU,RS Umum,B,Pemkab,RS Publik,Sumatera Utara,Deli Serdang,37.0,1.0,3.0,3.0,5.0,2.0,1.0,,3.0,,3.0,,,5.0,,3.0,,2.0,4.0,1.0,,2.0,,26.0,1.0,11.0,102.0,15,65.22,0.0,0.0,0.0,0.0,0.0,0.0,1.0,1.0,,0.0,0.0,0.0,,0.0,0.0,0.0,,,0.0,,1.0,False,2.0,2.0,75.0,1,,,,Sudah kerjasama BPJS,,Sudah kerjasama BPJS,Sudah kerjasama BPJS,,3,3,100.0
1212023,RS Umum Dr. Gerhard L. Tobing,RSU,RS Umum,C,Swasta,RS Privat,Sumatera Utara,Deli Serdang,60.0,1.0,3.0,1.0,1.0,1.0,,,1.0,,3.0,,,1.0,,2.0,,,,,,1.0,,,,,70.0,8,34.78,,,,,,,,,,,,,,,,,,,,,,,,,,0,,,,,,,Sudah kerjasama BPJS,,1,1,100.0
1212045,RS Umum Sembiring Deli Tua,RSU,RS Umum,B,Swasta Non Profit,RS Publik,Sumatera Utara,Deli Serdang,30.0,1.0,6.0,4.0,2.0,1.0,,1.0,4.0,,6.0,,,2.0,,2.0,,1.0,2.0,1.0,1.0,3.0,,6.0,,5.0,66.0,15,65.22,,,,,,,,,,,,,,,,,,,,,,,,,,0,Sudah kerjasama BPJS,,Sudah kerjasama BPJS,Sudah kerjasama BPJS,,Sudah kerjasama BPJS,Sudah kerjasama BPJS,,5,5,100.0
1212067,RS Umum Hidayah,RSU,RS Umum,D,Swasta Non Profit,RS Publik,Sumatera Utara,Deli Serdang,1.0,2.0,1.0,2.0,1.0,1.0,,,2.0,,1.0,,,1.0,,1.0,,,1.0,,,1.0,,,,,11.0,9,39.13,,,,,,,,,,,,,,,,,,,,,,,,,,0,,,,,,,Sudah kerjasama BPJS,,1,1,100.0
1212093,RS Umum Sari Mutiara Lubuk Pakam,RSU,RS Umum,C,Swasta Non Profit,RS Publik,Sumatera Utara,Deli Serdang,8.0,,3.0,2.0,3.0,2.0,1.0,,2.0,,3.0,,,3.0,,2.0,,,,,,2.0,,5.0,,1.0,29.0,10,43.48,,,,,,,,,,,,,,,,,,,,,,,,,,0,,,,,,,Sudah kerjasama BPJS,,1,1,100.0
1212136,RS Umum Sinar Husni,RSU,RS Umum,C,Swasta Non Profit,RS Publik,Sumatera Utara,Deli Serdang,9.0,1.0,2.0,1.0,1.0,1.0,,,1.0,,2.0,,,1.0,,2.0,,,1.0,1.0,,,,,,,19.0,9,39.13,,,,,,,,,,,,,,,,,,,,,,,,,,0,,,,,,,,,0,0,
1212171,RS Umum Rahmad Hidayah,RSU,RS Umum,C,Swasta Non Profit,RS Publik,Sumatera Utara,Deli Serdang,8.0,1.0,3.0,2.0,2.0,3.0,,,2.0,,3.0,,,2.0,,,,,1.0,1.0,,1.0,,,,,22.0,9,39.13,,,,,,,,,,,,,,,,,,,,,,,,,,0,,,,,,,Sudah kerjasama BPJS,,1,1,100.0
1212172,RS Umum Patar Asih,RSU,RS Umum,C,Swasta,RS Privat,Sumatera Utara,Deli Serdang,4.0,2.0,2.0,1.0,1.0,1.0,,,1.0,,2.0,,,1.0,,1.0,,,1.0,1.0,,1.0,,2.0,,2.0,19.0,12,52.17,,,,,,,,,,,,,,,,,,,,,,,,,,0,,,,,,,Sudah kerjasama BPJS,,1,1,100.0
1212174,RS Umum Keliat,RSU,RS Umum,D,Swasta Non Profit,RS Publik,Sumatera Utara,Deli Serdang,5.0,1.0,1.0,2.0,1.0,,,,2.0,,1.0,,,1.0,,,,,1.0,,,1.0,,,,,12.0,7,30.43,,,,,,,,,,,,,,,,,,,,,,,,,,0,,,,,,,Sudah kerjasama BPJS,,1,1,100.0
1212175,RS Umum Mitra Sehat,RSU,RS Umum,D,Swasta Non Profit,RS Publik,Sumatera Utara,Deli Serdang,15.0,2.0,1.0,1.0,2.0,1.0,,,1.0,,1.0,,,2.0,,,,,1.0,,,1.0,,,,,24.0,8,34.78,,,,,,,,,,,,,,,,,,,,,,,,,,0,,,,,,,Sudah kerjasama BPJS,,1,1,100.0
1212177,RS Umum Yoshua,RSU,RS Umum,C,Swasta,RS Privat,Sumatera Utara,Deli Serdang,5.0,1.0,2.0,1.0,1.0,,,,1.0,,2.0,,,1.0,,1.0,,,1.0,,,1.0,,1.0,,,14.0,9,39.13,,,,,,,,,,,,,,,,,,,,,,,,,,0,,,,,,,Sudah kerjasama BPJS,,1,1,100.0
1212179,RS Umum Citra Medika,RSU,RS Umum,C,Swasta,RS Privat,Sumatera Utara,Deli Serdang,10.0,1.0,2.0,2.0,2.0,2.0,,,2.0,,2.0,,,2.0,,1.0,,1.0,1.0,1.0,,1.0,,2.0,,2.0,28.0,13,56.52,,,,,,,,,,,,,,,,,,,,,,,,,,0,,,,,,Sudah kerjasama BPJS,Sudah kerjasama BPJS,,2,2,100.0
1212181,RS Umum Mitra Medika,RSU,RS Umum,C,Swasta,RS Privat,Sumatera Utara,Deli Serdang,17.0,2.0,3.0,2.0,5.0,3.0,,,2.0,,3.0,,,5.0,,3.0,,1.0,2.0,1.0,,2.0,,9.0,,6.0,56.0,13,56.52,,,,,,,,,,,,,,,,,,,,,,,,,,0,,,,,,,,,0,0,
1212183,RS Umum Kasih Insani,RSU,RS Umum,C,Swasta,RS Privat,Sumatera Utara,Deli Serdang,6.0,,2.0,3.0,1.0,2.0,,,3.0,,2.0,,,1.0,,,,,1.0,,,,,,,1.0,16.0,7,30.43,,,,,,,,,,,,,,,,,,,,,,,,,,0,,,,,,,,,0,0,
1212184,RS Jiwa Bina Karsa Tuntungan,RSK Jiwa,RS Khusus,C,Swasta,RS Privat,Sumatera Utara,Deli Serdang,2.0,,,,,,,,,,,,,,,,,,,,,,,,,,2.0,1,4.35,,,,,,,,,,,,,,,,,,,,,,,,,,0,,,,,,,,,0,0,
1212185,RS Umum Pancur Batu,RSU,RS Umum,C,Pemkab,RS Publik,Sumatera Utara,Deli Serdang,11.0,4.0,2.0,2.0,3.0,,1.0,,2.0,,2.0,,,3.0,,1.0,,,2.0,1.0,,1.0,,3.0,1.0,2.0,34.0,13,56.52,,,,,,,,,,,,,,,,,,,,,,,,,,0,,,,,,,Sudah kerjasama BPJS,,1,1,100.0
1212186,RS Ibu dan Anak Maharani,RSIA,RS Khusus,C,Swasta,RS Privat,Sumatera Utara,Deli Serdang,,,1.0,2.0,,,,,2.0,,1.0,,,,,,,,,,,,,,,,3.0,2,8.7,,,,,,,,,,,,,,,,,,,,,,,,,,0,,,,,,,,,0,0,
1212197,RS Ibu dan Anak Pramaliesa,RSIA,RS Khusus,C,Swasta,RS Privat,Sumatera Utara,Deli Serdang,12.0,,,,,,,,,,,,,,,,,,,,,,,1.0,,1.0,14.0,3,13.04,,,,,,,,,,,,,,,,,,,,,,,,,,0,,,,,,,Sudah kerjasama BPJS,,1,1,100.0
1212198,RS Umum Daerah Bangun Purba,RSU,RS Umum,D,Pemkab,RS Publik,Sumatera Utara,Deli Serdang,9.0,1.0,1.0,1.0,1.0,,,,1.0,,1.0,,,1.0,,,,,,,,,,3.0,,,16.0,6,26.09,,,,,,,,,,,,,,,,,,,,,,,,,,0,,,,,,,,,0,0,
1212199,RS Umum Mahawira Prima Indonesia,RSU,RS Umum,C,Pemkab,RS Publik,Sumatera Utara,Deli Serdang,,,,,,,,,,,,,,,,,,,,,,,,,,,,0,0.0,,,,,,,,,,,,,,,,,,,,,,,,,,0,,,,,,,,,0,0,
1212200,RS Umum Mitra Guray Petumbukan,RSU,RS Umum,D,Swasta,RS Privat,Sumatera Utara,Deli Serdang,,,,,,,,,,,,,,,,,,,,,,,,,,,,0,0.0,,,,,,,,,,,,,,,,,,,,,,,,,,0,,,,,,,,,0,0,
1218158,RS Grandmed ,RSU,RS Umum,B,Swasta Non Profit,RS Publik,Sumatera Utara,Deli Serdang,28.0,1.0,8.0,2.0,2.0,2.0,1.0,,2.0,1.0,8.0,,,2.0,,2.0,,2.0,2.0,2.0,2.0,3.0,,9.0,,5.0,72.0,16,69.57,,,,,,,,,,,,,,,,,,,,,,,,,,0,Sudah kerjasama BPJS,,Sudah kerjasama BPJS,Sudah kerjasama BPJS,,Sudah kerjasama BPJS,Sudah kerjasama BPJS,,5,5,100.0
1275147,RS Umum Full Bethesda,RSU,RS Umum,C,Swasta Non Profit,RS Publik,Sumatera Utara,Deli Serdang,12.0,1.0,2.0,2.0,2.0,2.0,,,2.0,,2.0,,,2.0,,1.0,,,1.0,,,1.0,,3.0,,,27.0,10,43.48,,,,,,,,,,,,,,,,,,,,,,,,,,0,,,,,,,Sudah kerjasama BPJS,,1,1,100.0
1275794,RS Umum Haji Medan,RSU,RS Umum,B,Pemprop,RS Publik,Sumatera Utara,Deli Serdang,36.0,7.0,9.0,3.0,10.0,5.0,,,3.0,,9.0,,,10.0,,4.0,,2.0,4.0,3.0,,3.0,,23.0,,10.0,119.0,13,56.52,1.0,1.0,1.0,1.0,0.0,0.0,1.0,1.0,,0.0,0.0,1.0,,3.0,1.0,0.0,,,0.0,,1.0,False,11.0,9.0,75.0,1,Sudah kerjasama BPJS,Sudah kerjasama BPJS,Sudah kerjasama BPJS,Sudah kerjasama BPJS,Sudah kerjasama BPJS,Sudah kerjasama BPJS,Sudah kerjasama BPJS,,7,7,100.0
1209010,RS Umum Balimbingan PTP 4,RSU,RS Umum,C,BUMN,RS Privat,Sumatera Utara,Simalungun,10.0,1.0,1.0,2.0,2.0,2.0,,,2.0,,1.0,,,2.0,,2.0,,,1.0,1.0,,1.0,,2.0,,2.0,27.0,12,52.17,,,,,,,,,,,,,,,,,,,,,,,,,,0,,,,,,,Sudah kerjasama BPJS,,1,1,100.0
1209021,RS Umum Laras Kabupaten Simalungun,RSU,RS Umum,C,BUMN,RS Privat,Sumatera Utara,Simalungun,10.0,2.0,2.0,1.0,1.0,1.0,,,1.0,,2.0,,,1.0,,2.0,,,1.0,,,1.0,,4.0,,2.0,27.0,11,47.83,,,,,,,,,,,,,,,,,,,,,,,,,,0,,,,,,,,,0,0,
1209065,RS Umum Daerah Parapat,RSU,RS Umum,D,Pemkab,RS Publik,Sumatera Utara,Simalungun,11.0,2.0,3.0,3.0,2.0,3.0,,,3.0,,3.0,,,2.0,,2.0,,1.0,1.0,,,2.0,,3.0,,5.0,38.0,12,52.17,0.0,0.0,0.0,0.0,0.0,0.0,0.0,0.0,,0.0,0.0,0.0,,0.0,0.0,0.0,,,0.0,,1.0,False,0.0,0.0,75.0,1,,,,,,,Sudah kerjasama BPJS,,1,1,100.0
1209076,RS Umum Daerah Perdagangan,RSU,RS Umum,C,Pemkab,RS Publik,Sumatera Utara,Simalungun,11.0,3.0,2.0,1.0,2.0,3.0,,,1.0,,2.0,,,2.0,,2.0,,,1.0,1.0,,1.0,,7.0,,5.0,39.0,12,52.17,,,,,,,,,,,,,,,,,,,,,,,,,,0,,,,,,,Sudah kerjasama BPJS,,1,1,100.0
1209077,RS Umum Daerah Tuan Rondahaim,RSU,RS Umum,C,Pemkab,RS Publik,Sumatera Utara,Simalungun,9.0,1.0,2.0,,3.0,2.0,,,,,2.0,,,3.0,,1.0,,,1.0,1.0,,1.0,,5.0,,7.0,33.0,11,47.83,,,,,,,,,,,,,,,,,,,,,,,,,,0,,,,,,Sudah kerjasama BPJS,Sudah kerjasama BPJS,,2,2,100.0
1209081,RS Umum Karya Husada,RSU,RS Umum,D,Swasta,RS Privat,Sumatera Utara,Simalungun,8.0,1.0,1.0,2.0,1.0,,,,2.0,,1.0,,,1.0,,,,,1.0,1.0,,1.0,,4.0,,3.0,23.0,10,43.48,,,,,,,,,,,,,,,,,,,,,,,,,,0,,,,,,,Sudah kerjasama BPJS,,1,1,100.0
1208016,RS Umum Daerah H. Abdul Manan Simatupang,RSU,RS Umum,C,Pemkab,RS Publik,Sumatera Utara,Asahan,28.0,4.0,3.0,5.0,4.0,2.0,,,5.0,,3.0,,,4.0,,2.0,,1.0,2.0,1.0,,1.0,,16.0,,8.0,77.0,13,56.52,0.0,0.0,0.0,0.0,0.0,0.0,0.0,1.0,,0.0,0.0,0.0,,0.0,0.0,0.0,,,0.0,,1.0,False,1.0,1.0,75.0,1,,,,,,Sudah kerjasama BPJS,Sudah kerjasama BPJS,,2,2,100.0
1208020,RS Umum Ibu Kartini,RSU,RS Umum,D,Swasta,RS Privat,Sumatera Utara,Asahan,2.0,,1.0,3.0,1.0,1.0,,,3.0,,1.0,,,1.0,,1.0,,,,,,2.0,,3.0,,,14.0,8,34.78,,,,,,,,,,,,,,,,,,,,,,,,,,0,,,,,,,,,0,0,
1208053,RS Sri Pamela Sei Dadap,RSU,RS Umum,D,Swasta,RS Privat,Sumatera Utara,Asahan,5.0,1.0,1.0,1.0,2.0,1.0,,,1.0,,1.0,,,2.0,,,,,1.0,,,,,2.0,,,14.0,8,34.78,,,,,,,,,,,,,,,,,,,,,,,,,,0,,,,,,,Sudah kerjasama BPJS,,1,1,100.0
1208056,RS Umum Setio Husodo,RSU,RS Umum,D,Swasta,RS Privat,Sumatera Utara,Asahan,16.0,,2.0,4.0,3.0,1.0,,,4.0,,2.0,,,3.0,,1.0,,,,1.0,,,,,,1.0,29.0,8,34.78,,,,,,,,,,,,,,,,,,,,,,,,,,0,,,,,,,,,0,0,
1208057,RS Umum Wira Husada,RSU,RS Umum,D,Swasta,RS Privat,Sumatera Utara,Asahan,7.0,,1.0,,,1.0,,,,,1.0,,,,,1.0,,,,,,1.0,,,,,11.0,5,21.74,,,,,,,,,,,,,,,,,,,,,,,,,,0,,,,,,,Sudah kerjasama BPJS,,1,1,100.0
1208059,RS Umum Bunda Mulia,RSU,RS Umum,D,Swasta,RS Privat,Sumatera Utara,Asahan,10.0,,1.0,2.0,2.0,1.0,,,2.0,,1.0,,,2.0,,,,,1.0,,,,,1.0,,,18.0,7,30.43,,,,,,,,,,,,,,,,,,,,,,,,,,0,,,,,,,Sudah kerjasama BPJS,,1,1,100.0
1208060,RS Umum Lina,RSU,RS Umum,D,Swasta,RS Privat,Sumatera Utara,Asahan,4.0,,1.0,,,,,,,,1.0,,,,,,,,,,,,,1.0,,,6.0,3,13.04,,,,,,,,,,,,,,,,,,,,,,,,,,0,,,,,,,,,0,0,
1208064,RS Umum Permata Hati,RSU,RS Umum,D,Swasta,RS Privat,Sumatera Utara,Asahan,4.0,,,1.0,1.0,,,,1.0,,,,,1.0,,,,,,,,,,1.0,,,7.0,4,17.39,,,,,,,,,,,,,,,,,,,,,,,,,,0,,,,,,,,,0,0,
1208066,RS Umum Utama,RSU,RS Umum,D,Swasta,RS Privat,Sumatera Utara,Asahan,4.0,,,1.0,1.0,,,,1.0,,,,,1.0,,,,,,,,,,,,,6.0,3,13.04,,,,,,,,,,,,,,,,,,,,,,,,,,0,,,,,,,,,0,0,
1208068,RS Seger Waras,RSU,RS Umum,D,Swasta,RS Privat,Sumatera Utara,Asahan,,,,,,,,,,,,,,,,,,,,,,,,,,,,0,0.0,,,,,,,,,,,,,,,,,,,,,,,,,,0,,,,,,,,,0,0,
1207015,RS Umum Daerah Rantau Prapat,RSU,RS Umum,B,Pemkab,RS Publik,Sumatera Utara,Labuhan Batu,29.0,6.0,8.0,5.0,3.0,3.0,,,5.0,,8.0,,,3.0,,2.0,,3.0,3.0,1.0,,2.0,,20.0,1.0,11.0,97.0,14,60.87,0.0,1.0,1.0,0.0,0.0,0.0,0.0,0.0,,0.0,0.0,1.0,,0.0,0.0,0.0,,,0.0,,1.0,False,3.0,3.0,75.0,1,,,,Sudah kerjasama BPJS,Sudah kerjasama BPJS,Sudah kerjasama BPJS,Sudah kerjasama BPJS,,4,4,100.0
1207066,RS Umum Elpi Al Azis,RSU,RS Umum,C,Swasta,RS Privat,Sumatera Utara,Labuhan Batu,12.0,,1.0,4.0,2.0,3.0,,,4.0,,1.0,,,2.0,,1.0,,,,1.0,,1.0,,,,1.0,26.0,9,39.13,,,,,,,,,,,,,,,,,,,,,,,,,,0,,,,,,,Sudah kerjasama BPJS,,1,1,100.0
1207067,RS Umum Karya Bakti Ujung Bandar,RSU,RS Umum,C,Swasta,RS Privat,Sumatera Utara,Labuhan Batu,1.0,,,,,,,,,,,,,,,,,,,1.0,,,,1.0,,3.0,6.0,4,17.39,,,,,,,,,,,,,,,,,,,,,,,,,,0,,,,,,,Sudah kerjasama BPJS,,1,1,100.0
1207068,RS Umum Hartati Medical Centre,RSU,RS Umum,D,Swasta,RS Privat,Sumatera Utara,Labuhan Batu,,1.0,,,,,,,,,,,,,,,,,,,,,,,,,1.0,1,4.35,,,,,,,,,,,,,,,,,,,,,,,,,,0,,,,,,,,,0,0,
1207069,RS Dokter Takdir,RSU,RS Umum,D,Swasta,RS Privat,Sumatera Utara,Labuhan Batu,2.0,,,,,,,,,,,,,,,,,,,,,,,,,,2.0,1,4.35,,,,,,,,,,,,,,,,,,,,,,,,,,0,,,,,,,,,0,0,
1207073,RS Umum Citra Medika,RSU,RS Umum,D,Swasta,RS Privat,Sumatera Utara,Labuhan Batu,,,,1.0,,,,,1.0,,,,,,,,,,,,,,,,,,1.0,1,4.35,,,,,,,,,,,,,,,,,,,,,,,,,,0,,,,,,,,,0,0,
1210010,RS Umum Daerah Sidikalang,RSU,RS Umum,C,Pemkab,RS Publik,Sumatera Utara,Dairi,19.0,3.0,5.0,,1.0,4.0,,,,,5.0,,,1.0,,1.0,,,1.0,1.0,,1.0,,9.0,,11.0,56.0,11,47.83,0.0,0.0,0.0,0.0,0.0,0.0,0.0,0.0,0.0,0.0,0.0,0.0,,0.0,0.0,0.0,0.0,0.0,0.0,2.0,1.0,False,2.0,1.0,95.0,1,,,,,,,Sudah kerjasama BPJS,,1,1,100.0
1210021,RS Umum Serenapita,RSU,RS Umum,D,Swasta,RS Privat,Sumatera Utara,Dairi,,,,,,,,,,,,,,,,,,,,,,,,,,,,0,0.0,,,,,,,,,,,,,,,,,,,,,,,,,,0,,,,,,,,,0,0,
1205046,RS Umum Daerah Porsea,RSU,RS Umum,C,Pemkab,RS Publik,Sumatera Utara,Toba Samosir,10.0,1.0,2.0,2.0,5.0,1.0,,,2.0,,2.0,,,5.0,,2.0,,1.0,1.0,1.0,,1.0,,6.0,,4.0,37.0,13,56.52,0.0,0.0,1.0,0.0,0.0,0.0,0.0,0.0,0.0,0.0,0.0,0.0,,0.0,0.0,0.0,0.0,0.0,0.0,2.0,1.0,False,3.0,2.0,95.0,1,,,,,,,Sudah kerjasama BPJS,,1,1,100.0
1205061,RS Umum HKBP Balige,RSU,RS Umum,C,Swasta Non Profit,RS Publik,Sumatera Utara,Toba Samosir,33.0,1.0,2.0,1.0,1.0,2.0,,,1.0,,2.0,,,1.0,,1.0,,,2.0,1.0,1.0,1.0,,2.0,,4.0,52.0,13,56.52,,,,,,,,,,,,,,,,,,,,,,,,,,0,,,,,,,Sudah kerjasama BPJS,,1,1,100.0
1202017,RS Umum Daerah dr. Husni Thamrin,RSU,RS Umum,D,Pemkab,RS Publik,Sumatera Utara,Mandailing Natal,5.0,2.0,,,,,,,,,,,,,,,,,,,,,,1.0,,2.0,10.0,4,17.39,,,,,,,,,,,,,,,,,,,,,,,,,,0,,,,,,,,,0,0,
1202028,RS Umum Permata Madina Panyabungan,RSU,RS Umum,C,Swasta Non Profit,RS Publik,Sumatera Utara,Mandailing Natal,7.0,1.0,,2.0,,1.0,,,2.0,,,,,,,,,,,,,1.0,,,,,12.0,5,21.74,,,,,,,,,,,,,,,,,,,,,,,,,,0,,,,,,Sudah kerjasama BPJS,,,1,1,100.0
1203022,RS Umum Daerah Panyabungan,RSU,RS Umum,C,Pemkab,RS Publik,Sumatera Utara,Mandailing Natal,20.0,5.0,3.0,2.0,2.0,2.0,,,2.0,,3.0,,,2.0,,2.0,,,2.0,1.0,,2.0,,13.0,,9.0,63.0,12,52.17,0.0,0.0,0.0,0.0,0.0,0.0,0.0,0.0,,0.0,0.0,0.0,,0.0,0.0,0.0,,,0.0,,1.0,False,0.0,0.0,75.0,1,,,,,,,Sudah kerjasama BPJS,,1,1,100.0
1214010,RS Umum Daerah Lukas Hilisimaetano,RSU,RS Umum,D,Pemkab,RS Publik,Sumatera Utara,Nias Selatan,1.0,,,,1.0,,,,,,,,,1.0,,,,,,,,,,1.0,,,3.0,3,13.04,0.0,0.0,0.0,0.0,0.0,0.0,0.0,0.0,0.0,0.0,0.0,0.0,,0.0,0.0,0.0,0.0,0.0,0.0,0.0,1.0,False,0.0,0.0,95.0,1,,,,,,,,,0,0,
1214011,RS Umum Stella Maris,RSU,RS Umum,D,Swasta Non Profit,RS Publik,Sumatera Utara,Nias Selatan,6.0,,1.0,,,,,,,,1.0,,,,,,,,,,,,,1.0,,,8.0,3,13.04,,,,,,,,,,,,,,,,,,,,,,,,,,0,,,,,,,,,0,0,
1214022,RS Umum Daerah Nias Selatan,RSU,RS Umum,D,Pemkab,RS Publik,Sumatera Utara,Nias Selatan,5.0,2.0,2.0,,1.0,,,,,,2.0,,,1.0,,1.0,,,,,,,,2.0,,2.0,15.0,7,30.43,0.0,0.0,0.0,0.0,0.0,0.0,0.0,0.0,0.0,0.0,0.0,0.0,,0.0,0.0,0.0,0.0,0.0,0.0,1.0,1.0,False,1.0,1.0,95.0,1,,,,,,,,,0,0,
1216011,RS Umum Daerah Salak,RSU,RS Umum,C,Pemkab,RS Publik,Sumatera Utara,Pakpak Bharat,10.0,2.0,2.0,,2.0,2.0,,,,,2.0,,,2.0,,1.0,,,2.0,1.0,,1.0,,7.0,,6.0,36.0,11,47.83,0.0,0.0,0.0,0.0,0.0,0.0,0.0,0.0,0.0,0.0,0.0,0.0,,0.0,0.0,0.0,1.0,0.0,0.0,1.0,1.0,False,2.0,2.0,95.0,1,,,,,,,Sudah kerjasama BPJS,,1,1,100.0
1205035,RS Umum Daerah Dolok Sanggul,RSU,RS Umum,C,Pemkab,RS Publik,Sumatera Utara,Humbang Hasundutan,20.0,4.0,2.0,2.0,2.0,2.0,,,2.0,,2.0,,,2.0,,1.0,,1.0,1.0,1.0,,1.0,,11.0,,13.0,61.0,13,56.52,0.0,0.0,1.0,0.0,0.0,0.0,0.0,0.0,0.0,0.0,0.0,0.0,,0.0,0.0,0.0,0.0,0.0,0.0,1.0,1.0,False,2.0,2.0,95.0,1,,,,,,,Sudah kerjasama BPJS,,1,1,100.0
1205024,RS Umum Daerah Dr. Hadrianus Sinaga,RSU,RS Umum,C,Pemkab,RS Publik,Sumatera Utara,Samosir,12.0,1.0,1.0,1.0,2.0,2.0,,,1.0,,1.0,,,2.0,,1.0,,,1.0,1.0,,1.0,,13.0,2.0,6.0,44.0,13,56.52,0.0,0.0,0.0,0.0,0.0,0.0,0.0,0.0,0.0,0.0,0.0,0.0,,0.0,0.0,0.0,0.0,0.0,0.0,2.0,1.0,False,2.0,1.0,95.0,1,,,,,,,,,0,0,
1218013,RS Umum Trianda,RSU,RS Umum,D,Swasta Non Profit,RS Publik,Sumatera Utara,Serdang Bedagai,6.0,1.0,2.0,2.0,,,,,2.0,,2.0,,,,,1.0,,,1.0,,,,,,,,13.0,6,26.09,,,,,,,,,,,,,,,,,,,,,,,,,,0,,,,,,,,,0,0,
1218024,RS Umum Melati ,RSU,RS Umum,C,Swasta Non Profit,RS Publik,Sumatera Utara,Serdang Bedagai,16.0,,3.0,1.0,,1.0,,,1.0,,3.0,,,,,2.0,,,,,,1.0,,2.0,,2.0,28.0,8,34.78,,,,,,,,,,,,,,,,,,,,,,,,,,0,,,,,,Sudah kerjasama BPJS,Sudah kerjasama BPJS,,2,2,100.0
1218025,RS Umum Sawit Indah Perbaungan,RSU,RS Umum,D,Swasta,RS Privat,Sumatera Utara,Serdang Bedagai,1.0,,,,,,,,,,,,,,,,,,,,,,,,,,1.0,1,4.35,,,,,,,,,,,,,,,,,,,,,,,,,,0,,,,,,,Sudah kerjasama BPJS,,1,1,100.0
1218026,RS Umum Pabatu,RSU,RS Umum,C,BUMN,RS Privat,Sumatera Utara,Serdang Bedagai,9.0,2.0,4.0,2.0,1.0,2.0,,,2.0,,4.0,,,1.0,,1.0,,,1.0,1.0,,1.0,,5.0,,2.0,31.0,12,52.17,,,,,,,,,,,,,,,,,,,,,,,,,,0,,,,,,,Sudah kerjasama BPJS,,1,1,100.0
1218029,RS Umum Melati Desa Pon,RSU,RS Umum,D,Swasta,RS Privat,Sumatera Utara,Serdang Bedagai,4.0,,,,,,,,,,,,,,,,,,,,,,,,,,4.0,1,4.35,,,,,,,,,,,,,,,,,,,,,,,,,,0,,,,,,,,,0,0,
1218125,RS Umum Daerah Sultan Sulaiman Syariful Alamsyah,RSU,RS Umum,C,Pemkab,RS Publik,Sumatera Utara,Serdang Bedagai,19.0,3.0,5.0,3.0,5.0,3.0,,,3.0,,5.0,,,5.0,,4.0,,1.0,3.0,1.0,,3.0,,6.0,,3.0,59.0,13,56.52,0.0,0.0,1.0,0.0,0.0,0.0,0.0,0.0,,0.0,0.0,0.0,,0.0,0.0,0.0,,,0.0,,1.0,False,1.0,1.0,75.0,1,,,,,,Sudah kerjasama BPJS,Sudah kerjasama BPJS,,2,2,100.0
1219002,RS Umum Lasmi Kartika,RSU,RS Umum,D,Swasta Non Profit,RS Publik,Sumatera Utara,Batu Bara,3.0,,1.0,2.0,1.0,1.0,,,2.0,,1.0,,,1.0,,,,,1.0,,,1.0,,,,,10.0,7,30.43,,,,,,,,,,,,,,,,,,,,,,,,,,0,,,,,,,,,0,0,
1219003,RS Umum Daerah Batu Bara,RSU,RS Umum,C,Pemkab,RS Publik,Sumatera Utara,Batu Bara,21.0,2.0,3.0,3.0,3.0,3.0,,,3.0,,3.0,,,3.0,,1.0,,,1.0,1.0,,1.0,,7.0,,2.0,48.0,12,52.17,0.0,0.0,0.0,0.0,0.0,0.0,0.0,1.0,,0.0,0.0,0.0,,0.0,0.0,0.0,,,0.0,,1.0,False,1.0,1.0,75.0,1,,,,,,,Sudah kerjasama BPJS,,1,1,100.0
1219015,RS Sapta Medika ,RSU,RS Umum,D,Swasta,RS Privat,Sumatera Utara,Batu Bara,,,,,,,,,,,,,,,,,,,,,,,,,,,,0,0.0,,,,,,,,,,,,,,,,,,,,,,,,,,0,,,,,,,,,0,0,
1219016,RS Umum Kasih Permata Dara,RSU,RS Umum,D,Swasta,RS Privat,Sumatera Utara,Batu Bara,,,,,,,,,,,,,,,,,,,,,,,,,,,,0,0.0,,,,,,,,,,,,,,,,,,,,,,,,,,0,,,,,,,,,0,0,
1219017,RS Umum Bidadari Batubara,RSU,RS Umum,B,Swasta,RS Privat,Sumatera Utara,Batu Bara,,,,,,,,,,,,,,,,,,,,,,,,,,,,0,0.0,,,,,,,,,,,,,,,,,,,,,,,,,,0,,,,,,,Sudah kerjasama BPJS,,1,1,100.0
1203044,RS Umum Daerah Gunung Tua,RSU,RS Umum,C,Pemkab,RS Publik,Sumatera Utara,Padang Lawas Utara,13.0,2.0,3.0,2.0,2.0,2.0,,,2.0,,3.0,,,2.0,,,,,1.0,1.0,,1.0,,9.0,,4.0,40.0,11,47.83,0.0,0.0,0.0,0.0,0.0,0.0,0.0,0.0,,0.0,0.0,0.0,,0.0,0.0,0.0,,,0.0,,1.0,False,0.0,0.0,75.0,1,,,,,,,Sudah kerjasama BPJS,,1,1,100.0
1203055,RS Umum Daerah Sibuhuan,RSU,RS Umum,C,Pemkab,RS Publik,Sumatera Utara,Padang Lawas,38.0,4.0,3.0,,3.0,2.0,,,,,3.0,,,3.0,,,,,2.0,1.0,,,,12.0,,8.0,73.0,9,39.13,0.0,0.0,0.0,0.0,0.0,0.0,0.0,0.0,,0.0,0.0,0.0,,0.0,0.0,0.0,,,0.0,,1.0,False,0.0,0.0,75.0,1,,,,,,,Sudah kerjasama BPJS,,1,1,100.0
1221002,RS Umum Permata Madina Sibuhuan,RSU,RS Umum,D,Swasta,RS Privat,Sumatera Utara,Padang Lawas,4.0,,1.0,1.0,1.0,,,,1.0,,1.0,,,1.0,,,,,,1.0,,,,2.0,,,10.0,6,26.09,,,,,,,,,,,,,,,,,,,,,,,,,,0,,,,,,,Sudah kerjasama BPJS,,1,1,100.0
1206063,RS Umum Nuraini,RSU,RS Umum,D,Swasta,RS Privat,Sumatera Utara,Labuhan Batu Selatan,9.0,1.0,5.0,3.0,3.0,3.0,,,3.0,,5.0,,,3.0,,1.0,,,1.0,1.0,,1.0,,1.0,,,29.0,11,47.83,,,,,,,,,,,,,,,,,,,,,,,,,,0,,,,,,,Sudah kerjasama BPJS,,1,1,100.0
1207052,RS Sri Pamela Torgamba,RSU,RS Umum,D,BUMN,RS Privat,Sumatera Utara,Labuhan Batu Selatan,6.0,1.0,1.0,1.0,1.0,2.0,,,1.0,,1.0,,,1.0,,1.0,,,1.0,,,1.0,,,,,15.0,9,39.13,,,,,,,,,,,,,,,,,,,,,,,,,,0,,,,,,,Sudah kerjasama BPJS,,1,1,100.0
1222002,RS Umum Daerah Kota Pinang,RSU,RS Umum,C,Pemkab,RS Publik,Sumatera Utara,Labuhan Batu Selatan,20.0,4.0,2.0,3.0,2.0,2.0,,,3.0,,2.0,,,2.0,,1.0,,,,1.0,,1.0,,5.0,,6.0,47.0,11,47.83,0.0,0.0,0.0,0.0,0.0,0.0,0.0,0.0,,0.0,0.0,0.0,,0.0,0.0,0.0,,,0.0,,1.0,False,0.0,0.0,75.0,1,,,,,,Sudah kerjasama BPJS,Sudah kerjasama BPJS,,2,2,100.0
1223002,RS Umum Daerah  Aek Kanopan,RSU,RS Umum,C,Pemkab,RS Publik,Sumatera Utara,Labuhan Batu Utara,31.0,2.0,4.0,2.0,4.0,2.0,,,2.0,,4.0,,,4.0,,3.0,,,2.0,1.0,,1.0,,6.0,,3.0,61.0,12,52.17,0.0,0.0,0.0,0.0,0.0,0.0,0.0,0.0,,0.0,0.0,0.0,,0.0,0.0,0.0,,,0.0,,1.0,False,0.0,0.0,75.0,1,,,,,,,,,0,0,
1223005,RS Tiga Bersaudara,RSU,RS Umum,D,Swasta,RS Privat,Sumatera Utara,Labuhan Batu Utara,1.0,,,1.0,2.0,1.0,,,1.0,,,,,2.0,,,,,,,,,,,,,5.0,4,17.39,,,,,,,,,,,,,,,,,,,,,,,,,,0,,,,,,,,,0,0,
1223006,RS Umum Flora,RSU,RS Umum,D,Swasta,RS Privat,Sumatera Utara,Labuhan Batu Utara,,,,,,,,,,,,,,,,,,,,,,,,,,,,0,0.0,,,,,,,,,,,,,,,,,,,,,,,,,,0,,,,,,,,,0,0,
1223018,RS Sri Pamela Membang Muda,RSU,RS Umum,D,Swasta,RS Privat,Sumatera Utara,Labuhan Batu Utara,,,,,,,,,,,,,,,,,,,,,,,,,,,,0,0.0,,,,,,,,,,,,,,,,,,,,,,,,,,0,,,,,,,,,0,0,
1223019,RS Ibu dan Anak Arraudah,RSIA,RS Khusus,C,Swasta,RS Privat,Sumatera Utara,Labuhan Batu Utara,,,,,,,,,,,,,,,,,,,,,,,,,,,,0,0.0,,,,,,,,,,,,,,,,,,,,,,,,,,0,,,,,,,,,0,0,
1224002,RS Pratama Kabupaten Nias Utara,RSU,RS Umum,D PRATAMA,Pemkab,RS Publik,Sumatera Utara,Nias Utara,6.0,1.0,,,1.0,,,,,,,,,1.0,,,,,,,,,,5.0,,1.0,14.0,5,21.74,0.0,0.0,0.0,0.0,0.0,0.0,0.0,0.0,0.0,0.0,0.0,0.0,,0.0,0.0,0.0,1.0,0.0,0.0,2.0,1.0,False,3.0,2.0,95.0,1,,,,,,,,,0,0,
1225002,RS Pratama Kab. Nias Barat,RSU,RS Umum,D PRATAMA,Pemkab,RS Publik,Sumatera Utara,Nias Barat,3.0,1.0,,1.0,,1.0,,,1.0,,,,,,,,,,,,,,,,,,6.0,4,17.39,0.0,0.0,0.0,0.0,0.0,0.0,0.0,0.0,0.0,0.0,0.0,0.0,,0.0,0.0,0.0,0.0,0.0,0.0,1.0,1.0,False,1.0,1.0,95.0,1,,,,,,,,,0,0,
1275010,RS Umum Wahyu,RSU,RS Umum,D,Swasta,RS Privat,Sumatera Utara,Kota Medan,6.0,1.0,,1.0,1.0,,1.0,,1.0,,,,1.0,1.0,,,,,,,,,,,,,11.0,6,26.09,,,,,,,,,,,,,,,,,,,,,,,,,,0,,,,,,,,,0,0,
1275011,RS Umum Mitra Medika Premiere,RSU,RS Umum,C,Swasta,RS Privat,Sumatera Utara,Kota Medan,7.0,,,,,,,,,,,,,,,,,,,,,,,6.0,,4.0,17.0,3,13.04,,,,,,,,,,,,,,,,,,,,,,,,,,0,,,,,,,,,0,0,
1275012,RS Umum Daerah H. Bachtiar Djafar,RSU,RS Umum,C,Pemkot,RS Publik,Sumatera Utara,Kota Medan,7.0,5.0,3.0,4.0,2.0,,,,4.0,,3.0,,,2.0,,,,,2.0,1.0,,1.0,,1.0,,1.0,27.0,10,43.48,,,,,,,,,,,,,,,,,,,,,,,,,,0,,,,,,,Sudah kerjasama BPJS,,1,1,100.0
1275013,RS Umum Daerah Dr. Pirngadi,RSU,RS Umum,B,Pemkot,RS Publik,Sumatera Utara,Kota Medan,44.0,17.0,19.0,12.0,7.0,7.0,,,12.0,,19.0,,,7.0,,5.0,,4.0,5.0,2.0,,5.0,,49.0,1.0,31.0,208.0,14,60.87,0.0,0.0,0.0,0.0,0.0,0.0,1.0,1.0,,0.0,0.0,1.0,,1.0,0.0,0.0,,,0.0,,1.0,False,4.0,4.0,75.0,1,Sudah kerjasama BPJS,,Belum kerjasama BPJS,,,Sudah kerjasama BPJS,Sudah kerjasama BPJS,,4,3,75.0
1275035,RS Tk. II Putri Hijau Medan,RSU,RS Umum,B,TNI,RS Publik,Sumatera Utara,Kota Medan,31.0,5.0,5.0,4.0,2.0,4.0,1.0,,4.0,,5.0,,,2.0,,1.0,,4.0,3.0,2.0,,2.0,,15.0,1.0,13.0,93.0,15,65.22,,,,,,,,,,,,,,,,,,,,,,,,,,0,,,,Sudah kerjasama BPJS,,Sudah kerjasama BPJS,Sudah kerjasama BPJS,,3,3,100.0
1275046,RS Bhayangkara Tingkat II,RSU,RS Umum,B,POLRI,RS Publik,Sumatera Utara,Kota Medan,29.0,3.0,2.0,3.0,2.0,,1.0,,3.0,,2.0,,,2.0,,4.0,,,2.0,,,1.0,,9.0,,6.0,62.0,11,47.83,,,,,,,,,,,,,,,,,,,,,,,,,,0,,,,Sudah kerjasama BPJS,Sudah kerjasama BPJS,Sudah kerjasama BPJS,Sudah kerjasama BPJS,,4,4,100.0
1275050,RS Umum Deli,RSU,RS Umum,C,Swasta Non Profit,RS Publik,Sumatera Utara,Kota Medan,43.0,,3.0,2.0,1.0,1.0,,,2.0,,3.0,,,1.0,,2.0,,1.0,1.0,2.0,,1.0,,4.0,,2.0,63.0,12,52.17,,,,,,,,,,,,,,,,,,,,,,,,,,0,,,,,,,,,0,0,
1275061,RS Umum Delima Medan,RSU,RS Umum,C,Swasta Non Profit,RS Publik,Sumatera Utara,Kota Medan,9.0,2.0,2.0,2.0,2.0,2.0,,,2.0,,2.0,,,2.0,,1.0,,,,1.0,,2.0,,3.0,,3.0,29.0,11,47.83,,,,,,,,,,,,,,,,,,,,,,,,,,0,,,,,,,Sudah kerjasama BPJS,,1,1,100.0
1275072,RS Umum Santa Elisabeth Medan,RSU,RS Umum,B,Swasta Non Profit,RS Publik,Sumatera Utara,Kota Medan,20.0,5.0,3.0,4.0,3.0,8.0,,1.0,4.0,,3.0,,3.0,3.0,,4.0,,2.0,2.0,2.0,,5.0,,17.0,,8.0,87.0,15,65.22,,,,,,,,,,,,,,,,,,,,,,,,,,0,Sudah kerjasama BPJS,,Sudah kerjasama BPJS,Sudah kerjasama BPJS,,Sudah kerjasama BPJS,Sudah kerjasama BPJS,,5,5,100.0
1275073,RS Regina Maris,RSU,RS Umum,C,Swasta,RS Privat,Sumatera Utara,Kota Medan,,,,,,,,,,,,,,,,,,,,,,,,,,,,0,0.0,,,,,,,,,,,,,,,,,,,,,,,,,,0,,,,,,,,,0,0,
1275074,RS Columbia Asia Aksara,RSU,RS Umum,B,Swasta,RS Privat,Sumatera Utara,Kota Medan,1.0,,1.0,,,,,,,,1.0,,,,,,,,,,,,,3.0,,3.0,8.0,4,17.39,,,,,,,,,,,,,,,,,,,,,,,,,,0,,,,,,,,,0,0,
1275094,RS Umum Advent Medan,RSU,RS Umum,C,Swasta Non Profit,RS Publik,Sumatera Utara,Kota Medan,10.0,4.0,6.0,2.0,3.0,2.0,,,2.0,,6.0,,,3.0,,4.0,,,1.0,1.0,,2.0,,9.0,,7.0,51.0,12,52.17,,,,,,,,,,,,,,,,,,,,,,,,,,0,,,,Sudah kerjasama BPJS,,,Sudah kerjasama BPJS,,2,2,100.0
1275100,RS Umum Murni Teguh Methodist Susanna Wesley,RSU,RS Umum,C,Swasta Non Profit,RS Publik,Sumatera Utara,Kota Medan,11.0,,8.0,3.0,4.0,2.0,,,3.0,,8.0,,,4.0,,3.0,,,1.0,1.0,,2.0,,5.0,1.0,4.0,45.0,12,52.17,,,,,,,,,,,,,,,,,,,,,,,,,,0,,,,,,,,,0,0,
1275126,RS Umum Methodist,RSU,RS Umum,C,Swasta Non Profit,RS Publik,Sumatera Utara,Kota Medan,27.0,1.0,3.0,1.0,1.0,2.0,,,1.0,,3.0,,,1.0,,,,,1.0,1.0,,2.0,,4.0,,4.0,47.0,11,47.83,,,,,,,,,,,,,,,,,,,,,,,,,,0,,,,,,,Sudah kerjasama BPJS,,1,1,100.0
1275130,RS Umum Materna,RSU,RS Umum,D,Swasta Non Profit,RS Publik,Sumatera Utara,Kota Medan,13.0,,1.0,1.0,1.0,,,,1.0,,1.0,,,1.0,,,,,1.0,1.0,,,,4.0,,4.0,26.0,8,34.78,,,,,,,,,,,,,,,,,,,,,,,,,,0,,,,,,,,,0,0,
1275141,RS AL Dr. Komang Makes Belawan,RSU,RS Umum,C,TNI,RS Publik,Sumatera Utara,Kota Medan,14.0,3.0,2.0,1.0,1.0,1.0,,,1.0,,2.0,,,1.0,,,,,1.0,1.0,,1.0,,1.0,,5.0,31.0,11,47.83,,,,,,,,,,,,,,,,,,,,,,,,,,0,,,,,,,Sudah kerjasama BPJS,,1,1,100.0
1275152,RSAU Dr. Abdul Malik,RSU,RS Umum,D,TNI,RS Publik,Sumatera Utara,Kota Medan,4.0,2.0,2.0,,1.0,1.0,,,,,2.0,,,1.0,,1.0,,,,,,,,5.0,,1.0,17.0,8,34.78,,,,,,,,,,,,,,,,,,,,,,,,,,0,,,,,,,,,0,0,
1275163,RS Umum Islam Malahayati,RSU,RS Umum,C,Swasta Non Profit,RS Publik,Sumatera Utara,Kota Medan,14.0,,8.0,13.0,3.0,1.0,,1.0,13.0,,8.0,,,3.0,,2.0,,2.0,,,,2.0,,10.0,,6.0,62.0,11,47.83,,,,,,,,,,,,,,,,,,,,,,,,,,0,Sudah kerjasama BPJS,,Sudah kerjasama BPJS,,,Sudah kerjasama BPJS,Sudah kerjasama BPJS,,4,4,100.0
1275221,RS Jiwa Prof. Dr. Muhammad Ildrem,RSK Jiwa,RS Khusus,A,Pemprop,RS Publik,Sumatera Utara,Kota Medan,23.0,7.0,1.0,,1.0,,,,,,1.0,,,1.0,,,,,2.0,,,,,5.0,,1.0,40.0,7,30.43,,,,,,,,,,,,,,,,,,,,,,,,,,0,,,,,,,Sudah kerjasama BPJS,,1,1,100.0
1275232,RS Khusus Bedah Accuplast,RSK BEDAH,RS Khusus,C,Swasta Non Profit,RS Publik,Sumatera Utara,Kota Medan,3.0,,,,,2.0,,,,,,,,,,,,,,,,1.0,,1.0,,1.0,8.0,5,21.74,,,,,,,,,,,,,,,,,,,,,,,,,,0,,,,,,,,,0,0,
1275265,RS Umum Sundari,RSU,RS Umum,C,Swasta Non Profit,RS Publik,Sumatera Utara,Kota Medan,8.0,,2.0,2.0,1.0,1.0,,,2.0,,2.0,,,1.0,,1.0,,,,,,,,8.0,,2.0,25.0,8,34.78,,,,,,,,,,,,,,,,,,,,,,,,,,0,,,,,,,Sudah kerjasama BPJS,,1,1,100.0
1275276,RS Umum Vina Estetica,RSU,RS Umum,C,Swasta Non Profit,RS Publik,Sumatera Utara,Kota Medan,12.0,,3.0,4.0,2.0,3.0,,,4.0,,3.0,,,2.0,,1.0,,1.0,1.0,1.0,2.0,1.0,,3.0,,8.0,42.0,13,56.52,,,,,,,,,,,,,,,,,,,,,,,,,,0,,,Sudah kerjasama BPJS,,,Sudah kerjasama BPJS,,,2,2,100.0
1275298,RS Umum Mitra Sejati,RSU,RS Umum,B,Swasta,RS Privat,Sumatera Utara,Kota Medan,25.0,1.0,8.0,2.0,4.0,3.0,1.0,,2.0,,8.0,,,4.0,,3.0,,1.0,1.0,1.0,,2.0,,16.0,,11.0,79.0,14,60.87,,,,,,,,,,,,,,,,,,,,,,,,,,0,,Sudah kerjasama BPJS,,,,Sudah kerjasama BPJS,Sudah kerjasama BPJS,,3,3,100.0
1275309,RS Khusus Mata Medan Baru Medical Centre,RSK Mata,RS Khusus,C,Swasta Non Profit,RS Publik,Sumatera Utara,Kota Medan,1.0,,,,,,,,,,,,,,,,,,,,,,,,,,1.0,1,4.35,,,,,,,,,,,,,,,,,,,,,,,,,,0,,,,,,,,,0,0,
1275321,RS Umum Siti Hajar,RSU,RS Umum,D,Swasta,RS Privat,Sumatera Utara,Kota Medan,7.0,,1.0,2.0,2.0,2.0,,,2.0,,1.0,,,2.0,,4.0,,,,1.0,,1.0,,,,,20.0,8,34.78,,,,,,,,,,,,,,,,,,,,,,,,,,0,,,,,,,,,0,0,
1275516,RS Umum Mitra Medika,RSU,RS Umum,C,Swasta Non Profit,RS Publik,Sumatera Utara,Kota Medan,18.0,1.0,4.0,4.0,3.0,3.0,,,4.0,,4.0,,,3.0,,3.0,,1.0,1.0,1.0,,1.0,,12.0,,8.0,60.0,13,56.52,,,,,,,,,,,,,,,,,,,,,,,,,,0,,,,,,Sudah kerjasama BPJS,Sudah kerjasama BPJS,,2,2,100.0
1275590,RS Umum Bhakti,RSU,RS Umum,C,Swasta Non Profit,RS Publik,Sumatera Utara,Kota Medan,9.0,1.0,2.0,3.0,2.0,,,,3.0,,2.0,,,2.0,,,,,1.0,,,,,1.0,,,19.0,7,30.43,,,,,,,,,,,,,,,,,,,,,,,,,,0,,,,,,,,,0,0,
1275600,RS Umum Prima Husada Cipta Medan,RSU,RS Umum,C,Swasta,RS Privat,Sumatera Utara,Kota Medan,11.0,2.0,2.0,1.0,1.0,1.0,,,1.0,,2.0,,,1.0,,1.0,,,1.0,,,1.0,,1.0,,3.0,25.0,11,47.83,,,,,,,,,,,,,,,,,,,,,,,,,,0,,,,,,Sudah kerjasama BPJS,Sudah kerjasama BPJS,,2,2,100.0
1275622,RS Umum Imelda Pekerja Indonesia,RSU,RS Umum,B,Swasta,RS Privat,Sumatera Utara,Kota Medan,10.0,1.0,6.0,4.0,3.0,1.0,,,4.0,,6.0,,,3.0,,2.0,,2.0,,1.0,,,,,,1.0,31.0,10,43.48,,,,,,,,,,,,,,,,,,,,,,,,,,0,,Sudah kerjasama BPJS,Sudah kerjasama BPJS,Sudah kerjasama BPJS,Sudah kerjasama BPJS,Sudah kerjasama BPJS,Sudah kerjasama BPJS,,6,6,100.0
1275633,RS Umum Martha Friska,RSU,RS Umum,C,Swasta,RS Privat,Sumatera Utara,Kota Medan,9.0,,4.0,3.0,2.0,1.0,,,3.0,,4.0,,,2.0,,2.0,,1.0,1.0,1.0,,,,5.0,1.0,3.0,33.0,12,52.17,,,,,,,,,,,,,,,,,,,,,,,,,,0,,,,Sudah kerjasama BPJS,,Sudah kerjasama BPJS,Sudah kerjasama BPJS,,3,3,100.0
1275655,RS Umum Pusat H. Adam Malik,RSU,RS Umum,A,Kemkes,RS Publik,Sumatera Utara,Kota Medan,1043.0,11.0,33.0,33.0,37.0,8.0,3.0,2.0,33.0,,33.0,,,37.0,,13.0,,5.0,16.0,5.0,3.0,20.0,2.0,105.0,5.0,39.0,1383.0,18,78.26,1.0,2.0,0.0,1.0,2.0,0.0,1.0,2.0,,1.0,2.0,1.0,,2.0,1.0,0.0,,,1.0,,1.0,False,17.0,12.0,75.0,1,Sudah kerjasama BPJS,Sudah kerjasama BPJS,Sudah kerjasama BPJS,Sudah kerjasama BPJS,Sudah kerjasama BPJS,Sudah kerjasama BPJS,Sudah kerjasama BPJS,Belum kerjasama BPJS,8,7,87.5
1275702,RS Umum Sri Ratu,RSU,RS Umum,D,Swasta Non Profit,RS Publik,Sumatera Utara,Kota Medan,3.0,,3.0,5.0,1.0,1.0,,,5.0,,3.0,,,1.0,,,,,,,,2.0,,,,,15.0,6,26.09,,,,,,,,,,,,,,,,,,,,,,,,,,0,,,,,,,,,0,0,
1275724,RS Umum Sarah,RSU,RS Umum,D,Swasta,RS Privat,Sumatera Utara,Kota Medan,,,,,,,,,,,,,,,,,,,,,,,,,,,,0,0.0,,,,,,,,,,,,,,,,,,,,,,,,,,0,,,,,,,,,0,0,
1275750,RS Umum Prof. Dr. Boloni,RSU,RS Umum,C,Swasta Non Profit,RS Publik,Sumatera Utara,Kota Medan,5.0,1.0,3.0,1.0,,1.0,,,1.0,,3.0,,,,,,,,1.0,,,,,,,,12.0,6,26.09,,,,,,,,,,,,,,,,,,,,,,,,,,0,,,,,,,Sudah kerjasama BPJS,,1,1,100.0
1275772,RS Umum Bandung,RSU,RS Umum,C,Swasta Non Profit,RS Publik,Sumatera Utara,Kota Medan,,,,,,,,,,,,,,,,,,,,,,,,,,,,0,0.0,,,,,,,,,,,,,,,,,,,,,,,,,,0,,,,,,Sudah kerjasama BPJS,Sudah kerjasama BPJS,,2,2,100.0
1275783,RS Ibu dan Anak Murni Teguh Rosiva,RSIA,RS Khusus,C,Swasta,RS Privat,Sumatera Utara,Kota Medan,5.0,,,8.0,10.0,,,,8.0,,,,,10.0,,,,,1.0,1.0,,2.0,,2.0,,1.0,30.0,8,34.78,,,,,,,,,,,,,,,,,,,,,,,,,,0,,,,,,,,,0,0,
1275804,RS Ibu dan Anak Badrul Aini,RSIA,RS Khusus,C,Swasta,RS Privat,Sumatera Utara,Kota Medan,3.0,,,1.0,2.0,,,,1.0,,,,,2.0,,,,,1.0,,,1.0,,1.0,,,9.0,6,26.09,,,,,,,,,,,,,,,,,,,,,,,,,,0,,,,,,,,,0,0,
1275826,RS Umum Bahagia Medan,RSU,RS Umum,C,Swasta Non Profit,RS Publik,Sumatera Utara,Kota Medan,5.0,,,,,,,,,,,,,,,,,,,,,,,,,,5.0,1,4.35,,,,,,,,,,,,,,,,,,,,,,,,,,0,,,,,,,,,0,0,
1275830,RS Umum Wulan Windy,RSU,RS Umum,C,Swasta,RS Privat,Sumatera Utara,Kota Medan,13.0,2.0,4.0,2.0,2.0,2.0,,,2.0,,4.0,,,2.0,,2.0,,1.0,1.0,,,1.0,,7.0,,6.0,43.0,12,52.17,,,,,,,,,,,,,,,,,,,,,,,,,,0,,,,,,Sudah kerjasama BPJS,Sudah kerjasama BPJS,,2,2,100.0
1275841,RS Umum Estomihi,RSU,RS Umum,C,Swasta,RS Privat,Sumatera Utara,Kota Medan,,,,,,,,,,,,,,,,,,,,,,,,,,,,0,0.0,,,,,,,,,,,,,,,,,,,,,,,,,,0,,,,,,,Sudah kerjasama BPJS,,1,1,100.0
1275852,RS Columbia Asia Medan,RSU,RS Umum,B,Swasta,RS Privat,Sumatera Utara,Kota Medan,53.0,2.0,14.0,18.0,23.0,7.0,3.0,1.0,18.0,,14.0,1.0,1.0,23.0,1.0,6.0,1.0,2.0,2.0,4.0,,22.0,,33.0,,17.0,211.0,19,82.61,,,,,,,,,,,,,,,,,,,,,,,,,,0,,,,,,,,,0,0,
1275874,RS Khusus Gigi dan Mulut Univ. Sumatera Utara,RSK GM,RS Khusus,C,Kementerian Lain,RS Publik,Sumatera Utara,Kota Medan,,12.0,,,,,,,,,,,,,,,,,,,,,,,,2.0,14.0,2,8.7,,,,,,,,,,,,,,,,,,,,,,,,,,0,,,,,,,,,0,0,
1275885,RS Umum Muhammadiyah Sumatera Utara,RSU,RS Umum,D,Swasta Non Profit,RS Publik,Sumatera Utara,Kota Medan,8.0,,3.0,3.0,2.0,,,,3.0,,3.0,,,2.0,,1.0,,1.0,1.0,1.0,,1.0,,3.0,,4.0,28.0,11,47.83,,,,,,,,,,,,,,,,,,,,,,,,,,0,,,,,,Sudah kerjasama BPJS,,,1,1,100.0
1275888,RS Umum Martha Friska Multatuli,RSU,RS Umum,C,Swasta,RS Privat,Sumatera Utara,Kota Medan,21.0,,4.0,2.0,3.0,4.0,,,2.0,,4.0,,,3.0,,2.0,,,1.0,1.0,,1.0,,7.0,,6.0,52.0,11,47.83,,,,,,,,,,,,,,,,,,,,,,,,,,0,,,,,Sudah kerjasama BPJS,,Sudah kerjasama BPJS,,2,2,100.0
1275889,RS Umum Murni Teguh Memorial Hospital,RSU,RS Umum,B,Swasta,RS Privat,Sumatera Utara,Kota Medan,66.0,2.0,19.0,9.0,11.0,6.0,2.0,2.0,9.0,1.0,19.0,,,11.0,,5.0,,3.0,3.0,4.0,6.0,15.0,,19.0,,14.0,187.0,17,73.91,,,,,,,,,,,,,,,,,,,,,,,,,,0,Sudah kerjasama BPJS,,Belum kerjasama BPJS,Sudah kerjasama BPJS,Sudah kerjasama BPJS,Sudah kerjasama BPJS,Sudah kerjasama BPJS,,6,5,83.33
1275890,RS Umum Bunda Thamrin,RSU,RS Umum,C,Swasta,RS Privat,Sumatera Utara,Kota Medan,58.0,4.0,8.0,5.0,9.0,5.0,,,5.0,,8.0,,,9.0,,3.0,,,2.0,3.0,,6.0,,15.0,,10.0,128.0,12,52.17,,,,,,,,,,,,,,,,,,,,,,,,,,0,,,,Sudah kerjasama BPJS,Sudah kerjasama BPJS,,Sudah kerjasama BPJS,,3,3,100.0
1275898,RS Khusus Mata SMEC,RSK Mata,RS Khusus,C,Swasta,RS Privat,Sumatera Utara,Kota Medan,2.0,,,,,,,,,,,,,,,,,,,,,1.0,,,,,3.0,2,8.7,,,,,,,,,,,,,,,,,,,,,,,,,,0,,,,,,,,,0,0,
1275899,RS Umum Tere Margareth,RSU,RS Umum,C,Swasta Non Profit,RS Publik,Sumatera Utara,Kota Medan,9.0,1.0,2.0,2.0,2.0,1.0,,,2.0,,2.0,,,2.0,,1.0,,,1.0,,,,,,,1.0,20.0,9,39.13,,,,,,,,,,,,,,,,,,,,,,,,,,0,,,,,,,,,0,0,
1275900,RS Umum Fajar,RSU,RS Umum,Belum Ditetapkan,Swasta,RS Privat,Sumatera Utara,Kota Medan,,,,,,,,,,,,,,,,,,,,,,,,,,,,0,0.0,,,,,,,,,,,,,,,,,,,,,,,,,,0,,,,,,,,,0,0,
1275907,RS Umum Royal Prima,RSU,RS Umum,B,Swasta,RS Privat,Sumatera Utara,Kota Medan,61.0,2.0,10.0,7.0,9.0,7.0,,,7.0,,10.0,,,9.0,,4.0,,2.0,3.0,3.0,,5.0,,,,,113.0,11,47.83,,,,,,,,,,,,,,,,,,,,,,,,,,0,Sudah kerjasama BPJS,Sudah kerjasama BPJS,,Sudah kerjasama BPJS,Sudah kerjasama BPJS,Sudah kerjasama BPJS,Sudah kerjasama BPJS,,6,6,100.0
1275909,RS Umum Madani,RSU,RS Umum,C,Swasta,RS Privat,Sumatera Utara,Kota Medan,18.0,3.0,4.0,3.0,3.0,1.0,,,3.0,,4.0,,,3.0,,3.0,,,,,,2.0,,9.0,,3.0,49.0,10,43.48,,,,,,,,,,,,,,,,,,,,,,,,,,0,,,,,,Sudah kerjasama BPJS,Sudah kerjasama BPJS,,2,2,100.0
1275910,RS Ibu dan Anak Eva,RSIA,RS Khusus,C,Swasta,RS Privat,Sumatera Utara,Kota Medan,,,,,,,,,,,,,,,,,,,,,,,,,,,,0,0.0,,,,,,,,,,,,,,,,,,,,,,,,,,0,,,,,,,,,0,0,
1275911,RS Umum Siloam Dhirga Surya,RSU,RS Umum,B,Swasta,RS Privat,Sumatera Utara,Kota Medan,35.0,3.0,7.0,6.0,4.0,3.0,2.0,1.0,6.0,,7.0,1.0,2.0,4.0,,2.0,1.0,2.0,1.0,3.0,1.0,5.0,,23.0,1.0,4.0,107.0,20,86.96,,,,,,,,,,,,,,,,,,,,,,,,,,0,,,,,,,,,0,0,
1275913,RS Umum Universitas Sumatera Utara,RSU,RS Umum,C,Kementerian Lain,RS Publik,Sumatera Utara,Kota Medan,23.0,8.0,12.0,10.0,9.0,3.0,,,10.0,,12.0,,,9.0,,6.0,,3.0,2.0,1.0,,7.0,,,,3.0,87.0,12,52.17,,,,,,,,,,,,,,,,,,,,,,,,,,0,Sudah kerjasama BPJS,Sudah kerjasama BPJS,Sudah kerjasama BPJS,Sudah kerjasama BPJS,Sudah kerjasama BPJS,Sudah kerjasama BPJS,Sudah kerjasama BPJS,,7,7,100.0
1275914,RS Khusus Mata Mencirim Tujuh-Tujuh,RSK Mata,RS Khusus,C,Swasta,RS Privat,Sumatera Utara,Kota Medan,3.0,,,,,,,,,,,,,,,,,,,,,1.0,,,,,4.0,2,8.7,,,,,,,,,,,,,,,,,,,,,,,,,,0,,,,,,,,,0,0,
1275918,RS Khusus Ginjal Rasyida,RSK GINJAL,RS Khusus,C,Swasta,RS Privat,Sumatera Utara,Kota Medan,11.0,,2.0,,,2.0,,,,,2.0,,,,,1.0,,,1.0,1.0,,1.0,,2.0,,1.0,22.0,9,39.13,,,,,,,,,,,,,,,,,,,,,,,,,,0,,,,,,,,,0,0,
1275921,RS Khusus Bedah Setia Budi,RSK BEDAH,RS Khusus,C,Swasta,RS Privat,Sumatera Utara,Kota Medan,,1.0,2.0,1.0,1.0,1.0,,,1.0,,2.0,,,1.0,,,,,,,,1.0,,2.0,,3.0,12.0,8,34.78,,,,,,,,,,,,,,,,,,,,,,,,,,0,,,,,,,,,0,0,
1275922,RS Khusus Mata Provinsi Sumatera Utara,RSK Mata,RS Khusus,B,Pemprop,RS Publik,Sumatera Utara,Kota Medan,,,,,,,,,,,,,,,,,,,,,,,,,,,,0,0.0,,,,,,,,,,,,,,,,,,,,,,,,,,0,,,,,,,Sudah kerjasama BPJS,,1,1,100.0
1275923,RS Umum Mitra Medika Amplas,RSU,RS Umum,C,Swasta,RS Privat,Sumatera Utara,Kota Medan,27.0,5.0,5.0,4.0,4.0,4.0,,,4.0,,5.0,,,4.0,,3.0,,1.0,1.0,2.0,,4.0,,10.0,,7.0,77.0,13,56.52,,,,,,,,,,,,,,,,,,,,,,,,,,0,,,,,,,,,0,0,
1275928,RS Khusus Mata Prima Vision,RSK Mata,RS Khusus,C,Swasta,RS Privat,Sumatera Utara,Kota Medan,2.0,,,,,,,,,,,,,,,,,,,,,,,,,,2.0,1,4.35,,,,,,,,,,,,,,,,,,,,,,,,,,0,,,,,,,,,0,0,
1275929,RS Ibu Dan Anak Artha Mahinrus,RSIA,RS Khusus,C,Swasta,RS Privat,Sumatera Utara,Kota Medan,1.0,,,1.0,1.0,,,,1.0,,,,,1.0,,1.0,,,,,,,,,,,4.0,4,17.39,,,,,,,,,,,,,,,,,,,,,,,,,,0,,,,,,,,,0,0,
1275930,RS Umum Hermina Medan,RSU,RS Umum,C,Swasta,RS Privat,Sumatera Utara,Kota Medan,20.0,3.0,8.0,11.0,8.0,6.0,,,11.0,,8.0,,,8.0,,3.0,,,1.0,1.0,,5.0,,10.0,,4.0,80.0,12,52.17,,,,,,,,,,,,,,,,,,,,,,,,,,0,Sudah kerjasama BPJS,,,,,,Sudah kerjasama BPJS,,2,2,100.0
1275931,RS Umum Eshmun,RSU,RS Umum,C,Swasta,RS Privat,Sumatera Utara,Kota Medan,14.0,1.0,2.0,3.0,2.0,2.0,,,3.0,,2.0,,,2.0,,1.0,,1.0,1.0,1.0,,2.0,,12.0,,6.0,48.0,13,56.52,,,,,,,,,,,,,,,,,,,,,,,,,,0,,,,,,Sudah kerjasama BPJS,Sudah kerjasama BPJS,,2,2,100.0
1275932,RS Gigi dan Mulut Prima,RSK GM,RS Khusus,C,Swasta,RS Privat,Sumatera Utara,Kota Medan,,87.0,,,,,,,,,,,,,,,,,,,,,,,,,87.0,1,4.35,,,,,,,,,,,,,,,,,,,,,,,,,,0,,,,,,,,,0,0,
1275933,RS Khusus Paru Sumatera Utara,RSK PARU,RS Khusus,B,Pemprop,RS Publik,Sumatera Utara,Kota Medan,28.0,5.0,,1.0,1.0,,,,1.0,,,,,1.0,,3.0,,,1.0,1.0,,1.0,,,,12.0,53.0,9,39.13,,,,,,,,,,,,,,,,,,,,,,,,,,0,,,,,,,,,0,0,
1275934,RS Jiwa Mahoni,RSK Jiwa,RS Khusus,C,Swasta,RS Privat,Sumatera Utara,Kota Medan,,,,,,,,,,,,,,,,,,,,,,,,,,,,0,0.0,,,,,,,,,,,,,,,,,,,,,,,,,,0,,,,,,,,,0,0,
1275935,RS Umum Royal Maternity,RSU,RS Umum,C,Swasta,RS Privat,Sumatera Utara,Kota Medan,,,,,,,,,,,,,,,,,,,,,,,,,,,,0,0.0,,,,,,,,,,,,,,,,,,,,,,,,,,0,,,,,,,Sudah kerjasama BPJS,,1,1,100.0
1275936,RS Umum Royal Prima Marelan,RSU,RS Umum,C,Swasta,RS Privat,Sumatera Utara,Kota Medan,30.0,2.0,4.0,3.0,5.0,3.0,,,3.0,,4.0,,,5.0,,3.0,,,,,,2.0,,5.0,,2.0,59.0,10,43.48,,,,,,,,,,,,,,,,,,,,,,,,,,0,,,,Sudah kerjasama BPJS,,Sudah kerjasama BPJS,Sudah kerjasama BPJS,,3,3,100.0
1275996,RS SUFINA AZIZ,RSU,RS Umum,C,Swasta Non Profit,RS Publik,Sumatera Utara,Kota Medan,12.0,1.0,3.0,3.0,1.0,1.0,,,3.0,,3.0,,,1.0,,1.0,,1.0,1.0,1.0,,1.0,,,,,26.0,11,47.83,,,,,,,,,,,,,,,,,,,,,,,,,,0,,,,Sudah kerjasama BPJS,,Sudah kerjasama BPJS,Sudah kerjasama BPJS,,3,3,100.0
1275997,RS Umum Bina Kasih,RSU,RS Umum,B,Swasta Non Profit,RS Publik,Sumatera Utara,Kota Medan,39.0,,3.0,2.0,1.0,2.0,,,2.0,,3.0,1.0,,1.0,,3.0,,1.0,,1.0,,1.0,,4.0,,6.0,64.0,12,52.17,,,,,,,,,,,,,,,,,,,,,,,,,,0,,Sudah kerjasama BPJS,,Sudah kerjasama BPJS,,Sudah kerjasama BPJS,Sudah kerjasama BPJS,,4,4,100.0
1275998,RS Ibu dan Anak Stella Maris,RSIA,RS Khusus,C,Swasta,RS Privat,Sumatera Utara,Kota Medan,10.0,6.0,2.0,27.0,15.0,1.0,,,27.0,,2.0,,,15.0,,,,2.0,1.0,1.0,,4.0,,21.0,,3.0,93.0,12,52.17,,,,,,,,,,,,,,,,,,,,,,,,,,0,,,,,,,,,0,0,
1275999,RS Jiwa Bina Karsa Medan,RSK Jiwa,RS Khusus,C,Swasta Non Profit,RS Publik,Sumatera Utara,Kota Medan,2.0,,,,,,,,,,,,,,,,,,,,,,,,,,2.0,1,4.35,,,,,,,,,,,,,,,,,,,,,,,,,,0,,,,,,,,,0,0,
1273011,RS Umum Daerah Dr. Djasamen Saragih,RSU,RS Umum,B,Pemkot,RS Publik,Sumatera Utara,Kota Pematang Siantar,28.0,5.0,4.0,2.0,2.0,4.0,1.0,,2.0,,4.0,,,2.0,,3.0,,,2.0,2.0,,1.0,,13.0,1.0,14.0,82.0,14,60.87,0.0,1.0,0.0,0.0,0.0,0.0,0.0,0.0,0.0,0.0,0.0,1.0,,0.0,0.0,0.0,1.0,0.0,0.0,3.0,1.0,False,6.0,4.0,95.0,1,,,,,,Sudah kerjasama BPJS,Sudah kerjasama BPJS,,2,2,100.0
1273022,RS Tk. IV 01.07.01,RSU,RS Umum,C,TNI,RS Publik,Sumatera Utara,Kota Pematang Siantar,19.0,4.0,2.0,3.0,3.0,3.0,,,3.0,,2.0,,,3.0,,2.0,,,3.0,2.0,,2.0,,8.0,,4.0,55.0,12,52.17,,,,,,,,,,,,,,,,,,,,,,,,,,0,,,,,,,Sudah kerjasama BPJS,,1,1,100.0
1273033,RS Umum Harapan,RSU,RS Umum,C,Swasta Non Profit,RS Publik,Sumatera Utara,Kota Pematang Siantar,15.0,2.0,4.0,1.0,2.0,2.0,,,1.0,,4.0,,,2.0,,2.0,,,1.0,1.0,,,,4.0,,3.0,37.0,11,47.83,,,,,,,,,,,,,,,,,,,,,,,,,,0,,,,,,,Sudah kerjasama BPJS,,1,1,100.0
1273055,RS Umum Vita Insani,RSU,RS Umum,B,Swasta,RS Privat,Sumatera Utara,Kota Pematang Siantar,,,,,,,,,,,,,,,,,,,,,,,,,,,,0,0.0,,,,,,,,,,,,,,,,,,,,,,,,,,0,,,,Sudah kerjasama BPJS,,,Sudah kerjasama BPJS,,2,2,100.0
1273102,RS Umum Horas Insani,RSU,RS Umum,C,Swasta,RS Privat,Sumatera Utara,Kota Pematang Siantar,8.0,1.0,3.0,3.0,2.0,1.0,,,3.0,,3.0,,,2.0,,2.0,,,1.0,,,2.0,,1.0,,3.0,27.0,11,47.83,,,,,,,,,,,,,,,,,,,,,,,,,,0,,,,,,,Sudah kerjasama BPJS,,1,1,100.0
1273106,RS Umum Tiara Kasih Sejati,RSU,RS Umum,C,Swasta,RS Privat,Sumatera Utara,Kota Pematang Siantar,9.0,,1.0,2.0,,,,,2.0,,1.0,,,,,1.0,,,1.0,,,1.0,,5.0,,3.0,23.0,8,34.78,,,,,,,,,,,,,,,,,,,,,,,,,,0,,,,,,,Sudah kerjasama BPJS,,1,1,100.0
1273107,RS Mata Siantar,RSK Mata,RS Khusus,C,Swasta,RS Privat,Sumatera Utara,Kota Pematang Siantar,2.0,,,,,,,,,,,,,,,,,,,,,,,,,,2.0,1,4.35,,,,,,,,,,,,,,,,,,,,,,,,,,0,,,,,,,,,0,0,
1273108,RS Rasyida Siantar,RSU,RS Umum,D,Swasta,RS Privat,Sumatera Utara,Kota Pematang Siantar,8.0,1.0,1.0,,2.0,,,,,,1.0,,,2.0,,,,,1.0,,,,,1.0,,,14.0,6,26.09,,,,,,,,,,,,,,,,,,,,,,,,,,0,,,,,,,,,0,0,
1273119,RS Efarina Etaham Pematang Siantar,RSU,RS Umum,C,Swasta,RS Privat,Sumatera Utara,Kota Pematang Siantar,9.0,1.0,3.0,2.0,2.0,2.0,,,2.0,,3.0,,,2.0,,2.0,,1.0,1.0,1.0,,1.0,,2.0,1.0,1.0,29.0,14,60.87,,,,,,,,,,,,,,,,,,,,,,,,,,0,,,,,,Sudah kerjasama BPJS,Sudah kerjasama BPJS,,2,2,100.0
1273120,RS Murni Teguh Pematang Siantar,RSU,RS Umum,D,Swasta,RS Privat,Sumatera Utara,Kota Pematang Siantar,,,,,,,,,,,,,,,,,,,,,,,,,,,,0,0.0,,,,,,,,,,,,,,,,,,,,,,,,,,0,,,,,,,,,0,0,
1271016,RS Umum Daerah Dr. FL Tobing Sibolga,RSU,RS Umum,B,Pemkot,RS Publik,Sumatera Utara,Kota Sibolga,44.0,8.0,4.0,2.0,4.0,2.0,,,2.0,,4.0,,,4.0,,2.0,,,1.0,1.0,,1.0,,16.0,,9.0,94.0,12,52.17,0.0,0.0,0.0,1.0,0.0,0.0,1.0,0.0,0.0,0.0,0.0,0.0,,0.0,0.0,1.0,3.0,1.0,1.0,5.0,1.0,False,13.0,7.0,95.0,1,,,,,,Sudah kerjasama BPJS,Sudah kerjasama BPJS,,2,2,100.0
1271032,RS Umum Metta Medika,RSU,RS Umum,C,Swasta,RS Privat,Sumatera Utara,Kota Sibolga,9.0,,3.0,3.0,4.0,2.0,,,3.0,,3.0,,,4.0,,2.0,,,1.0,1.0,,2.0,,6.0,,4.0,37.0,11,47.83,,,,,,,,,,,,,,,,,,,,,,,,,,0,,,,,,,Sudah kerjasama BPJS,,1,1,100.0
1271033,RS Metta Medika II,RSU,RS Umum,C,Swasta,RS Privat,Sumatera Utara,Kota Sibolga,11.0,1.0,4.0,3.0,6.0,2.0,,,3.0,,4.0,,,6.0,,1.0,,1.0,1.0,2.0,,1.0,,2.0,,2.0,37.0,13,56.52,,,,,,,,,,,,,,,,,,,,,,,,,,0,,,,,,Sudah kerjasama BPJS,Sudah kerjasama BPJS,,2,2,100.0
1272010,RS Umum Daerah Dr. Tengku Mansyur,RSU,RS Umum,C,Pemkot,RS Publik,Sumatera Utara,Kota Tanjung Balai,18.0,2.0,4.0,1.0,4.0,1.0,,,1.0,,4.0,,,4.0,,2.0,,,,,,1.0,,8.0,,6.0,47.0,10,43.48,0.0,0.0,0.0,0.0,0.0,0.0,0.0,0.0,0.0,0.0,0.0,0.0,,0.0,0.0,0.0,1.0,0.0,0.0,2.0,1.0,False,3.0,2.0,95.0,1,,,,,,Sudah kerjasama BPJS,Sudah kerjasama BPJS,,2,2,100.0
1272033,RS Umum Hadi Husada,RSU,RS Umum,D,Swasta,RS Privat,Sumatera Utara,Kota Tanjung Balai,6.0,,2.0,2.0,2.0,,,,2.0,,2.0,,,2.0,,,,,,,,1.0,,,,,13.0,5,21.74,,,,,,,,,,,,,,,,,,,,,,,,,,0,,,,,,,,,0,0,
1276014,RS Umum Daerah Dr. R. M. Djoelham Binjai,RSU,RS Umum,B,Pemkot,RS Publik,Sumatera Utara,Kota Binjai,41.0,7.0,4.0,2.0,6.0,1.0,,,2.0,,4.0,,,6.0,,3.0,,1.0,3.0,1.0,,1.0,,19.0,,7.0,96.0,13,56.52,0.0,0.0,1.0,0.0,0.0,0.0,0.0,0.0,,0.0,0.0,0.0,,0.0,0.0,0.0,,,0.0,,1.0,False,1.0,1.0,75.0,1,,Sudah kerjasama BPJS,,,,Sudah kerjasama BPJS,Sudah kerjasama BPJS,,3,3,100.0
1276025,RS Bangkatan PTPN II,RSU,RS Umum,C,BUMN,RS Privat,Sumatera Utara,Kota Binjai,3.0,2.0,3.0,,1.0,1.0,,,,,3.0,,,1.0,,1.0,,,1.0,1.0,,,,,,,13.0,8,34.78,,,,,,,,,,,,,,,,,,,,,,,,,,0,,,,,,,,,0,0,
1276036,RS Umum Artha Medica,RSU,RS Umum,C,Swasta Non Profit,RS Publik,Sumatera Utara,Kota Binjai,20.0,1.0,5.0,4.0,3.0,2.0,,,4.0,,5.0,,,3.0,,3.0,,1.0,1.0,1.0,,2.0,,4.0,,6.0,53.0,13,56.52,,,,,,,,,,,,,,,,,,,,,,,,,,0,,,,Sudah kerjasama BPJS,,Sudah kerjasama BPJS,Sudah kerjasama BPJS,,3,3,100.0
1276040,RS Tk. IV 01.07.02 Binjai,RSU,RS Umum,C,TNI,RS Publik,Sumatera Utara,Kota Binjai,17.0,1.0,1.0,1.0,2.0,1.0,,,1.0,,1.0,,,2.0,,,,,2.0,,,1.0,,5.0,,,31.0,9,39.13,,,,,,,,,,,,,,,,,,,,,,,,,,0,,,,,,Sudah kerjasama BPJS,Sudah kerjasama BPJS,,2,2,100.0
1276074,RS Umum Latersia,RSU,RS Umum,C,Swasta,RS Privat,Sumatera Utara,Kota Binjai,9.0,1.0,2.0,1.0,2.0,1.0,,,1.0,,2.0,,,2.0,,,,,1.0,1.0,,2.0,,,,,20.0,9,39.13,,,,,,,,,,,,,,,,,,,,,,,,,,0,,,,,,,Sudah kerjasama BPJS,,1,1,100.0
1276075,RS Umum Bidadari,RSU,RS Umum,C,Swasta,RS Privat,Sumatera Utara,Kota Binjai,,,,,,,,,,,,,,,,,,,,,,,,,,,,0,0.0,,,,,,,,,,,,,,,,,,,,,,,,,,0,,,,,,,Sudah kerjasama BPJS,,1,1,100.0
1276076,RS Umum Ratu Mas,RSU,RS Umum,D,Swasta,RS Privat,Sumatera Utara,Kota Binjai,4.0,1.0,1.0,2.0,,2.0,,,2.0,,1.0,,,,,,,,1.0,1.0,,,,,,1.0,13.0,8,34.78,,,,,,,,,,,,,,,,,,,,,,,,,,0,,,,,,,,,0,0,
1276077,RS Umum Sylvani,RSU,RS Umum,C,Swasta,RS Privat,Sumatera Utara,Kota Binjai,8.0,1.0,3.0,5.0,4.0,2.0,,,5.0,,3.0,,,4.0,,1.0,,,1.0,1.0,,1.0,,5.0,,3.0,35.0,12,52.17,,,,,,,,,,,,,,,,,,,,,,,,,,0,,,,,,,Sudah kerjasama BPJS,,1,1,100.0
1276078,RS Umum AL Fuadi,RSU,RS Umum,C,Swasta Non Profit,RS Publik,Sumatera Utara,Kota Binjai,11.0,1.0,3.0,4.0,3.0,2.0,,,4.0,,3.0,,,3.0,,1.0,,1.0,1.0,2.0,,1.0,,2.0,,2.0,34.0,13,56.52,,,,,,,,,,,,,,,,,,,,,,,,,,0,,,,,,Sudah kerjasama BPJS,Sudah kerjasama BPJS,,2,2,100.0
1276079,OG Hospital,RSU,RS Umum,D,Swasta,RS Privat,Sumatera Utara,Kota Binjai,8.0,,1.0,2.0,2.0,1.0,,,2.0,,1.0,,,2.0,,,,,,1.0,,,,1.0,,,16.0,7,30.43,,,,,,,,,,,,,,,,,,,,,,,,,,0,,,,,,,Sudah kerjasama BPJS,,1,1,100.0
1276090,RS Umum Raskita,RSU,RS Umum,D,Swasta,RS Privat,Sumatera Utara,Kota Binjai,,,,,,,,,,,,,,,,,,,,,,,,,,,,0,0.0,,,,,,,,,,,,,,,,,,,,,,,,,,0,,,,,,,,,0,0,
1276092,RS Ibu dan Anak Grand Fatimah,RSIA,RS Khusus,C,Swasta,RS Privat,Sumatera Utara,Kota Binjai,,,,,,,,,,,,,,,,,,,,,,,,,,,,0,0.0,,,,,,,,,,,,,,,,,,,,,,,,,,0,,,,,,,,,0,0,
1274012,RS Umum Daerah Dr. H. Kumpulan Pane,RSU,RS Umum,B,Pemkot,RS Publik,Sumatera Utara,Kota Tebing Tinggi,24.0,3.0,4.0,2.0,3.0,2.0,,,2.0,,4.0,,,3.0,,2.0,,2.0,1.0,2.0,,1.0,,5.0,,10.0,61.0,13,56.52,0.0,0.0,0.0,2.0,0.0,0.0,0.0,0.0,0.0,0.0,4.0,1.0,,0.0,0.0,0.0,1.0,0.0,0.0,6.0,1.0,False,14.0,5.0,95.0,1,,,,,Sudah kerjasama BPJS,Sudah kerjasama BPJS,Sudah kerjasama BPJS,,3,3,100.0
1274034,RS Umum Sri Pamela,RSU,RS Umum,C,BUMN,RS Privat,Sumatera Utara,Kota Tebing Tinggi,24.0,1.0,3.0,2.0,2.0,3.0,,,2.0,,3.0,,,2.0,,2.0,,,,1.0,,1.0,,18.0,,7.0,64.0,11,47.83,,,,,,,,,,,,,,,,,,,,,,,,,,0,,,,,,Sudah kerjasama BPJS,,,1,1,100.0
1274058,RS Bhayangkara Tk.III Kota Tebing Tinggi,RSU,RS Umum,C,POLRI,RS Publik,Sumatera Utara,Kota Tebing Tinggi,15.0,,3.0,2.0,2.0,1.0,,,2.0,,3.0,,,2.0,,1.0,,,,1.0,,2.0,,2.0,,5.0,34.0,10,43.48,,,,,,,,,,,,,,,,,,,,,,,,,,0,,,,,,,,,0,0,
1274061,RS Umum Natama,RSU,RS Umum,D,Swasta,RS Privat,Sumatera Utara,Kota Tebing Tinggi,,,,,,,,,,,,,,,,,,,,,,,,,,,,0,0.0,,,,,,,,,,,,,,,,,,,,,,,,,,0,,,,,,,Sudah kerjasama BPJS,,1,1,100.0
1274062,RS Umum Universitas Prima Indonesia,RSU,RS Umum,D,Swasta Non Profit,RS Publik,Sumatera Utara,Kota Tebing Tinggi,4.0,,,,,1.0,,,,,,,,,,,,,1.0,,,,,,,,6.0,3,13.04,,,,,,,,,,,,,,,,,,,,,,,,,,0,,,,,,,Sudah kerjasama BPJS,,1,1,100.0
1274063,RS Chevani,RSU,RS Umum,C,Swasta,RS Privat,Sumatera Utara,Kota Tebing Tinggi,7.0,2.0,3.0,2.0,3.0,3.0,,,2.0,,3.0,,,3.0,,1.0,,2.0,1.0,1.0,,3.0,,6.0,,4.0,38.0,13,56.52,,,,,,,,,,,,,,,,,,,,,,,,,,0,,,,,,Sudah kerjasama BPJS,Sudah kerjasama BPJS,,2,2,100.0
1277011,RS Umum Daerah Padang Sidempuan,RSU,RS Umum,C,Pemkot,RS Publik,Sumatera Utara,Kota Padang Sidempuan,29.0,5.0,3.0,2.0,2.0,2.0,,,2.0,,3.0,,,2.0,,1.0,,2.0,1.0,1.0,,1.0,,11.0,,4.0,64.0,13,56.52,0.0,0.0,0.0,1.0,0.0,0.0,0.0,0.0,0.0,0.0,0.0,0.0,,0.0,0.0,0.0,1.0,0.0,0.0,2.0,1.0,False,4.0,3.0,95.0,1,,,,,,Sudah kerjasama BPJS,Sudah kerjasama BPJS,,2,2,100.0
1277015,RS TNI Tk. IV 01.07.03,RSU,RS Umum,D,TNI,RS Publik,Sumatera Utara,Kota Padang Sidempuan,8.0,2.0,3.0,2.0,1.0,1.0,,,2.0,,3.0,,,1.0,,1.0,,,1.0,,,,,1.0,,,20.0,9,39.13,,,,,,,,,,,,,,,,,,,,,,,,,,0,,,,,,,Sudah kerjasama BPJS,,1,1,100.0
1277026,RS Umum Inanta,RSU,RS Umum,C,Swasta Non Profit,RS Publik,Sumatera Utara,Kota Padang Sidempuan,7.0,,2.0,1.0,3.0,2.0,,,1.0,,2.0,,,3.0,,1.0,,,1.0,1.0,,,,2.0,,2.0,22.0,10,43.48,,,,,,,,,,,,,,,,,,,,,,,,,,0,,,,,,,Sudah kerjasama BPJS,,1,1,100.0
1277027,RS Metta Medika,RSU,RS Umum,C,Swasta,RS Privat,Sumatera Utara,Kota Padang Sidempuan,14.0,1.0,5.0,3.0,2.0,3.0,,,3.0,,5.0,,,2.0,,2.0,,,2.0,,,1.0,,1.0,,1.0,35.0,11,47.83,,,,,,,,,,,,,,,,,,,,,,,,,,0,,,,,,,Sudah kerjasama BPJS,,1,1,100.0
1278002,RS Umum Bethesda Gunungsitoli,RSU,RS Umum,D,Swasta Non Profit,RS Publik,Sumatera Utara,Kota Gunungsitoli,14.0,,2.0,,2.0,2.0,,,,,2.0,,,2.0,,1.0,,,,1.0,,2.0,,2.0,,,26.0,8,34.78,,,,,,,,,,,,,,,,,,,,,,,,,,0,,,,,,,Sudah kerjasama BPJS,,1,1,100.0
1302011,RS Umum Daerah Dr. Muhammad Zein Painan,RSU,RS Umum,C,Pemkab,RS Publik,Sumatera Barat,Pesisir Selatan,37.0,5.0,3.0,2.0,2.0,4.0,,,2.0,,3.0,,,2.0,,2.0,,1.0,1.0,1.0,,2.0,,27.0,,11.0,98.0,13,56.52,0.0,0.0,0.0,0.0,0.0,0.0,0.0,0.0,,0.0,0.0,0.0,,0.0,0.0,0.0,,,0.0,,1.0,False,0.0,0.0,75.0,1,,,,,,Sudah kerjasama BPJS,Sudah kerjasama BPJS,,2,2,100.0
1302012,RS Umum BKM,RSU,RS Umum,C,Swasta,RS Privat,Sumatera Barat,Pesisir Selatan,12.0,1.0,4.0,3.0,1.0,2.0,,,3.0,,4.0,,,1.0,,2.0,,1.0,1.0,1.0,,3.0,,2.0,,2.0,35.0,13,56.52,,,,,,,,,,,,,,,,,,,,,,,,,,0,,,,,,Sudah kerjasama BPJS,Sudah kerjasama BPJS,,2,2,100.0
1302013,RS Umum Daerah Tapan,RSU,RS Umum,D,Pemkab,RS Publik,Sumatera Barat,Pesisir Selatan,6.0,1.0,1.0,,,1.0,,,,,1.0,,,,,,,,,,,,,8.0,,4.0,21.0,6,26.09,,,,,,,,,,,,,,,,,,,,,,,,,,0,,,,,,,,,0,0,
1302015,RS Khusus Ibu dan Anak Permata Hati,RSIA,RS Khusus,C,Swasta,RS Privat,Sumatera Barat,Pesisir Selatan,3.0,,1.0,2.0,1.0,1.0,,,2.0,,1.0,,,1.0,,,,1.0,1.0,,,,,,,,10.0,7,30.43,,,,,,,,,,,,,,,,,,,,,,,,,,0,,,,,,Sudah kerjasama BPJS,Sudah kerjasama BPJS,,2,2,100.0
1303023,RS Umum Daerah Arosuka Solok,RSU,RS Umum,C,Pemkab,RS Publik,Sumatera Barat,Solok,21.0,2.0,3.0,2.0,2.0,2.0,,,2.0,,3.0,,,2.0,,2.0,,1.0,2.0,1.0,,2.0,,27.0,,10.0,77.0,13,56.52,0.0,0.0,1.0,0.0,2.0,0.0,0.0,0.0,0.0,0.0,0.0,0.0,,0.0,0.0,0.0,1.0,0.0,0.0,5.0,1.0,False,9.0,4.0,95.0,1,,Sudah kerjasama BPJS,,,,Sudah kerjasama BPJS,Sudah kerjasama BPJS,,3,3,100.0
1304014,RS Umum Daerah Kabupaten Sijunjung,RSU,RS Umum,C,Pemkab,RS Publik,Sumatera Barat,Sijunjung,25.0,2.0,2.0,2.0,3.0,1.0,,,2.0,,2.0,,,3.0,,1.0,,,2.0,,,1.0,,18.0,1.0,8.0,66.0,12,52.17,0.0,0.0,1.0,0.0,0.0,0.0,0.0,0.0,0.0,0.0,0.0,0.0,,0.0,0.0,0.0,0.0,0.0,0.0,3.0,1.0,False,4.0,2.0,95.0,1,,,,,,,Sudah kerjasama BPJS,,1,1,100.0
1304015,RS Bersalin Alya,RSIA,RS Khusus,D,Swasta,RS Privat,Sumatera Barat,Sijunjung,,,,,,,,,,,,,,,,,,,,,,,,,,,,0,0.0,,,,,,,,,,,,,,,,,,,,,,,,,,0,,,,,,,,,0,0,
1304017,RS Khusus Ibu dan Anak Haryanda,RSIA,RS Khusus,C,Swasta,RS Privat,Sumatera Barat,Sijunjung,3.0,,,1.0,1.0,1.0,,,1.0,,,,,1.0,,,,,1.0,,,1.0,,,,,8.0,6,26.09,,,,,,,,,,,,,,,,,,,,,,,,,,0,,,,,,,,,0,0,
1305014,RS Umum Daerah Prof. Dr. M.A. Hanafiah,RSU,RS Umum,C,Pemkab,RS Publik,Sumatera Barat,Tanah Datar,21.0,4.0,3.0,3.0,3.0,2.0,,,3.0,,3.0,,,3.0,,1.0,,,1.0,1.0,,1.0,,18.0,,7.0,65.0,12,52.17,0.0,0.0,0.0,0.0,0.0,0.0,0.0,0.0,,0.0,0.0,0.0,,0.0,0.0,0.0,,,0.0,,1.0,False,0.0,0.0,75.0,1,,,,,,Sudah kerjasama BPJS,Sudah kerjasama BPJS,,2,2,100.0
1305015,RS Ibu dan Anak Sayang Ibu,RSIA,RS Khusus,C,Swasta,RS Privat,Sumatera Barat,Tanah Datar,11.0,,1.0,2.0,2.0,,,1.0,2.0,,1.0,,,2.0,,,,,1.0,,,1.0,,1.0,,,20.0,8,34.78,,,,,,,,,,,,,,,,,,,,,,,,,,0,,,,,,,Sudah kerjasama BPJS,,1,1,100.0
1305016,RS Ibu dan Anak Fadhila Batusangkar,RSIA,RS Khusus,C,Swasta,RS Privat,Sumatera Barat,Tanah Datar,8.0,,2.0,2.0,1.0,,,,2.0,,2.0,,,1.0,,,,,1.0,,,1.0,,4.0,,,19.0,7,30.43,,,,,,,,,,,,,,,,,,,,,,,,,,0,,,,,,,Sudah kerjasama BPJS,,1,1,100.0
1305017,RS Umum Harapan Ibunda,RSU,RS Umum,D,Swasta,RS Privat,Sumatera Barat,Tanah Datar,12.0,1.0,1.0,1.0,1.0,2.0,,,1.0,,1.0,,,1.0,,1.0,,,1.0,,,1.0,,3.0,,,24.0,10,43.48,,,,,,,,,,,,,,,,,,,,,,,,,,0,,,,,,,Sudah kerjasama BPJS,,1,1,100.0
1306056,RS Umum Daerah Padang Pariaman,RSU,RS Umum,C,Pemkab,RS Publik,Sumatera Barat,Padang Pariaman,17.0,6.0,3.0,2.0,3.0,2.0,,,2.0,,3.0,,,3.0,,2.0,,,2.0,,,1.0,,17.0,,10.0,65.0,11,47.83,0.0,0.0,0.0,0.0,0.0,0.0,0.0,0.0,,0.0,0.0,0.0,,0.0,0.0,0.0,,,0.0,,1.0,False,0.0,0.0,75.0,1,,,,,,,Sudah kerjasama BPJS,,1,1,100.0
1306057,RS Paru Sumatera Barat,RSK PARU,RS Khusus,B,Pemprop,RS Publik,Sumatera Barat,Padang Pariaman,15.0,,1.0,,,,,,,,1.0,,,,,1.0,,,,1.0,,,,15.0,,7.0,40.0,6,26.09,,,,,,,,,,,,,,,,,,,,,,,,,,0,,Sudah kerjasama BPJS,,,,,Sudah kerjasama BPJS,,2,2,100.0
1307017,RS Ibu dan Anak Rezki Bunda,RSIA,RS Khusus,C,Swasta,RS Privat,Sumatera Barat,Agam,4.0,1.0,2.0,1.0,1.0,,,,1.0,,2.0,,,1.0,,,,,1.0,,,1.0,,2.0,,,13.0,8,34.78,,,,,,,,,,,,,,,,,,,,,,,,,,0,,,,,,,Sudah kerjasama BPJS,,1,1,100.0
1308016,RS Umum Daerah Lubuk Basung,RSU,RS Umum,C,Pemkab,RS Publik,Sumatera Barat,Agam,16.0,4.0,3.0,2.0,1.0,1.0,,,2.0,,3.0,,,1.0,,2.0,,1.0,3.0,2.0,,1.0,,17.0,1.0,11.0,65.0,14,60.87,0.0,0.0,0.0,0.0,0.0,0.0,0.0,0.0,,0.0,0.0,0.0,,0.0,0.0,0.0,,,0.0,,1.0,False,0.0,0.0,75.0,1,,,,,,Sudah kerjasama BPJS,Sudah kerjasama BPJS,,2,2,100.0
1308010,RS Umum Daerah dr. Achmad Darwis,RSU,RS Umum,C,Pemkab,RS Publik,Sumatera Barat,Lima Puluh Kota,32.0,1.0,3.0,3.0,2.0,2.0,,,3.0,,3.0,,,2.0,,1.0,,,1.0,1.0,,1.0,,12.0,,10.0,69.0,12,52.17,0.0,0.0,0.0,0.0,0.0,0.0,0.0,0.0,,0.0,0.0,0.0,,0.0,0.0,0.0,,,0.0,,1.0,False,0.0,0.0,75.0,1,,,,,,,,,0,0,
1308012,RS Bersalin Harapan Bunda,RSIA,RS Khusus,Belum Ditetapkan,Swasta,RS Privat,Sumatera Barat,Lima Puluh Kota,,,,,,,,,,,,,,,,,,,,,,,,,,,,0,0.0,,,,,,,,,,,,,,,,,,,,,,,,,,0,,,,,,,,,0,0,
1309011,RS Umum Daerah Lubuk Sikaping,RSU,RS Umum,C,Pemkab,RS Publik,Sumatera Barat,Pasaman,26.0,2.0,2.0,3.0,1.0,1.0,,,3.0,,2.0,,,1.0,,1.0,,,2.0,,,,,8.0,,6.0,52.0,10,43.48,0.0,0.0,1.0,0.0,1.0,0.0,0.0,0.0,,0.0,0.0,1.0,,0.0,0.0,0.0,,,0.0,,1.0,False,3.0,3.0,75.0,1,,,,,Sudah kerjasama BPJS,Sudah kerjasama BPJS,Sudah kerjasama BPJS,,3,3,100.0
1309023,RS Islam Ibnu Sina Panti Yarsi ,RSU,RS Umum,D,Swasta,RS Privat,Sumatera Barat,Pasaman,,,,,,,,,,,,,,,,,,,,,,,,,,,,0,0.0,,,,,,,,,,,,,,,,,,,,,,,,,,0,,,,,,,Sudah kerjasama BPJS,,1,1,100.0
1309024,RS Kelas D Pasaman,RSU,RS Umum,D,Pemkab,RS Publik,Sumatera Barat,Pasaman,8.0,1.0,1.0,,1.0,1.0,,,,,1.0,,,1.0,,,,,1.0,,,,,9.0,,2.0,24.0,8,34.78,,,,,,,,,,,,,,,,,,,,,,,,,,0,,,,,,Sudah kerjasama BPJS,Sudah kerjasama BPJS,,2,2,100.0
1301010,RS Umum Daerah Kep. Mentawai,RSU,RS Umum,D,Pemkab,RS Publik,Sumatera Barat,Kepulauan Mentawai,13.0,1.0,1.0,2.0,1.0,1.0,,,2.0,,1.0,,,1.0,,,,,1.0,,,1.0,,4.0,,6.0,31.0,10,43.48,0.0,0.0,0.0,0.0,0.0,0.0,0.0,0.0,0.0,0.0,0.0,0.0,,0.0,0.0,0.0,0.0,0.0,0.0,2.0,1.0,False,2.0,1.0,95.0,1,,,,,,,Sudah kerjasama BPJS,,1,1,100.0
1311002,RS Umum Daerah Sungai Rumbai,RSU,RS Umum,D,Pemkab,RS Publik,Sumatera Barat,Dharmasraya,10.0,3.0,,,,,,,,,,,,,,1.0,,,,,,,,4.0,,4.0,22.0,5,21.74,,,,,,,,,,,,,,,,,,,,,,,,,,0,,,,,,,Sudah kerjasama BPJS,,1,1,100.0
1311013,RS Umum Daerah Sungai Dareh,RSU,RS Umum,C,Pemkab,RS Publik,Sumatera Barat,Dharmasraya,21.0,2.0,3.0,3.0,2.0,2.0,,,3.0,,3.0,,,2.0,,1.0,,,2.0,1.0,,1.0,,17.0,,9.0,64.0,12,52.17,0.0,0.0,1.0,0.0,0.0,0.0,0.0,0.0,,0.0,0.0,1.0,,0.0,0.0,0.0,,,0.0,,1.0,False,2.0,2.0,75.0,1,,,,,,,Sudah kerjasama BPJS,,1,1,100.0
1303012,RS Umum Daerah Muara Labuh,RSU,RS Umum,C,Pemkab,RS Publik,Sumatera Barat,Solok Selatan,13.0,3.0,1.0,2.0,1.0,2.0,,,2.0,,1.0,,,1.0,,1.0,,,1.0,1.0,,1.0,,8.0,,4.0,38.0,12,52.17,0.0,0.0,0.0,0.0,0.0,0.0,0.0,0.0,0.0,0.0,0.0,0.0,,0.0,0.0,0.0,0.0,0.0,0.0,0.0,1.0,False,0.0,0.0,95.0,1,,,,,,Sudah kerjasama BPJS,Sudah kerjasama BPJS,,2,2,100.0
1310011,RS Umum Daerah Batang Sangir,RSU,RS Umum,D,Pemkab,RS Publik,Sumatera Barat,Solok Selatan,4.0,,1.0,1.0,1.0,,,,1.0,,1.0,,,1.0,,1.0,,,,,,,,,,1.0,9.0,6,26.09,,,,,,,,,,,,,,,,,,,,,,,,,,0,,,,,,,,,0,0,
1309022,RS Umum Islam Ibnu Sina,RSU,RS Umum,C,Swasta Non Profit,RS Publik,Sumatera Barat,Pasaman Barat,12.0,2.0,3.0,4.0,2.0,4.0,,,4.0,,3.0,,,2.0,,1.0,,,1.0,1.0,,3.0,,4.0,,3.0,40.0,12,52.17,,,,,,,,,,,,,,,,,,,,,,,,,,0,,,,,,,Sudah kerjasama BPJS,,1,1,100.0
1312024,RS Umum Daerah Pasaman Barat,RSU,RS Umum,C,Pemkab,RS Publik,Sumatera Barat,Pasaman Barat,28.0,11.0,4.0,4.0,2.0,2.0,,,4.0,,4.0,,,2.0,,1.0,,,1.0,1.0,,1.0,,23.0,,11.0,89.0,12,52.17,0.0,0.0,0.0,0.0,0.0,0.0,0.0,0.0,,0.0,0.0,0.0,,0.0,0.0,0.0,,,0.0,,1.0,False,0.0,0.0,75.0,1,,,,,,,Sudah kerjasama BPJS,,1,1,100.0
1312025,RS Ibu dan Anak AL-Ihsan,RSIA,RS Khusus,C,Swasta,RS Privat,Sumatera Barat,Pasaman Barat,5.0,1.0,,,,,,,,,,,,,,,,,,,,,,4.0,,4.0,14.0,4,17.39,,,,,,,,,,,,,,,,,,,,,,,,,,0,,,,,,,,,0,0,
1312036,RS Umum Daerah Ujung Gading,RSU,RS Umum,D PRATAMA,Pemkab,RS Publik,Sumatera Barat,Pasaman Barat,,,,,,,,,,,,,,,,,,,,,,,,,,,,0,0.0,,,,,,,,,,,,,,,,,,,,,,,,,,0,,,,,,,,,0,0,
1371010,RSUP Dr. M. Djamil,RSU,RS Umum,A,Kemkes,RS Publik,Sumatera Barat,Kota Padang,398.0,7.0,29.0,27.0,28.0,7.0,2.0,6.0,27.0,,29.0,,,28.0,,11.0,,2.0,11.0,7.0,2.0,13.0,2.0,93.0,3.0,55.0,703.0,18,78.26,1.0,1.0,1.0,0.0,2.0,0.0,1.0,1.0,,1.0,0.0,1.0,,1.0,1.0,0.0,,,1.0,,1.0,False,12.0,11.0,75.0,1,Sudah kerjasama BPJS,,Sudah kerjasama BPJS,,,Sudah kerjasama BPJS,Sudah kerjasama BPJS,Belum kerjasama BPJS,5,4,80.0
1371021,RS Tk. III Reksodiwiryo Padang,RSU,RS Umum,C,TNI,RS Publik,Sumatera Barat,Kota Padang,,,,,,,,,,,,,,,,,,,,,,,,,,,,0,0.0,,,,,,,,,,,,,,,,,,,,,,,,,,0,,,,,,Sudah kerjasama BPJS,Sudah kerjasama BPJS,,2,2,100.0
1371032,RS Umum Yos Sudarso,RSU,RS Umum,C,Swasta Non Profit,RS Publik,Sumatera Barat,Kota Padang,16.0,4.0,7.0,5.0,6.0,7.0,1.0,,5.0,,7.0,,,6.0,,4.0,,,2.0,1.0,,3.0,,16.0,,7.0,79.0,13,56.52,,,,,,,,,,,,,,,,,,,,,,,,,,0,Sudah kerjasama BPJS,,Sudah kerjasama BPJS,Sudah kerjasama BPJS,Sudah kerjasama BPJS,,Sudah kerjasama BPJS,,5,5,100.0
1371091,RS Umum Islam Ibnu Sina,RSU,RS Umum,C,Swasta Non Profit,RS Publik,Sumatera Barat,Kota Padang,14.0,1.0,6.0,2.0,2.0,2.0,1.0,1.0,2.0,1.0,6.0,,,2.0,,3.0,,1.0,2.0,1.0,,4.0,,8.0,,3.0,52.0,16,69.57,,,,,,,,,,,,,,,,,,,,,,,,,,0,Sudah kerjasama BPJS,,,,,,,,1,1,100.0
1371112,RS Umum Aisyiyah Padang,RSU,RS Umum,C,Swasta Non Profit,RS Publik,Sumatera Barat,Kota Padang,4.0,,1.0,,,1.0,,,,,1.0,,,,,,,,,,,,,,,,6.0,3,13.04,,,,,,,,,,,,,,,,,,,,,,,,,,0,,,,,,,Sudah kerjasama BPJS,,1,1,100.0
1371123,RS Bhayangkara Padang,RSU,RS Umum,D,POLRI,RS Publik,Sumatera Barat,Kota Padang,12.0,2.0,2.0,3.0,2.0,2.0,,,3.0,,2.0,,,2.0,,2.0,,,1.0,,,,,6.0,,4.0,36.0,10,43.48,,,,,,,,,,,,,,,,,,,,,,,,,,0,,,,,,,Sudah kerjasama BPJS,,1,1,100.0
1371251,RS Jiwa dr. Yaunin,RSK Jiwa,RS Khusus,C,Swasta Non Profit,RS Publik,Sumatera Barat,Kota Padang,4.0,,1.0,,,,,,,,1.0,,,,,,,,,,,,,,,,5.0,2,8.7,,,,,,,,,,,,,,,,,,,,,,,,,,0,,,,,,,,,0,0,
1371284,RS Umum Selaguri,RSU,RS Umum,D,Swasta Non Profit,RS Publik,Sumatera Barat,Kota Padang,2.0,,,,1.0,1.0,,,,,,,,1.0,,,,,,,,,,,,,4.0,3,13.04,,,,,,,,,,,,,,,,,,,,,,,,,,0,,,,,,,,,0,0,
1371305,RS Umum Semen Padang Hospital,RSU,RS Umum,C,BUMN,RS Privat,Sumatera Barat,Kota Padang,28.0,2.0,9.0,5.0,6.0,5.0,,,5.0,,9.0,,,6.0,,3.0,,1.0,3.0,2.0,,3.0,,13.0,1.0,10.0,91.0,14,60.87,,,,,,,,,,,,,,,,,,,,,,,,,,0,Sudah kerjasama BPJS,,,,Sudah kerjasama BPJS,Sudah kerjasama BPJS,Sudah kerjasama BPJS,,4,4,100.0
1371316,RS Jiwa Prof. Dr. Hasan Basri Saanin Datuk Tan Par,RSK Jiwa,RS Khusus,A,Pemprop,RS Publik,Sumatera Barat,Kota Padang,13.0,1.0,1.0,,1.0,,,,,,1.0,,,1.0,,,,,1.0,1.0,,,,9.0,,3.0,30.0,8,34.78,,,,,,,,,,,,,,,,,,,,,,,,,,0,,,,,,,Sudah kerjasama BPJS,,1,1,100.0
1371400,RS Ibu dan Anak Lenggogeni,RSIA,RS Khusus,C,Swasta Non Profit,RS Publik,Sumatera Barat,Kota Padang,,,,,,,,,,,,,,,,,,,,,,,,,,,,0,0.0,,,,,,,,,,,,,,,,,,,,,,,,,,0,,,,,,,,,0,0,
1371422,RS Khusus Bedah Ropanasuri,RSK BEDAH,RS Khusus,C,Swasta Non Profit,RS Publik,Sumatera Barat,Kota Padang,13.0,,4.0,,,1.0,,,,,4.0,,,,,,,2.0,1.0,1.0,,2.0,,3.0,,2.0,29.0,9,39.13,,,,,,,,,,,,,,,,,,,,,,,,,,0,Sudah kerjasama BPJS,,Sudah kerjasama BPJS,,,,,,2,2,100.0
1371444,RS Umum Daerah dr. Rasidin Padang,RSU,RS Umum,C,Pemkot,RS Publik,Sumatera Barat,Kota Padang,20.0,9.0,4.0,3.0,5.0,3.0,,,3.0,,4.0,,,5.0,,3.0,,5.0,2.0,1.0,,2.0,,18.0,,13.0,88.0,13,56.52,0.0,0.0,1.0,0.0,1.0,0.0,0.0,0.0,,0.0,0.0,0.0,,0.0,0.0,0.0,,,0.0,,1.0,False,2.0,2.0,75.0,1,,,,,,Sudah kerjasama BPJS,Sudah kerjasama BPJS,,2,2,100.0
1371446,RS Umum Bunda Padang,RSU,RS Umum,C,Swasta,RS Privat,Sumatera Barat,Kota Padang,25.0,2.0,8.0,8.0,4.0,6.0,,,8.0,,8.0,,,4.0,,3.0,,1.0,2.0,1.0,,3.0,,9.0,,9.0,81.0,13,56.52,,,,,,,,,,,,,,,,,,,,,,,,,,0,Sudah kerjasama BPJS,,Belum kerjasama BPJS,Sudah kerjasama BPJS,,Sudah kerjasama BPJS,Sudah kerjasama BPJS,,5,4,80.0
1371451,RS Ibu dan Anak Cicik,RSIA,RS Khusus,C,Swasta,RS Privat,Sumatera Barat,Kota Padang,16.0,,,4.0,3.0,,,,4.0,,,,,3.0,,,,,1.0,,,1.0,,,,,25.0,5,21.74,,,,,,,,,,,,,,,,,,,,,,,,,,0,,,,,,,Sudah kerjasama BPJS,,1,1,100.0
1371454,RS Khusus Gigi dan Mulut Baiturrahmah,RSK GM,RS Khusus,B,Swasta Non Profit,RS Publik,Sumatera Barat,Kota Padang,,32.0,,,,,,,,,,,,,,,,,,,,,,,,1.0,33.0,2,8.7,,,,,,,,,,,,,,,,,,,,,,,,,,0,,,,,,,,,0,0,
1371455,RS Ibu dan Anak Siti Hawa,RSIA,RS Khusus,C,Swasta,RS Privat,Sumatera Barat,Kota Padang,5.0,,,6.0,3.0,,,,6.0,,,,,3.0,,,,,1.0,,,2.0,,4.0,,,21.0,6,26.09,,,,,,,,,,,,,,,,,,,,,,,,,,0,,,,,,,,,0,0,
1371456,RS Islam Siti Rahmah,RSU,RS Umum,C,Swasta Non Profit,RS Publik,Sumatera Barat,Kota Padang,25.0,1.0,6.0,4.0,4.0,4.0,1.0,1.0,4.0,,6.0,,,4.0,,2.0,,3.0,3.0,2.0,,6.0,,12.0,1.0,10.0,85.0,16,69.57,,,,,,,,,,,,,,,,,,,,,,,,,,0,Sudah kerjasama BPJS,,,Sudah kerjasama BPJS,Sudah kerjasama BPJS,Sudah kerjasama BPJS,Sudah kerjasama BPJS,,5,5,100.0
1371457,RS Khusus Mata Padang Eye Center,RSK Mata,RS Khusus,C,Swasta,RS Privat,Sumatera Barat,Kota Padang,5.0,,2.0,,,,,,,,2.0,,,,,,,,1.0,,,2.0,,2.0,,,12.0,5,21.74,,,,,,,,,,,,,,,,,,,,,,,,,,0,,,,,,,Sudah kerjasama BPJS,,1,1,100.0
1371459,RS Khusus Mata Regina Eye Center,RSK Mata,RS Khusus,C,Swasta,RS Privat,Sumatera Barat,Kota Padang,5.0,,2.0,,,,,,,,2.0,,,,,,,,,,,,,1.0,,,8.0,3,13.04,,,,,,,,,,,,,,,,,,,,,,,,,,0,,,,,,,,,0,0,
1371460,RS Ibu dan Anak Mutiara Bunda,RSIA,RS Khusus,C,Swasta,RS Privat,Sumatera Barat,Kota Padang,,,,,,,,,,,,,,,,,,,,,,,,,,,,0,0.0,,,,,,,,,,,,,,,,,,,,,,,,,,0,,,,,,,Sudah kerjasama BPJS,,1,1,100.0
1371462,RS Umum Naili DBS,RSU,RS Umum,C,Swasta,RS Privat,Sumatera Barat,Kota Padang,30.0,3.0,8.0,3.0,4.0,3.0,1.0,1.0,3.0,,8.0,,,4.0,,3.0,,,2.0,1.0,,1.0,,5.0,,6.0,71.0,14,60.87,,,,,,,,,,,,,,,,,,,,,,,,,,0,,,,,,,Sudah kerjasama BPJS,,1,1,100.0
1371463,RS Khusus Bedah Kartika Docta,RSK BEDAH,RS Khusus,C,Swasta,RS Privat,Sumatera Barat,Kota Padang,4.0,,,,1.0,3.0,,,,,,,,1.0,,,,,,,,1.0,,2.0,,2.0,13.0,6,26.09,,,,,,,,,,,,,,,,,,,,,,,,,,0,,,,,,,Sudah kerjasama BPJS,,1,1,100.0
1371464,RS. Universitas Andalas,RSU,RS Umum,B,Kementerian Lain,RS Publik,Sumatera Barat,Kota Padang,40.0,2.0,4.0,3.0,5.0,3.0,2.0,1.0,3.0,1.0,4.0,,,5.0,,1.0,2.0,3.0,,2.0,3.0,6.0,,17.0,3.0,17.0,115.0,18,78.26,,,,,,,,,,,,,,,,,,,,,,,,,,0,Sudah kerjasama BPJS,,Sudah kerjasama BPJS,Sudah kerjasama BPJS,Sudah kerjasama BPJS,Sudah kerjasama BPJS,Sudah kerjasama BPJS,,6,6,100.0
1371465,RS Ibu dan Anak Restu Ibu,RSIA,RS Khusus,C,Swasta,RS Privat,Sumatera Barat,Kota Padang,8.0,,,4.0,4.0,,,,4.0,,,,,4.0,,,,,1.0,,,1.0,,,,,18.0,5,21.74,,,,,,,,,,,,,,,,,,,,,,,,,,0,,,,,,,Sudah kerjasama BPJS,,1,1,100.0
1371466,RS Umum Hermina Padang,RSU,RS Umum,C,Swasta,RS Privat,Sumatera Barat,Kota Padang,21.0,2.0,8.0,7.0,,1.0,,,7.0,,8.0,,,,,4.0,,,,,,1.0,,6.0,,4.0,54.0,9,39.13,,,,,,,,,,,,,,,,,,,,,,,,,,0,Sudah kerjasama BPJS,,,,,Sudah kerjasama BPJS,Sudah kerjasama BPJS,,3,3,100.0
1371478,RS Gigi dan Mulut Universitas Andalas,RSK GM,RS Khusus,B,Kementerian Lain,RS Publik,Sumatera Barat,Kota Padang,2.0,23.0,,,,,,,,,,,,,,,,,,,,,,1.0,,2.0,28.0,4,17.39,,,,,,,,,,,,,,,,,,,,,,,,,,0,,,,,,,,,0,0,
1372011,RS Umum Daerah Mohammad Natsir,RSU,RS Umum,B,Pemprop,RS Publik,Sumatera Barat,Kota Solok,31.0,3.0,4.0,1.0,3.0,3.0,1.0,,1.0,,4.0,,,3.0,,2.0,,1.0,2.0,2.0,,3.0,,27.0,2.0,14.0,99.0,15,65.22,0.0,0.0,1.0,0.0,0.0,0.0,0.0,0.0,,0.0,0.0,1.0,,0.0,0.0,0.0,,,0.0,,1.0,False,2.0,2.0,75.0,1,,,,Sudah kerjasama BPJS,,Sudah kerjasama BPJS,Sudah kerjasama BPJS,,3,3,100.0
1372012,RS Tkt. IV 01.07.06 Solok,RSU,RS Umum,D,TNI,RS Publik,Sumatera Barat,Kota Solok,14.0,4.0,6.0,1.0,1.0,4.0,,,1.0,,6.0,,,1.0,,1.0,,,1.0,1.0,,2.0,,7.0,,3.0,45.0,12,52.17,,,,,,,,,,,,,,,,,,,,,,,,,,0,,,,,,,Sudah kerjasama BPJS,,1,1,100.0
1372013,RS Ibu dan Anak Permata Bunda Solok,RSIA,RS Khusus,C,Swasta,RS Privat,Sumatera Barat,Kota Solok,,,,,,,,,,,,,,,,,,,,,,,,,,,,0,0.0,,,,,,,,,,,,,,,,,,,,,,,,,,0,,,,,,,Sudah kerjasama BPJS,,1,1,100.0
1372014,RS Ibu Dan Anak Ananda,RSIA,RS Khusus,C,Swasta,RS Privat,Sumatera Barat,Kota Solok,4.0,,,3.0,1.0,,,,3.0,,,,,1.0,,,,,,,,1.0,,3.0,,,12.0,5,21.74,,,,,,,,,,,,,,,,,,,,,,,,,,0,,,,,,,,,0,0,
1372015,RS Ibu dan Anak Yasmin,RSIA,RS Khusus,Belum Ditetapkan,Swasta,RS Privat,Sumatera Barat,Kota Solok,,,,,,,,,,,,,,,,,,,,,,,,,,,,0,0.0,,,,,,,,,,,,,,,,,,,,,,,,,,0,,,,,,,,,0,0,
1372016,RS Umum Daerah Kota Solok,RSU,RS Umum,Belum Ditetapkan,Pemkot,RS Publik,Sumatera Barat,Kota Solok,,,,,,,,,,,,,,,,,,,,,,,,,,,,0,0.0,0.0,0.0,0.0,0.0,0.0,0.0,0.0,0.0,0.0,0.0,0.0,0.0,,0.0,0.0,0.0,0.0,0.0,0.0,1.0,1.0,False,1.0,1.0,95.0,1,,,,,,,,,0,0,
1373012,RS Umum Daerah Sawah Lunto,RSU,RS Umum,C,Pemkot,RS Publik,Sumatera Barat,Kota Sawah Lunto,24.0,11.0,1.0,2.0,3.0,2.0,,,2.0,,1.0,,,3.0,,1.0,,,,1.0,,1.0,,15.0,,9.0,70.0,11,47.83,0.0,0.0,0.0,0.0,0.0,0.0,0.0,0.0,0.0,0.0,0.0,0.0,,0.0,0.0,0.0,0.0,0.0,0.0,1.0,1.0,False,1.0,1.0,95.0,1,,Sudah kerjasama BPJS,,,,,Sudah kerjasama BPJS,,2,2,100.0
1374013,RS Umum Daerah Padang Panjang,RSU,RS Umum,C,Pemkot,RS Publik,Sumatera Barat,Kota Padang Panjang,36.0,2.0,3.0,2.0,3.0,3.0,,,2.0,,3.0,,,3.0,,2.0,,1.0,3.0,1.0,,2.0,,15.0,,4.0,77.0,13,56.52,0.0,0.0,0.0,0.0,0.0,0.0,0.0,0.0,0.0,0.0,0.0,0.0,,0.0,0.0,0.0,0.0,0.0,0.0,0.0,1.0,False,0.0,0.0,95.0,1,,,,,,Sudah kerjasama BPJS,Sudah kerjasama BPJS,,2,2,100.0
1374024,RS Umum Ibnu Sina Padang Panjang,RSU,RS Umum,D,Swasta Non Profit,RS Publik,Sumatera Barat,Kota Padang Panjang,9.0,1.0,1.0,2.0,4.0,1.0,,,2.0,,1.0,,,4.0,,1.0,,,1.0,1.0,,1.0,,5.0,,3.0,30.0,12,52.17,,,,,,,,,,,,,,,,,,,,,,,,,,0,,,,,,,Sudah kerjasama BPJS,,1,1,100.0
1375014,RS Umum Daerah Dr. Achmad Mochtar,RSU,RS Umum,B,Pemprop,RS Publik,Sumatera Barat,Kota Bukittinggi,26.0,4.0,7.0,5.0,3.0,3.0,,,5.0,,7.0,,,3.0,,3.0,,2.0,3.0,3.0,,2.0,,32.0,2.0,15.0,110.0,14,60.87,1.0,1.0,0.0,1.0,1.0,0.0,1.0,0.0,,1.0,1.0,1.0,,1.0,1.0,0.0,,,0.0,,1.0,False,10.0,10.0,75.0,1,Sudah kerjasama BPJS,,Belum kerjasama BPJS,,,Sudah kerjasama BPJS,Sudah kerjasama BPJS,,4,3,75.0
1375025,RS Tk. IV Bukittinggi,RSU,RS Umum,D,TNI,RS Publik,Sumatera Barat,Kota Bukittinggi,5.0,2.0,2.0,1.0,2.0,3.0,,,1.0,,2.0,,,2.0,,2.0,,,,,,1.0,,5.0,,1.0,24.0,10,43.48,,,,,,,,,,,,,,,,,,,,,,,,,,0,,,,,,,Sudah kerjasama BPJS,,1,1,100.0
1375036,RS Otak DR. Drs. M. Hatta Bukittinggi,RSK STROKE,RS Khusus,A,Kemkes,RS Publik,Sumatera Barat,Kota Bukittinggi,25.0,1.0,2.0,2.0,2.0,2.0,,,2.0,,2.0,,,2.0,,2.0,,,2.0,1.0,,3.0,,19.0,1.0,13.0,75.0,13,56.52,,1.0,0.0,,,,,,,,,,,1.0,1.0,,,,,,1.0,False,3.0,3.0,20.0,1,,Sudah kerjasama BPJS,,Sudah kerjasama BPJS,,,Sudah kerjasama BPJS,,3,3,100.0
1375040,RS Islam Ibnu Sina Bukittinggi,RSU,RS Umum,C,Swasta Non Profit,RS Publik,Sumatera Barat,Kota Bukittinggi,17.0,1.0,6.0,7.0,6.0,4.0,,1.0,7.0,,6.0,,,6.0,,3.0,,1.0,1.0,4.0,,2.0,,13.0,1.0,7.0,74.0,15,65.22,,,,,,,,,,,,,,,,,,,,,,,,,,0,Sudah kerjasama BPJS,,,,,Sudah kerjasama BPJS,Sudah kerjasama BPJS,,3,3,100.0
1375051,RS Umum Madina,RSU,RS Umum,D,Swasta Non Profit,RS Publik,Sumatera Barat,Kota Bukittinggi,10.0,,4.0,3.0,3.0,4.0,,1.0,3.0,,4.0,,,3.0,,3.0,,3.0,1.0,2.0,,3.0,,9.0,,3.0,49.0,13,56.52,,,,,,,,,,,,,,,,,,,,,,,,,,0,Sudah kerjasama BPJS,Sudah kerjasama BPJS,,,,Sudah kerjasama BPJS,Sudah kerjasama BPJS,,4,4,100.0
1375052,RS Khusus THT Sitawa Sidingin,RSK THT-KL,RS Khusus,Belum Ditetapkan,Swasta,RS Privat,Sumatera Barat,Kota Bukittinggi,,,,,,,,,,,,,,,,,,,,,,,,,,,,0,0.0,,,,,,,,,,,,,,,,,,,,,,,,,,0,,,,,,,,,0,0,
1375053,RS Umum Daerah Kota Bukittinggi,RSU,RS Umum,C,Pemkot,RS Publik,Sumatera Barat,Kota Bukittinggi,14.0,2.0,2.0,1.0,1.0,2.0,,,1.0,,2.0,,,1.0,,1.0,,,1.0,1.0,,2.0,,6.0,,4.0,37.0,12,52.17,0.0,0.0,0.0,0.0,0.0,0.0,0.0,0.0,0.0,0.0,0.0,0.0,,0.0,0.0,0.0,0.0,0.0,0.0,2.0,1.0,False,2.0,1.0,95.0,1,,,,,,,Sudah kerjasama BPJS,,1,1,100.0
1376011,RS Umum Ibnu Sina Kota Payakumbuh,RSU,RS Umum,C,Swasta Non Profit,RS Publik,Sumatera Barat,Kota Payakumbuh,12.0,,3.0,4.0,3.0,1.0,,,4.0,,3.0,,,3.0,,3.0,,,1.0,1.0,,3.0,,5.0,,4.0,40.0,11,47.83,,,,,,,,,,,,,,,,,,,,,,,,,,0,,,,,,,Sudah kerjasama BPJS,,1,1,100.0
1376015,RS Umum Daerah Dr. Adnaan WD,RSU,RS Umum,C,Pemkot,RS Publik,Sumatera Barat,Kota Payakumbuh,23.0,4.0,3.0,3.0,5.0,1.0,,,3.0,,3.0,,,5.0,,2.0,,1.0,1.0,1.0,,,,22.0,,9.0,75.0,12,52.17,0.0,0.0,0.0,0.0,0.0,0.0,0.0,0.0,0.0,0.0,0.0,0.0,,0.0,0.0,0.0,1.0,0.0,0.0,3.0,1.0,False,4.0,2.0,95.0,1,,,,,,Sudah kerjasama BPJS,Sudah kerjasama BPJS,,2,2,100.0
1376016,RS Ibu dan Anak Sukma Bunda,RSIA,RS Khusus,C,Swasta,RS Privat,Sumatera Barat,Kota Payakumbuh,10.0,,,2.0,2.0,2.0,,,2.0,,,,,2.0,,,,,1.0,1.0,,2.0,,,,,20.0,7,30.43,,,,,,,,,,,,,,,,,,,,,,,,,,0,,,,,,,,,0,0,
1376017,RS Ibu dan Anak Annisa Payakumbuh,RSIA,RS Khusus,C,Swasta,RS Privat,Sumatera Barat,Kota Payakumbuh,7.0,,,5.0,2.0,1.0,,,5.0,,,,,2.0,,,,,1.0,1.0,,2.0,,5.0,,,24.0,8,34.78,,,,,,,,,,,,,,,,,,,,,,,,,,0,,,,,,,,,0,0,
1306015,RS Umum Daerah Pariaman,RSU,RS Umum,B,Pemprop,RS Publik,Sumatera Barat,Kota Pariaman,20.0,2.0,4.0,1.0,3.0,2.0,1.0,,1.0,,4.0,,,3.0,,2.0,,,3.0,,,2.0,,17.0,1.0,10.0,68.0,13,56.52,,,,,,,,,,,,,,,,,,,,,,,,,,0,Sudah kerjasama BPJS,,,Sudah kerjasama BPJS,,Sudah kerjasama BPJS,Sudah kerjasama BPJS,,4,4,100.0
1377003,RS Umum Aisyiyah Pariaman,RSU,RS Umum,D,Swasta Non Profit,RS Publik,Sumatera Barat,Kota Pariaman,12.0,,2.0,1.0,1.0,,,,1.0,,2.0,,,1.0,,1.0,,,,1.0,,,,,,,18.0,6,26.09,,,,,,,,,,,,,,,,,,,,,,,,,,0,,,,,,,Sudah kerjasama BPJS,,1,1,100.0
1377005,RS Umum Tamar Medical Centre,RSU,RS Umum,D,Swasta,RS Privat,Sumatera Barat,Kota Pariaman,16.0,,2.0,2.0,2.0,2.0,,,2.0,,2.0,,,2.0,,1.0,,,1.0,1.0,,1.0,,5.0,,2.0,35.0,11,47.83,,,,,,,,,,,,,,,,,,,,,,,,,,0,,,,,,,Sudah kerjasama BPJS,,1,1,100.0
1377007,RS Umum Daerah Dr Sadikin Kota Pariaman,RSU,RS Umum,D,Pemkot,RS Publik,Sumatera Barat,Kota Pariaman,8.0,2.0,1.0,1.0,1.0,1.0,,,1.0,,1.0,,,1.0,,2.0,,,1.0,,,1.0,,9.0,,4.0,31.0,11,47.83,0.0,0.0,0.0,0.0,0.0,0.0,0.0,0.0,0.0,0.0,0.0,0.0,,0.0,0.0,0.0,0.0,0.0,0.0,1.0,1.0,False,1.0,1.0,95.0,1,,,,,,,Sudah kerjasama BPJS,,1,1,100.0
1377008,RS Ibu dan Anak Citra Aguswar Medical Center,RSIA,RS Khusus,C,Swasta,RS Privat,Sumatera Barat,Kota Pariaman,7.0,,1.0,1.0,1.0,1.0,,,1.0,,1.0,,,1.0,,,,,1.0,,,1.0,,1.0,,,14.0,8,34.78,,,,,,,,,,,,,,,,,,,,,,,,,,0,,,,,,,,,0,0,
1406016,RS Umum Daerah  Bangkinang,RSU,RS Umum,C,Pemkab,RS Publik,Riau,Kampar,27.0,4.0,3.0,4.0,3.0,2.0,,,4.0,,3.0,,,3.0,,2.0,,1.0,2.0,1.0,,2.0,,12.0,,6.0,69.0,13,56.52,0.0,0.0,0.0,0.0,0.0,0.0,0.0,0.0,,0.0,0.0,0.0,,0.0,0.0,0.0,,,0.0,,1.0,False,0.0,0.0,75.0,1,,,,,,Sudah kerjasama BPJS,Sudah kerjasama BPJS,,2,2,100.0
1406031,RS Umum  Tandun,RSU,RS Umum,D,BUMN,RS Privat,Riau,Kampar,7.0,1.0,,,,1.0,,,,,,,,,,,,,,,,1.0,,3.0,,1.0,14.0,6,26.09,,,,,,,,,,,,,,,,,,,,,,,,,,0,,,,,,,,,0,0,
1406043,RS Umum  Mesra,RSU,RS Umum,D,Swasta,RS Privat,Riau,Kampar,9.0,,,,,,,,,,,,,,,,,,,,,,,2.0,,,11.0,2,8.7,,,,,,,,,,,,,,,,,,,,,,,,,,0,,,,,,,,,0,0,
1406044,RS Ibu Anak  Husada Bunda,RSIA,RS Khusus,C,Swasta,RS Privat,Riau,Kampar,5.0,,1.0,2.0,2.0,,,,2.0,,1.0,,,2.0,,,,,1.0,,,1.0,,4.0,,,16.0,7,30.43,,,,,,,,,,,,,,,,,,,,,,,,,,0,,,,,,,Sudah kerjasama BPJS,,1,1,100.0
1406045,RS Ibu Anak  Bunda Anisyah,RSIA,RS Khusus,C,Swasta,RS Privat,Riau,Kampar,4.0,,1.0,3.0,1.0,,,,3.0,,1.0,,,1.0,,,,,,,,1.0,,,,,10.0,5,21.74,,,,,,,,,,,,,,,,,,,,,,,,,,0,,,,,,,,,0,0,
1406046,RS Ibu Anak  Norfa Husada,RSIA,RS Khusus,C,Swasta,RS Privat,Riau,Kampar,8.0,,,2.0,2.0,,,,2.0,,,,,2.0,,,,,1.0,,,1.0,,1.0,,,15.0,6,26.09,,,,,,,,,,,,,,,,,,,,,,,,,,0,,,,,,,Sudah kerjasama BPJS,,1,1,100.0
1406057,RS Umum Pelita,RSU,RS Umum,C,Swasta,RS Privat,Riau,Kampar,4.0,,,,,,,,,,,,,,,,,,,,,,,1.0,,,5.0,2,8.7,,,,,,,,,,,,,,,,,,,,,,,,,,0,,,,,,,,,0,0,
1406058,RS Nurlima,RSU,RS Umum,D,Swasta,RS Privat,Riau,Kampar,,,,,,,,,,,,,,,,,,,,,,,,1.0,,1.0,2.0,2,8.7,,,,,,,,,,,,,,,,,,,,,,,,,,0,,,,,,,,,0,0,
1402012,RS Umum Daerah  Indrasari Rengat,RSU,RS Umum,C,Pemkab,RS Publik,Riau,Indragiri Hulu,26.0,,3.0,2.0,1.0,2.0,,,2.0,,3.0,,,1.0,,1.0,,1.0,1.0,1.0,,1.0,,11.0,,9.0,59.0,12,52.17,0.0,0.0,0.0,0.0,0.0,0.0,0.0,0.0,,0.0,0.0,0.0,,0.0,0.0,0.0,,,0.0,,1.0,False,0.0,0.0,75.0,1,,,,,,Sudah kerjasama BPJS,Sudah kerjasama BPJS,,2,2,100.0
1402013,RS Umum  Kasih Ibu Rengat,RSU,RS Umum,D,Swasta,RS Privat,Riau,Indragiri Hulu,5.0,,2.0,1.0,1.0,1.0,,,1.0,,2.0,,,1.0,,1.0,,,,,,1.0,,4.0,,,16.0,8,34.78,,,,,,,,,,,,,,,,,,,,,,,,,,0,,,,,,,,,0,0,
1402014,RS Ibu dan Anak  Safira,RSIA,RS Khusus,C,Swasta,RS Privat,Riau,Indragiri Hulu,7.0,,,3.0,1.0,,,,3.0,,,,,1.0,,,,,1.0,,,1.0,,,,,13.0,5,21.74,,,,,,,,,,,,,,,,,,,,,,,,,,0,,,,,,,Sudah kerjasama BPJS,,1,1,100.0
1402015,RS Muizzah,RSU,RS Umum,D,Swasta,RS Privat,Riau,Indragiri Hulu,1.0,,1.0,1.0,,1.0,,,1.0,,1.0,,,,,,,,,,,1.0,,1.0,,,6.0,6,26.09,,,,,,,,,,,,,,,,,,,,,,,,,,0,,,,,,,,,0,0,
1408011,RS Umum Daerah  Bengkalis,RSU,RS Umum,B,Pemkab,RS Publik,Riau,Bengkalis,26.0,4.0,1.0,3.0,3.0,3.0,1.0,1.0,3.0,,1.0,,,3.0,,2.0,,1.0,1.0,1.0,,1.0,,30.0,1.0,9.0,88.0,16,69.57,0.0,0.0,1.0,0.0,0.0,0.0,0.0,0.0,,0.0,0.0,1.0,,0.0,0.0,0.0,,,0.0,,1.0,False,2.0,2.0,75.0,1,Sudah kerjasama BPJS,,,,Sudah kerjasama BPJS,Sudah kerjasama BPJS,Sudah kerjasama BPJS,,4,4,100.0
1408032,RS Umum Daerah  Kec.Mandau,RSU,RS Umum,C,Pemkab,RS Publik,Riau,Bengkalis,39.0,4.0,2.0,4.0,3.0,3.0,,,4.0,,2.0,,,3.0,,2.0,,1.0,2.0,2.0,,2.0,,23.0,1.0,11.0,99.0,14,60.87,,,,,,,,,,,,,,,,,,,,,,,,,,0,Sudah kerjasama BPJS,,,,,Sudah kerjasama BPJS,Sudah kerjasama BPJS,,3,3,100.0
1408055,RS Umum  Mutia Sari,RSU,RS Umum,D,Swasta Non Profit,RS Publik,Riau,Bengkalis,13.0,1.0,4.0,3.0,2.0,3.0,,,3.0,,4.0,,,2.0,,1.0,,,1.0,1.0,,2.0,,3.0,,2.0,36.0,12,52.17,,,,,,,,,,,,,,,,,,,,,,,,,,0,,,,,,,Sudah kerjasama BPJS,,1,1,100.0
1408067,RS Pertamina Hulu Rokan,RSU,RS Umum,D,Swasta,RS Privat,Riau,Bengkalis,6.0,1.0,1.0,,1.0,2.0,,,,,1.0,,,1.0,,,,,,1.0,,1.0,,4.0,,1.0,18.0,9,39.13,,,,,,,,,,,,,,,,,,,,,,,,,,0,,,,,,,,,0,0,
1408079,RS Umum  Thursina,RSU,RS Umum,D,Swasta,RS Privat,Riau,Bengkalis,6.0,4.0,2.0,2.0,2.0,2.0,,,2.0,,2.0,,,2.0,,1.0,,,,1.0,,1.0,,5.0,,1.0,27.0,11,47.83,,,,,,,,,,,,,,,,,,,,,,,,,,0,,,,,,,,,0,0,
1408080,RS Umum  Permata Hati,RSU,RS Umum,C,Swasta,RS Privat,Riau,Bengkalis,16.0,,3.0,2.0,2.0,2.0,,,2.0,,3.0,,,2.0,,3.0,,2.0,1.0,1.0,,2.0,,8.0,,5.0,47.0,12,52.17,,,,,,,,,,,,,,,,,,,,,,,,,,0,,,,,,Sudah kerjasama BPJS,Sudah kerjasama BPJS,,2,2,100.0
1403013,RS Umum Daerah  Puri Husada Tembilahan,RSU,RS Umum,C,Pemkab,RS Publik,Riau,Indragiri Hilir,27.0,2.0,3.0,3.0,3.0,4.0,,,3.0,,3.0,,,3.0,,2.0,,,1.0,1.0,,1.0,,15.0,,8.0,70.0,12,52.17,0.0,0.0,1.0,0.0,0.0,0.0,0.0,0.0,,0.0,0.0,0.0,,0.0,0.0,0.0,,,0.0,,1.0,False,1.0,1.0,75.0,1,,,,,,,Sudah kerjasama BPJS,,1,1,100.0
1403024,RS Umum Daerah  Raja Musa,RSU,RS Umum,D,Pemkab,RS Publik,Riau,Indragiri Hilir,6.0,2.0,1.0,,1.0,1.0,,,,,1.0,,,1.0,,,,,,1.0,,1.0,,3.0,,3.0,19.0,9,39.13,,,,,,,,,,,,,,,,,,,,,,,,,,0,,,,,,,,,0,0,
1403035,RS Umum Daerah  Tengku Sulung,RSU,RS Umum,D,Pemkab,RS Publik,Riau,Indragiri Hilir,5.0,2.0,,1.0,,1.0,,,1.0,,,,,,,,,,,,,,,4.0,,2.0,15.0,6,26.09,,,,,,,,,,,,,,,,,,,,,,,,,,0,,,,,,,,,0,0,
1403037,RS 3M Plus,RSU,RS Umum,D,Swasta,RS Privat,Riau,Indragiri Hilir,6.0,,1.0,,,,,,,,1.0,,,,,,,,,,,,,4.0,,3.0,14.0,4,17.39,,,,,,,,,,,,,,,,,,,,,,,,,,0,,,,,,,,,0,0,
1404014,RS Umum Daerah  Selasih Riau,RSU,RS Umum,C,Pemkab,RS Publik,Riau,Pelalawan,27.0,7.0,4.0,3.0,3.0,4.0,,,3.0,,4.0,,,3.0,,3.0,,,2.0,3.0,,1.0,,6.0,,7.0,70.0,12,52.17,0.0,0.0,0.0,0.0,0.0,0.0,0.0,0.0,0.0,0.0,0.0,0.0,,0.0,0.0,0.0,0.0,0.0,0.0,7.0,1.0,False,7.0,1.0,95.0,1,,,,,,,Sudah kerjasama BPJS,,1,1,100.0
1404025,RS Umum  Efarina,RSU,RS Umum,C,Swasta,RS Privat,Riau,Pelalawan,10.0,1.0,2.0,2.0,2.0,2.0,,,2.0,,2.0,,,2.0,,1.0,,,1.0,1.0,,2.0,,11.0,,5.0,40.0,12,52.17,,,,,,,,,,,,,,,,,,,,,,,,,,0,,,,,,,Sudah kerjasama BPJS,,1,1,100.0
1404026,RS Umum  Medicare Sorek,RSU,RS Umum,D,Swasta,RS Privat,Riau,Pelalawan,5.0,1.0,2.0,1.0,,2.0,,,1.0,,2.0,,,,,,,,1.0,1.0,,1.0,,1.0,,3.0,18.0,10,43.48,,,,,,,,,,,,,,,,,,,,,,,,,,0,,,,,,,Sudah kerjasama BPJS,,1,1,100.0
1404027,RS Umum  Amalia Medika,RSU,RS Umum,D,Swasta,RS Privat,Riau,Pelalawan,7.0,1.0,2.0,2.0,2.0,2.0,,,2.0,,2.0,,,2.0,,1.0,,,1.0,1.0,,1.0,,5.0,,4.0,29.0,12,52.17,,,,,,,,,,,,,,,,,,,,,,,,,,0,,,,,,,,,0,0,
1407011,RS Umum Daerah  Rokan Hulu,RSU,RS Umum,C,Pemkab,RS Publik,Riau,Rokan Hulu,29.0,3.0,3.0,3.0,4.0,2.0,,,3.0,,3.0,,,4.0,,2.0,,,1.0,1.0,,2.0,,24.0,,10.0,84.0,12,52.17,0.0,0.0,0.0,0.0,0.0,0.0,0.0,0.0,0.0,0.0,0.0,0.0,,0.0,0.0,0.0,0.0,0.0,0.0,2.0,1.0,False,2.0,1.0,95.0,1,,,,,,,Sudah kerjasama BPJS,,1,1,100.0
1407012,RS Umum  Awal Bros Ujung Batu,RSU,RS Umum,C,Swasta,RS Privat,Riau,Rokan Hulu,9.0,1.0,3.0,2.0,2.0,1.0,,,2.0,,3.0,,,2.0,,2.0,,,,1.0,,1.0,,8.0,,5.0,35.0,11,47.83,,,,,,,,,,,,,,,,,,,,,,,,,,0,,,,,,,Sudah kerjasama BPJS,,1,1,100.0
1407013,RS Umum Azzahra,RSU,RS Umum,D,Swasta,RS Privat,Riau,Rokan Hulu,5.0,1.0,1.0,1.0,1.0,2.0,,,1.0,,1.0,,,1.0,,1.0,,,1.0,,,,,3.0,,,16.0,9,39.13,,,,,,,,,,,,,,,,,,,,,,,,,,0,,,,,,,Sudah kerjasama BPJS,,1,1,100.0
1407014,RS Umum  Surya Insani,RSU,RS Umum,D,Swasta,RS Privat,Riau,Rokan Hulu,,,,,,,,,,,,,,,,,,,,,,,,,,,,0,0.0,,,,,,,,,,,,,,,,,,,,,,,,,,0,,,,,,,Sudah kerjasama BPJS,,1,1,100.0
1407016,RS Ibu dan Anak Harapan Medika,RSIA,RS Khusus,C,Swasta,RS Privat,Riau,Rokan Hulu,3.0,2.0,,1.0,,,,,1.0,,,,,,,,,,,,,1.0,,3.0,,,10.0,5,21.74,,,,,,,,,,,,,,,,,,,,,,,,,,0,,,,,,,,,0,0,
1407017,RS Doa Ibunda,RSU,RS Umum,D,Swasta,RS Privat,Riau,Rokan Hulu,3.0,,,1.0,,,,,1.0,,,,,,,,,,,,,,,,,,4.0,2,8.7,,,,,,,,,,,,,,,,,,,,,,,,,,0,,,,,,,,,0,0,
1409013,RS Umum  Indah,RSU,RS Umum,D,Swasta,RS Privat,Riau,Rokan Hilir,4.0,,2.0,1.0,2.0,2.0,,,1.0,,2.0,,,2.0,,1.0,,,1.0,1.0,,1.0,,2.0,,2.0,19.0,11,47.83,,,,,,,,,,,,,,,,,,,,,,,,,,0,,,,,,,,,0,0,
1409014,RS Umum Cahaya,RSU,RS Umum,D,Swasta,RS Privat,Riau,Rokan Hilir,5.0,1.0,2.0,3.0,1.0,1.0,,,3.0,,2.0,,,1.0,,1.0,,,1.0,,,1.0,,,,1.0,17.0,10,43.48,,,,,,,,,,,,,,,,,,,,,,,,,,0,,,,,,,,,0,0,
1409018,RS Ibunda,RSU,RS Umum,D,Swasta,RS Privat,Riau,Rokan Hilir,4.0,,1.0,2.0,1.0,,,,2.0,,1.0,,,1.0,,1.0,,,,,,1.0,,,,,10.0,6,26.09,,,,,,,,,,,,,,,,,,,,,,,,,,0,,,,,,,,,0,0,
1409019,RS Ibu dan Anak Athaya Medika,RSIA,RS Khusus,C,Swasta,RS Privat,Riau,Rokan Hilir,7.0,,2.0,3.0,1.0,1.0,,,3.0,,2.0,,,1.0,,,,,,,,1.0,,2.0,,1.0,18.0,8,34.78,,,,,,,,,,,,,,,,,,,,,,,,,,0,,,,,,,,,0,0,
1409022,RS Umum Daerah  Dr. RM. Pratomo Bagansiapiapi,RSU,RS Umum,C,Pemkab,RS Publik,Riau,Rokan Hilir,18.0,1.0,2.0,5.0,2.0,2.0,,,5.0,,2.0,,,2.0,,1.0,,1.0,2.0,1.0,,1.0,,17.0,,6.0,59.0,13,56.52,0.0,0.0,0.0,0.0,0.0,0.0,0.0,0.0,,0.0,0.0,0.0,,0.0,0.0,0.0,,,0.0,,1.0,False,0.0,0.0,75.0,1,,,,,,,Sudah kerjasama BPJS,,1,1,100.0
1409033,RS Umum Awal Bros Bagan Batu,RSU,RS Umum,C,Swasta,RS Privat,Riau,Rokan Hilir,6.0,,,,,,,,,,,,,,,,,,,,,,,4.0,,6.0,16.0,3,13.04,,,,,,,,,,,,,,,,,,,,,,,,,,0,,,,,,,Sudah kerjasama BPJS,,1,1,100.0
1405015,RS Umum Daerah Tengku Rafi'an Siak Sri Indrapura,RSU,RS Umum,C,Pemkab,RS Publik,Riau,Siak,28.0,5.0,2.0,6.0,3.0,4.0,,,6.0,,2.0,,,3.0,,2.0,,1.0,1.0,1.0,,1.0,,22.0,2.0,6.0,84.0,14,60.87,0.0,0.0,0.0,0.0,0.0,0.0,0.0,0.0,0.0,0.0,0.0,0.0,,0.0,0.0,0.0,1.0,0.0,0.0,2.0,1.0,False,3.0,2.0,95.0,1,,,,,,Sudah kerjasama BPJS,Sudah kerjasama BPJS,,2,2,100.0
1405017,RS Type D Perawang,RSU,RS Umum,D,Pemkab,RS Publik,Riau,Siak,1.0,,,,,,,,,,,,,,,,,,,,,,,,,,1.0,1,4.35,,,,,,,,,,,,,,,,,,,,,,,,,,0,,,,,,,Sudah kerjasama BPJS,,1,1,100.0
1401011,RS Umum Daerah Teluk Kuantan,RSU,RS Umum,C,Pemkab,RS Publik,Riau,Kuantan Singingi,28.0,5.0,1.0,3.0,1.0,2.0,,,3.0,,1.0,,,1.0,,1.0,,,1.0,1.0,,2.0,,14.0,,8.0,67.0,12,52.17,0.0,0.0,0.0,0.0,0.0,0.0,0.0,0.0,0.0,0.0,0.0,0.0,,0.0,0.0,0.0,0.0,0.0,0.0,2.0,1.0,False,2.0,1.0,95.0,1,,,,,,,Sudah kerjasama BPJS,,1,1,100.0
1401012,RS Ibu dan Anak Milano,RSIA,RS Khusus,C,Swasta,RS Privat,Riau,Kuantan Singingi,4.0,,,5.0,2.0,,,,5.0,,,,,2.0,,,,,,,,2.0,,1.0,,,14.0,5,21.74,,,,,,,,,,,,,,,,,,,,,,,,,,0,,,,,,,,,0,0,
1410043,RS Umum Daerah  Kabupaten Kepulauan Meranti,RSU,RS Umum,C,Pemkab,RS Publik,Riau,Kepulauan Meranti,28.0,4.0,2.0,3.0,2.0,2.0,,,3.0,,2.0,,,2.0,,1.0,,,2.0,1.0,,2.0,,11.0,,8.0,66.0,12,52.17,0.0,0.0,0.0,1.0,0.0,0.0,0.0,0.0,0.0,0.0,0.0,0.0,,0.0,0.0,0.0,0.0,0.0,0.0,3.0,1.0,False,4.0,2.0,95.0,1,,,,,,,Sudah kerjasama BPJS,,1,1,100.0
1471011,RS Umum Daerah  Arifin Achmad,RSU,RS Umum,B,Pemprop,RS Publik,Riau,Kota Pekanbaru,172.0,16.0,17.0,6.0,14.0,7.0,3.0,3.0,6.0,1.0,17.0,1.0,,14.0,,2.0,,5.0,4.0,6.0,1.0,8.0,1.0,71.0,6.0,32.0,376.0,20,86.96,1.0,1.0,1.0,1.0,1.0,0.0,1.0,1.0,,0.0,1.0,1.0,,2.0,1.0,0.0,,,0.0,,1.0,False,12.0,11.0,75.0,1,Sudah kerjasama BPJS,,Sudah kerjasama BPJS,Sudah kerjasama BPJS,,Sudah kerjasama BPJS,Sudah kerjasama BPJS,Belum kerjasama BPJS,6,5,83.33
1471022,RS Tk. IV Pekanbaru,RSU,RS Umum,D,TNI,RS Publik,Riau,Kota Pekanbaru,9.0,4.0,1.0,1.0,1.0,1.0,1.0,,1.0,1.0,1.0,,,1.0,,1.0,,1.0,,1.0,,1.0,,3.0,,3.0,29.0,14,60.87,,,,,,,,,,,,,,,,,,,,,,,,,,0,,,,,,,,,0,0,
1471033,RS Bhayangkara Tk. III Kota Pekanbaru,RSU,RS Umum,C,POLRI,RS Publik,Riau,Kota Pekanbaru,52.0,2.0,1.0,1.0,1.0,1.0,,,1.0,,1.0,,,1.0,,2.0,,,1.0,1.0,,1.0,,5.0,,3.0,71.0,12,52.17,,,,,,,,,,,,,,,,,,,,,,,,,,0,,,,,,,Sudah kerjasama BPJS,,1,1,100.0
1471055,RS Santa Maria Pekanbaru,RSU,RS Umum,B,Swasta Non Profit,RS Publik,Riau,Kota Pekanbaru,20.0,4.0,7.0,5.0,4.0,4.0,,,5.0,,7.0,1.0,,4.0,,1.0,,2.0,2.0,3.0,,5.0,,29.0,,10.0,97.0,14,60.87,,,,,,,,,,,,,,,,,,,,,,,,,,0,,Sudah kerjasama BPJS,,Sudah kerjasama BPJS,,Sudah kerjasama BPJS,Sudah kerjasama BPJS,,4,4,100.0
1471067,RS Umum  Eka Hospital Pekanbaru,RSU,RS Umum,B,Swasta,RS Privat,Riau,Kota Pekanbaru,83.0,2.0,10.0,6.0,9.0,4.0,,,6.0,,10.0,,,9.0,,3.0,,1.0,2.0,4.0,,5.0,,49.0,,16.0,194.0,13,56.52,,,,,,,,,,,,,,,,,,,,,,,,,,0,Sudah kerjasama BPJS,Sudah kerjasama BPJS,Sudah kerjasama BPJS,Sudah kerjasama BPJS,Sudah kerjasama BPJS,,Sudah kerjasama BPJS,,6,6,100.0
1471079,RS Umum  Syafira,RSU,RS Umum,C,Swasta,RS Privat,Riau,Kota Pekanbaru,34.0,5.0,5.0,8.0,6.0,3.0,1.0,1.0,8.0,,5.0,,1.0,6.0,,2.0,,,1.0,2.0,,5.0,,17.0,,9.0,100.0,15,65.22,,,,,,,,,,,,,,,,,,,,,,,,,,0,Sudah kerjasama BPJS,,,Sudah kerjasama BPJS,,,Sudah kerjasama BPJS,,3,3,100.0
1471091,RS Umum Daerah  Petala Bumi ,RSU,RS Umum,C,Pemprop,RS Publik,Riau,Kota Pekanbaru,28.0,11.0,2.0,4.0,3.0,2.0,,,4.0,,2.0,,,3.0,,2.0,,,1.0,1.0,,2.0,,12.0,,8.0,76.0,12,52.17,,,,,,,,,,,,,,,,,,,,,,,,,,0,,Sudah kerjasama BPJS,,,,,Sudah kerjasama BPJS,,2,2,100.0
1471135,RS Umum  Islam Ibnu Sina,RSU,RS Umum,C,Swasta Non Profit,RS Publik,Riau,Kota Pekanbaru,26.0,3.0,5.0,2.0,3.0,3.0,,,2.0,,5.0,,,3.0,,4.0,,1.0,2.0,3.0,,3.0,,14.0,,8.0,77.0,13,56.52,,,,,,,,,,,,,,,,,,,,,,,,,,0,,,,,,Sudah kerjasama BPJS,Sudah kerjasama BPJS,,2,2,100.0
1471146,RS Jiwa Tampan,RSK Jiwa,RS Khusus,A,Pemprop,RS Publik,Riau,Kota Pekanbaru,29.0,10.0,,,1.0,,,,,,,,,1.0,,1.0,,,,1.0,,,,5.0,,2.0,49.0,7,30.43,,,,,,,,,,,,,,,,,,,,,,,,,,0,,,,,,,,,0,0,
1471150,RS Prof. Dr. Tabrani,RSU,RS Umum,C,Swasta Non Profit,RS Publik,Riau,Kota Pekanbaru,15.0,3.0,5.0,1.0,1.0,3.0,,,1.0,,5.0,,,1.0,,2.0,,,1.0,1.0,,2.0,,1.0,,,35.0,11,47.83,,,,,,,,,,,,,,,,,,,,,,,,,,0,,,,,,,Sudah kerjasama BPJS,,1,1,100.0
1471161,RS Umum  Bina Kasih,RSU,RS Umum,D,Swasta,RS Privat,Riau,Kota Pekanbaru,3.0,,2.0,2.0,3.0,,,,2.0,,2.0,,,3.0,,1.0,,,1.0,1.0,,1.0,,,,2.0,16.0,9,39.13,,,,,,,,,,,,,,,,,,,,,,,,,,0,,,,,,,,,0,0,
1471215,RS Angkatan Udara dr. Sukirman Lanud Roesmin Nurjadin,RSU,RS Umum,C,TNI,RS Publik,Riau,Kota Pekanbaru,23.0,2.0,1.0,,,1.0,,,,,1.0,,,,,1.0,,1.0,,1.0,,1.0,,,,,31.0,8,34.78,,,,,,,,,,,,,,,,,,,,,,,,,,0,,Sudah kerjasama BPJS,,,,Sudah kerjasama BPJS,Sudah kerjasama BPJS,,3,3,100.0
1471226,RS Umum  Awal Bros Pekanbaru,RSU,RS Umum,A,Swasta,RS Privat,Riau,Kota Pekanbaru,70.0,7.0,11.0,7.0,6.0,5.0,2.0,3.0,7.0,1.0,11.0,,,6.0,1.0,3.0,,2.0,2.0,7.0,1.0,9.0,,54.0,1.0,23.0,215.0,19,82.61,,,,,,,,,,,,,,,,,,,,,,,,,,0,Sudah kerjasama BPJS,,Sudah kerjasama BPJS,Sudah kerjasama BPJS,Sudah kerjasama BPJS,Sudah kerjasama BPJS,Sudah kerjasama BPJS,,6,6,100.0
1471237,RS  Eria,RSU,RS Umum,D,Swasta,RS Privat,Riau,Kota Pekanbaru,7.0,,,2.0,2.0,,,,2.0,,,,,2.0,,,,,,,,,,,,1.0,12.0,4,17.39,,,,,,,,,,,,,,,,,,,,,,,,,,0,,,,,,,Sudah kerjasama BPJS,,1,1,100.0
1471259,RS Ibu dan Anak Andini,RSIA,RS Khusus,C,Swasta,RS Privat,Riau,Kota Pekanbaru,11.0,,2.0,5.0,3.0,,,,5.0,,2.0,,,3.0,,,,,,,,2.0,,4.0,,,27.0,6,26.09,,,,,,,,,,,,,,,,,,,,,,,,,,0,,,,,,,,,0,0,
1471371,RS Umum  Lancang Kuning,RSU,RS Umum,C,Swasta,RS Privat,Riau,Kota Pekanbaru,11.0,1.0,1.0,2.0,1.0,1.0,,,2.0,,1.0,,,1.0,,1.0,,,1.0,1.0,,1.0,,7.0,,1.0,29.0,12,52.17,,,,,,,,,,,,,,,,,,,,,,,,,,0,,,,,,,Sudah kerjasama BPJS,,1,1,100.0
1471382,RS Umum  Pekanbaru Medical Center,RSU,RS Umum,C,Swasta,RS Privat,Riau,Kota Pekanbaru,11.0,2.0,3.0,7.0,2.0,4.0,,,7.0,,3.0,,,2.0,,4.0,,,1.0,1.0,,1.0,,9.0,,5.0,50.0,12,52.17,,,,,,,,,,,,,,,,,,,,,,,,,,0,,,,,,,Sudah kerjasama BPJS,,1,1,100.0
1471383,RS Umum  Sansani,RSU,RS Umum,C,Swasta,RS Privat,Riau,Kota Pekanbaru,22.0,6.0,6.0,5.0,1.0,2.0,,,5.0,,6.0,,,1.0,,3.0,,,1.0,1.0,,5.0,,9.0,,5.0,66.0,12,52.17,,,,,,,,,,,,,,,,,,,,,,,,,,0,,,,,,,Sudah kerjasama BPJS,,1,1,100.0
1471384,RS Awal Bros A. Yani,RSU,RS Umum,C,Swasta,RS Privat,Riau,Kota Pekanbaru,55.0,11.0,12.0,8.0,5.0,4.0,,2.0,8.0,,12.0,,,5.0,,4.0,,2.0,2.0,3.0,,5.0,,17.0,,11.0,141.0,14,60.87,,,,,,,,,,,,,,,,,,,,,,,,,,0,Sudah kerjasama BPJS,,,Sudah kerjasama BPJS,Sudah kerjasama BPJS,Sudah kerjasama BPJS,Sudah kerjasama BPJS,,5,5,100.0
1471386,RS Ibu dan Anak Annisa,RSIA,RS Khusus,C,Swasta,RS Privat,Riau,Kota Pekanbaru,10.0,,,6.0,3.0,,,,6.0,,,,,3.0,,,,,,,,1.0,,3.0,,,23.0,5,21.74,,,,,,,,,,,,,,,,,,,,,,,,,,0,,,,,,Sudah kerjasama BPJS,Sudah kerjasama BPJS,,2,2,100.0
1471387,RS Ibu dan Anak  Zainab,RSIA,RS Khusus,C,Swasta,RS Privat,Riau,Kota Pekanbaru,17.0,2.0,2.0,5.0,4.0,3.0,,,5.0,,2.0,,,4.0,,,,,1.0,1.0,,2.0,,6.0,,2.0,45.0,11,47.83,,,,,,,,,,,,,,,,,,,,,,,,,,0,,,Sudah kerjasama BPJS,,,,Sudah kerjasama BPJS,,2,2,100.0
1471389,RS JMB Pekanbaru,RSU,RS Umum,D,Swasta,RS Privat,Riau,Kota Pekanbaru,,,,,,,,,,,,,,,,,,,,,,,,,,,,0,0.0,,,,,,,,,,,,,,,,,,,,,,,,,,0,,,,,,,,,0,0,
1471390,RS Umum  Awal Bros Panam,RSU,RS Umum,B,Swasta,RS Privat,Riau,Kota Pekanbaru,35.0,10.0,8.0,6.0,4.0,3.0,1.0,,6.0,,8.0,,,4.0,,4.0,,1.0,1.0,3.0,,3.0,,4.0,,1.0,84.0,14,60.87,,,,,,,,,,,,,,,,,,,,,,,,,,0,Sudah kerjasama BPJS,,,Sudah kerjasama BPJS,Sudah kerjasama BPJS,Sudah kerjasama BPJS,Sudah kerjasama BPJS,,5,5,100.0
1471391,RS Khusus  Mata Pekanbaru Eye Center ,RSK Mata,RS Khusus,C,Swasta,RS Privat,Riau,Kota Pekanbaru,1.0,,,,,,,,,,,,,,,,,,,,,,,,,,1.0,1,4.35,,,,,,,,,,,,,,,,,,,,,,,,,,0,,,,,,,,,0,0,
1471392,RS Umum  Universitas Riau,RSU,RS Umum,D,Kementerian Lain,RS Publik,Riau,Kota Pekanbaru,12.0,5.0,2.0,3.0,3.0,4.0,,,3.0,,2.0,,,3.0,,2.0,,,1.0,1.0,,1.0,,6.0,,2.0,42.0,12,52.17,,,,,,,,,,,,,,,,,,,,,,,,,,0,,,,,,,Sudah kerjasama BPJS,,1,1,100.0
1471394,RS Khusus  Mata SMEC Pekanbaru,RSK Mata,RS Khusus,C,Swasta,RS Privat,Riau,Kota Pekanbaru,4.0,,1.0,,,,,,,,1.0,,,,,,,,,,,,,,,,5.0,2,8.7,,,,,,,,,,,,,,,,,,,,,,,,,,0,,,,,,,,,0,0,
1471395,RS Ibu Anak  Budhi Mulia,RSIA,RS Khusus,C,Swasta,RS Privat,Riau,Kota Pekanbaru,8.0,3.0,1.0,5.0,6.0,1.0,,,5.0,,1.0,,,6.0,,,,,1.0,2.0,,1.0,,,,1.0,29.0,10,43.48,,,,,,,,,,,,,,,,,,,,,,,,,,0,,,,,,,Sudah kerjasama BPJS,,1,1,100.0
1471396,Aulia Hospital,RSU,RS Umum,C,Swasta,RS Privat,Riau,Kota Pekanbaru,,,,,,,,,,,,,,,,,,,,,,,,,,,,0,0.0,,,,,,,,,,,,,,,,,,,,,,,,,,0,Sudah kerjasama BPJS,,,,,Sudah kerjasama BPJS,Sudah kerjasama BPJS,,3,3,100.0
1471397,RS Umum  Prima Pekanbaru,RSU,RS Umum,C,Swasta,RS Privat,Riau,Kota Pekanbaru,29.0,5.0,5.0,5.0,3.0,4.0,,,5.0,,5.0,,,3.0,,2.0,,,1.0,2.0,,3.0,,6.0,,6.0,71.0,12,52.17,,,,,,,,,,,,,,,,,,,,,,,,,,0,,Sudah kerjasama BPJS,,,,,Sudah kerjasama BPJS,,2,2,100.0
1471398,RS Daerah Madani Kota Pekanbaru,RSU,RS Umum,C,Pemkot,RS Publik,Riau,Kota Pekanbaru,34.0,8.0,3.0,3.0,3.0,2.0,,,3.0,,3.0,,,3.0,,4.0,,,2.0,1.0,,1.0,,27.0,,10.0,98.0,12,52.17,0.0,0.0,0.0,0.0,0.0,0.0,0.0,0.0,0.0,0.0,0.0,0.0,,0.0,0.0,0.0,0.0,0.0,0.0,4.0,1.0,False,4.0,1.0,95.0,1,,,,,,,Sudah kerjasama BPJS,,1,1,100.0
1471399,RS Hermina Pekanbaru,RSU,RS Umum,C,Swasta,RS Privat,Riau,Kota Pekanbaru,23.0,2.0,5.0,6.0,4.0,3.0,1.0,,6.0,,5.0,,,4.0,,2.0,,1.0,1.0,2.0,,4.0,,4.0,,3.0,61.0,14,60.87,,,,,,,,,,,,,,,,,,,,,,,,,,0,,,,,Sudah kerjasama BPJS,,,,1,1,100.0
1472080,RS Awal Bros Dumai,RSU,RS Umum,C,Swasta,RS Privat,Riau,Kota Dumai,,,,,,,,,,,,,,,,,,,,,,,,,,,,0,0.0,,,,,,,,,,,,,,,,,,,,,,,,,,0,,,,,,,,,0,0,
1473013,RS Umum Daerah  Kota Dumai,RSU,RS Umum,B,Pemkot,RS Publik,Riau,Kota Dumai,33.0,3.0,6.0,5.0,4.0,4.0,,,5.0,,6.0,,,4.0,,3.0,,2.0,2.0,2.0,,1.0,,30.0,,11.0,106.0,13,56.52,0.0,0.0,1.0,0.0,1.0,0.0,0.0,0.0,,0.0,0.0,1.0,,3.0,0.0,0.0,,,0.0,,1.0,False,6.0,4.0,75.0,1,,,,,,Sudah kerjasama BPJS,Sudah kerjasama BPJS,,2,2,100.0
1473024,RS Pertamina Dumai,RSU,RS Umum,D,BUMN,RS Privat,Riau,Kota Dumai,28.0,2.0,2.0,2.0,2.0,2.0,,,2.0,,2.0,,,2.0,,,,1.0,,1.0,,,,8.0,,3.0,51.0,10,43.48,,,,,,,,,,,,,,,,,,,,,,,,,,0,,,,,,,Sudah kerjasama BPJS,,1,1,100.0
1473078,RS Bhayangkara Dumai,RSU,RS Umum,D,POLRI,RS Publik,Riau,Kota Dumai,2.0,,,,,,,,,,,,,,,,,,,,,,,,,,2.0,1,4.35,,,,,,,,,,,,,,,,,,,,,,,,,,0,,,,,,,,,0,0,
1473079,RS Graha Yasmine,RSU,RS Umum,D,Swasta,RS Privat,Riau,Kota Dumai,4.0,1.0,1.0,2.0,1.0,2.0,,,2.0,,1.0,,,1.0,,,,,1.0,1.0,,,,,,2.0,15.0,9,39.13,,,,,,,,,,,,,,,,,,,,,,,,,,0,,,,,,,Sudah kerjasama BPJS,,1,1,100.0
1502014,RS Umum Daerah Kolonel Abundjani/Bangko,RSU,RS Umum,C,Pemkab,RS Publik,Jambi,Merangin,26.0,5.0,3.0,4.0,2.0,3.0,,,4.0,,3.0,,,2.0,,1.0,,,2.0,1.0,,2.0,,27.0,,14.0,90.0,12,52.17,0.0,0.0,0.0,0.0,0.0,0.0,0.0,0.0,,0.0,0.0,0.0,,0.0,0.0,1.0,,,1.0,,1.0,False,2.0,2.0,75.0,1,,,,,,,Sudah kerjasama BPJS,,1,1,100.0
1502015,RS Raudhah,RSU,RS Umum,C,Swasta,RS Privat,Jambi,Merangin,9.0,1.0,2.0,2.0,1.0,2.0,,,2.0,,2.0,,,1.0,,1.0,,,1.0,1.0,,1.0,,3.0,,4.0,28.0,12,52.17,,,,,,,,,,,,,,,,,,,,,,,,,,0,,,,,,,Sudah kerjasama BPJS,,1,1,100.0
1502018,RS Andimas,RSU,RS Umum,D,Swasta,RS Privat,Jambi,Merangin,2.0,,2.0,2.0,1.0,,,,2.0,,2.0,,,1.0,,,,,1.0,,,1.0,,,,,9.0,6,26.09,,,,,,,,,,,,,,,,,,,,,,,,,,0,,,,,,,Sudah kerjasama BPJS,,1,1,100.0
1502019,RS Merangin Medical Centre,RSU,RS Umum,D,Swasta,RS Privat,Jambi,Merangin,6.0,1.0,1.0,,1.0,1.0,,,,,1.0,,,1.0,,1.0,,,,,,,,3.0,,,14.0,7,30.43,,,,,,,,,,,,,,,,,,,,,,,,,,0,,,,,,,,,0,0,
1503036,RS Umum Daerah Prof. Dr. H.  Chatib Quzwain,RSU,RS Umum,C,Pemkab,RS Publik,Jambi,Sarolangun,22.0,3.0,2.0,3.0,1.0,2.0,,,3.0,,2.0,,,1.0,,,,1.0,3.0,1.0,,1.0,,19.0,,11.0,69.0,12,52.17,0.0,0.0,0.0,0.0,0.0,0.0,0.0,0.0,0.0,0.0,0.0,0.0,,0.0,0.0,1.0,0.0,0.0,0.0,0.0,1.0,False,1.0,1.0,95.0,1,,,,,,Sudah kerjasama BPJS,Sudah kerjasama BPJS,,2,2,100.0
1503039,RS Langit Golden Medika,RSU,RS Umum,C,Swasta,RS Privat,Jambi,Sarolangun,9.0,,3.0,2.0,1.0,2.0,,,2.0,,3.0,,,1.0,,,,,,1.0,,1.0,,6.0,,2.0,27.0,9,39.13,,,,,,,,,,,,,,,,,,,,,,,,,,0,,,,,,,,,0,0,
1504015,RS Umum Daerah Haji Abdoel Madjid Batoe,RSU,RS Umum,C,Pemkab,RS Publik,Jambi,Batang Hari,14.0,2.0,4.0,3.0,2.0,2.0,,,3.0,,4.0,,,2.0,,1.0,,,2.0,1.0,,1.0,,12.0,,6.0,50.0,12,52.17,0.0,1.0,0.0,0.0,0.0,0.0,0.0,0.0,0.0,0.0,0.0,0.0,,0.0,0.0,1.0,0.0,0.0,0.0,1.0,1.0,False,3.0,3.0,95.0,1,,,,,,,,,0,0,
1504018,RS Mitra Medika Batang Hari,RSU,RS Umum,C,Swasta,RS Privat,Jambi,Batang Hari,9.0,1.0,2.0,2.0,2.0,1.0,,,2.0,,2.0,,,2.0,,,,,,,,,,,,2.0,19.0,7,30.43,,,,,,,,,,,,,,,,,,,,,,,,,,0,,,,,,Sudah kerjasama BPJS,Sudah kerjasama BPJS,,2,2,100.0
1505016,RS Umum Daerah Ahmad Ripin,RSU,RS Umum,C,Pemkab,RS Publik,Jambi,Muaro Jambi,12.0,3.0,2.0,2.0,1.0,2.0,,,2.0,,2.0,,,1.0,,,,,1.0,1.0,,1.0,,13.0,,3.0,41.0,11,47.83,0.0,0.0,0.0,0.0,0.0,0.0,0.0,0.0,,0.0,0.0,0.0,,0.0,0.0,1.0,,,1.0,,1.0,False,2.0,2.0,75.0,1,,,,,,,Sudah kerjasama BPJS,,1,1,100.0
1505027,RS Umum Daerah Sungai Bahar,RSU,RS Umum,D,Pemkab,RS Publik,Jambi,Muaro Jambi,8.0,2.0,1.0,1.0,1.0,1.0,,,1.0,,1.0,,,1.0,,,,,1.0,1.0,,1.0,,5.0,,3.0,25.0,11,47.83,,,,,,,,,,,,,,,,,,,,,,,,,,0,,,,,,,Sudah kerjasama BPJS,,1,1,100.0
1505028,RS Umum Daerah Sungai Gelam,RSU,RS Umum,D,Pemkab,RS Publik,Jambi,Muaro Jambi,15.0,2.0,1.0,1.0,,,,,1.0,,1.0,,,,,,,,1.0,,,1.0,,7.0,,2.0,30.0,8,34.78,,,,,,,,,,,,,,,,,,,,,,,,,,0,,,,,,,Sudah kerjasama BPJS,,1,1,100.0
1507010,RS Umum Daerah KH. Daud Arif,RSU,RS Umum,C,Pemkab,RS Publik,Jambi,Tanjung Jabung Barat,26.0,3.0,1.0,2.0,1.0,2.0,,,2.0,,1.0,,,1.0,,1.0,,,,1.0,,2.0,,24.0,,5.0,68.0,11,47.83,0.0,1.0,0.0,0.0,0.0,0.0,0.0,0.0,,0.0,0.0,1.0,,0.0,0.0,1.0,,,1.0,,1.0,False,4.0,4.0,75.0,1,,,,,Sudah kerjasama BPJS,,Sudah kerjasama BPJS,,2,2,100.0
1507013,RS Umum Daerah Suryah Khairuddin,RSU,RS Umum,D,Pemkab,RS Publik,Jambi,Tanjung Jabung Barat,10.0,1.0,2.0,2.0,1.0,1.0,,,2.0,,2.0,,,1.0,,,,,1.0,1.0,,1.0,,4.0,,3.0,27.0,11,47.83,,,,,,,,,,,,,,,,,,,,,,,,,,0,,,,,,,,,0,0,
1506011,RS Umum Daerah Nurdin Hamzah,RSU,RS Umum,C,Pemkab,RS Publik,Jambi,Tanjung Jabung Timur,11.0,1.0,3.0,1.0,2.0,2.0,,,1.0,,3.0,,,2.0,,1.0,,,1.0,1.0,,1.0,,10.0,,6.0,40.0,12,52.17,0.0,0.0,0.0,0.0,0.0,0.0,0.0,0.0,0.0,0.0,0.0,0.0,,0.0,0.0,1.0,0.0,0.0,0.0,1.0,1.0,False,2.0,2.0,95.0,1,,,,,,,Sudah kerjasama BPJS,,1,1,100.0
1509013,RS Umum Daerah H. Hanafie,RSU,RS Umum,B,Pemkab,RS Publik,Jambi,Bungo,24.0,4.0,4.0,3.0,2.0,3.0,,,3.0,,4.0,,,2.0,,1.0,,1.0,1.0,1.0,,1.0,,24.0,,8.0,77.0,13,56.52,0.0,1.0,0.0,0.0,0.0,0.0,1.0,0.0,,0.0,0.0,1.0,,2.0,0.0,1.0,,,1.0,,1.0,False,7.0,6.0,75.0,1,Sudah kerjasama BPJS,,Sudah kerjasama BPJS,,,Sudah kerjasama BPJS,Sudah kerjasama BPJS,,4,4,100.0
1509028,RS Umum Permata Hati,RSU,RS Umum,C,Swasta,RS Privat,Jambi,Bungo,10.0,1.0,2.0,3.0,2.0,2.0,,,3.0,,2.0,,,2.0,,,,1.0,1.0,1.0,,1.0,,6.0,,4.0,34.0,12,52.17,,,,,,,,,,,,,,,,,,,,,,,,,,0,,,,,,Sudah kerjasama BPJS,Sudah kerjasama BPJS,,2,2,100.0
1509029,RS Ibu dan Anak Moelia,RSIA,RS Khusus,C,Swasta,RS Privat,Jambi,Bungo,4.0,,,1.0,1.0,,,,1.0,,,,,1.0,,,,,1.0,1.0,,1.0,,2.0,,2.0,13.0,8,34.78,,,,,,,,,,,,,,,,,,,,,,,,,,0,,,,,,,,,0,0,
1509031,RS Jabal Rahmah Medika,RSU,RS Umum,D,Swasta,RS Privat,Jambi,Bungo,10.0,1.0,1.0,1.0,,1.0,,,1.0,,1.0,,,,,,,,1.0,1.0,,1.0,,4.0,,3.0,24.0,10,43.48,,,,,,,,,,,,,,,,,,,,,,,,,,0,,,,,,,Sudah kerjasama BPJS,,1,1,100.0
1509042,RS Umum Daerah Rantau Ikil,RSU,RS Umum,D,Pemkab,RS Publik,Jambi,Bungo,4.0,1.0,,,,,,,,,,,,,,,,,,,,,,,,,5.0,2,8.7,,,,,,,,,,,,,,,,,,,,,,,,,,0,,,,,,,,,0,0,
1509043,RS Kuamang Kuning,RSU,RS Umum,Belum Ditetapkan,Pemkab,RS Publik,Jambi,Bungo,,,,,,,,,,,,,,,,,,,,,,,,,,,,0,0.0,,,,,,,,,,,,,,,,,,,,,,,,,,0,,,,,,,,,0,0,
1508002,RS Umum Setia Budi,RSU,RS Umum,D,Swasta,RS Privat,Jambi,Tebo,5.0,,1.0,1.0,,1.0,,,1.0,,1.0,,,,,,,,,,,1.0,,2.0,,,11.0,6,26.09,,,,,,,,,,,,,,,,,,,,,,,,,,0,,,,,,,,,0,0,
1508013,RS Umum Daerah Sultan Thaha Saifuddin,RSU,RS Umum,C,Pemkab,RS Publik,Jambi,Tebo,18.0,2.0,3.0,3.0,2.0,1.0,,,3.0,,3.0,,,2.0,,,,,1.0,1.0,,1.0,,19.0,,10.0,61.0,11,47.83,0.0,0.0,0.0,0.0,0.0,0.0,0.0,0.0,,0.0,0.0,0.0,,0.0,0.0,1.0,,,1.0,,1.0,False,2.0,2.0,75.0,1,,,,,,,,,0,0,
1504017,RS Royal Prima,RSU,RS Umum,C,Swasta,RS Privat,Jambi,Kota Jambi,18.0,1.0,4.0,2.0,3.0,1.0,,,2.0,,4.0,,,3.0,,1.0,,,1.0,1.0,,3.0,,5.0,1.0,6.0,47.0,13,56.52,,,,,,,,,,,,,,,,,,,,,,,,,,0,,,Sudah kerjasama BPJS,,,,Sudah kerjasama BPJS,,2,2,100.0
1571012,RS Umum Daerah Raden Mattaher Jambi,RSU,RS Umum,B,Pemprop,RS Publik,Jambi,Kota Jambi,59.0,7.0,7.0,7.0,6.0,5.0,1.0,1.0,7.0,1.0,7.0,,1.0,6.0,,5.0,,2.0,2.0,3.0,,6.0,,65.0,,24.0,202.0,17,73.91,1.0,1.0,1.0,1.0,1.0,0.0,1.0,0.0,,1.0,1.0,1.0,,1.0,1.0,1.0,,,1.0,,1.0,False,13.0,13.0,75.0,1,Sudah kerjasama BPJS,,Sudah kerjasama BPJS,,,Sudah kerjasama BPJS,Sudah kerjasama BPJS,,4,4,100.0
1571023,RS Tk. III 02.06.01  dr. Bratanata,RSU,RS Umum,C,TNI,RS Publik,Jambi,Kota Jambi,31.0,1.0,6.0,1.0,3.0,5.0,,,1.0,,6.0,,,3.0,,2.0,,,1.0,1.0,,1.0,,30.0,,12.0,94.0,12,52.17,,,,,,,,,,,,,,,,,,,,,,,,,,0,,,,Sudah kerjasama BPJS,Sudah kerjasama BPJS,Sudah kerjasama BPJS,Sudah kerjasama BPJS,,4,4,100.0
1571034,RS Bhayangkara Jambi,RSU,RS Umum,C,POLRI,RS Publik,Jambi,Kota Jambi,45.0,2.0,5.0,7.0,4.0,5.0,,,7.0,,5.0,,,4.0,,1.0,,1.0,2.0,1.0,,4.0,,20.0,,5.0,102.0,13,56.52,,,,,,,,,,,,,,,,,,,,,,,,,,0,Sudah kerjasama BPJS,,,Sudah kerjasama BPJS,,Sudah kerjasama BPJS,Sudah kerjasama BPJS,,4,4,100.0
1571045,RS Umum Santa Theresia,RSU,RS Umum,C,Swasta,RS Privat,Jambi,Kota Jambi,20.0,3.0,5.0,5.0,5.0,3.0,,1.0,5.0,,5.0,,,5.0,,1.0,,,1.0,1.0,,3.0,,12.0,,3.0,63.0,13,56.52,,,,,,,,,,,,,,,,,,,,,,,,,,0,Sudah kerjasama BPJS,,,,,Sudah kerjasama BPJS,Sudah kerjasama BPJS,,3,3,100.0
1571136,RS Jiwa Daerah Provinsi Jambi,RSK Jiwa,RS Khusus,B,Pemprop,RS Publik,Jambi,Kota Jambi,21.0,4.0,1.0,,,,,,,,1.0,,,,,,,,1.0,,,,,10.0,,3.0,40.0,6,26.09,,,,,,,,,,,,,,,,,,,,,,,,,,0,,,,,,,Sudah kerjasama BPJS,,1,1,100.0
1571147,RS Siloam Jambi,RSU,RS Umum,B,Swasta,RS Privat,Jambi,Kota Jambi,19.0,4.0,3.0,5.0,5.0,3.0,,,5.0,,3.0,,,5.0,,1.0,,1.0,1.0,2.0,,3.0,,19.0,,7.0,73.0,13,56.52,,,,,,,,,,,,,,,,,,,,,,,,,,0,,,,Sudah kerjasama BPJS,Sudah kerjasama BPJS,Sudah kerjasama BPJS,Sudah kerjasama BPJS,,4,4,100.0
1571158,RS Umum Daerah H. Abdul Manap,RSU,RS Umum,C,Pemkot,RS Publik,Jambi,Kota Jambi,31.0,3.0,4.0,4.0,4.0,3.0,,,4.0,,4.0,,,4.0,,3.0,,3.0,2.0,3.0,,3.0,,22.0,,4.0,89.0,13,56.52,0.0,1.0,0.0,0.0,0.0,0.0,0.0,0.0,,0.0,0.0,1.0,,0.0,0.0,1.0,,,1.0,,1.0,False,4.0,4.0,75.0,1,,,,,Sudah kerjasama BPJS,Sudah kerjasama BPJS,Sudah kerjasama BPJS,,3,3,100.0
1571159,RS Islam Arafah,RSU,RS Umum,C,Swasta,RS Privat,Jambi,Kota Jambi,16.0,3.0,4.0,4.0,4.0,2.0,,2.0,4.0,,4.0,,,4.0,,1.0,,1.0,1.0,1.0,,4.0,,15.0,,3.0,61.0,14,60.87,,,,,,,,,,,,,,,,,,,,,,,,,,0,Sudah kerjasama BPJS,,Sudah kerjasama BPJS,,,Sudah kerjasama BPJS,Sudah kerjasama BPJS,,4,4,100.0
1571161,RS Ibu dan Anak Annisa,RSIA,RS Khusus,C,Swasta,RS Privat,Jambi,Kota Jambi,10.0,,1.0,6.0,2.0,,,,6.0,,1.0,,,2.0,,,,,1.0,,,1.0,,8.0,,,29.0,7,30.43,,,,,,,,,,,,,,,,,,,,,,,,,,0,,,,,,,,,0,0,
1571162,RS Umum Kambang,RSU,RS Umum,C,Swasta,RS Privat,Jambi,Kota Jambi,13.0,2.0,3.0,2.0,2.0,3.0,1.0,,2.0,,3.0,,,2.0,,1.0,,,1.0,1.0,,2.0,,7.0,,4.0,42.0,13,56.52,,,,,,,,,,,,,,,,,,,,,,,,,,0,,,,,,,Sudah kerjasama BPJS,,1,1,100.0
1571163,RS Umum Baiturahim Jambi,RSU,RS Umum,C,Swasta,RS Privat,Jambi,Kota Jambi,13.0,2.0,6.0,3.0,2.0,1.0,,,3.0,,6.0,,,2.0,,1.0,,,1.0,2.0,,4.0,,12.0,,3.0,50.0,12,52.17,,,,,,,,,,,,,,,,,,,,,,,,,,0,,,,,,,Sudah kerjasama BPJS,,1,1,100.0
1571164,RS Umum Rimbo Medika,RSU,RS Umum,D,Swasta Non Profit,RS Publik,Jambi,Kota Jambi,6.0,,,3.0,,,,,3.0,,,,,,,,,,,,,2.0,,3.0,,,14.0,4,17.39,,,,,,,,,,,,,,,,,,,,,,,,,,0,,,,,,,,,0,0,
1571165,RS Umum Erni Medika,RSU,RS Umum,D,Swasta,RS Privat,Jambi,Kota Jambi,9.0,1.0,1.0,1.0,1.0,2.0,,,1.0,,1.0,,,1.0,,1.0,,,,,,2.0,,2.0,,,20.0,9,39.13,,,,,,,,,,,,,,,,,,,,,,,,,,0,,,,,,,,,0,0,
1571168,RS Mitra,RSU,RS Umum,C,Swasta,RS Privat,Jambi,Kota Jambi,13.0,1.0,5.0,4.0,3.0,3.0,,,4.0,,5.0,,1.0,3.0,,2.0,,1.0,,1.0,,4.0,,10.0,,5.0,53.0,13,56.52,,,,,,,,,,,,,,,,,,,,,,,,,,0,,,,,,Sudah kerjasama BPJS,Sudah kerjasama BPJS,,2,2,100.0
1571169,RS Umum Daerah H. Abdurrahman Sayoeti,RSU,RS Umum,D,Pemkot,RS Publik,Jambi,Kota Jambi,14.0,1.0,2.0,1.0,1.0,1.0,,,1.0,,2.0,,,1.0,,,,,1.0,1.0,,1.0,,5.0,,3.0,31.0,11,47.83,,,,,,,,,,,,,,,,,,,,,,,,,,0,,,,,,,Sudah kerjasama BPJS,,1,1,100.0
1571180,RS Rapha Theresia,RSU,RS Umum,C,Swasta,RS Privat,Jambi,Kota Jambi,9.0,2.0,1.0,,2.0,1.0,1.0,,,,1.0,,,2.0,,1.0,,1.0,1.0,1.0,,2.0,,5.0,,3.0,30.0,13,56.52,,,,,,,,,,,,,,,,,,,,,,,,,,0,,,,,,Sudah kerjasama BPJS,Sudah kerjasama BPJS,,2,2,100.0
1501012,RS Umum Daerah Mayjen H. A. Thalib,RSU,RS Umum,C,Pemkot,RS Publik,Jambi,Kota Sungai penuh,14.0,5.0,2.0,1.0,2.0,1.0,,,1.0,,2.0,,,2.0,,1.0,,,1.0,,,1.0,,23.0,,13.0,64.0,11,47.83,0.0,0.0,0.0,0.0,0.0,0.0,0.0,0.0,0.0,0.0,0.0,0.0,,0.0,0.0,1.0,0.0,0.0,0.0,4.0,1.0,False,5.0,2.0,95.0,1,,,,,,,Sudah kerjasama BPJS,,1,1,100.0
1572003,RS Umum Melati,RSU,RS Umum,D,Swasta,RS Privat,Jambi,Kota Sungai penuh,11.0,,1.0,1.0,1.0,,,,1.0,,1.0,,,1.0,,1.0,,,,,,,,1.0,,2.0,18.0,7,30.43,,,,,,,,,,,,,,,,,,,,,,,,,,0,,,,,,,,,0,0,
1572014,RS Umum Daerah H. Bakri Kota Sungai Penuh,RSU,RS Umum,D,Pemkab,RS Publik,Jambi,Kota Sungai penuh,,,,,,,,,,,,,,,,,,,,,,,,,,,,0,0.0,,,,,,,,,,,,,,,,,,,,,,,,,,0,,,,,,,,,0,0,
1601002,RS Umum Dr. Noesmir Baturaja,RSU,RS Umum,C,TNI,RS Publik,Sumatera Selatan,Ogan Komering Ulu,11.0,1.0,3.0,2.0,1.0,3.0,,,2.0,,3.0,,,1.0,,,,,1.0,,,1.0,,,,1.0,24.0,9,39.13,,,,,,,,,,,,,,,,,,,,,,,,,,0,,,,,,,,,0,0,
1601013,RS Umum Daerah Dr. Ibnu Sutowo Baturaja,RSU,RS Umum,C,Pemkab,RS Publik,Sumatera Selatan,Ogan Komering Ulu,,,,,,,,,,,,,,,,,,,,,,,,,,,,0,0.0,0.0,0.0,0.0,0.0,0.0,0.0,0.0,1.0,,0.0,0.0,0.0,,0.0,0.0,0.0,,,0.0,,1.0,False,1.0,1.0,75.0,1,,,,,,Sudah kerjasama BPJS,,,1,1,100.0
1601035,RS Umum Santo Antonio Baturaja,RSU,RS Umum,D,Swasta Non Profit,RS Publik,Sumatera Selatan,Ogan Komering Ulu,11.0,1.0,3.0,2.0,1.0,2.0,,,2.0,,3.0,,,1.0,,,,,,1.0,,1.0,,6.0,,1.0,29.0,10,43.48,,,,,,,,,,,,,,,,,,,,,,,,,,0,,,,,,Sudah kerjasama BPJS,Sudah kerjasama BPJS,,2,2,100.0
1601084,RS Umum Dokter Maulana AK,RSU,RS Umum,D,Swasta,RS Privat,Sumatera Selatan,Ogan Komering Ulu,6.0,,,,,,,,,,,,,,,,,,,,,1.0,,,,,7.0,2,8.7,,,,,,,,,,,,,,,,,,,,,,,,,,0,,,,,,,,,0,0,
1601086,RS Ibu dan Anak Amanna,RSIA,RS Khusus,C,Swasta,RS Privat,Sumatera Selatan,Ogan Komering Ulu,3.0,,,3.0,2.0,1.0,,,3.0,,,,,2.0,,,,,,,,,,2.0,,,11.0,5,21.74,,,,,,,,,,,,,,,,,,,,,,,,,,0,,,,,,,,,0,0,
1601088,RS Ibu dan Anak Graha Kurnia,RSIA,RS Khusus,C,Swasta,RS Privat,Sumatera Selatan,Ogan Komering Ulu,4.0,,,1.0,2.0,,,,1.0,,,,,2.0,,,,,,,,1.0,,2.0,,,10.0,5,21.74,,,,,,,,,,,,,,,,,,,,,,,,,,0,,,,,,,,,0,0,
1601089,RS Ibu dan Anak Prima Qonita,RSIA,RS Khusus,C,Swasta,RS Privat,Sumatera Selatan,Ogan Komering Ulu,14.0,3.0,,1.0,1.0,,,,1.0,,,,,1.0,,,,,,,,,,,,,19.0,4,17.39,,,,,,,,,,,,,,,,,,,,,,,,,,0,,,,,,,,,0,0,
1602014,RS Umum Daerah Kayuagung,RSU,RS Umum,C,Pemkab,RS Publik,Sumatera Selatan,Ogan Komering Ilir,16.0,1.0,4.0,6.0,3.0,3.0,,,6.0,,4.0,,,3.0,,,,1.0,1.0,1.0,,2.0,,14.0,,12.0,64.0,12,52.17,0.0,0.0,0.0,0.0,0.0,0.0,0.0,1.0,,0.0,0.0,0.0,,0.0,0.0,0.0,,,0.0,,1.0,False,1.0,1.0,75.0,1,,,,,,Sudah kerjasama BPJS,Sudah kerjasama BPJS,,2,2,100.0
1602015,RS Umum Daerah Tugu Jaya,RSU,RS Umum,D,Pemkab,RS Publik,Sumatera Selatan,Ogan Komering Ilir,5.0,1.0,2.0,,,1.0,,,,,2.0,,,,,,,,,,,,,4.0,,2.0,15.0,6,26.09,,,,,,,,,,,,,,,,,,,,,,,,,,0,,,,,,,,,0,0,
1602016,RS Safira Pasa,RSU,RS Umum,D,Swasta,RS Privat,Sumatera Selatan,Ogan Komering Ilir,,,,,,,,,,,,,,,,,,,,,,,,,,,,0,0.0,,,,,,,,,,,,,,,,,,,,,,,,,,0,,,,,,,,,0,0,
1603030,RS Umum Bukit Asam Medika,RSU,RS Umum,C,BUMN,RS Privat,Sumatera Selatan,Muara Enim,42.0,5.0,4.0,2.0,2.0,2.0,,,2.0,,4.0,,,2.0,,2.0,,,1.0,2.0,,1.0,,11.0,,6.0,80.0,12,52.17,,,,,,,,,,,,,,,,,,,,,,,,,,0,,,,,,,,,0,0,
1603063,RS Umum Daerah dr. H. M. Rabain Muara Enim,RSU,RS Umum,B,Pemkab,RS Publik,Sumatera Selatan,Muara Enim,28.0,2.0,6.0,3.0,2.0,3.0,,,3.0,,6.0,,,2.0,,2.0,,2.0,2.0,3.0,,3.0,,25.0,,19.0,100.0,13,56.52,0.0,0.0,1.0,0.0,1.0,0.0,0.0,1.0,,0.0,0.0,1.0,,0.0,0.0,0.0,,,0.0,,1.0,False,4.0,4.0,75.0,1,,,,Sudah kerjasama BPJS,,Sudah kerjasama BPJS,Sudah kerjasama BPJS,,3,3,100.0
1603087,RS Umum Daerah Semende Darat Laut,RSU,RS Umum,D,Pemkab,RS Publik,Sumatera Selatan,Muara Enim,3.0,1.0,,,,,,,,,,,,,,,,,,,,,,,,1.0,5.0,3,13.04,,,,,,,,,,,,,,,,,,,,,,,,,,0,,,,,,,,,0,0,
1603088,RS Umum Daerah Lubai Ulu ,RSU,RS Umum,D,Pemkab,RS Publik,Sumatera Selatan,Muara Enim,6.0,1.0,4.0,,1.0,,,,,,4.0,,,1.0,,,,,,,,,,3.0,,2.0,17.0,6,26.09,,,,,,,,,,,,,,,,,,,,,,,,,,0,,,,,,,,,0,0,
1603089,RS Umum Daerah Gelumbang,RSU,RS Umum,D,Pemkab,RS Publik,Sumatera Selatan,Muara Enim,,,,,,,,,,,,,,,,,,,,,,,,,,,,0,0.0,,,,,,,,,,,,,,,,,,,,,,,,,,0,,,,,,,,,0,0,
1603090,RS Ibu dan Anak Karunia Indah Medika,RSIA,RS Khusus,C,Swasta,RS Privat,Sumatera Selatan,Muara Enim,5.0,,,,,,,,,,,,,,,,,,,,,,,,,,5.0,1,4.35,,,,,,,,,,,,,,,,,,,,,,,,,,0,,,,,,,,,0,0,
1603101,RS Umum Trijaya Medical Center,RSU,RS Umum,D,Swasta,RS Privat,Sumatera Selatan,Muara Enim,5.0,3.0,,1.0,,1.0,,,1.0,,,,,,,,,,,,,,,5.0,,1.0,16.0,6,26.09,,,,,,,,,,,,,,,,,,,,,,,,,,0,,,,,,,,,0,0,
1604016,RS Umum Daerah Lahat,RSU,RS Umum,C,Pemkab,RS Publik,Sumatera Selatan,Lahat,18.0,2.0,6.0,2.0,3.0,1.0,,,2.0,,6.0,,,3.0,,1.0,,2.0,1.0,1.0,,1.0,,22.0,,15.0,75.0,13,56.52,0.0,0.0,1.0,0.0,0.0,0.0,0.0,0.0,,0.0,0.0,1.0,,0.0,0.0,0.0,,,0.0,,1.0,False,2.0,2.0,75.0,1,,,,,,Sudah kerjasama BPJS,,,1,1,100.0
1604020,RS Tk. IV Lahat,RSU,RS Umum,D,TNI,RS Publik,Sumatera Selatan,Lahat,7.0,3.0,1.0,,,,,,,,1.0,,,,,,,,,,,,,,,1.0,12.0,4,17.39,,,,,,,,,,,,,,,,,,,,,,,,,,0,,,,,,Sudah kerjasama BPJS,Sudah kerjasama BPJS,,2,2,100.0
1605044,RS Umum Daerah Muara Beliti,RSU,RS Umum,D,Pemkab,RS Publik,Sumatera Selatan,Musi Rawas,8.0,2.0,1.0,1.0,1.0,1.0,,,1.0,,1.0,,,1.0,,,,,1.0,1.0,,1.0,,4.0,,2.0,23.0,11,47.83,,,,,,,,,,,,,,,,,,,,,,,,,,0,,,,,,,Sudah kerjasama BPJS,,1,1,100.0
1674010,RS Umum Daerah Dr. Sobirin Kabupaten Musi Rawas,RSU,RS Umum,C,Pemkab,RS Publik,Sumatera Selatan,Musi Rawas,16.0,2.0,3.0,2.0,2.0,3.0,,,2.0,,3.0,,,2.0,,,,,1.0,1.0,,1.0,,15.0,1.0,9.0,56.0,12,52.17,0.0,0.0,0.0,0.0,0.0,0.0,0.0,1.0,,0.0,0.0,1.0,,0.0,0.0,0.0,,,0.0,,1.0,False,2.0,2.0,75.0,1,,,,,,,,,0,0,
1606011,RS Umum Daerah Sekayu,RSU,RS Umum,B,Pemkab,RS Publik,Sumatera Selatan,Musi Banyuasin,33.0,2.0,4.0,3.0,3.0,4.0,,,3.0,,4.0,,,3.0,1.0,1.0,,1.0,3.0,1.0,,1.0,,25.0,1.0,15.0,98.0,15,65.22,0.0,0.0,1.0,0.0,0.0,0.0,1.0,1.0,,0.0,0.0,1.0,,0.0,0.0,0.0,,,0.0,,1.0,False,4.0,4.0,75.0,1,Sudah kerjasama BPJS,,Sudah kerjasama BPJS,,Sudah kerjasama BPJS,Sudah kerjasama BPJS,Sudah kerjasama BPJS,,5,5,100.0
1606022,RS Umum Daerah Sungai Lilin,RSU,RS Umum,C,Pemkab,RS Publik,Sumatera Selatan,Musi Banyuasin,16.0,2.0,1.0,2.0,2.0,2.0,,,2.0,,1.0,,,2.0,,,,1.0,2.0,1.0,1.0,1.0,,11.0,,6.0,48.0,13,56.52,,,,,,,,,,,,,,,,,,,,,,,,,,0,Sudah kerjasama BPJS,,,,,Sudah kerjasama BPJS,Sudah kerjasama BPJS,,3,3,100.0
1606032,RS Umum Daerah Bayung Lincir,RSU,RS Umum,C,Pemkab,RS Publik,Sumatera Selatan,Musi Banyuasin,14.0,2.0,2.0,2.0,2.0,1.0,,,2.0,,2.0,,,2.0,,1.0,,,1.0,1.0,,,,7.0,,4.0,37.0,11,47.83,,,,,,,,,,,,,,,,,,,,,,,,,,0,,,,,,,Sudah kerjasama BPJS,,1,1,100.0
1607012,RS Umum Daerah Banyuasin,RSU,RS Umum,C,Pemkab,RS Publik,Sumatera Selatan,Banyuasin,20.0,1.0,2.0,2.0,3.0,3.0,,,2.0,,2.0,,,3.0,,,,2.0,,1.0,,1.0,,10.0,1.0,8.0,54.0,12,52.17,0.0,0.0,0.0,0.0,0.0,0.0,0.0,0.0,,0.0,0.0,1.0,,0.0,0.0,0.0,,,0.0,,1.0,False,1.0,1.0,75.0,1,,,,,,Sudah kerjasama BPJS,Sudah kerjasama BPJS,,2,2,100.0
1607014,RS Hermina OPI Jakabaring,RSU,RS Umum,C,Swasta,RS Privat,Sumatera Selatan,Banyuasin,18.0,8.0,14.0,19.0,11.0,7.0,,,19.0,1.0,14.0,1.0,,11.0,,2.0,,1.0,1.0,2.0,,4.0,,8.0,,4.0,101.0,15,65.22,,,,,,,,,,,,,,,,,,,,,,,,,,0,Sudah kerjasama BPJS,,,,,Sudah kerjasama BPJS,Sudah kerjasama BPJS,,3,3,100.0
1607015,RS Umum Daerah Pratama Makarti Jaya,RSU,RS Umum,D PRATAMA,Pemkab,RS Publik,Sumatera Selatan,Banyuasin,1.0,1.0,,,,,,,,,,,,,,,,,,,,,,,,2.0,4.0,3,13.04,,,,,,,,,,,,,,,,,,,,,,,,,,0,,,,,,,,,0,0,
1607016,RS Umum Daerah Sukajadi,RSU,RS Umum,D,Pemkab,RS Publik,Sumatera Selatan,Banyuasin,3.0,2.0,1.0,1.0,1.0,1.0,,,1.0,,1.0,,,1.0,,,,,,1.0,,1.0,,3.0,,1.0,15.0,10,43.48,,,,,,,,,,,,,,,,,,,,,,,,,,0,,,,,,,,,0,0,
1607017,RS Bunda Medika Jakabaring,RSU,RS Umum,C,Swasta,RS Privat,Sumatera Selatan,Banyuasin,9.0,2.0,4.0,7.0,4.0,3.0,,,7.0,,4.0,,,4.0,,,,,1.0,1.0,,1.0,,,,1.0,33.0,10,43.48,,,,,,,,,,,,,,,,,,,,,,,,,,0,,,,,,,,,0,0,
1671072,RS Umum Pusat Dr. Rivai Abdullah,RSU,RS Umum,C,Kemkes,RS Publik,Sumatera Selatan,Banyuasin,1.0,,4.0,2.0,,,,,2.0,,4.0,,,,,,,,,,,,,,,,7.0,3,13.04,0.0,1.0,0.0,0.0,0.0,0.0,1.0,2.0,,0.0,0.0,1.0,,0.0,0.0,0.0,,,0.0,,1.0,False,5.0,4.0,75.0,1,,,,,,,Sudah kerjasama BPJS,,1,1,100.0
1609011,RS Umum Daerah Martapura,RSU,RS Umum,D,Pemkab,RS Publik,Sumatera Selatan,Ogan Komering Ulu Timur,19.0,3.0,2.0,2.0,2.0,3.0,,,2.0,,2.0,,,2.0,,,,,1.0,2.0,,2.0,,12.0,,10.0,58.0,11,47.83,,,,,,,,,,,,,,,,,,,,,,,,,,0,,,,,,,Sudah kerjasama BPJS,,1,1,100.0
1609012,RS Islam At-Taqwa Gumawang,RSU,RS Umum,C,Swasta,RS Privat,Sumatera Selatan,Ogan Komering Ulu Timur,15.0,,2.0,1.0,2.0,1.0,,,1.0,,2.0,,,2.0,,,,,1.0,1.0,,1.0,,9.0,,4.0,37.0,10,43.48,,,,,,,,,,,,,,,,,,,,,,,,,,0,,,,,,,Sudah kerjasama BPJS,,1,1,100.0
1609046,Charitas Hospital Belitang,RSU,RS Umum,D,Swasta Non Profit,RS Publik,Sumatera Selatan,Ogan Komering Ulu Timur,19.0,2.0,2.0,2.0,2.0,2.0,,,2.0,,2.0,,,2.0,,,,1.0,1.0,2.0,,1.0,,7.0,,6.0,47.0,12,52.17,,,,,,,,,,,,,,,,,,,,,,,,,,0,,,,,,,Sudah kerjasama BPJS,,1,1,100.0
1609083,RS Umum Daerah Ogan Komering Ulu Timur,RSU,RS Umum,C,Pemkab,RS Publik,Sumatera Selatan,Ogan Komering Ulu Timur,26.0,2.0,4.0,2.0,2.0,2.0,,,2.0,,4.0,,,2.0,,,,,1.0,1.0,,1.0,,23.0,,7.0,71.0,11,47.83,0.0,0.0,0.0,0.0,3.0,0.0,0.0,1.0,,0.0,0.0,0.0,,0.0,0.0,0.0,,,0.0,,1.0,False,4.0,2.0,75.0,1,,,,,,,,,0,0,
1608051,RS Umum Daerah Muara Dua,RSU,RS Umum,D,Pemkab,RS Publik,Sumatera Selatan,Ogan Komering Ulu Selatan,17.0,1.0,4.0,3.0,2.0,1.0,,,3.0,,4.0,,,2.0,,,,,1.0,,,,,9.0,,6.0,44.0,9,39.13,0.0,0.0,0.0,0.0,0.0,0.0,0.0,0.0,0.0,0.0,0.0,0.0,,0.0,0.0,0.0,0.0,0.0,0.0,2.0,1.0,False,2.0,1.0,95.0,1,,,,,,,,,0,0,
1610003,RS Umum Daerah Kabupaten Ogan Ilir,RSU,RS Umum,C,Pemkab,RS Publik,Sumatera Selatan,Ogan Ilir,13.0,2.0,3.0,3.0,3.0,3.0,,,3.0,,3.0,,,3.0,,,,,1.0,,,,,15.0,,9.0,52.0,9,39.13,0.0,0.0,0.0,0.0,0.0,0.0,0.0,0.0,0.0,0.0,0.0,0.0,,0.0,0.0,0.0,0.0,0.0,0.0,2.0,1.0,False,2.0,1.0,95.0,1,,,,,,,Sudah kerjasama BPJS,,1,1,100.0
1610004,RS Umum Mahyuzahra,RSU,RS Umum,D,Swasta,RS Privat,Sumatera Selatan,Ogan Ilir,4.0,,1.0,,1.0,,,,,,1.0,,,1.0,,,,1.0,,,,,,3.0,,,10.0,5,21.74,,,,,,,,,,,,,,,,,,,,,,,,,,0,,,,,,Sudah kerjasama BPJS,,,1,1,100.0
1610005,RS Ar-Royyan,RSU,RS Umum,D,Swasta,RS Privat,Sumatera Selatan,Ogan Ilir,7.0,2.0,5.0,,1.0,1.0,,,,,5.0,,,1.0,,,,,,,,1.0,,3.0,,2.0,22.0,8,34.78,,,,,,,,,,,,,,,,,,,,,,,,,,0,,,,,,,,,0,0,
1611002,RS Pratama Pendopo,RSU,RS Umum,D PRATAMA,Pemkab,RS Publik,Sumatera Selatan,Empat Lawang,7.0,1.0,,,,,,,,,,,,,,,,,,,,,,6.0,,3.0,17.0,4,17.39,,,,,,,,,,,,,,,,,,,,,,,,,,0,,,,,,,,,0,0,
1611042,RS Umum Daerah Kabupaten Empat Lawang,RSU,RS Umum,C,Pemkab,RS Publik,Sumatera Selatan,Empat Lawang,14.0,1.0,4.0,2.0,3.0,1.0,,,2.0,,4.0,,,3.0,,,,,1.0,1.0,,1.0,,13.0,,10.0,51.0,11,47.83,0.0,0.0,0.0,0.0,0.0,0.0,0.0,0.0,0.0,0.0,0.0,0.0,,0.0,0.0,0.0,0.0,0.0,0.0,4.0,1.0,False,4.0,1.0,95.0,1,,,,,,,Sudah kerjasama BPJS,,1,1,100.0
1603085,RS Umum Daerah Talang Ubi,RSU,RS Umum,D,Pemkab,RS Publik,Sumatera Selatan,Penukal Abab Lematang Ilir ,13.0,2.0,1.0,2.0,1.0,1.0,,,2.0,,1.0,,,1.0,,,,,,1.0,,1.0,,8.0,,8.0,38.0,10,43.48,0.0,0.0,0.0,0.0,0.0,0.0,0.0,0.0,0.0,0.0,0.0,0.0,,0.0,0.0,0.0,0.0,0.0,0.0,7.0,1.0,False,7.0,1.0,95.0,1,,,,,,,,,0,0,
1605043,RS Umum Daerah Rupit Kabupaten Musi Rawas Utara,RSU,RS Umum,D,Pemkab,RS Publik,Sumatera Selatan,Musi Rawas Utara,13.0,1.0,2.0,3.0,2.0,1.0,,,3.0,,2.0,,,2.0,,,,,1.0,1.0,,1.0,,8.0,,8.0,41.0,11,47.83,0.0,0.0,0.0,0.0,0.0,0.0,0.0,0.0,0.0,0.0,0.0,0.0,,0.0,0.0,0.0,0.0,0.0,0.0,4.0,1.0,False,4.0,1.0,95.0,1,,,,,,,Sudah kerjasama BPJS,,1,1,100.0
1671013,RS Umum Pusat Dr. Mohammad Hoesin Palembang,RSU,RS Umum,A,Kemkes,RS Publik,Sumatera Selatan,Kota Palembang,506.0,3.0,17.0,2.0,16.0,5.0,3.0,4.0,2.0,3.0,17.0,3.0,4.0,16.0,,2.0,1.0,6.0,4.0,5.0,3.0,7.0,,102.0,5.0,52.0,753.0,21,91.3,1.0,2.0,0.0,1.0,1.0,0.0,2.0,1.0,,1.0,2.0,1.0,,1.0,1.0,0.0,,,0.0,,1.0,False,14.0,11.0,75.0,1,Sudah kerjasama BPJS,,Sudah kerjasama BPJS,Sudah kerjasama BPJS,,Sudah kerjasama BPJS,Sudah kerjasama BPJS,Belum kerjasama BPJS,6,5,83.33
1671024,RS Umum Pertamina Palembang,RSU,RS Umum,C,BUMN,RS Privat,Sumatera Selatan,Kota Palembang,11.0,2.0,3.0,2.0,2.0,1.0,,,2.0,,3.0,,,2.0,,1.0,,1.0,1.0,1.0,,1.0,,7.0,,4.0,37.0,13,56.52,,,,,,,,,,,,,,,,,,,,,,,,,,0,,,,,,Sudah kerjasama BPJS,Sudah kerjasama BPJS,,2,2,100.0
1671035,RS Umum dr. AK. Gani Kota Palembang,RSU,RS Umum,C,TNI,RS Publik,Sumatera Selatan,Kota Palembang,28.0,4.0,7.0,3.0,4.0,3.0,1.0,,3.0,,7.0,,,4.0,,1.0,,,1.0,3.0,,2.0,,9.0,,9.0,75.0,13,56.52,,,,,,,,,,,,,,,,,,,,,,,,,,0,,,,,,Sudah kerjasama BPJS,Sudah kerjasama BPJS,,2,2,100.0
1671046,RS Umum Pusri Palembang,RSU,RS Umum,C,Swasta,RS Privat,Sumatera Selatan,Kota Palembang,27.0,3.0,6.0,4.0,2.0,3.0,,,4.0,,6.0,,,2.0,,,,,1.0,2.0,,1.0,,11.0,,4.0,64.0,11,47.83,,,,,,,,,,,,,,,,,,,,,,,,,,0,Sudah kerjasama BPJS,,Sudah kerjasama BPJS,,,,Sudah kerjasama BPJS,,3,3,100.0
1671050,RS Umum Charitas Hospital Palembang,RSU,RS Umum,B,Swasta Non Profit,RS Publik,Sumatera Selatan,Kota Palembang,51.0,6.0,13.0,16.0,12.0,6.0,,,16.0,1.0,13.0,,,12.0,1.0,3.0,,3.0,2.0,6.0,,4.0,,38.0,1.0,10.0,173.0,16,69.57,,,,,,,,,,,,,,,,,,,,,,,,,,0,Sudah kerjasama BPJS,,,,,,,,1,1,100.0
1671061,RS Jiwa Ernaldi Bahar Provinsi Sumatera Selatan,RSK Jiwa,RS Khusus,A,Pemprop,RS Publik,Sumatera Selatan,Kota Palembang,,,,,,,,,,,,,,,,,,,,,,,,,,,,0,0.0,,,,,,,,,,,,,,,,,,,,,,,,,,0,,,,,,,Sudah kerjasama BPJS,,1,1,100.0
1671083,RS Islam Siti Khadijah,RSU,RS Umum,B,Swasta Non Profit,RS Publik,Sumatera Selatan,Kota Palembang,67.0,2.0,13.0,7.0,3.0,2.0,,,7.0,,13.0,,,3.0,,,,2.0,1.0,2.0,,4.0,,12.0,1.0,9.0,125.0,13,56.52,,,,,,,,,,,,,,,,,,,,,,,,,,0,Sudah kerjasama BPJS,,Sudah kerjasama BPJS,,,Sudah kerjasama BPJS,Sudah kerjasama BPJS,,4,4,100.0
1671094,RS Umum Sriwijaya,RSU,RS Umum,C,Swasta,RS Privat,Sumatera Selatan,Kota Palembang,,,,,,,,,,,,,,,,,,,,,,,,,,,,0,0.0,,,,,,,,,,,,,,,,,,,,,,,,,,0,Sudah kerjasama BPJS,,,,,,Sudah kerjasama BPJS,,2,2,100.0
1671243,RS Umum Bunda Palembang,RSU,RS Umum,C,Swasta Non Profit,RS Publik,Sumatera Selatan,Kota Palembang,14.0,3.0,8.0,8.0,7.0,3.0,,,8.0,,8.0,,,7.0,,,,,1.0,1.0,,1.0,,9.0,1.0,5.0,61.0,12,52.17,,,,,,,,,,,,,,,,,,,,,,,,,,0,,,,,,,Sudah kerjasama BPJS,,1,1,100.0
1671254,RS Ibu dan Anak Tiara Fatrin Palembang,RSIA,RS Khusus,C,Swasta,RS Privat,Sumatera Selatan,Kota Palembang,5.0,,1.0,7.0,1.0,,,,7.0,,1.0,,,1.0,,,,,,,,,,,,,14.0,4,17.39,,,,,,,,,,,,,,,,,,,,,,,,,,0,,,,,,,,,0,0,
1671265,RS Umum Daerah Palembang Bari,RSU,RS Umum,B,Pemkot,RS Publik,Sumatera Selatan,Kota Palembang,40.0,2.0,4.0,3.0,3.0,4.0,2.0,,3.0,,4.0,,,3.0,,1.0,,1.0,1.0,1.0,,3.0,,41.0,1.0,15.0,122.0,15,65.22,0.0,1.0,1.0,0.0,0.0,0.0,0.0,0.0,,0.0,0.0,1.0,,0.0,0.0,0.0,,,0.0,,1.0,False,3.0,3.0,75.0,1,,,,,,Sudah kerjasama BPJS,Sudah kerjasama BPJS,,2,2,100.0
1671276,RS Umum Myria Palembang,RSU,RS Umum,C,Swasta Non Profit,RS Publik,Sumatera Selatan,Kota Palembang,19.0,2.0,6.0,3.0,4.0,2.0,,,3.0,,6.0,,,4.0,,,,1.0,1.0,2.0,,3.0,,13.0,1.0,5.0,62.0,13,56.52,,,,,,,,,,,,,,,,,,,,,,,,,,0,,,,,,,,,0,0,
1671301,RS Muhammadiyah Palembang,RSU,RS Umum,C,Swasta Non Profit,RS Publik,Sumatera Selatan,Kota Palembang,22.0,2.0,4.0,6.0,4.0,4.0,1.0,1.0,6.0,,4.0,,,4.0,1.0,1.0,,1.0,1.0,1.0,,4.0,,13.0,1.0,10.0,77.0,17,73.91,,,,,,,,,,,,,,,,,,,,,,,,,,0,Sudah kerjasama BPJS,,Sudah kerjasama BPJS,,,Sudah kerjasama BPJS,Sudah kerjasama BPJS,,4,4,100.0
1671323,RS Khusus Mata Masyarakat Provinsi Sumatera Selatan,RSK Mata,RS Khusus,B,Pemprop,RS Publik,Sumatera Selatan,Kota Palembang,11.0,,1.0,,,,,,,,1.0,,,,,,,,1.0,,,1.0,,4.0,,,18.0,5,21.74,,,,,,,,,,,,,,,,,,,,,,,,,,0,,,,,,,Sudah kerjasama BPJS,,1,1,100.0
1671324,RS Ibu dan Anak Rika Amelia,RSIA,RS Khusus,C,Swasta Non Profit,RS Publik,Sumatera Selatan,Kota Palembang,13.0,,1.0,8.0,4.0,1.0,,,8.0,,1.0,,,4.0,,,,,,,,1.0,,4.0,,,32.0,7,30.43,,,,,,,,,,,,,,,,,,,,,,,,,,0,,,,,,,Sudah kerjasama BPJS,,1,1,100.0
1671325,RS Hermina Palembang,RSU,RS Umum,C,Swasta,RS Privat,Sumatera Selatan,Kota Palembang,20.0,4.0,18.0,21.0,16.0,8.0,,1.0,21.0,,18.0,,,16.0,,2.0,,,,,,4.0,,17.0,,4.0,115.0,11,47.83,,,,,,,,,,,,,,,,,,,,,,,,,,0,Sudah kerjasama BPJS,,Belum kerjasama BPJS,,,,,,2,1,50.0
1671327,Charitas Hospital Kenten,RSU,RS Umum,D,Swasta Non Profit,RS Publik,Sumatera Selatan,Kota Palembang,9.0,1.0,4.0,2.0,2.0,1.0,,,2.0,,4.0,,,2.0,,,,,1.0,1.0,,1.0,,5.0,,1.0,28.0,11,47.83,,,,,,,,,,,,,,,,,,,,,,,,,,0,,,,,,,Sudah kerjasama BPJS,,1,1,100.0
1671328,RS Khusus Gigi dan Mulut Palembang Provinsi Sumate,RSK GM,RS Khusus,C,Pemprop,RS Publik,Sumatera Selatan,Kota Palembang,7.0,22.0,1.0,,,,,,,,1.0,,,,,,,1.0,,,,2.0,,1.0,,4.0,38.0,7,30.43,,,,,,,,,,,,,,,,,,,,,,,,,,0,,,,,,,,,0,0,
1671331,RS Bhayangkara M. Hasan Palembang,RSU,RS Umum,C,POLRI,RS Publik,Sumatera Selatan,Kota Palembang,20.0,1.0,8.0,4.0,4.0,4.0,,,4.0,,8.0,,,4.0,,1.0,,,,2.0,,3.0,,23.0,,9.0,79.0,11,47.83,,,,,,,,,,,,,,,,,,,,,,,,,,0,Sudah kerjasama BPJS,,,,,Sudah kerjasama BPJS,Sudah kerjasama BPJS,,3,3,100.0
1671332,RS Umum YK Madira Palembang ,RSU,RS Umum,C,Swasta,RS Privat,Sumatera Selatan,Kota Palembang,,,,,,,,,,,,,,,,,,,,,,,,,,,,0,0.0,,,,,,,,,,,,,,,,,,,,,,,,,,0,,,,,,,Sudah kerjasama BPJS,,1,1,100.0
1671333,RS Pelabuhan Palembang ,RSU,RS Umum,C,Swasta,RS Privat,Sumatera Selatan,Kota Palembang,33.0,7.0,5.0,6.0,4.0,4.0,,,6.0,,5.0,,,4.0,,,,1.0,1.0,1.0,,4.0,,1.0,,5.0,72.0,12,52.17,,,,,,,,,,,,,,,,,,,,,,,,,,0,,,,,,Sudah kerjasama BPJS,Sudah kerjasama BPJS,,2,2,100.0
1671335,RS Siloam Sriwijaya Palembang,RSU,RS Umum,C,Swasta,RS Privat,Sumatera Selatan,Kota Palembang,55.0,11.0,15.0,16.0,11.0,9.0,,,16.0,,15.0,,,11.0,,2.0,,3.0,3.0,5.0,,6.0,,17.0,,7.0,160.0,13,56.52,,,,,,,,,,,,,,,,,,,,,,,,,,0,Sudah kerjasama BPJS,,,,Sudah kerjasama BPJS,Sudah kerjasama BPJS,Sudah kerjasama BPJS,,4,4,100.0
1671336,RS Umum Graha Mandiri ,RSU,RS Umum,D,Swasta,RS Privat,Sumatera Selatan,Kota Palembang,7.0,,3.0,4.0,,,,,4.0,,3.0,,,,,,,1.0,,1.0,,1.0,,3.0,,,20.0,7,30.43,,,,,,,,,,,,,,,,,,,,,,,,,,0,,,,,,Sudah kerjasama BPJS,Sudah kerjasama BPJS,,2,2,100.0
1671337,RS Ibu dan Anak Trinanda Palembang,RSIA,RS Khusus,C,Swasta,RS Privat,Sumatera Selatan,Kota Palembang,7.0,,,4.0,3.0,,,,4.0,,,,,3.0,,,,,,,,1.0,,2.0,,,17.0,5,21.74,,,,,,,,,,,,,,,,,,,,,,,,,,0,,,,,,,,,0,0,
1671339,RS Ibu dan Anak Bunda Noni,RSIA,RS Khusus,C,Swasta,RS Privat,Sumatera Selatan,Kota Palembang,3.0,1.0,1.0,2.0,1.0,,,,2.0,,1.0,,,1.0,,,,,,,,1.0,,2.0,,,11.0,7,30.43,,,,,,,,,,,,,,,,,,,,,,,,,,0,,,,,,,,,0,0,
1671340,RS Ibu dan Anak Az-Zahra Palembang,RSIA,RS Khusus,C,Swasta Non Profit,RS Publik,Sumatera Selatan,Kota Palembang,4.0,,3.0,8.0,3.0,,,,8.0,,3.0,,,3.0,,,,,,,,2.0,,,,,20.0,5,21.74,,,,,,,,,,,,,,,,,,,,,,,,,,0,,,,,,,Sudah kerjasama BPJS,,1,1,100.0
1671341,RS Ibu dan Anak Marissa Palembang,RSIA,RS Khusus,C,Swasta Non Profit,RS Publik,Sumatera Selatan,Kota Palembang,6.0,,,1.0,1.0,1.0,,,1.0,,,,,1.0,,,,,,,,1.0,,,,,10.0,5,21.74,,,,,,,,,,,,,,,,,,,,,,,,,,0,,,,,,,,,0,0,
1671342,RS Musi Medika Cendikia,RSU,RS Umum,C,Swasta,RS Privat,Sumatera Selatan,Kota Palembang,16.0,2.0,2.0,3.0,2.0,3.0,2.0,,3.0,,2.0,,,2.0,,,,1.0,1.0,1.0,,2.0,,4.0,,2.0,41.0,13,56.52,,,,,,,,,,,,,,,,,,,,,,,,,,0,,,,,,,Sudah kerjasama BPJS,,1,1,100.0
1671343,RS Umum Ar-Rasyid Palembang,RSU,RS Umum,C,Swasta,RS Privat,Sumatera Selatan,Kota Palembang,25.0,3.0,6.0,3.0,2.0,3.0,,,3.0,,6.0,,,2.0,,,,1.0,1.0,1.0,,2.0,,8.0,,8.0,63.0,12,52.17,,,,,,,,,,,,,,,,,,,,,,,,,,0,,,,,,Sudah kerjasama BPJS,Sudah kerjasama BPJS,,2,2,100.0
1671347,RS Umum Daerah Siti Fatimah Provinsi Sumatera Sela,RSU,RS Umum,B,Pemprop,RS Publik,Sumatera Selatan,Kota Palembang,72.0,5.0,10.0,10.0,6.0,5.0,2.0,,10.0,,10.0,,,6.0,,2.0,,3.0,2.0,4.0,,6.0,,27.0,1.0,20.0,175.0,15,65.22,0.0,1.0,0.0,0.0,0.0,0.0,0.0,0.0,,1.0,0.0,1.0,,0.0,1.0,0.0,,,0.0,,1.0,False,4.0,4.0,75.0,1,,,,,,Sudah kerjasama BPJS,Sudah kerjasama BPJS,,2,2,100.0
1671348,RS Ibu dan Anak Mama,RSIA,RS Khusus,C,Swasta,RS Privat,Sumatera Selatan,Kota Palembang,6.0,,1.0,3.0,4.0,1.0,,,3.0,,1.0,,,4.0,,,,,1.0,1.0,,1.0,,,,,18.0,8,34.78,,,,,,,,,,,,,,,,,,,,,,,,,,0,,,,,,Sudah kerjasama BPJS,Sudah kerjasama BPJS,,2,2,100.0
1671350,RS Umum Daerah Gandus Palembang,RSU,RS Umum,D,Pemkot,RS Publik,Sumatera Selatan,Kota Palembang,7.0,1.0,1.0,1.0,1.0,1.0,,,1.0,,1.0,,,1.0,,,,,,,,,,8.0,,2.0,22.0,8,34.78,,,,,,,,,,,,,,,,,,,,,,,,,,0,,,,,,,,,0,0,
1673031,RS Umum Daerah Basemah Kota Pagar Alam,RSU,RS Umum,C,Pemkot,RS Publik,Sumatera Selatan,Kota Pagar Alam,12.0,2.0,3.0,3.0,1.0,2.0,,,3.0,,3.0,,,1.0,,,,,1.0,1.0,,,,14.0,,12.0,51.0,10,43.48,0.0,0.0,0.0,0.0,0.0,0.0,0.0,0.0,0.0,0.0,0.0,0.0,,0.0,0.0,0.0,0.0,0.0,0.0,4.0,1.0,False,4.0,1.0,95.0,1,,,,,,,Sudah kerjasama BPJS,,1,1,100.0
1674002,RS AR Bunda Kota Lubuk Linggau,RSU,RS Umum,C,Swasta,RS Privat,Sumatera Selatan,Kota Lubuk Linggau,47.0,1.0,4.0,2.0,2.0,3.0,,,2.0,,4.0,,,2.0,,1.0,,,1.0,2.0,,1.0,,8.0,,6.0,78.0,12,52.17,,,,,,,,,,,,,,,,,,,,,,,,,,0,,Sudah kerjasama BPJS,,Sudah kerjasama BPJS,,,Sudah kerjasama BPJS,,3,3,100.0
1674003,RS Siloam Silampari,RSU,RS Umum,C,Swasta,RS Privat,Sumatera Selatan,Kota Lubuk Linggau,9.0,2.0,4.0,3.0,2.0,1.0,,,3.0,,4.0,,,2.0,,1.0,,,1.0,3.0,,3.0,,6.0,,4.0,39.0,12,52.17,,,,,,,,,,,,,,,,,,,,,,,,,,0,,,,,,,Sudah kerjasama BPJS,,1,1,100.0
1674005,RS Ibu dan Anak Dwi Sari,RSIA,RS Khusus,C,Swasta,RS Privat,Sumatera Selatan,Kota Lubuk Linggau,7.0,,,3.0,1.0,,,,3.0,,,,,1.0,,,,,,,,,,,,,11.0,3,13.04,,,,,,,,,,,,,,,,,,,,,,,,,,0,,,,,,,Sudah kerjasama BPJS,,1,1,100.0
1674007,RS Ibu dan Anak Ananda Lubuk Linggau,RSIA,RS Khusus,C,Swasta,RS Privat,Sumatera Selatan,Kota Lubuk Linggau,7.0,,,2.0,1.0,1.0,,,2.0,,,,,1.0,,,,,,,,1.0,,3.0,,,15.0,6,26.09,,,,,,,,,,,,,,,,,,,,,,,,,,0,,,,,,,,,0,0,
1674008,RS Umum Daerah Petanang,RSU,RS Umum,D,Pemkot,RS Publik,Sumatera Selatan,Kota Lubuk Linggau,7.0,1.0,,2.0,2.0,,,,2.0,,,,,2.0,,,,,,,,1.0,,1.0,,,14.0,6,26.09,,,,,,,,,,,,,,,,,,,,,,,,,,0,,,,,,,Sudah kerjasama BPJS,,1,1,100.0
1674032,RS Umum Daerah Siti Aisyah Kota Lubuk Linggau,RSU,RS Umum,C,Pemkot,RS Publik,Sumatera Selatan,Kota Lubuk Linggau,20.0,10.0,3.0,5.0,2.0,3.0,,,5.0,,3.0,,,2.0,,1.0,,,,,,1.0,,10.0,,6.0,61.0,10,43.48,0.0,0.0,0.0,0.0,0.0,0.0,0.0,0.0,0.0,0.0,0.0,0.0,,0.0,0.0,0.0,0.0,0.0,0.0,2.0,1.0,False,2.0,1.0,95.0,1,,,,,,,,,0,0,
1672002,RS Umum Fadhilah Kota Prabumulih,RSU,RS Umum,D,Swasta,RS Privat,Sumatera Selatan,Kota Prabumulih,7.0,2.0,3.0,2.0,2.0,1.0,,,2.0,,3.0,,,2.0,,,,,1.0,1.0,,1.0,,3.0,,3.0,26.0,11,47.83,,,,,,,,,,,,,,,,,,,,,,,,,,0,,,,,,,Sudah kerjasama BPJS,,1,1,100.0
1672015,RS Umum Daerah Kota Prabumulih,RSU,RS Umum,C,Pemkot,RS Publik,Sumatera Selatan,Kota Prabumulih,,,,,,,,,,,,,,,,,,,,,,,,,,,,0,0.0,0.0,0.0,1.0,0.0,0.0,0.0,0.0,0.0,,0.0,0.0,0.0,,0.0,0.0,0.0,,,0.0,,1.0,False,1.0,1.0,75.0,1,,,,,,,Sudah kerjasama BPJS,,1,1,100.0
1672026,RS Pertamina Kota Prabumulih,RSU,RS Umum,C,BUMN,RS Privat,Sumatera Selatan,Kota Prabumulih,18.0,2.0,2.0,1.0,2.0,2.0,,,1.0,,2.0,,,2.0,,,,,1.0,1.0,,1.0,,9.0,,2.0,41.0,11,47.83,,,,,,,,,,,,,,,,,,,,,,,,,,0,,,,,,,Sudah kerjasama BPJS,,1,1,100.0
1672074,RS AR Bunda Kota Prabumulih,RSU,RS Umum,C,Swasta,RS Privat,Sumatera Selatan,Kota Prabumulih,19.0,2.0,3.0,5.0,2.0,3.0,,,5.0,,3.0,,,2.0,,,,1.0,1.0,1.0,,1.0,,15.0,1.0,5.0,59.0,13,56.52,,,,,,,,,,,,,,,,,,,,,,,,,,0,,,,,,Sudah kerjasama BPJS,Sudah kerjasama BPJS,,2,2,100.0
1701014,RS Umum Daerah Hasanuddin Damrah Manna,RSU,RS Umum,C,Pemkab,RS Publik,Bengkulu,Bengkulu Selatan,11.0,5.0,2.0,1.0,2.0,2.0,,,1.0,,2.0,,,2.0,,1.0,,1.0,2.0,1.0,,1.0,,16.0,,17.0,62.0,13,56.52,0.0,0.0,1.0,0.0,0.0,0.0,0.0,0.0,,0.0,0.0,1.0,,0.0,0.0,1.0,,,0.0,,1.0,False,3.0,3.0,75.0,1,,,,,,Belum kerjasama BPJS,Belum kerjasama BPJS,,2,0,0.0
1701016,RS As-syifa,RSU,RS Umum,D,Swasta,RS Privat,Bengkulu,Bengkulu Selatan,11.0,2.0,2.0,3.0,1.0,1.0,,,3.0,,2.0,,,1.0,,1.0,,,,,,1.0,,7.0,,2.0,31.0,10,43.48,,,,,,,,,,,,,,,,,,,,,,,,,,0,,,,,,,,,0,0,
1702015,RS Umum Daerah Kabupaten Rejang Lebong,RSU,RS Umum,C,Pemkab,RS Publik,Bengkulu,Rejang Lebong,18.0,8.0,3.0,2.0,2.0,3.0,,,2.0,,3.0,,,2.0,,1.0,,,1.0,1.0,,1.0,,12.0,,10.0,62.0,12,52.17,0.0,0.0,0.0,0.0,0.0,0.0,0.0,0.0,,0.0,0.0,0.0,,0.0,0.0,1.0,,,0.0,,1.0,False,1.0,1.0,75.0,1,,,,,,,Belum kerjasama BPJS,,1,0,0.0
1702035,RS An-Nissa,RSU,RS Umum,D,Swasta,RS Privat,Bengkulu,Rejang Lebong,7.0,1.0,1.0,1.0,,1.0,,,1.0,,1.0,,,,,,,,1.0,1.0,,1.0,,5.0,,2.0,21.0,10,43.48,,,,,,,,,,,,,,,,,,,,,,,,,,0,,,,,,,Belum kerjasama BPJS,,1,0,0.0
1702047,RS Assalam,RSU,RS Umum,D,Swasta,RS Privat,Bengkulu,Rejang Lebong,,,,,,,,,,,,,,,,,,,,,,,,,,,,0,0.0,,,,,,,,,,,,,,,,,,,,,,,,,,0,,,,,,,Belum kerjasama BPJS,,1,0,0.0
1703016,RS Umum Daerah Arga Makmur,RSU,RS Umum,C,Pemkab,RS Publik,Bengkulu,Bengkulu Utara,10.0,1.0,3.0,2.0,1.0,2.0,,,2.0,,3.0,,,1.0,,,,,1.0,1.0,,1.0,,12.0,1.0,8.0,43.0,12,52.17,0.0,0.0,0.0,0.0,0.0,0.0,0.0,0.0,,0.0,0.0,0.0,,0.0,0.0,1.0,,,0.0,,1.0,False,1.0,1.0,75.0,1,,,,,,,Belum kerjasama BPJS,,1,0,0.0
1703027,RS Bergerak Enggano,RSU,RS Umum,D,Pemkab,RS Publik,Bengkulu,Bengkulu Utara,1.0,,,,,,,,,,,,,,,,,,,,,,,,,,1.0,1,4.35,,,,,,,,,,,,,,,,,,,,,,,,,,0,,,,,,,,,0,0,
1703045,Charitas Hospital Arga Makmur,RSU,RS Umum,D,Swasta Non Profit,RS Publik,Bengkulu,Bengkulu Utara,6.0,,,,,,,,,,,,,,,,,,1.0,1.0,,,,3.0,,1.0,12.0,5,21.74,,,,,,,,,,,,,,,,,,,,,,,,,,0,,,,,,,Belum kerjasama BPJS,,1,0,0.0
1703046,RS Umum Daerah Lagita,RSU,RS Umum,D,Pemkab,RS Publik,Bengkulu,Bengkulu Utara,8.0,1.0,1.0,1.0,,1.0,,,1.0,,1.0,,,,,,,,1.0,1.0,,,,7.0,,3.0,24.0,9,39.13,,,,,,,,,,,,,,,,,,,,,,,,,,0,,,,,,,,,0,0,
1704028,RS Umum Daerah Kaur,RSU,RS Umum,C,Pemkab,RS Publik,Bengkulu,Kaur,12.0,,1.0,1.0,1.0,1.0,,,1.0,,1.0,,,1.0,,,,,1.0,1.0,,1.0,,21.0,,8.0,48.0,10,43.48,0.0,0.0,0.0,0.0,0.0,0.0,0.0,0.0,0.0,0.0,0.0,0.0,,0.0,0.0,1.0,0.0,0.0,0.0,1.0,1.0,False,2.0,2.0,95.0,1,,,,,,,Belum kerjasama BPJS,,1,0,0.0
1705018,RS Umum Daerah Tais Kabupaten Seluma,RSU,RS Umum,C,Pemkab,RS Publik,Bengkulu,Seluma,16.0,3.0,1.0,1.0,2.0,2.0,,,1.0,,1.0,,,2.0,,,,,1.0,1.0,,1.0,,14.0,,7.0,49.0,11,47.83,0.0,0.0,0.0,0.0,0.0,0.0,0.0,0.0,0.0,0.0,0.0,0.0,,0.0,0.0,1.0,0.0,0.0,0.0,2.0,1.0,False,3.0,2.0,95.0,1,,,,,,,Belum kerjasama BPJS,,1,0,0.0
1706019,RS Umum Daerah Mukomuko,RSU,RS Umum,C,Pemkab,RS Publik,Bengkulu,Muko Muko,19.0,2.0,3.0,2.0,1.0,1.0,,,2.0,,3.0,,,1.0,,1.0,,1.0,1.0,,,1.0,,17.0,,10.0,59.0,12,52.17,0.0,0.0,1.0,0.0,0.0,0.0,0.0,0.0,,1.0,0.0,0.0,,0.0,0.0,1.0,,,0.0,,1.0,False,3.0,3.0,75.0,1,,,,,,,Belum kerjasama BPJS,,1,0,0.0
1706020,RS Ibu dan Anak AL-Barra,RSIA,RS Khusus,C,Swasta,RS Privat,Bengkulu,Muko Muko,4.0,,,2.0,1.0,,,,2.0,,,,,1.0,,,,,,,,1.0,,3.0,,,11.0,5,21.74,,,,,,,,,,,,,,,,,,,,,,,,,,0,,,,,,Belum kerjasama BPJS,Belum kerjasama BPJS,,2,0,0.0
1707026,RS Umum Daerah Lebong,RSU,RS Umum,C,Pemkab,RS Publik,Bengkulu,Lebong,8.0,1.0,1.0,1.0,1.0,2.0,,,1.0,,1.0,,,1.0,,,,,1.0,2.0,,1.0,,5.0,,5.0,28.0,11,47.83,0.0,0.0,0.0,0.0,0.0,0.0,0.0,0.0,0.0,0.0,0.0,0.0,,0.0,0.0,1.0,0.0,0.0,0.0,2.0,1.0,False,3.0,2.0,95.0,1,,,,,,,,,0,0,
1708010,RS Umum Daerah Kepahiang,RSU,RS Umum,C,Pemkab,RS Publik,Bengkulu,Kepahiang,12.0,2.0,2.0,2.0,1.0,2.0,,,2.0,,2.0,,,1.0,,1.0,,,1.0,1.0,,1.0,,16.0,,4.0,45.0,12,52.17,0.0,0.0,0.0,0.0,0.0,0.0,0.0,0.0,0.0,0.0,0.0,0.0,,0.0,0.0,1.0,1.0,0.0,0.0,5.0,1.0,False,7.0,3.0,95.0,1,,,,,,,Belum kerjasama BPJS,,1,0,0.0
1709038,RS Umum Daerah Bengkulu Tengah,RSU,RS Umum,D,Pemkab,RS Publik,Bengkulu,Bengkulu Tengah,9.0,,1.0,2.0,1.0,2.0,,,2.0,,1.0,,,1.0,,,,,1.0,1.0,,1.0,,13.0,,2.0,33.0,10,43.48,0.0,0.0,0.0,0.0,0.0,0.0,0.0,0.0,0.0,0.0,0.0,0.0,,0.0,0.0,1.0,0.0,0.0,0.0,3.0,1.0,False,4.0,2.0,95.0,1,,,,,,,Belum kerjasama BPJS,,1,0,0.0
1771002,RS Umum Daerah Harapan dan Doa,RSU,RS Umum,C,Pemkot,RS Publik,Bengkulu,Kota Bengkulu,34.0,3.0,3.0,4.0,3.0,4.0,,,4.0,,3.0,,,3.0,,,,,2.0,1.0,,2.0,,13.0,,8.0,77.0,11,47.83,0.0,0.0,1.0,0.0,0.0,0.0,0.0,0.0,,0.0,0.0,0.0,,0.0,0.0,1.0,,,0.0,,1.0,False,2.0,2.0,75.0,1,,,,,,,Belum kerjasama BPJS,,1,0,0.0
1771007,RS Umum Ummi Bengkulu,RSU,RS Umum,C,Swasta,RS Privat,Bengkulu,Kota Bengkulu,12.0,3.0,4.0,5.0,4.0,4.0,,,5.0,,4.0,,,4.0,,,,1.0,1.0,1.0,1.0,3.0,,7.0,,4.0,50.0,13,56.52,,,,,,,,,,,,,,,,,,,,,,,,,,0,,,,,,Belum kerjasama BPJS,,,1,0,0.0
1771009,RS Gading Medika,RSU,RS Umum,C,Swasta,RS Privat,Bengkulu,Kota Bengkulu,19.0,3.0,4.0,8.0,3.0,3.0,,,8.0,,4.0,,,3.0,,,,,1.0,1.0,,3.0,,6.0,,4.0,55.0,11,47.83,,,,,,,,,,,,,,,,,,,,,,,,,,0,,,,,,,Belum kerjasama BPJS,,1,0,0.0
1771014,RS Umum Daerah Dr. M. Yunus Bengkulu,RSU,RS Umum,B,Pemprop,RS Publik,Bengkulu,Kota Bengkulu,35.0,5.0,6.0,7.0,10.0,5.0,,,7.0,,6.0,,,10.0,,2.0,,1.0,2.0,1.0,,3.0,,45.0,1.0,13.0,136.0,14,60.87,1.0,1.0,1.0,1.0,1.0,0.0,1.0,0.0,,1.0,1.0,1.0,,1.0,1.0,1.0,,,0.0,,1.0,False,12.0,12.0,75.0,1,Sudah kerjasama BPJS,Belum kerjasama BPJS,Sudah kerjasama BPJS,,Sudah kerjasama BPJS,Belum kerjasama BPJS,Belum kerjasama BPJS,,6,3,50.0
1771025,RS Jiwa Soeprapto Provinsi Bengkulu,RSK Jiwa,RS Khusus,B,Pemprop,RS Publik,Bengkulu,Kota Bengkulu,19.0,6.0,1.0,,,,,,,,1.0,,,,,,,,1.0,1.0,,,,6.0,,9.0,43.0,7,30.43,,,,,,,,,,,,,,,,,,,,,,,,,,0,,,,,,,,,0,0,
1771036,RS Rafflesia Bengkulu,RSU,RS Umum,C,Swasta Non Profit,RS Publik,Bengkulu,Kota Bengkulu,7.0,1.0,7.0,3.0,2.0,3.0,,,3.0,,7.0,,,2.0,,1.0,,,1.0,,,2.0,,3.0,,3.0,33.0,11,47.83,,,,,,,,,,,,,,,,,,,,,,,,,,0,,,,,,,Belum kerjasama BPJS,,1,0,0.0
1771040,RS Tk. IV Bengkulu,RSU,RS Umum,D,TNI,RS Publik,Bengkulu,Kota Bengkulu,19.0,31.0,2.0,,1.0,1.0,,,,,2.0,,,1.0,,,,,,,,1.0,,5.0,,4.0,64.0,8,34.78,,,,,,,,,,,,,,,,,,,,,,,,,,0,,,,,,,,,0,0,
1771051,RS Bhayangkara Jitra Kota Bengkulu,RSU,RS Umum,C,POLRI,RS Publik,Bengkulu,Kota Bengkulu,23.0,3.0,5.0,4.0,1.0,2.0,,,4.0,,5.0,,,1.0,,,,,1.0,1.0,,2.0,,21.0,,6.0,69.0,11,47.83,,,,,,,,,,,,,,,,,,,,,,,,,,0,,,,,,,,,0,0,
1771062,RS Tiara Sella,RSU,RS Umum,C,Swasta,RS Privat,Bengkulu,Kota Bengkulu,15.0,5.0,3.0,3.0,5.0,4.0,,,3.0,,3.0,,,5.0,,,,1.0,1.0,1.0,,2.0,,15.0,1.0,7.0,63.0,13,56.52,,,,,,,,,,,,,,,,,,,,,,,,,,0,,,,,,Belum kerjasama BPJS,Belum kerjasama BPJS,,2,0,0.0
1771073,RS Ibu dan Anak Tino Galo Kota Bengkulu,RSIA,RS Khusus,C,Pemkot,RS Publik,Bengkulu,Kota Bengkulu,5.0,2.0,,,,,,,,,,,,,,,,,1.0,1.0,,1.0,,5.0,,,15.0,6,26.09,,,,,,,,,,,,,,,,,,,,,,,,,,0,,,,,,,,,0,0,
1803021,"RS Umum Daerah Dr. H. Bob Bazar, SKM",RSU,RS Umum,C,Pemkab,RS Publik,Lampung,Lampung Selatan,15.0,2.0,2.0,3.0,3.0,2.0,,,3.0,,2.0,,,3.0,,2.0,,1.0,2.0,2.0,,1.0,,14.0,,12.0,61.0,13,56.52,0.0,0.0,0.0,0.0,0.0,0.0,0.0,0.0,,0.0,0.0,0.0,,0.0,0.0,0.0,,,0.0,,1.0,False,0.0,0.0,75.0,1,,,,,,,,,0,0,
1803033,RS Natar Medika,RSU,RS Umum,C,Swasta,RS Privat,Lampung,Lampung Selatan,14.0,1.0,1.0,3.0,2.0,1.0,,,3.0,,1.0,,,2.0,,1.0,,,1.0,2.0,,,,8.0,,6.0,40.0,11,47.83,,,,,,,,,,,,,,,,,,,,,,,,,,0,,,,,,,Sudah kerjasama BPJS,,1,1,100.0
1803034,RS Ibu Anak Hidayah Ibu,RSIA,RS Khusus,C,Swasta,RS Privat,Lampung,Lampung Selatan,1.0,,,2.0,,,,,2.0,,,,,,,,,,1.0,,,1.0,,1.0,,,6.0,5,21.74,,,,,,,,,,,,,,,,,,,,,,,,,,0,,,,,,,,,0,0,
1803035,RS Umum Daerah Bandar Negara Husada,RSU,RS Umum,C,Pemprop,RS Publik,Lampung,Lampung Selatan,16.0,2.0,,,1.0,,,,,,,,,1.0,,,,,1.0,,,,,7.0,,7.0,34.0,6,26.09,,,,,,,,,,,,,,,,,,,,,,,,,,0,,,,,,,Sudah kerjasama BPJS,,1,1,100.0
1803036,RS Airan Raya,RSU,RS Umum,C,Swasta,RS Privat,Lampung,Lampung Selatan,,,,,,,,,,,,,,,,,,,,,,,,,,,,0,0.0,,,,,,,,,,,,,,,,,,,,,,,,,,0,,,,,,,Sudah kerjasama BPJS,,1,1,100.0
1803048,RS Siti Khodijah,RSU,RS Umum,D,Swasta,RS Privat,Lampung,Lampung Selatan,4.0,,,1.0,,,,,1.0,,,,,,,,,,,,,1.0,,1.0,,,7.0,4,17.39,,,,,,,,,,,,,,,,,,,,,,,,,,0,,,,,,,,,0,0,
1805012,RS Umum Mitra Mulia Husada,RSU,RS Umum,D,Swasta,RS Privat,Lampung,Lampung Tengah,18.0,1.0,4.0,1.0,2.0,1.0,,,1.0,,4.0,,,2.0,,,,,,1.0,,1.0,,5.0,,2.0,36.0,10,43.48,,,,,,,,,,,,,,,,,,,,,,,,,,0,,,,Sudah kerjasama BPJS,,,,,1,1,100.0
1805023,RS Umum Yukum Medical Centre,RSU,RS Umum,C,Swasta,RS Privat,Lampung,Lampung Tengah,13.0,4.0,4.0,2.0,3.0,2.0,,,2.0,,4.0,,,3.0,,1.0,,1.0,1.0,1.0,,1.0,,14.0,,6.0,53.0,13,56.52,,,,,,,,,,,,,,,,,,,,,,,,,,0,,,,,,,Sudah kerjasama BPJS,,1,1,100.0
1805024,RS Umum Islam Asy-Syifaa Bandar Jaya,RSU,RS Umum,C,Swasta,RS Privat,Lampung,Lampung Tengah,,,,,,,,,,,,,,,,,,,,,,,,,,,,0,0.0,,,,,,,,,,,,,,,,,,,,,,,,,,0,,,,,,,Sudah kerjasama BPJS,,1,1,100.0
1805034,RS Umum Daerah Demang Sepulau Raya,RSU,RS Umum,C,Pemkab,RS Publik,Lampung,Lampung Tengah,34.0,1.0,4.0,3.0,3.0,3.0,,,3.0,,4.0,,,3.0,,1.0,,1.0,2.0,1.0,,2.0,,12.0,,6.0,73.0,13,56.52,0.0,0.0,0.0,0.0,0.0,0.0,0.0,0.0,,0.0,0.0,0.0,,0.0,0.0,0.0,,,0.0,,1.0,False,0.0,0.0,75.0,1,,,,,,Sudah kerjasama BPJS,Sudah kerjasama BPJS,,2,2,100.0
1805045,RS Umum Harapan Bunda,RSU,RS Umum,C,Swasta,RS Privat,Lampung,Lampung Tengah,15.0,2.0,2.0,2.0,2.0,2.0,,,2.0,,2.0,,,2.0,,1.0,,,1.0,1.0,,1.0,2.0,6.0,,7.0,44.0,13,56.52,,,,,,,,,,,,,,,,,,,,,,,,,,0,,,,,,,Sudah kerjasama BPJS,,1,1,100.0
1805046,RS Umum Kartini,RSU,RS Umum,D,Swasta,RS Privat,Lampung,Lampung Tengah,5.0,1.0,2.0,1.0,2.0,1.0,,,1.0,,2.0,,,2.0,,,,,1.0,1.0,,1.0,,5.0,,4.0,24.0,11,47.83,,,,,,,,,,,,,,,,,,,,,,,,,,0,,,,,,,Sudah kerjasama BPJS,,1,1,100.0
1805047,RS Ibu Anak Puri Adhya Paramita,RSIA,RS Khusus,C,Swasta,RS Privat,Lampung,Lampung Tengah,5.0,,1.0,3.0,2.0,,,,3.0,,1.0,,,2.0,,,,,1.0,,,1.0,,4.0,,,17.0,7,30.43,,,,,,,,,,,,,,,,,,,,,,,,,,0,,,,,,,,,0,0,
1805048,RS Umum Az - Zahra,RSU,RS Umum,C,Swasta,RS Privat,Lampung,Lampung Tengah,16.0,1.0,2.0,2.0,1.0,1.0,,,2.0,,2.0,,,1.0,,,,,,1.0,,1.0,,5.0,1.0,4.0,35.0,11,47.83,,,,,,,,,,,,,,,,,,,,,,,,,,0,,,,,,,Sudah kerjasama BPJS,,1,1,100.0
1805049,RS Ibu Anak Puti Bungsu,RSIA,RS Khusus,C,Swasta,RS Privat,Lampung,Lampung Tengah,10.0,,,2.0,2.0,,,,2.0,,,,,2.0,,,,,,,,1.0,,4.0,,,19.0,5,21.74,,,,,,,,,,,,,,,,,,,,,,,,,,0,,,,,,,,,0,0,
1805060,RS Artha Bunda,RSU,RS Umum,D,Swasta,RS Privat,Lampung,Lampung Tengah,,,,,,,,,,,,,,,,,,,,,,,,,,,,0,0.0,,,,,,,,,,,,,,,,,,,,,,,,,,0,,,,,,,,,0,0,
1806013,RS Umum Daerah May Jen HM Ryacudu,RSU,RS Umum,C,Pemkab,RS Publik,Lampung,Lampung Utara,17.0,1.0,4.0,2.0,,2.0,,,2.0,,4.0,,,,,1.0,,1.0,1.0,1.0,,2.0,,12.0,1.0,12.0,57.0,13,56.52,0.0,0.0,1.0,0.0,0.0,0.0,0.0,0.0,,0.0,0.0,0.0,,0.0,0.0,0.0,,,0.0,,1.0,False,1.0,1.0,75.0,1,,,,,,Sudah kerjasama BPJS,Sudah kerjasama BPJS,,2,2,100.0
1806035,RS Umum Handayani,RSU,RS Umum,C,Swasta,RS Privat,Lampung,Lampung Utara,17.0,1.0,3.0,2.0,1.0,3.0,,,2.0,,3.0,,,1.0,,1.0,,,1.0,2.0,,1.0,,11.0,1.0,8.0,52.0,13,56.52,,,,,,,,,,,,,,,,,,,,,,,,,,0,,,,,,,Sudah kerjasama BPJS,,1,1,100.0
1806036,RS Umum HI. Muhammad Yusuf,RSU,RS Umum,D,Swasta,RS Privat,Lampung,Lampung Utara,4.0,1.0,1.0,1.0,,1.0,,,1.0,,1.0,,,,,,,,,,,1.0,,1.0,,1.0,11.0,8,34.78,,,,,,,,,,,,,,,,,,,,,,,,,,0,,,,,,,,,0,0,
1806037,RS Maria Regina,RSU,RS Umum,D,Swasta Non Profit,RS Publik,Lampung,Lampung Utara,11.0,2.0,1.0,1.0,1.0,1.0,,,1.0,,1.0,,,1.0,,,,,1.0,1.0,,1.0,,3.0,,2.0,25.0,11,47.83,,,,,,,,,,,,,,,,,,,,,,,,,,0,,,,,,,,,0,0,
1806038,RS Candimas Medical Center,RSU,RS Umum,D,Swasta,RS Privat,Lampung,Lampung Utara,7.0,1.0,1.0,2.0,1.0,1.0,,,2.0,,1.0,,,1.0,,1.0,,,1.0,1.0,,1.0,,4.0,,3.0,24.0,12,52.17,,,,,,,,,,,,,,,,,,,,,,,,,,0,,,,,,Sudah kerjasama BPJS,,,1,1,100.0
1806039,RS Medika Insani,RSU,RS Umum,C,Swasta,RS Privat,Lampung,Lampung Utara,7.0,,2.0,2.0,1.0,2.0,,,2.0,,2.0,,,1.0,,,,,1.0,1.0,,1.0,,3.0,,1.0,21.0,10,43.48,,,,,,,,,,,,,,,,,,,,,,,,,,0,,,,,,,,,0,0,
1801015,RS Umum Daerah Alimuddin Umar,RSU,RS Umum,C,Pemkab,RS Publik,Lampung,Lampung Barat,13.0,1.0,2.0,1.0,1.0,2.0,,,1.0,,2.0,,,1.0,,,,,1.0,1.0,,1.0,,9.0,,8.0,40.0,11,47.83,0.0,0.0,0.0,0.0,1.0,0.0,0.0,0.0,0.0,0.0,0.0,0.0,,0.0,0.0,0.0,0.0,0.0,0.0,4.0,1.0,False,5.0,2.0,95.0,1,,,,,,,Sudah kerjasama BPJS,,1,1,100.0
1801016,RS Ibu dan Anak Bunda,RSIA,RS Khusus,C,Swasta,RS Privat,Lampung,Lampung Barat,4.0,,,3.0,1.0,,,,3.0,,,,,1.0,,,,,,,,1.0,,1.0,,,10.0,5,21.74,,,,,,,,,,,,,,,,,,,,,,,,,,0,,,,,,,,,0,0,
1808015,RS Umum Daerah Menggala Tulang Bawang,RSU,RS Umum,B,Pemkab,RS Publik,Lampung,Tulang Bawang,41.0,9.0,3.0,4.0,2.0,3.0,,,4.0,1.0,3.0,1.0,,2.0,,1.0,,1.0,1.0,1.0,,2.0,,9.0,,9.0,88.0,15,65.22,0.0,0.0,0.0,0.0,0.0,0.0,1.0,0.0,,0.0,0.0,0.0,,1.0,0.0,0.0,,,0.0,,1.0,False,2.0,2.0,75.0,1,,,,,,,Sudah kerjasama BPJS,,1,1,100.0
1808016,RS Umum Mutiara Bunda,RSU,RS Umum,D,Swasta,RS Privat,Lampung,Tulang Bawang,12.0,1.0,2.0,2.0,1.0,2.0,,,2.0,,2.0,,,1.0,,1.0,,,1.0,1.0,,1.0,,3.0,,3.0,30.0,12,52.17,,,,,,,,,,,,,,,,,,,,,,,,,,0,,,,,,,Sudah kerjasama BPJS,,1,1,100.0
1808017,RS Umum Penawar Medika,RSU,RS Umum,D,Swasta,RS Privat,Lampung,Tulang Bawang,14.0,1.0,1.0,,,1.0,,,,,1.0,,,,,,,,1.0,1.0,,1.0,,4.0,,4.0,28.0,9,39.13,,,,,,,,,,,,,,,,,,,,,,,,,,0,,,,,,,Sudah kerjasama BPJS,,1,1,100.0
1808018,RS Griya Medika Dompet Dhuafa,RSU,RS Umum,D,Swasta,RS Privat,Lampung,Tulang Bawang,9.0,,1.0,2.0,1.0,1.0,,,2.0,,1.0,,,1.0,,,,,1.0,1.0,,1.0,,3.0,,3.0,23.0,10,43.48,,,,,,,,,,,,,,,,,,,,,,,,,,0,,,,,,,Sudah kerjasama BPJS,,1,1,100.0
1802016,RS Panti Secanti,RSU,RS Umum,D,Swasta Non Profit,RS Publik,Lampung,Tanggamus,8.0,1.0,1.0,1.0,1.0,1.0,,,1.0,,1.0,,,1.0,,,,,1.0,1.0,,,,9.0,,4.0,28.0,10,43.48,,,,,,,,,,,,,,,,,,,,,,,,,,0,,,,,,,,,0,0,
1802027,RS Umum Daerah Batin Mangunang,RSU,RS Umum,C,Pemkab,RS Publik,Lampung,Tanggamus,10.0,2.0,2.0,2.0,1.0,1.0,,,2.0,,2.0,,,1.0,,1.0,,,1.0,2.0,,1.0,,11.0,1.0,6.0,41.0,13,56.52,0.0,0.0,1.0,0.0,0.0,0.0,0.0,0.0,,0.0,0.0,0.0,,0.0,0.0,0.0,,,0.0,,1.0,False,1.0,1.0,75.0,1,,,,,,,,,0,0,
1804011,RS Umum Daerah Sukadana,RSU,RS Umum,C,Pemkab,RS Publik,Lampung,Lampung Timur,24.0,1.0,3.0,4.0,1.0,2.0,,,4.0,,3.0,,,1.0,,1.0,,,2.0,2.0,,3.0,,12.0,,11.0,66.0,12,52.17,0.0,0.0,1.0,0.0,0.0,0.0,0.0,0.0,,0.0,0.0,0.0,,0.0,0.0,0.0,,,0.0,,1.0,False,1.0,1.0,75.0,1,,,,,,Sudah kerjasama BPJS,Sudah kerjasama BPJS,,2,2,100.0
1804012,RS AKA Medika Sribhawono,RSU,RS Umum,C,Swasta,RS Privat,Lampung,Lampung Timur,9.0,1.0,2.0,1.0,1.0,1.0,,,1.0,,2.0,,,1.0,,,,,1.0,,,1.0,,4.0,,1.0,22.0,10,43.48,,,,,,,,,,,,,,,,,,,,,,,,,,0,,,,,,,Sudah kerjasama BPJS,,1,1,100.0
1804013,RS Ibu dan Anak Mawar,RSIA,RS Khusus,C,Swasta,RS Privat,Lampung,Lampung Timur,10.0,1.0,2.0,3.0,3.0,2.0,,,3.0,,2.0,,,3.0,,,,,1.0,,,2.0,,4.0,,2.0,30.0,10,43.48,,,,,,,,,,,,,,,,,,,,,,,,,,0,,,,,,,,,0,0,
1804014,RS Ibu dan Anak Ibunda,RSIA,RS Khusus,C,Swasta Non Profit,RS Publik,Lampung,Lampung Timur,1.0,,,2.0,1.0,,,,2.0,,,,,1.0,,,,,,,,1.0,,1.0,,,6.0,5,21.74,,,,,,,,,,,,,,,,,,,,,,,,,,0,,,,,,,,,0,0,
1804015,RS Umum Permata Hati,RSU,RS Umum,C,Swasta,RS Privat,Lampung,Lampung Timur,,,,,,,,,,,,,,,,,,,,,,,,,,,,0,0.0,,,,,,,,,,,,,,,,,,,,,,,,,,0,,,,,,,,,0,0,
1807014,RS Umum Daerah Zainal Abidin Pagar Alam,RSU,RS Umum,C,Pemkab,RS Publik,Lampung,Way Kanan,15.0,,2.0,3.0,2.0,2.0,,,3.0,,2.0,,,2.0,,,,,1.0,1.0,,1.0,,13.0,,11.0,51.0,10,43.48,0.0,0.0,0.0,0.0,0.0,0.0,0.0,0.0,,0.0,0.0,0.0,,0.0,0.0,0.0,,,0.0,,1.0,False,0.0,0.0,75.0,1,,,,,,,Sudah kerjasama BPJS,,1,1,100.0
1807016,RS Umum Haji Kamino,RSU,RS Umum,C,Swasta Non Profit,RS Publik,Lampung,Way Kanan,11.0,,2.0,3.0,1.0,1.0,,,3.0,,2.0,,,1.0,,,,,1.0,1.0,,1.0,,5.0,,3.0,29.0,10,43.48,,,,,,,,,,,,,,,,,,,,,,,,,,0,,,,,,,Sudah kerjasama BPJS,,1,1,100.0
1809002,RS Umum Daerah Pesawaran,RSU,RS Umum,C,Pemkab,RS Publik,Lampung,Pesawaran,10.0,2.0,3.0,3.0,3.0,3.0,,,3.0,,3.0,,,3.0,,,,1.0,3.0,1.0,,2.0,,9.0,,8.0,48.0,12,52.17,0.0,0.0,0.0,0.0,1.0,0.0,0.0,1.0,0.0,0.0,0.0,0.0,,0.0,0.0,0.0,0.0,0.0,0.0,2.0,1.0,False,4.0,3.0,95.0,1,,,,,,,Sudah kerjasama BPJS,,1,1,100.0
1809003,RS Umum Gladish Medical Center,RSU,RS Umum,D,Swasta,RS Privat,Lampung,Pesawaran,13.0,1.0,2.0,2.0,1.0,3.0,,,2.0,,2.0,,,1.0,,,,,1.0,1.0,,1.0,,3.0,,2.0,30.0,11,47.83,,,,,,,,,,,,,,,,,,,,,,,,,,0,,,,,,,,,0,0,
1871176,RS Jiwa Daerah Provinsi Lampung,RSK Jiwa,RS Khusus,B,Pemprop,RS Publik,Lampung,Pesawaran,12.0,2.0,,,1.0,,,,,,,,,1.0,,,,,,1.0,,,,10.0,,3.0,29.0,6,26.09,,,,,,,,,,,,,,,,,,,,,,,,,,0,,,,,,,,,0,0,
1802038,RS Umum Mitra Husada,RSU,RS Umum,C,Swasta,RS Privat,Lampung,Pringsewu,22.0,2.0,3.0,4.0,4.0,3.0,,,4.0,,3.0,,,4.0,,1.0,,1.0,1.0,1.0,,3.0,,22.0,1.0,9.0,77.0,14,60.87,,,,,,,,,,,,,,,,,,,,,,,,,,0,,,,,,,Sudah kerjasama BPJS,,1,1,100.0
1803010,RS Umum Daerah Pringsewu,RSU,RS Umum,C,Pemkab,RS Publik,Lampung,Pringsewu,15.0,1.0,3.0,3.0,2.0,3.0,,,3.0,,3.0,,,2.0,,1.0,,1.0,1.0,2.0,,2.0,,22.0,,11.0,67.0,13,56.52,0.0,0.0,0.0,0.0,1.0,0.0,0.0,1.0,0.0,0.0,0.0,1.0,,0.0,1.0,0.0,1.0,0.0,0.0,5.0,1.0,False,10.0,6.0,95.0,1,,,,,,Sudah kerjasama BPJS,Sudah kerjasama BPJS,,2,2,100.0
1810003,RS Umum Surya Asih,RSU,RS Umum,D,Swasta,RS Privat,Lampung,Pringsewu,10.0,,2.0,4.0,2.0,1.0,,,4.0,,2.0,,,2.0,,,,,1.0,1.0,,1.0,,8.0,,1.0,31.0,10,43.48,,,,,,,,,,,,,,,,,,,,,,,,,,0,,,,,,,Sudah kerjasama BPJS,,1,1,100.0
1810004,RS Ibu dan Anak Mutiara Hati,RSIA,RS Khusus,C,Swasta,RS Privat,Lampung,Pringsewu,4.0,,,1.0,1.0,,,,1.0,,,,,1.0,,,,,,,,,,,,,6.0,3,13.04,,,,,,,,,,,,,,,,,,,,,,,,,,0,,,,,,,,,0,0,
1810005,RS Ibu dan Anak Harapan Bunda,RSIA,RS Khusus,C,Swasta,RS Privat,Lampung,Pringsewu,5.0,,,,1.0,,,,,,,,,1.0,,,,,,,,,,,,,6.0,2,8.7,,,,,,,,,,,,,,,,,,,,,,,,,,0,,,,,,,,,0,0,
1810007,RS Khusus Bedah Kurnia Medical Center,RSK BEDAH,RS Khusus,C,Swasta,RS Privat,Lampung,Pringsewu,,,,,,,,,,,,,,,,,,,,,,,,,,1.0,1.0,1,4.35,,,,,,,,,,,,,,,,,,,,,,,,,,0,,,,,,,,,0,0,
1871002,RS Wisma Rini,RSU,RS Umum,D,Swasta,RS Privat,Lampung,Pringsewu,6.0,,2.0,2.0,1.0,1.0,,,2.0,,2.0,,,1.0,,1.0,,,,,,1.0,,7.0,,3.0,24.0,9,39.13,,,,,,,,,,,,,,,,,,,,,,,,,,0,,,,,,,Sudah kerjasama BPJS,,1,1,100.0
1811002,RS Umum Daerah Ragab Begawe Caram,RSU,RS Umum,C,Pemkab,RS Publik,Lampung,Mesuji,21.0,1.0,2.0,2.0,2.0,2.0,,,2.0,,2.0,,,2.0,,,,,1.0,1.0,,1.0,,10.0,,10.0,53.0,11,47.83,0.0,0.0,0.0,0.0,1.0,0.0,0.0,1.0,0.0,0.0,0.0,0.0,,0.0,0.0,0.0,0.0,0.0,0.0,4.0,1.0,False,6.0,3.0,95.0,1,,,,,,,Sudah kerjasama BPJS,,1,1,100.0
1811013,RS Mesuji Healthcare Center,RSU,RS Umum,D,Swasta,RS Privat,Lampung,Mesuji,,,,,,,,,,,,,,,,,,,,,,,,,,,,0,0.0,,,,,,,,,,,,,,,,,,,,,,,,,,0,,,,,,,,,0,0,
1812002,RS Umum Asy-Syifa Medika,RSU,RS Umum,D,Swasta,RS Privat,Lampung,Tulang Bawang Barat,8.0,1.0,1.0,2.0,1.0,1.0,,,2.0,,1.0,,,1.0,,,,,,2.0,,1.0,,3.0,,3.0,23.0,10,43.48,,,,,,,,,,,,,,,,,,,,,,,,,,0,,,,,,,,,0,0,
1812003,RS Umum Daerah Tulang Bawang Barat,RSU,RS Umum,D,Pemkab,RS Publik,Lampung,Tulang Bawang Barat,7.0,1.0,1.0,1.0,1.0,1.0,,,1.0,,1.0,,,1.0,,,,1.0,1.0,,,1.0,,6.0,,4.0,25.0,11,47.83,0.0,0.0,0.0,0.0,1.0,0.0,0.0,1.0,0.0,0.0,0.0,1.0,,0.0,1.0,0.0,1.0,0.0,0.0,1.0,1.0,False,6.0,6.0,95.0,1,,,,,,,Sudah kerjasama BPJS,,1,1,100.0
1813001,RS Umum Daerah KH. Muhammad Thohir KRUI,RSU,RS Umum,D,Pemkab,RS Publik,Lampung,Pesisir Barat,,,,,,,,,,,,,,,,,,,,,,,,,,,,0,0.0,0.0,0.0,0.0,0.0,1.0,0.0,0.0,1.0,0.0,0.0,0.0,1.0,,0.0,0.0,0.0,0.0,0.0,0.0,1.0,1.0,False,4.0,4.0,95.0,1,,,,,,,,,0,0,
1801017,RS Umum Daerah Dr H Abdul Moeloek,RSU,RS Umum,A,Pemprop,RS Publik,Lampung,Kota Bandar Lampung,38.0,3.0,15.0,14.0,10.0,7.0,,,14.0,,15.0,,,10.0,,6.0,,4.0,3.0,4.0,2.0,12.0,2.0,61.0,3.0,39.0,223.0,16,69.57,1.0,1.0,1.0,1.0,1.0,0.0,1.0,0.0,,1.0,1.0,1.0,,1.0,1.0,0.0,,,0.0,,1.0,False,11.0,11.0,75.0,1,Sudah kerjasama BPJS,,Sudah kerjasama BPJS,Sudah kerjasama BPJS,Sudah kerjasama BPJS,Sudah kerjasama BPJS,Sudah kerjasama BPJS,Sudah kerjasama BPJS,7,7,100.0
1871026,RS Tk. IV 02.07.04,RSU,RS Umum,C,TNI,RS Publik,Lampung,Kota Bandar Lampung,13.0,2.0,2.0,2.0,2.0,2.0,,,2.0,,2.0,,,2.0,,,,,1.0,1.0,,2.0,,14.0,,4.0,45.0,11,47.83,,,,,,,,,,,,,,,,,,,,,,,,,,0,,,,,,,Sudah kerjasama BPJS,,1,1,100.0
1871048,RS Umum Daerah Dr. A. Dadi Tjokrodipo,RSU,RS Umum,C,Pemkot,RS Publik,Lampung,Kota Bandar Lampung,35.0,2.0,3.0,3.0,2.0,4.0,,,3.0,1.0,3.0,,,2.0,,1.0,,,2.0,1.0,,2.0,,27.0,,14.0,97.0,13,56.52,0.0,0.0,0.0,0.0,0.0,0.0,0.0,0.0,,0.0,0.0,1.0,,0.0,0.0,0.0,,,0.0,,1.0,False,1.0,1.0,75.0,1,Sudah kerjasama BPJS,,,,,,Sudah kerjasama BPJS,,2,2,100.0
1871180,RS Umum Imanuel Way Halim,RSU,RS Umum,B,Swasta Non Profit,RS Publik,Lampung,Kota Bandar Lampung,26.0,5.0,3.0,2.0,5.0,2.0,,,2.0,,3.0,,,5.0,1.0,,,1.0,3.0,2.0,,2.0,,28.0,,8.0,88.0,13,56.52,,,,,,,,,,,,,,,,,,,,,,,,,,0,Sudah kerjasama BPJS,,,,,Sudah kerjasama BPJS,Sudah kerjasama BPJS,,3,3,100.0
1871223,RS Khusus Mata Permana Sari,RSK Mata,RS Khusus,C,Swasta Non Profit,RS Publik,Lampung,Kota Bandar Lampung,2.0,,,,,,,,,,,,,,,,,,,,,,,,,,2.0,1,4.35,,,,,,,,,,,,,,,,,,,,,,,,,,0,,,,,,,,,0,0,
1871234,RS Umum Bumi Waras,RSU,RS Umum,C,Swasta Non Profit,RS Publik,Lampung,Kota Bandar Lampung,23.0,3.0,6.0,1.0,4.0,3.0,,,1.0,,6.0,,,4.0,,3.0,,1.0,1.0,1.0,,2.0,,14.0,1.0,8.0,71.0,14,60.87,,,,,,,,,,,,,,,,,,,,,,,,,,0,,,,,,,Sudah kerjasama BPJS,,1,1,100.0
1871282,RS Umum Advent Bandar Lampung,RSU,RS Umum,C,Swasta Non Profit,RS Publik,Lampung,Kota Bandar Lampung,25.0,3.0,4.0,3.0,3.0,3.0,,,3.0,,4.0,,,3.0,,2.0,,1.0,1.0,2.0,,2.0,,14.0,,8.0,71.0,13,56.52,,,,,,,,,,,,,,,,,,,,,,,,,,0,,,,,,Sudah kerjasama BPJS,Sudah kerjasama BPJS,,2,2,100.0
1871405,RS Umum Urip Sumoharjo,RSU,RS Umum,B,Swasta,RS Privat,Lampung,Kota Bandar Lampung,41.0,1.0,8.0,6.0,6.0,5.0,,,6.0,1.0,8.0,1.0,,6.0,,2.0,,2.0,2.0,4.0,,8.0,,32.0,1.0,22.0,142.0,16,69.57,,,,,,,,,,,,,,,,,,,,,,,,,,0,Sudah kerjasama BPJS,,Sudah kerjasama BPJS,,,Sudah kerjasama BPJS,Sudah kerjasama BPJS,,4,4,100.0
1871416,RS Umum Graha Husada,RSU,RS Umum,C,Swasta,RS Privat,Lampung,Kota Bandar Lampung,24.0,,6.0,2.0,3.0,3.0,,,2.0,,6.0,,,3.0,,2.0,,,6.0,1.0,,2.0,,,,5.0,54.0,10,43.48,,,,,,,,,,,,,,,,,,,,,,,,,,0,,,,,,,Sudah kerjasama BPJS,,1,1,100.0
1871427,RS Umum Pertamina-Bintang Amin Lampung,RSU,RS Umum,C,Swasta,RS Privat,Lampung,Kota Bandar Lampung,20.0,,5.0,2.0,2.0,3.0,,,2.0,,5.0,,,2.0,,2.0,,,1.0,2.0,,2.0,,10.0,,6.0,55.0,11,47.83,,,,,,,,,,,,,,,,,,,,,,,,,,0,Sudah kerjasama BPJS,,,,,,Sudah kerjasama BPJS,,2,2,100.0
1871438,RS Bhayangkara Polda Lampung,RSU,RS Umum,C,POLRI,RS Publik,Lampung,Kota Bandar Lampung,24.0,1.0,,,2.0,1.0,,,,,,,,2.0,,,,,1.0,1.0,,,,9.0,,6.0,45.0,8,34.78,,,,,,,,,,,,,,,,,,,,,,,,,,0,,,,,,,Sudah kerjasama BPJS,,1,1,100.0
1871439,RS Ibu dan Anak Restu Bunda,RSIA,RS Khusus,C,Swasta,RS Privat,Lampung,Kota Bandar Lampung,12.0,,1.0,2.0,1.0,1.0,,,2.0,,1.0,,,1.0,,,,,1.0,,,1.0,,,,,19.0,7,30.43,,,,,,,,,,,,,,,,,,,,,,,,,,0,,,,,,,,,0,0,
1871440,RS Ibu dan Anak Mutiara Putri,RSIA,RS Khusus,C,Swasta,RS Privat,Lampung,Kota Bandar Lampung,10.0,1.0,,3.0,4.0,1.0,,,3.0,,,,,4.0,,,,,1.0,,,1.0,,4.0,,,25.0,8,34.78,,,,,,,,,,,,,,,,,,,,,,,,,,0,,,,,,,,,0,0,
1871442,RS Ibu dan Anak Puri Betik Hati,RSIA,RS Khusus,C,Swasta,RS Privat,Lampung,Kota Bandar Lampung,10.0,,1.0,4.0,2.0,,,,4.0,,1.0,,,2.0,,,,,1.0,,,2.0,,6.0,,,26.0,7,30.43,,,,,,,,,,,,,,,,,,,,,,,,,,0,,,,,,,Sudah kerjasama BPJS,,1,1,100.0
1871443,RS Ibu dan Anak Santa Anna,RSIA,RS Khusus,C,Swasta,RS Privat,Lampung,Kota Bandar Lampung,7.0,2.0,,2.0,2.0,,,,2.0,,,,,2.0,,,,,,,,1.0,,4.0,,,18.0,6,26.09,,,,,,,,,,,,,,,,,,,,,,,,,,0,,,,,,,,,0,0,
1871446,RS Ibu dan Anak Bunda Asy Syifa,RSIA,RS Khusus,C,Swasta,RS Privat,Lampung,Kota Bandar Lampung,6.0,1.0,,2.0,3.0,,,,2.0,,,,,3.0,,,,,1.0,1.0,,2.0,,3.0,,1.0,20.0,9,39.13,,,,,,,,,,,,,,,,,,,,,,,,,,0,,,,,,,,,0,0,
1871447,RS Belleza Kedaton Bandar Lampung,RSU,RS Umum,C,Swasta,RS Privat,Lampung,Kota Bandar Lampung,16.0,2.0,,1.0,,,,,1.0,,,,,,,,,,1.0,1.0,,,,7.0,,3.0,31.0,7,30.43,,,,,,,,,,,,,,,,,,,,,,,,,,0,,,,,,,,,0,0,
1871448,RS Mata Lampung Eye Center (LEC),RSK Mata,RS Khusus,C,Swasta,RS Privat,Lampung,Kota Bandar Lampung,7.0,,,,,,,,,,,,,,,,,,,,,1.0,,,,,8.0,2,8.7,,,,,,,,,,,,,,,,,,,,,,,,,,0,,,,,,,,,0,0,
1871449,RS Hermina Lampung,RSU,RS Umum,C,Swasta,RS Privat,Lampung,Kota Bandar Lampung,11.0,2.0,4.0,1.0,1.0,2.0,,,1.0,,4.0,,,1.0,,1.0,,1.0,1.0,,,2.0,,1.0,,,27.0,11,47.83,,,,,,,,,,,,,,,,,,,,,,,,,,0,,,,,,,,,0,0,
1871450,RS Budi Medika,RSU,RS Umum,C,Swasta,RS Privat,Lampung,Kota Bandar Lampung,10.0,,,2.0,2.0,,,,2.0,,,,,2.0,,,,,,,,1.0,,2.0,,4.0,21.0,6,26.09,,,,,,,,,,,,,,,,,,,,,,,,,,0,Sudah kerjasama BPJS,,,,,,Sudah kerjasama BPJS,,2,2,100.0
1871020,RS Umum  Mardi Waluyo,RSU,RS Umum,C,Swasta Non Profit,RS Publik,Lampung,Kota Metro,23.0,1.0,2.0,2.0,2.0,4.0,,,2.0,,2.0,,,2.0,,,,1.0,1.0,1.0,,2.0,,16.0,,7.0,62.0,12,52.17,,,,,,,,,,,,,,,,,,,,,,,,,,0,,,,,,Sudah kerjasama BPJS,,,1,1,100.0
1872016,RS Umum Daerah Ahmad Yani Metro,RSU,RS Umum,B,Pemkot,RS Publik,Lampung,Kota Metro,30.0,3.0,3.0,3.0,3.0,3.0,,1.0,3.0,,3.0,,,3.0,1.0,2.0,,2.0,2.0,2.0,,2.0,,32.0,1.0,9.0,99.0,16,69.57,0.0,0.0,0.0,0.0,1.0,0.0,4.0,0.0,0.0,0.0,0.0,1.0,,0.0,0.0,0.0,0.0,0.0,0.0,9.0,1.0,False,15.0,4.0,95.0,1,Sudah kerjasama BPJS,,Sudah kerjasama BPJS,,,Sudah kerjasama BPJS,,,3,3,100.0
1872031,RS Umum Islam Metro,RSU,RS Umum,D,Swasta Non Profit,RS Publik,Lampung,Kota Metro,10.0,1.0,2.0,1.0,1.0,2.0,,,1.0,,2.0,,,1.0,,,,,1.0,,,,,5.0,,2.0,25.0,9,39.13,,,,,,,,,,,,,,,,,,,,,,,,,,0,,,,,,,Sudah kerjasama BPJS,,1,1,100.0
1872042,RS Umum Muhammadiyah Metro,RSU,RS Umum,C,Swasta Non Profit,RS Publik,Lampung,Kota Metro,18.0,2.0,3.0,2.0,1.0,3.0,,,2.0,,3.0,,,1.0,,1.0,,1.0,1.0,2.0,,2.0,,18.0,1.0,8.0,63.0,14,60.87,,,,,,,,,,,,,,,,,,,,,,,,,,0,,,,,,Sudah kerjasama BPJS,Sudah kerjasama BPJS,,2,2,100.0
1872053,RS Ibu dan Anak Anugerah Medical Center Metro,RSIA,RS Khusus,C,Swasta Non Profit,RS Publik,Lampung,Kota Metro,10.0,,,5.0,3.0,,,,5.0,,,,,3.0,,,,,1.0,,,1.0,,6.0,,2.0,28.0,7,30.43,,,,,,,,,,,,,,,,,,,,,,,,,,0,,,,,,,Sudah kerjasama BPJS,,1,1,100.0
1872064,RS Umum Permata Hati Metro,RSU,RS Umum,C,Swasta Non Profit,RS Publik,Lampung,Kota Metro,12.0,,2.0,3.0,1.0,2.0,,,3.0,,2.0,,,1.0,,,,,,1.0,,2.0,,3.0,,,26.0,8,34.78,,,,,,,,,,,,,,,,,,,,,,,,,,0,,,,,,,Sudah kerjasama BPJS,,1,1,100.0
1872065,RS Ibu dan Anak Asih Kota Metro,RSIA,RS Khusus,C,Swasta Non Profit,RS Publik,Lampung,Kota Metro,3.0,,,2.0,,,,,2.0,,,,,,,,,,,,,,,2.0,,,7.0,3,13.04,,,,,,,,,,,,,,,,,,,,,,,,,,0,,,,,,,,,0,0,
1872066,RS Azizah,RSU,RS Umum,D,Swasta,RS Privat,Lampung,Kota Metro,4.0,1.0,,1.0,,,,,1.0,,,,,,,,,,,,,,,5.0,,1.0,12.0,5,21.74,,,,,,,,,,,,,,,,,,,,,,,,,,0,,,,,,,,,0,0,
1872067,RS Umum Daerah Sumbersari Bantul,RSU,RS Umum,D,Pemkot,RS Publik,Lampung,Kota Metro,7.0,2.0,1.0,1.0,1.0,,,,1.0,,1.0,,,1.0,,,,,1.0,2.0,,,,3.0,,,18.0,8,34.78,,,,,,,,,,,,,,,,,,,,,,,,,,0,,,,,,,Sudah kerjasama BPJS,,1,1,100.0
1901016,RS Umum Daerah Depati Bahrin,RSU,RS Umum,C,Pemkab,RS Publik,Kepulauan Bangka Belitung,Bangka,15.0,,3.0,3.0,2.0,2.0,,1.0,3.0,,3.0,,,2.0,,2.0,,1.0,2.0,2.0,,2.0,,23.0,1.0,11.0,70.0,14,60.87,0.0,0.0,0.0,0.0,0.0,0.0,0.0,0.0,,0.0,0.0,1.0,,0.0,0.0,0.0,,,0.0,,1.0,False,1.0,1.0,75.0,1,,Sudah kerjasama BPJS,,,Sudah kerjasama BPJS,Sudah kerjasama BPJS,Sudah kerjasama BPJS,,4,4,100.0
1901020,RS Jiwa Daerah dr. Samsi Jacobalis,RSK Jiwa,RS Khusus,B,Pemprop,RS Publik,Kepulauan Bangka Belitung,Bangka,6.0,,1.0,,,,,,,,1.0,,,,,,,,1.0,1.0,,,,10.0,,7.0,26.0,6,26.09,,,,,,,,,,,,,,,,,,,,,,,,,,0,,,,,,,Sudah kerjasama BPJS,,1,1,100.0
1901031,RS Umum Medika Stannia,RSU,RS Umum,C,Swasta,RS Privat,Kepulauan Bangka Belitung,Bangka,15.0,1.0,3.0,4.0,3.0,2.0,,,4.0,,3.0,,,3.0,,1.0,,,1.0,1.0,,1.0,,9.0,,3.0,44.0,12,52.17,,,,,,,,,,,,,,,,,,,,,,,,,,0,,,,,,,,,0,0,
1901043,RS Umum Daerah Dr. (HC) Ir. Soekarno,RSU,RS Umum,B,Pemprop,RS Publik,Kepulauan Bangka Belitung,Bangka,,,,,,,,,,,,,,,,,,,,,,,,,,,,0,0.0,1.0,1.0,1.0,1.0,0.0,0.0,1.0,0.0,,0.0,1.0,1.0,,1.0,0.0,0.0,,,0.0,,1.0,False,8.0,8.0,75.0,1,Sudah kerjasama BPJS,,Belum kerjasama BPJS,Sudah kerjasama BPJS,,,Sudah kerjasama BPJS,,4,3,75.0
1901044,RS Umum Daerah DR. Eko Maulana Ali,RSU,RS Umum,D,Pemkab,RS Publik,Kepulauan Bangka Belitung,Bangka,6.0,1.0,1.0,1.0,1.0,1.0,,,1.0,,1.0,,,1.0,,,,,,1.0,,1.0,,6.0,,5.0,24.0,10,43.48,,,,,,,,,,,,,,,,,,,,,,,,,,0,,,,,,,Sudah kerjasama BPJS,,1,1,100.0
1901046,RS Umum Daerah Sjafrie Rachman Puding Besar,RSU,RS Umum,D PRATAMA,Pemkab,RS Publik,Kepulauan Bangka Belitung,Bangka,7.0,1.0,1.0,1.0,1.0,,,,1.0,,1.0,,,1.0,,,,,1.0,,,,,4.0,,,16.0,7,30.43,,,,,,,,,,,,,,,,,,,,,,,,,,0,,,,,,,,,0,0,
1902042,RS Umum Arsani,RSU,RS Umum,C,Swasta,RS Privat,Kepulauan Bangka Belitung,Bangka,24.0,,1.0,1.0,2.0,1.0,,,1.0,,1.0,,,2.0,,1.0,,,1.0,1.0,,1.0,,3.0,,5.0,41.0,11,47.83,,,,,,,,,,,,,,,,,,,,,,,,,,0,,,,,,,Sudah kerjasama BPJS,,1,1,100.0
1902010,RS Umum Daerah dr. H. Marsidi Judono,RSU,RS Umum,C,Pemkab,RS Publik,Kepulauan Bangka Belitung,Belitung,17.0,,2.0,2.0,2.0,1.0,,,2.0,,2.0,,,2.0,,1.0,,1.0,1.0,2.0,,1.0,,13.0,1.0,9.0,53.0,13,56.52,0.0,1.0,1.0,0.0,0.0,0.0,0.0,0.0,,0.0,0.0,0.0,,1.0,0.0,0.0,,,0.0,,1.0,False,3.0,3.0,75.0,1,,,,,Sudah kerjasama BPJS,Sudah kerjasama BPJS,,,2,2,100.0
1902011,RS Umum Almah,RSU,RS Umum,D,Swasta,RS Privat,Kepulauan Bangka Belitung,Belitung,2.0,,2.0,1.0,1.0,1.0,,,1.0,,2.0,,,1.0,,,,,,,,1.0,,1.0,,1.0,10.0,8,34.78,,,,,,,,,,,,,,,,,,,,,,,,,,0,,,,,,,,,0,0,
1902012,RS Utama,RSU,RS Umum,D,Swasta,RS Privat,Kepulauan Bangka Belitung,Belitung,11.0,3.0,1.0,2.0,1.0,1.0,,,2.0,,1.0,,,1.0,,1.0,,1.0,1.0,2.0,,1.0,,6.0,,2.0,33.0,13,56.52,,,,,,,,,,,,,,,,,,,,,,,,,,0,,,,,,,,,0,0,
1902053S,RS Darurat Covid-19 Hendry Winarto ,RS Darurat,RS Khusus,Belum Ditetapkan,Swasta Non Profit,RS Publik,Kepulauan Bangka Belitung,Belitung,,,,,,,,,,,,,,,,,,,,,,,,,,,,0,0.0,,,,,,,,,,,,,,,,,,,,,,,,,,0,,,,,,,,,0,0,
1905024,RS Umum Daerah Kab. Bangka Selatan,RSU,RS Umum,C,Pemkab,RS Publik,Kepulauan Bangka Belitung,Bangka Selatan,14.0,2.0,2.0,1.0,2.0,1.0,,,1.0,,2.0,,,2.0,,,,,1.0,1.0,,1.0,,11.0,,7.0,43.0,11,47.83,0.0,0.0,0.0,0.0,0.0,0.0,0.0,0.0,0.0,0.0,0.0,0.0,,0.0,0.0,0.0,0.0,0.0,0.0,1.0,1.0,False,1.0,1.0,95.0,1,,,,,,,Sudah kerjasama BPJS,,1,1,100.0
1905026,RS Umum Daerah Kriopanting Payung,RSU,RS Umum,D,Pemkab,RS Publik,Kepulauan Bangka Belitung,Bangka Selatan,6.0,1.0,2.0,2.0,2.0,2.0,,,2.0,,2.0,,,2.0,,,,,1.0,1.0,,2.0,,4.0,,4.0,27.0,11,47.83,,,,,,,,,,,,,,,,,,,,,,,,,,0,,,,,,,Sudah kerjasama BPJS,,1,1,100.0
1904013,RS Umum Daerah Drs. H. Abu Hanifah,RSU,RS Umum,C,Pemkab,RS Publik,Kepulauan Bangka Belitung,Bangka Tengah,14.0,3.0,2.0,2.0,2.0,2.0,,,2.0,,2.0,,,2.0,,1.0,,1.0,1.0,1.0,,1.0,,11.0,,8.0,49.0,13,56.52,0.0,0.0,0.0,0.0,0.0,0.0,0.0,0.0,,0.0,0.0,0.0,,0.0,0.0,0.0,,,0.0,,1.0,False,0.0,0.0,75.0,1,,,,,,,Sudah kerjasama BPJS,,1,1,100.0
1904014,RS Siloam Bangka,RSU,RS Umum,C,Swasta,RS Privat,Kepulauan Bangka Belitung,Bangka Tengah,13.0,3.0,2.0,1.0,2.0,3.0,,,1.0,,2.0,,,2.0,,1.0,,1.0,1.0,1.0,,2.0,,8.0,,4.0,42.0,13,56.52,,,,,,,,,,,,,,,,,,,,,,,,,,0,,,,,,,Sudah kerjasama BPJS,,1,1,100.0
1904015,RS Pratama Bangka Tengah,RSU,RS Umum,D PRATAMA,Pemkab,RS Publik,Kepulauan Bangka Belitung,Bangka Tengah,6.0,1.0,,,,,,,,,,,,,,,,,,,,,,2.0,,1.0,10.0,4,17.39,,,,,,,,,,,,,,,,,,,,,,,,,,0,,,,,,,,,0,0,
1904016,RS Bhayangkara Polda Kep. Bangka Belitung,RSU,RS Umum,D,POLRI,RS Publik,Kepulauan Bangka Belitung,Bangka Tengah,8.0,2.0,1.0,2.0,1.0,1.0,,,2.0,,1.0,,,1.0,,,,,1.0,,,1.0,,4.0,,2.0,23.0,10,43.48,,,,,,,,,,,,,,,,,,,,,,,,,,0,,,,,,,,,0,0,
1903002,RS Umum Bakti Timah Muntok,RSU,RS Umum,D,Swasta,RS Privat,Kepulauan Bangka Belitung,Bangka Barat,10.0,1.0,2.0,1.0,1.0,,,,1.0,,2.0,,,1.0,,,,,,,,1.0,,3.0,,1.0,20.0,8,34.78,,,,,,,,,,,,,,,,,,,,,,,,,,0,,,,,,,,,0,0,
1903005,RS Gunung Manik,RSU,RS Umum,D,Swasta,RS Privat,Kepulauan Bangka Belitung,Bangka Barat,2.0,,,1.0,,,,,1.0,,,,,,,,,,,,,,,,,1.0,4.0,3,13.04,,,,,,,,,,,,,,,,,,,,,,,,,,0,,,,,,,,,0,0,
1903013,RS Umum Daerah Sejiran Setason,RSU,RS Umum,C,Pemkab,RS Publik,Kepulauan Bangka Belitung,Bangka Barat,21.0,1.0,3.0,2.0,2.0,1.0,,,2.0,,3.0,,,2.0,,,,1.0,1.0,1.0,,1.0,,21.0,,9.0,64.0,12,52.17,0.0,0.0,0.0,0.0,0.0,0.0,0.0,0.0,,1.0,0.0,1.0,,0.0,0.0,0.0,,,0.0,,1.0,False,2.0,2.0,75.0,1,,,,,,Sudah kerjasama BPJS,Sudah kerjasama BPJS,,2,2,100.0
1906014,RS Umum Daerah  Muhammad Zein,RSU,RS Umum,C,Pemkab,RS Publik,Kepulauan Bangka Belitung,Belitung Timur,24.0,1.0,3.0,1.0,2.0,1.0,1.0,,1.0,,3.0,,,2.0,,,,1.0,2.0,1.0,,2.0,,13.0,,8.0,60.0,13,56.52,0.0,0.0,0.0,0.0,0.0,0.0,0.0,0.0,1.0,0.0,0.0,0.0,,0.0,0.0,0.0,1.0,0.0,0.0,6.0,1.0,False,8.0,3.0,95.0,1,,,,,,Sudah kerjasama BPJS,Sudah kerjasama BPJS,,2,2,100.0
1971002,RS Primaya Bhakti Wara,RSU,RS Umum,C,Swasta,RS Privat,Kepulauan Bangka Belitung,Kota Pangkal Pinang,12.0,,6.0,8.0,3.0,4.0,,,8.0,,6.0,,,3.0,,2.0,,,2.0,2.0,,3.0,,7.0,1.0,7.0,57.0,12,52.17,,,,,,,,,,,,,,,,,,,,,,,,,,0,,,,,,,Sudah kerjasama BPJS,,1,1,100.0
1971003,RS Ibu dan Anak Muhaya,RSIA,RS Khusus,C,Swasta,RS Privat,Kepulauan Bangka Belitung,Kota Pangkal Pinang,7.0,,,5.0,2.0,,,,5.0,,,,,2.0,,,,,,1.0,,1.0,,4.0,,1.0,21.0,7,30.43,,,,,,,,,,,,,,,,,,,,,,,,,,0,,,,,,,,,0,0,
1971004,RS Kalbu Intan Medika,RSU,RS Umum,C,Swasta,RS Privat,Kepulauan Bangka Belitung,Kota Pangkal Pinang,9.0,,2.0,,1.0,2.0,,1.0,,,2.0,,1.0,1.0,,,,,,1.0,,1.0,,3.0,1.0,1.0,23.0,11,47.83,,,,,,,,,,,,,,,,,,,,,,,,,,0,Sudah kerjasama BPJS,,,,,,,,1,1,100.0
1971005,RS Ibu dan Anak Dzakirah,RSIA,RS Khusus,C,Swasta,RS Privat,Kepulauan Bangka Belitung,Kota Pangkal Pinang,3.0,,,1.0,2.0,,,,1.0,,,,,2.0,,,,,,,,1.0,,1.0,,,8.0,5,21.74,,,,,,,,,,,,,,,,,,,,,,,,,,0,,,,,,,,,0,0,
1971006,RS Ibu dan Anak Rona,RSIA,RS Khusus,C,Swasta,RS Privat,Kepulauan Bangka Belitung,Kota Pangkal Pinang,4.0,,1.0,2.0,1.0,,,,2.0,,1.0,,,1.0,,,,,,,,,,1.0,,,9.0,5,21.74,,,,,,,,,,,,,,,,,,,,,,,,,,0,,Sudah kerjasama BPJS,,,,,,,1,1,100.0
1971021,RS Umum Daerah Depati Hamzah,RSU,RS Umum,C,Pemkot,RS Publik,Kepulauan Bangka Belitung,Kota Pangkal Pinang,26.0,,2.0,3.0,2.0,2.0,,,3.0,,2.0,,,2.0,1.0,2.0,,,2.0,1.0,,2.0,,21.0,2.0,12.0,78.0,13,56.52,0.0,0.0,1.0,0.0,0.0,0.0,0.0,0.0,,0.0,0.0,1.0,,0.0,0.0,0.0,,,0.0,,1.0,False,2.0,2.0,75.0,1,,,,,Sudah kerjasama BPJS,,Sudah kerjasama BPJS,,2,2,100.0
1971043,RS Bakti Timah Pangkalpinang,RSU,RS Umum,C,Swasta,RS Privat,Kepulauan Bangka Belitung,Kota Pangkal Pinang,34.0,1.0,3.0,4.0,3.0,3.0,,,4.0,,3.0,,,3.0,,2.0,,1.0,1.0,1.0,,3.0,,11.0,1.0,6.0,74.0,14,60.87,,,,,,,,,,,,,,,,,,,,,,,,,,0,,,,Sudah kerjasama BPJS,,,,,1,1,100.0
2002002,RS Umum Daerah  Kabupaten Bintan,RSU,RS Umum,C,Pemkab,RS Publik,Kepulauan Riau,Bintan,26.0,3.0,2.0,2.0,3.0,3.0,,,2.0,,2.0,,,3.0,,1.0,,,1.0,1.0,,1.0,,14.0,,6.0,63.0,12,52.17,0.0,0.0,0.0,0.0,0.0,0.0,0.0,0.0,,0.0,0.0,0.0,,0.0,0.0,0.0,,,0.0,,1.0,False,0.0,0.0,75.0,1,,,,,,,Sudah kerjasama BPJS,,1,1,100.0
2002010,RS Jiwa dan Ketergantungan Obat Engku Haji Daud,RSK Jiwa,RS Khusus,B,Pemprop,RS Publik,Kepulauan Riau,Bintan,16.0,2.0,2.0,2.0,3.0,1.0,,,2.0,,2.0,,,3.0,,,,,1.0,1.0,,1.0,,7.0,,5.0,41.0,11,47.83,,,,,,,,,,,,,,,,,,,,,,,,,,0,,,,,,,Sudah kerjasama BPJS,,1,1,100.0
2001013,RS Umum Daerah Muhammad Sani Kabupaten Karimun,RSU,RS Umum,C,Pemkab,RS Publik,Kepulauan Riau,Karimun,25.0,5.0,3.0,1.0,2.0,2.0,,,1.0,,3.0,,,2.0,,1.0,,1.0,2.0,2.0,,2.0,,14.0,,18.0,78.0,13,56.52,0.0,0.0,1.0,0.0,0.0,0.0,0.0,0.0,,0.0,0.0,1.0,,0.0,0.0,0.0,,,0.0,,1.0,False,2.0,2.0,75.0,1,,,,,Sudah kerjasama BPJS,Sudah kerjasama BPJS,Sudah kerjasama BPJS,,3,3,100.0
2001045,RS Umum Bhakti Timah,RSU,RS Umum,C,Swasta,RS Privat,Kepulauan Riau,Karimun,4.0,2.0,2.0,1.0,1.0,2.0,,,1.0,,2.0,,,1.0,,,,,1.0,1.0,,1.0,,,,2.0,17.0,10,43.48,,,,,,,,,,,,,,,,,,,,,,,,,,0,,,,,,,Sudah kerjasama BPJS,,1,1,100.0
2101003,RS Umum Daerah Tanjung Batu Kundur,RSU,RS Umum,D PRATAMA,Pemkab,RS Publik,Kepulauan Riau,Karimun,7.0,1.0,,,,,,,,,,,,,,,,,,,,,,6.0,,1.0,15.0,4,17.39,,,,,,,,,,,,,,,,,,,,,,,,,,0,,,,,,,,,0,0,
2101014,RSUD TANJUNG BATU KUNDUR,RSU,RS Umum,D PRATAMA,Pemkab,RS Publik,Kepulauan Riau,Karimun,,,,,,,,,,,,,,,,,,,,,,,,,,,,0,0.0,,,,,,,,,,,,,,,,,,,,,,,,,,0,,,,,,,,,0,0,
2003011,RS Umum Daerah Natuna,RSU,RS Umum,C,Pemkab,RS Publik,Kepulauan Riau,Natuna,18.0,1.0,2.0,1.0,2.0,1.0,,,1.0,,2.0,,,2.0,,,,,2.0,1.0,,,,12.0,1.0,8.0,49.0,11,47.83,0.0,0.0,1.0,0.0,0.0,0.0,0.0,0.0,,0.0,0.0,0.0,,0.0,0.0,0.0,,,0.0,,1.0,False,1.0,1.0,75.0,1,,,,,,,Sudah kerjasama BPJS,,1,1,100.0
2003056,RSAU dr. Yuniati Wisma Karyani,RSU,RS Umum,D,TNI,RS Publik,Kepulauan Riau,Natuna,3.0,2.0,,,,1.0,,,,,,,,,,,,,,,,1.0,,,,,7.0,4,17.39,,,,,,,,,,,,,,,,,,,,,,,,,,0,,,,,,,,,0,0,
2004012,RS Umum Daerah Dabo Kabupaten Lingga,RSU,RS Umum,C,Pemkab,RS Publik,Kepulauan Riau,Lingga,8.0,1.0,2.0,1.0,1.0,1.0,,,1.0,,2.0,,,1.0,,,,,,,,1.0,,7.0,,1.0,23.0,9,39.13,0.0,0.0,0.0,0.0,1.0,0.0,0.0,0.0,0.0,0.0,0.0,0.0,,0.0,0.0,0.0,0.0,0.0,0.0,1.0,1.0,False,2.0,2.0,95.0,1,,,,,,,Sudah kerjasama BPJS,,1,1,100.0
2004136,RS Umum Daerah Encik Mariyam,RSU,RS Umum,D,Pemkab,RS Publik,Kepulauan Riau,Lingga,10.0,1.0,1.0,1.0,1.0,,,,1.0,,1.0,,,1.0,,,,,,,,1.0,,6.0,,1.0,22.0,8,34.78,,,,,,,,,,,,,,,,,,,,,,,,,,0,,,,,,,,,0,0,
2003125,RS Umum Daerah Palmatak,RSU,RS Umum,D,Pemkab,RS Publik,Kepulauan Riau,Kepulauan Anambas,7.0,,1.0,1.0,1.0,1.0,,,1.0,,1.0,,,1.0,,,,1.0,,,,,,3.0,,2.0,17.0,8,34.78,,,,,,,,,,,,,,,,,,,,,1.0,False,,0.0,0.0,1,,,,,,Sudah kerjasama BPJS,,,1,1,100.0
2005002,RS Umum Daerah Bergerak Jemaja,RSU,RS Umum,D,Pemkab,RS Publik,Kepulauan Riau,Kepulauan Anambas,9.0,1.0,,1.0,,,,,1.0,,,,,,,,,,,,,1.0,,2.0,,1.0,15.0,6,26.09,0.0,0.0,0.0,0.0,0.0,0.0,0.0,0.0,0.0,0.0,0.0,0.0,,0.0,0.0,0.0,0.0,0.0,0.0,1.0,1.0,False,1.0,1.0,95.0,1,,,,,,,,,0,0,
2105005,RS Umum Daerah Tarempa,RSU,RS Umum,D,Pemkab,RS Publik,Kepulauan Riau,Kepulauan Anambas,15.0,,1.0,,1.0,1.0,,,,,1.0,,,1.0,,,,,1.0,,,,,5.0,,4.0,28.0,7,30.43,0.0,0.0,0.0,0.0,0.0,0.0,0.0,0.0,0.0,0.0,0.0,0.0,,0.0,0.0,0.0,0.0,0.0,0.0,2.0,1.0,False,2.0,1.0,95.0,1,,,,,,,Sudah kerjasama BPJS,,1,1,100.0
2071012,RS Umum Budi Kemuliaan Batam,RSU,RS Umum,B,Swasta Non Profit,RS Publik,Kepulauan Riau,Kota Batam,47.0,1.0,3.0,3.0,4.0,4.0,,,3.0,,3.0,,,4.0,,2.0,,1.0,1.0,3.0,,3.0,,5.0,,9.0,86.0,13,56.52,,,,,,,,,,,,,,,,,,,,,,,,,,0,,,,Sudah kerjasama BPJS,,,,,1,1,100.0
2071015,RS Umum Santa Elisabeth Batam,RSU,RS Umum,C,Swasta Non Profit,RS Publik,Kepulauan Riau,Kota Batam,14.0,3.0,4.0,3.0,2.0,3.0,,,3.0,,4.0,,,2.0,,2.0,,,1.0,2.0,,2.0,,10.0,,7.0,53.0,12,52.17,,,,,,,,,,,,,,,,,,,,,,,,,,0,,,,,,,Sudah kerjasama BPJS,,1,1,100.0
2071023,RS Umum Harapan Bunda Batam,RSU,RS Umum,C,Swasta Non Profit,RS Publik,Kepulauan Riau,Kota Batam,14.0,2.0,3.0,3.0,3.0,2.0,,,3.0,,3.0,,,3.0,,1.0,,,,1.0,,2.0,,,1.0,2.0,34.0,11,47.83,,,,,,,,,,,,,,,,,,,,,,,,,,0,,,,,,,Sudah kerjasama BPJS,,1,1,100.0
2071034,RS Badan Pengusahaan Batam,RSU,RS Umum,B,Kementerian Lain,RS Publik,Kepulauan Riau,Kota Batam,,,,,,,,,,,,,,,,,,,,,,,,,,,,0,0.0,,,,,,,,,,,,,,,,,,,,,,,,,,0,Sudah kerjasama BPJS,Sudah kerjasama BPJS,Sudah kerjasama BPJS,,Sudah kerjasama BPJS,Sudah kerjasama BPJS,Sudah kerjasama BPJS,,6,6,100.0
2071037,RS Umum Charis Medika,RSU,RS Umum,C,Swasta,RS Privat,Kepulauan Riau,Kota Batam,9.0,1.0,1.0,3.0,3.0,2.0,,,3.0,,1.0,,,3.0,,1.0,,,1.0,,,2.0,,3.0,,1.0,27.0,11,47.83,,,,,,,,,,,,,,,,,,,,,,,,,,0,,,,,,,Sudah kerjasama BPJS,,1,1,100.0
2071048,RS Ibu dan Anak Mutiara Aini,RSIA,RS Khusus,C,Swasta,RS Privat,Kepulauan Riau,Kota Batam,4.0,2.0,2.0,2.0,1.0,2.0,,,2.0,,2.0,,,1.0,,1.0,,,1.0,1.0,,1.0,,6.0,,1.0,24.0,12,52.17,,,,,,,,,,,,,,,,,,,,,,,,,,0,,,,,,,,,0,0,
2071050,RS Umum Graha Hermine,RSU,RS Umum,C,Swasta,RS Privat,Kepulauan Riau,Kota Batam,17.0,2.0,3.0,4.0,1.0,2.0,,,4.0,,3.0,,,1.0,,,,,1.0,1.0,,5.0,,10.0,1.0,8.0,55.0,12,52.17,,,,,,,,,,,,,,,,,,,,,,,,,,0,,,,,,,Sudah kerjasama BPJS,,1,1,100.0
2071053,RS Umum Santa Elisabeth Batam Kota,RSU,RS Umum,C,Swasta,RS Privat,Kepulauan Riau,Kota Batam,21.0,3.0,3.0,2.0,3.0,2.0,,,2.0,,3.0,,,3.0,,2.0,,,1.0,1.0,,2.0,,15.0,,9.0,64.0,12,52.17,,,,,,,,,,,,,,,,,,,,,,,,,,0,,,,,,,Sudah kerjasama BPJS,,1,1,100.0
2071054,RS Ibu dan  Anak Griya Medika Batam,RSIA,RS Khusus,C,Swasta,RS Privat,Kepulauan Riau,Kota Batam,4.0,1.0,1.0,2.0,2.0,1.0,,,2.0,,1.0,,,2.0,,,,,1.0,,,1.0,,,,,13.0,8,34.78,,,,,,,,,,,,,,,,,,,,,,,,,,0,,,,,,,Sudah kerjasama BPJS,,1,1,100.0
2071056,RS Umum Camatha Sahidya,RSU,RS Umum,C,Swasta,RS Privat,Kepulauan Riau,Kota Batam,7.0,,3.0,3.0,3.0,3.0,,,3.0,,3.0,,,3.0,,1.0,,,1.0,1.0,,2.0,,6.0,,5.0,35.0,11,47.83,,,,,,,,,,,,,,,,,,,,,,,,,,0,,,,,,,Sudah kerjasama BPJS,,1,1,100.0
2071057,RS Ibu dan Anak Frisdhy Angel,RSIA,RS Khusus,C,Swasta,RS Privat,Kepulauan Riau,Kota Batam,4.0,,,3.0,2.0,,,,3.0,,,,,2.0,,,,,1.0,,,2.0,,3.0,,,15.0,6,26.09,,,,,,,,,,,,,,,,,,,,,,,,,,0,,,,,,,,,0,0,
2071059,RS Umum Soedarsono Darmosoewito,RSU,RS Umum,C,Swasta Non Profit,RS Publik,Kepulauan Riau,Kota Batam,10.0,,1.0,2.0,2.0,3.0,,,2.0,,1.0,,,2.0,,,,,1.0,1.0,,2.0,,4.0,,3.0,29.0,10,43.48,,,,,,,,,,,,,,,,,,,,,,,,,,0,,,,,,,Sudah kerjasama BPJS,,1,1,100.0
2071103,RS Umum Awal Bros Batam,RSU,RS Umum,B,Swasta,RS Privat,Kepulauan Riau,Kota Batam,34.0,6.0,6.0,7.0,9.0,5.0,,1.0,7.0,,6.0,,,9.0,,2.0,,2.0,2.0,3.0,,4.0,,20.0,,10.0,111.0,14,60.87,,,,,,,,,,,,,,,,,,,,,,,,,,0,Sudah kerjasama BPJS,Sudah kerjasama BPJS,Sudah kerjasama BPJS,Sudah kerjasama BPJS,Sudah kerjasama BPJS,Sudah kerjasama BPJS,Sudah kerjasama BPJS,,7,7,100.0
2071114,RS Umum Daerah Embung Fatimah Kota Batam,RSU,RS Umum,B,Pemkot,RS Publik,Kepulauan Riau,Kota Batam,42.0,4.0,3.0,3.0,4.0,4.0,,,3.0,,3.0,,,4.0,,3.0,,4.0,4.0,1.0,,4.0,,15.0,,9.0,100.0,13,56.52,0.0,0.0,1.0,0.0,0.0,0.0,1.0,0.0,,0.0,0.0,1.0,,0.0,0.0,0.0,,,0.0,,1.0,False,3.0,3.0,75.0,1,Sudah kerjasama BPJS,,Sudah kerjasama BPJS,Sudah kerjasama BPJS,Sudah kerjasama BPJS,Sudah kerjasama BPJS,Sudah kerjasama BPJS,,6,6,100.0
2171061,RS Bhayangkara Batam Polda Kepri,RSU,RS Umum,D,POLRI,RS Publik,Kepulauan Riau,Kota Batam,5.0,,2.0,1.0,2.0,2.0,,,1.0,,2.0,,,2.0,,,,,,1.0,,,,5.0,,3.0,21.0,8,34.78,,,,,,,,,,,,,,,,,,,,,,,,,,0,,,,,,,Sudah kerjasama BPJS,,1,1,100.0
2171062,RS Keluarga Husada Batam,RSU,RS Umum,C,Swasta,RS Privat,Kepulauan Riau,Kota Batam,9.0,2.0,4.0,2.0,,1.0,,,2.0,,4.0,,,,,,,,1.0,,,,,4.0,,2.0,25.0,8,34.78,,,,,,,,,,,,,,,,,,,,,,,,,,0,,,,,,,,,0,0,
2171063,RS Ibu dan Anak Kasih Sayang Ibu,RSIA,RS Khusus,C,Swasta,RS Privat,Kepulauan Riau,Kota Batam,,1.0,,2.0,1.0,,,,2.0,,,,,1.0,,,,,,,,,,,,,4.0,3,13.04,,,,,,,,,,,,,,,,,,,,,,,,,,0,,,,,,,,,0,0,
2171064,RS Santa Elisabeth Sei Lekop,RSU,RS Umum,D,Swasta,RS Privat,Kepulauan Riau,Kota Batam,10.0,1.0,1.0,1.0,2.0,2.0,,,1.0,,1.0,,,2.0,,1.0,,,1.0,1.0,,1.0,,5.0,,2.0,28.0,12,52.17,,,,,,,,,,,,,,,,,,,,,,,,,,0,,,,,,,Sudah kerjasama BPJS,,1,1,100.0
2171065,RS Hj. Bunda Halimah Batam,RSU,RS Umum,B,Swasta,RS Privat,Kepulauan Riau,Kota Batam,17.0,1.0,4.0,3.0,2.0,2.0,,,3.0,,4.0,,,2.0,,2.0,,,2.0,1.0,,4.0,,3.0,,5.0,46.0,12,52.17,,,,,,,,,,,,,,,,,,,,,,,,,,0,,,,,,,Sudah kerjasama BPJS,,1,1,100.0
2171077,RS Jasmine,RSU,RS Umum,D,Swasta,RS Privat,Kepulauan Riau,Kota Batam,4.0,1.0,1.0,1.0,1.0,3.0,,,1.0,,1.0,,,1.0,,,,,,,,1.0,,,,,12.0,7,30.43,,,,,,,,,,,,,,,,,,,,,,,,,,0,,,,,,,,,0,0,
2171078,RS Awal Bros Botania,RSU,RS Umum,C,Swasta,RS Privat,Kepulauan Riau,Kota Batam,16.0,4.0,4.0,3.0,5.0,3.0,,,3.0,,4.0,,,5.0,,1.0,,,1.0,1.0,,3.0,,6.0,,1.0,48.0,12,52.17,,,,,,,,,,,,,,,,,,,,,,,,,,0,,,,Sudah kerjasama BPJS,,,Sudah kerjasama BPJS,,2,2,100.0
2171083,RS Mutiara Aini,RSU,RS Umum,C,Swasta,RS Privat,Kepulauan Riau,Kota Batam,7.0,2.0,1.0,1.0,1.0,1.0,,,1.0,,1.0,,,1.0,,1.0,,,,,,1.0,,1.0,,,16.0,9,39.13,,,,,,,,,,,,,,,,,,,,,,,,,,0,,,,,,,Sudah kerjasama BPJS,,1,1,100.0
2072002,RS Umum Daerah Raja Ahmad Tabib,RSU,RS Umum,B,Pemprop,RS Publik,Kepulauan Riau,Kota Tanjung Pinang,53.0,2.0,3.0,4.0,4.0,5.0,,,4.0,,3.0,,,4.0,,3.0,,2.0,3.0,3.0,2.0,5.0,,24.0,,18.0,131.0,14,60.87,1.0,1.0,0.0,1.0,0.0,0.0,1.0,0.0,,1.0,0.0,1.0,,1.0,1.0,0.0,,,0.0,,1.0,False,8.0,8.0,75.0,1,Sudah kerjasama BPJS,,Sudah kerjasama BPJS,Sudah kerjasama BPJS,Sudah kerjasama BPJS,Sudah kerjasama BPJS,Sudah kerjasama BPJS,,6,6,100.0
2072012,RS Umum Daerah Kota Tanjung Pinang,RSU,RS Umum,C,Pemkot,RS Publik,Kepulauan Riau,Kota Tanjung Pinang,27.0,3.0,4.0,2.0,3.0,3.0,,,2.0,,4.0,,,3.0,,1.0,,,1.0,1.0,,1.0,,13.0,1.0,9.0,69.0,13,56.52,0.0,0.0,0.0,0.0,0.0,0.0,0.0,0.0,0.0,0.0,0.0,0.0,,0.0,0.0,0.0,0.0,0.0,0.0,2.0,1.0,False,2.0,1.0,95.0,1,,,,,,,Sudah kerjasama BPJS,,1,1,100.0
2072023,Rumkital dr. Midiyato Suratani,RSU,RS Umum,B,TNI,RS Publik,Kepulauan Riau,Kota Tanjung Pinang,,,,,,,,,,,,,,,,,,,,,,,,,,,,0,0.0,,,,,,,,,,,,,,,,,,,,,,,,,,0,Sudah kerjasama BPJS,,,Sudah kerjasama BPJS,,,Sudah kerjasama BPJS,,3,3,100.0
3101002,RS Umum Daerah Kepulauan Seribu,RSU,RS Umum,D,Pemprop,RS Publik,DKI Jakarta,Kepulauan Seribu,8.0,1.0,2.0,2.0,3.0,1.0,,,2.0,,2.0,,,3.0,,,,,1.0,1.0,,1.0,,6.0,,4.0,30.0,11,47.83,0.0,0.0,0.0,0.0,0.0,0.0,0.0,0.0,0.0,0.0,0.0,0.0,,0.0,0.0,1.0,0.0,0.0,0.0,2.0,1.0,False,3.0,2.0,95.0,1,,,,,,,Sudah kerjasama BPJS,,1,1,100.0
3171768,RS Umum Murni Teguh Sudirman Jakarta,RSU,RS Umum,C,Swasta,RS Privat,DKI Jakarta,Kota Jakarta Pusat,24.0,5.0,5.0,2.0,4.0,4.0,,,2.0,,5.0,,,4.0,,4.0,,1.0,2.0,2.0,,2.0,,8.0,,7.0,70.0,13,56.52,,,,,,,,,,,,,,,,,,,,,,,,,,0,,,,,Sudah kerjasama BPJS,,Sudah kerjasama BPJS,,2,2,100.0
3173014,RSUPN Dr. Cipto Mangunkusumo,RSU,RS Umum,A,Kemkes,RS Publik,DKI Jakarta,Kota Jakarta Pusat,,,,,,,,,,,,,,,,,,,,,,,,,,,,0,0.0,1.0,1.0,0.0,2.0,3.0,0.0,1.0,1.0,,1.0,4.0,3.0,,9.0,2.0,1.0,,,1.0,,1.0,False,30.0,13.0,75.0,1,Sudah kerjasama BPJS,,Sudah kerjasama BPJS,Belum kerjasama BPJS,Sudah kerjasama BPJS,Sudah kerjasama BPJS,Sudah kerjasama BPJS,Belum kerjasama BPJS,7,5,71.43
3173025,RS Umum PAD Gatot Soebroto,RSU,RS Umum,A,TNI,RS Publik,DKI Jakarta,Kota Jakarta Pusat,87.0,12.0,16.0,16.0,14.0,4.0,8.0,6.0,16.0,3.0,16.0,2.0,3.0,14.0,,9.0,3.0,6.0,11.0,7.0,2.0,14.0,,86.0,4.0,36.0,349.0,21,91.3,,,,,,,,,,,,,,,,,,,,,,,,,,0,Sudah kerjasama BPJS,,Sudah kerjasama BPJS,Belum kerjasama BPJS,Sudah kerjasama BPJS,Sudah kerjasama BPJS,Sudah kerjasama BPJS,,6,5,83.33
3173036,RS Umum AL Dr. Mintoharjo,RSU,RS Umum,B,TNI,RS Publik,DKI Jakarta,Kota Jakarta Pusat,83.0,2.0,8.0,6.0,3.0,5.0,,1.0,6.0,,8.0,,,3.0,,4.0,,2.0,1.0,2.0,,6.0,,13.0,,25.0,161.0,14,60.87,,,,,,,,,,,,,,,,,,,,,,,,,,0,Sudah kerjasama BPJS,,Sudah kerjasama BPJS,Belum kerjasama BPJS,Sudah kerjasama BPJS,Belum kerjasama BPJS,Sudah kerjasama BPJS,,6,4,66.67
3173040,RS Umum Husada,RSU,RS Umum,B,Swasta,RS Privat,DKI Jakarta,Kota Jakarta Pusat,47.0,5.0,15.0,8.0,9.0,7.0,,2.0,8.0,,15.0,,,9.0,,4.0,,2.0,3.0,3.0,,6.0,,20.0,1.0,13.0,145.0,15,65.22,,,,,,,,,,,,,,,,,,,,,,,,,,0,Sudah kerjasama BPJS,,Sudah kerjasama BPJS,Belum kerjasama BPJS,Sudah kerjasama BPJS,Belum kerjasama BPJS,Sudah kerjasama BPJS,,6,4,66.67
3173051,RS Umum Sint Carolus,RSU,RS Umum,B,Swasta Non Profit,RS Publik,DKI Jakarta,Kota Jakarta Pusat,45.0,3.0,13.0,6.0,10.0,5.0,3.0,2.0,6.0,1.0,13.0,1.0,1.0,10.0,,4.0,,1.0,4.0,5.0,,5.0,,32.0,,14.0,155.0,18,78.26,,,,,,,,,,,,,,,,,,,,,,,,,,0,Sudah kerjasama BPJS,,,,Sudah kerjasama BPJS,Belum kerjasama BPJS,Sudah kerjasama BPJS,,4,3,75.0
3173062,RS Primaya PGI Cikini,RSU,RS Umum,B,Swasta Non Profit,RS Publik,DKI Jakarta,Kota Jakarta Pusat,12.0,4.0,6.0,2.0,5.0,4.0,1.0,1.0,2.0,1.0,6.0,2.0,1.0,5.0,1.0,2.0,,1.0,1.0,3.0,,5.0,,12.0,,7.0,71.0,19,82.61,,,,,,,,,,,,,,,,,,,,,,,,,,0,Sudah kerjasama BPJS,,,Belum kerjasama BPJS,Sudah kerjasama BPJS,Belum kerjasama BPJS,Sudah kerjasama BPJS,,5,3,60.0
3173073,RS Islam Jakarta Cempaka Putih,RSU,RS Umum,B,Swasta Non Profit,RS Publik,DKI Jakarta,Kota Jakarta Pusat,33.0,6.0,10.0,7.0,10.0,6.0,,1.0,7.0,,10.0,,,10.0,,7.0,,2.0,2.0,4.0,1.0,10.0,,19.0,1.0,12.0,131.0,16,69.57,,,,,,,,,,,,,,,,,,,,,,,,,,0,Sudah kerjasama BPJS,Belum kerjasama BPJS,Sudah kerjasama BPJS,Belum kerjasama BPJS,Sudah kerjasama BPJS,Belum kerjasama BPJS,Sudah kerjasama BPJS,,7,4,57.14
3173105,RS Umum Budi Kemuliaan,RSU,RS Umum,C,Swasta Non Profit,RS Publik,DKI Jakarta,Kota Jakarta Pusat,26.0,2.0,3.0,18.0,15.0,3.0,,,18.0,,3.0,,,15.0,,1.0,,,1.0,2.0,,8.0,,16.0,1.0,5.0,101.0,13,56.52,,,,,,,,,,,,,,,,,,,,,,,,,,0,,,,,Sudah kerjasama BPJS,,Sudah kerjasama BPJS,,2,2,100.0
3173116,RS Umum YPK Mandiri,RSU,RS Umum,D,Swasta Non Profit,RS Publik,DKI Jakarta,Kota Jakarta Pusat,15.0,4.0,3.0,25.0,9.0,2.0,,,25.0,,3.0,,,9.0,,,,,,1.0,,7.0,,3.0,,2.0,71.0,10,43.48,,,,,,,,,,,,,,,,,,,,,,,,,,0,,,,,,,,,0,0,
3173120,RS Khusus Ibu Anak Bunda Jakarta,RSIA,RS Khusus,B,Swasta,RS Privat,DKI Jakarta,Kota Jakarta Pusat,12.0,,1.0,33.0,22.0,,,,33.0,,1.0,,,22.0,,,,1.0,,,,5.0,,37.0,,,111.0,7,30.43,,,,,,,,,,,,,,,,,,,,,,,,,,0,,,,,,,,,0,0,
3173441,RS Umum Primaya Evasari Hospital,RSU,RS Umum,C,Swasta Non Profit,RS Publik,DKI Jakarta,Kota Jakarta Pusat,14.0,2.0,5.0,5.0,4.0,3.0,,,5.0,,5.0,,,4.0,,2.0,,,1.0,1.0,,4.0,,7.0,1.0,5.0,54.0,13,56.52,,,,,,,,,,,,,,,,,,,,,,,,,,0,,,,Belum kerjasama BPJS,,,,,1,0,0.0
3173474,RS Umum Pertamina Jaya,RSU,RS Umum,C,BUMN,RS Privat,DKI Jakarta,Kota Jakarta Pusat,20.0,2.0,5.0,4.0,2.0,3.0,,,4.0,,5.0,,,2.0,,2.0,,,1.0,2.0,,3.0,,11.0,1.0,6.0,62.0,13,56.52,,,,,,,,,,,,,,,,,,,,,,,,,,0,,,,,,,Sudah kerjasama BPJS,,1,1,100.0
3173506,RS Umum dr. Abdul Radjak Salemba,RSU,RS Umum,B,Swasta Non Profit,RS Publik,DKI Jakarta,Kota Jakarta Pusat,9.0,4.0,2.0,3.0,4.0,2.0,2.0,,3.0,,2.0,,,4.0,,2.0,,1.0,1.0,3.0,,2.0,,5.0,1.0,5.0,46.0,15,65.22,,,,,,,,,,,,,,,,,,,,,,,,,,0,,,,,,,,,0,0,
3173521,RS Umum Daerah Tarakan,RSU,RS Umum,A,Pemprop,RS Publik,DKI Jakarta,Kota Jakarta Pusat,45.0,3.0,4.0,2.0,4.0,1.0,2.0,2.0,2.0,1.0,4.0,,,4.0,2.0,6.0,,3.0,2.0,3.0,,4.0,,36.0,,21.0,141.0,17,73.91,0.0,0.0,1.0,0.0,2.0,0.0,2.0,0.0,,0.0,0.0,1.0,,1.0,1.0,1.0,,,0.0,,1.0,False,9.0,7.0,75.0,1,Sudah kerjasama BPJS,,Sudah kerjasama BPJS,Belum kerjasama BPJS,Sudah kerjasama BPJS,,Sudah kerjasama BPJS,,5,4,80.0
3173532,RS Khusus THT Bedah KL Proklamasi,RSK THT-KL,RS Khusus,B,Swasta,RS Privat,DKI Jakarta,Kota Jakarta Pusat,4.0,,2.0,,,,,,,,2.0,,,,,,,,1.0,1.0,,6.0,,,,2.0,16.0,6,26.09,,,,,,,,,,,,,,,,,,,,,,,,,,0,,,,,,,,,0,0,
3173543,RS Umum Abdi Waluyo,RSU,RS Umum,B,Swasta Non Profit,RS Publik,DKI Jakarta,Kota Jakarta Pusat,32.0,6.0,9.0,4.0,2.0,1.0,1.0,,4.0,,9.0,,,2.0,,3.0,,,1.0,4.0,,2.0,1.0,11.0,,18.0,95.0,14,60.87,,,,,,,,,,,,,,,,,,,,,,,,,,0,,,,,,,,,0,0,
3173580,RS Umum Kramat 128,RSU,RS Umum,C,Swasta Non Profit,RS Publik,DKI Jakarta,Kota Jakarta Pusat,27.0,1.0,7.0,4.0,4.0,6.0,1.0,,4.0,,7.0,2.0,,4.0,,2.0,,1.0,1.0,2.0,,3.0,,9.0,,5.0,75.0,15,65.22,,,,,,,,,,,,,,,,,,,,,,,,,,0,Sudah kerjasama BPJS,,Sudah kerjasama BPJS,,,Belum kerjasama BPJS,Sudah kerjasama BPJS,,4,3,75.0
3173612,RS Khusus THT Prof Nizar,RSK THT-KL,RS Khusus,C,Swasta,RS Privat,DKI Jakarta,Kota Jakarta Pusat,4.0,1.0,,,,,,,,,,,,,,,,,,,,2.0,,,,2.0,9.0,4,17.39,,,,,,,,,,,,,,,,,,,,,,,,,,0,,,,,,,,,0,0,
3173623,RS Khusus JEC @Menteng,RSK Mata,RS Khusus,B,Swasta,RS Privat,DKI Jakarta,Kota Jakarta Pusat,6.0,,3.0,,,,,,,,3.0,,,,,,,,1.0,,,7.0,,7.0,,2.0,26.0,6,26.09,,,,,,,,,,,,,,,,,,,,,,,,,,0,,,,,,,,,0,0,
3173634,RS Khusus Bedah Bina Estetika,RSK BEDAH,RS Khusus,C,Swasta Non Profit,RS Publik,DKI Jakarta,Kota Jakarta Pusat,5.0,,,,,,,,,,,,,,,,,,1.0,1.0,,3.0,,3.0,,2.0,15.0,6,26.09,,,,,,,,,,,,,,,,,,,,,,,,,,0,,,,,,,,,0,0,
3173645,RS Menteng Mitra Afia,RSU,RS Umum,C,Swasta,RS Privat,DKI Jakarta,Kota Jakarta Pusat,11.0,1.0,5.0,2.0,2.0,2.0,,,2.0,,5.0,,,2.0,,3.0,,,1.0,1.0,,2.0,,4.0,,6.0,40.0,12,52.17,,,,,,,,,,,,,,,,,,,,,,,,,,0,,,,,,,Sudah kerjasama BPJS,,1,1,100.0
3173656,RS Umum Mitra Kemayoran,RSU,RS Umum,B,Swasta,RS Privat,DKI Jakarta,Kota Jakarta Pusat,24.0,5.0,12.0,8.0,10.0,4.0,1.0,,8.0,,12.0,,1.0,10.0,,4.0,,3.0,1.0,6.0,,5.0,,30.0,,14.0,128.0,15,65.22,,,,,,,,,,,,,,,,,,,,,,,,,,0,,,,,,,,,0,0,
3173671,RS Gigi dan Mulut FKG Univ. Indonesia,RSK GM,RS Khusus,A,Kementerian Lain,RS Publik,DKI Jakarta,Kota Jakarta Pusat,6.0,472.0,2.0,,,,,,,,2.0,,,,,,,,1.0,,,1.0,,3.0,,7.0,492.0,7,30.43,,,,,,,,,,,,,,,,,,,,,,,,,,0,,,,,,,,,0,0,
3173695,RS Ibu dan Anak Tambak,RSIA,RS Khusus,C,Swasta,RS Privat,DKI Jakarta,Kota Jakarta Pusat,14.0,4.0,3.0,14.0,9.0,1.0,,,14.0,,3.0,,,9.0,,,,,1.0,2.0,,5.0,,1.0,,2.0,56.0,11,47.83,,,,,,,,,,,,,,,,,,,,,,,,,,0,,,,,,,,,0,0,
3173696,RS Umum Bunda Jakarta,RSU,RS Umum,C,Swasta,RS Privat,DKI Jakarta,Kota Jakarta Pusat,16.0,5.0,8.0,14.0,8.0,2.0,1.0,1.0,14.0,1.0,8.0,1.0,,8.0,,2.0,,,3.0,3.0,,7.0,,83.0,1.0,11.0,167.0,17,73.91,,,,,,,,,,,,,,,,,,,,,,,,,,0,,,,,,,,,0,0,
3173697,RSGM LADOKGI R.E MARTADINATA,RSK GM,RS Khusus,B,TNI,RS Publik,DKI Jakarta,Kota Jakarta Pusat,1.0,23.0,,,,,,,,,,,,,,,,,,,,1.0,,,,3.0,28.0,4,17.39,,,,,,,,,,,,,,,,,,,,,,,,,,0,,,,,,,,,0,0,
3173698,RS Umum Daerah Sawah Besar,RSU,RS Umum,D,Pemprop,RS Publik,DKI Jakarta,Kota Jakarta Pusat,18.0,2.0,3.0,2.0,3.0,1.0,,,2.0,,3.0,,,3.0,,,,,1.0,1.0,,2.0,,9.0,,5.0,47.0,11,47.83,,,,,,,,,,,,,,,,,,,,,,,,,,0,,,,,,,Sudah kerjasama BPJS,,1,1,100.0
3173699,RS Umum Daerah Kemayoran,RSU,RS Umum,D,Pemprop,RS Publik,DKI Jakarta,Kota Jakarta Pusat,15.0,3.0,2.0,3.0,2.0,1.0,,,3.0,,2.0,,,2.0,,1.0,,,1.0,1.0,,1.0,,9.0,,4.0,43.0,12,52.17,,,,,,,,,,,,,,,,,,,,,,,,,,0,,,,,,,Sudah kerjasama BPJS,,1,1,100.0
3173700,RS Umum Daerah Cempaka Putih,RSU,RS Umum,D,Pemprop,RS Publik,DKI Jakarta,Kota Jakarta Pusat,16.0,3.0,2.0,2.0,3.0,1.0,,,2.0,,2.0,,,3.0,,1.0,,,2.0,1.0,,2.0,,8.0,,6.0,47.0,12,52.17,,,,,,,,,,,,,,,,,,,,,,,,,,0,,,,,,,Sudah kerjasama BPJS,,1,1,100.0
3173701,RS Umum Daerah Johar Baru,RSU,RS Umum,D,Pemprop,RS Publik,DKI Jakarta,Kota Jakarta Pusat,13.0,2.0,3.0,2.0,2.0,1.0,,,2.0,,3.0,,,2.0,,,,,1.0,1.0,,2.0,,6.0,,5.0,38.0,11,47.83,,,,,,,,,,,,,,,,,,,,,,,,,,0,,,,,,,Sudah kerjasama BPJS,,1,1,100.0
3173704,RS Khusus THT SS Medika,RSK BEDAH,RS Khusus,C,Swasta,RS Privat,DKI Jakarta,Kota Jakarta Pusat,1.0,,1.0,,1.0,,,,,,1.0,,,1.0,,,,,,,,1.0,,,,,4.0,4,17.39,,,,,,,,,,,,,,,,,,,,,,,,,,0,,,,,,,,,0,0,
3173705,RS Umum Daerah Tanah Abang,RSU,RS Umum,D,Pemprop,RS Publik,DKI Jakarta,Kota Jakarta Pusat,17.0,3.0,3.0,1.0,2.0,1.0,,,1.0,,3.0,,,2.0,,,,,1.0,1.0,,2.0,,8.0,,5.0,44.0,11,47.83,,,,,,,,,,,,,,,,,,,,,,,,,,0,,,,,,,Sudah kerjasama BPJS,,1,1,100.0
3173706,RS Umum Hermina Kemayoran,RSU,RS Umum,B,Swasta,RS Privat,DKI Jakarta,Kota Jakarta Pusat,46.0,5.0,7.0,22.0,30.0,7.0,2.0,2.0,22.0,,7.0,,,30.0,,2.0,,2.0,2.0,1.0,,9.0,,24.0,,8.0,169.0,15,65.22,,,,,,,,,,,,,,,,,,,,,,,,,,0,Sudah kerjasama BPJS,,,,,Belum kerjasama BPJS,Sudah kerjasama BPJS,,3,2,66.67
3173707,RS Gigi Dan Mulut YARSI,RSK GM,RS Khusus,B,Swasta,RS Privat,DKI Jakarta,Kota Jakarta Pusat,3.0,19.0,,,,,,,,,,,,,,,,,,,,1.0,,,,3.0,26.0,4,17.39,,,,,,,,,,,,,,,,,,,,,,,,,,0,,,,,,,,,0,0,
3173712,RS Umum Yarsi,RSU,RS Umum,B,Swasta,RS Privat,DKI Jakarta,Kota Jakarta Pusat,30.0,3.0,7.0,5.0,5.0,6.0,,,5.0,,7.0,,1.0,5.0,,6.0,,3.0,3.0,4.0,,7.0,,13.0,,7.0,100.0,14,60.87,,,,,,,,,,,,,,,,,,,,,,,,,,0,Sudah kerjasama BPJS,Belum kerjasama BPJS,,,Sudah kerjasama BPJS,,,,3,2,66.67
3173723,RS Siloam Agora,RSU,RS Umum,C,Swasta,RS Privat,DKI Jakarta,Kota Jakarta Pusat,9.0,,,,,,,,,,,,,,,,,,,,,,,9.0,2.0,4.0,24.0,4,17.39,,,,,,,,,,,,,,,,,,,,,,,,,,0,,,,,,,,,0,0,
3174509,RS Ibu dan Anak St. Yusuf,RSIA,RS Khusus,C,Swasta Non Profit,RS Publik,DKI Jakarta,Kota Jakarta Utara,7.0,,1.0,5.0,4.0,,,,5.0,,1.0,,,4.0,,,,,1.0,1.0,,3.0,,5.0,,2.0,29.0,9,39.13,,,,,,,,,,,,,,,,,,,,,,,,,,0,,,,,,,Sudah kerjasama BPJS,,1,1,100.0
3175016,RS Umum Daerah Koja,RSU,RS Umum,B,Pemprop,RS Publik,DKI Jakarta,Kota Jakarta Utara,56.0,,4.0,3.0,4.0,4.0,,1.0,3.0,,4.0,,1.0,4.0,,4.0,,2.0,1.0,3.0,,3.0,,62.0,1.0,21.0,170.0,15,65.22,0.0,2.0,0.0,0.0,0.0,0.0,1.0,2.0,,0.0,0.0,1.0,,1.0,0.0,1.0,,,1.0,,1.0,False,9.0,7.0,75.0,1,Sudah kerjasama BPJS,,Sudah kerjasama BPJS,,Sudah kerjasama BPJS,Sudah kerjasama BPJS,Sudah kerjasama BPJS,,5,5,100.0
3175031,RS Umum Akademik Atma Jaya,RSU,RS Umum,B,Swasta Non Profit,RS Publik,DKI Jakarta,Kota Jakarta Utara,21.0,1.0,8.0,3.0,4.0,5.0,1.0,,3.0,,8.0,,1.0,4.0,,,,2.0,2.0,5.0,,6.0,,20.0,,11.0,90.0,14,60.87,,,,,,,,,,,,,,,,,,,,,,,,,,0,,,,Belum kerjasama BPJS,,,Sudah kerjasama BPJS,,2,1,50.0
3175042,RS Umum  Pelabuhan Tanjung Priok,RSU,RS Umum,C,BUMN,RS Privat,DKI Jakarta,Kota Jakarta Utara,23.0,5.0,7.0,3.0,4.0,4.0,,,3.0,,7.0,,,4.0,,3.0,,1.0,1.0,3.0,,6.0,,18.0,1.0,10.0,89.0,14,60.87,,,,,,,,,,,,,,,,,,,,,,,,,,0,,,,,,Belum kerjasama BPJS,Sudah kerjasama BPJS,,2,1,50.0
3175064,RS Penyakit Infeksi Prof. Dr. Sulianti Saroso,RSK INFEKSI,RS Khusus,A,Kemkes,RS Publik,DKI Jakarta,Kota Jakarta Utara,23.0,2.0,6.0,4.0,7.0,1.0,,,4.0,,6.0,,,7.0,,6.0,,1.0,3.0,1.0,,5.0,,22.0,1.0,11.0,93.0,14,60.87,,,,,,,,,,,,,,,,,,,,,,,,,,0,,Belum kerjasama BPJS,,,,Sudah kerjasama BPJS,Sudah kerjasama BPJS,,3,2,66.67
3175075,RS Umum Mulyasari,RSU,RS Umum,C,Swasta,RS Privat,DKI Jakarta,Kota Jakarta Utara,11.0,1.0,2.0,3.0,1.0,2.0,,,3.0,,2.0,,,1.0,,1.0,,,1.0,1.0,,1.0,,6.0,1.0,5.0,36.0,13,56.52,,,,,,,,,,,,,,,,,,,,,,,,,,0,,,,,Sudah kerjasama BPJS,,,,1,1,100.0
3175181,RS Umum Sukmul,RSU,RS Umum,C,Swasta,RS Privat,DKI Jakarta,Kota Jakarta Utara,18.0,1.0,2.0,4.0,2.0,1.0,,,4.0,,2.0,,,2.0,,2.0,,,1.0,1.0,,3.0,,1.0,,2.0,38.0,12,52.17,,,,,,,,,,,,,,,,,,,,,,,,,,0,,,,,,,,,0,0,
3175304,RS Umum Hermina Podomoro,RSU,RS Umum,C,Swasta,RS Privat,DKI Jakarta,Kota Jakarta Utara,30.0,4.0,7.0,10.0,8.0,4.0,1.0,,10.0,,7.0,,,8.0,,3.0,,1.0,1.0,3.0,,8.0,,8.0,,4.0,92.0,14,60.87,,,,,,,,,,,,,,,,,,,,,,,,,,0,,,,,,Belum kerjasama BPJS,Sudah kerjasama BPJS,,2,1,50.0
3175315,RS Umum  Satya Negara,RSU,RS Umum,C,Swasta Non Profit,RS Publik,DKI Jakarta,Kota Jakarta Utara,10.0,7.0,8.0,3.0,5.0,4.0,,,3.0,,8.0,,,5.0,,1.0,,1.0,1.0,2.0,,4.0,,12.0,,9.0,67.0,13,56.52,,,,,,,,,,,,,,,,,,,,,,,,,,0,,,,,,,,,0,0,
3175326,RS Islam Jakarta Sukapura,RSU,RS Umum,C,Swasta Non Profit,RS Publik,DKI Jakarta,Kota Jakarta Utara,,,,,,,,,,,,,,,,,,,,,,,,,,,,0,0.0,,,,,,,,,,,,,,,,,,,,,,,,,,0,,,,,,,Sudah kerjasama BPJS,,1,1,100.0
3175330,RS Umum Royal Progress,RSU,RS Umum,B,Swasta Non Profit,RS Publik,DKI Jakarta,Kota Jakarta Utara,14.0,3.0,8.0,5.0,4.0,3.0,,,5.0,,8.0,,1.0,4.0,,2.0,,1.0,1.0,4.0,,3.0,,16.0,1.0,7.0,73.0,15,65.22,,,,,,,,,,,,,,,,,,,,,,,,,,0,,,,,Sudah kerjasama BPJS,,Sudah kerjasama BPJS,,2,2,100.0
3175341,RS Umum Pluit,RSU,RS Umum,B,Swasta,RS Privat,DKI Jakarta,Kota Jakarta Utara,28.0,2.0,12.0,4.0,4.0,5.0,,,4.0,,12.0,,,4.0,,2.0,,,2.0,2.0,,9.0,,28.0,,11.0,109.0,12,52.17,,,,,,,,,,,,,,,,,,,,,,,,,,0,,,,,,,,,0,0,
3175352,RS Umum Pantai Indah Kapuk,RSU,RS Umum,B,Swasta,RS Privat,DKI Jakarta,Kota Jakarta Utara,24.0,5.0,6.0,14.0,10.0,2.0,3.0,2.0,14.0,3.0,6.0,1.0,2.0,10.0,,6.0,,3.0,3.0,2.0,,7.0,,36.0,1.0,12.0,142.0,19,82.61,,,,,,,,,,,,,,,,,,,,,,,,,,0,,,,,,,,,0,0,
3175363,RS Ibu dan Anak Family,RSIA,RS Khusus,C,Swasta,RS Privat,DKI Jakarta,Kota Jakarta Utara,11.0,1.0,1.0,19.0,11.0,1.0,,,19.0,,1.0,,,11.0,,,,,2.0,1.0,,5.0,,2.0,,2.0,56.0,11,47.83,,,,,,,,,,,,,,,,,,,,,,,,,,0,,,,,,,,,0,0,
3175374,RS Umum Puri Medika,RSU,RS Umum,C,Swasta,RS Privat,DKI Jakarta,Kota Jakarta Utara,6.0,,2.0,2.0,1.0,1.0,,,2.0,,2.0,,,1.0,,2.0,,,1.0,1.0,,1.0,,3.0,,3.0,23.0,11,47.83,,,,,,,,,,,,,,,,,,,,,,,,,,0,,,,Belum kerjasama BPJS,,,,,1,0,0.0
3175385,RS Umum Mitra Keluarga Kelapa Gading,RSU,RS Umum,B,Swasta,RS Privat,DKI Jakarta,Kota Jakarta Utara,17.0,6.0,9.0,15.0,16.0,5.0,1.0,,15.0,,9.0,1.0,4.0,16.0,,5.0,,2.0,2.0,6.0,,5.0,,31.0,1.0,13.0,139.0,17,73.91,,,,,,,,,,,,,,,,,,,,,,,,,,0,,,,,,,,,0,0,
3175396,RS Umum Port Medical Center,RSU,RS Umum,D,Swasta,RS Privat,DKI Jakarta,Kota Jakarta Utara,12.0,8.0,3.0,4.0,2.0,2.0,,,4.0,,3.0,,,2.0,,1.0,,,1.0,1.0,,2.0,,5.0,,6.0,47.0,12,52.17,,,,,,,,,,,,,,,,,,,,,,,,,,0,,,,,,,Sudah kerjasama BPJS,,1,1,100.0
3175407,RS Umum Gading Pluit,RSU,RS Umum,B,Swasta,RS Privat,DKI Jakarta,Kota Jakarta Utara,31.0,8.0,9.0,15.0,6.0,5.0,,,15.0,,9.0,2.0,,6.0,,3.0,,4.0,2.0,6.0,4.0,8.0,1.0,29.0,5.0,15.0,153.0,17,73.91,,,,,,,,,,,,,,,,,,,,,,,,,,0,Sudah kerjasama BPJS,Belum kerjasama BPJS,,Belum kerjasama BPJS,,,,,3,1,33.33
3175408,RS Umum Firdaus,RSU,RS Umum,C,Swasta,RS Privat,DKI Jakarta,Kota Jakarta Utara,13.0,6.0,4.0,3.0,3.0,2.0,,,3.0,,4.0,,,3.0,,4.0,,,1.0,2.0,,3.0,,2.0,,4.0,47.0,12,52.17,,,,,,,,,,,,,,,,,,,,,,,,,,0,,,,,,,,,0,0,
3175409,RS Ibu dan Anak Grand Family,RSIA,RS Khusus,C,Swasta,RS Privat,DKI Jakarta,Kota Jakarta Utara,13.0,6.0,3.0,23.0,8.0,2.0,,,23.0,,3.0,,,8.0,,,,,1.0,2.0,,6.0,,13.0,,6.0,83.0,11,47.83,,,,,,,,,,,,,,,,,,,,,,,,,,0,,,,,,,,,0,0,
3175410,RS Umum Pekerja,RSU,RS Umum,C,Swasta,RS Privat,DKI Jakarta,Kota Jakarta Utara,17.0,2.0,4.0,3.0,4.0,2.0,,,3.0,,4.0,,,4.0,,2.0,,,1.0,3.0,,3.0,,9.0,,5.0,55.0,12,52.17,,,,,,,,,,,,,,,,,,,,,,,,,,0,,,,Belum kerjasama BPJS,Sudah kerjasama BPJS,,,,2,1,50.0
3175411,RS Umum Duta Indah,RSU,RS Umum,C,Swasta,RS Privat,DKI Jakarta,Kota Jakarta Utara,10.0,1.0,4.0,5.0,4.0,2.0,,,5.0,,4.0,,,4.0,,,,,1.0,1.0,,3.0,,4.0,1.0,5.0,41.0,12,52.17,,,,,,,,,,,,,,,,,,,,,,,,,,0,,,,,,,Sudah kerjasama BPJS,,1,1,100.0
3175412,RS Umum Daerah Tugu Koja,RSU,RS Umum,C,Pemprop,RS Publik,DKI Jakarta,Kota Jakarta Utara,17.0,2.0,3.0,2.0,3.0,2.0,,,2.0,,3.0,,,3.0,,2.0,,,1.0,1.0,,1.0,,11.0,,7.0,52.0,12,52.17,,,,,,,,,,,,,,,,,,,,,,,,,,0,,,,,,,Sudah kerjasama BPJS,,1,1,100.0
3175413,RS Umum Daerah  Pademangan,RSU,RS Umum,D,Pemprop,RS Publik,DKI Jakarta,Kota Jakarta Utara,14.0,2.0,2.0,2.0,2.0,2.0,,,2.0,,2.0,,,2.0,,1.0,,,1.0,1.0,,2.0,,9.0,,5.0,43.0,12,52.17,,,,,,,,,,,,,,,,,,,,,,,,,,0,,,,,,,Sudah kerjasama BPJS,,1,1,100.0
3175414,RS Umum Daerah Cilincing,RSU,RS Umum,C,Pemprop,RS Publik,DKI Jakarta,Kota Jakarta Utara,27.0,9.0,2.0,3.0,3.0,2.0,,,3.0,,2.0,,,3.0,,2.0,,,1.0,1.0,,2.0,,10.0,,6.0,68.0,12,52.17,,,,,,,,,,,,,,,,,,,,,,,,,,0,,,,,,,Sudah kerjasama BPJS,,1,1,100.0
3175416,RS Umum Daerah  Tanjung Priok,RSU,RS Umum,D,Pemprop,RS Publik,DKI Jakarta,Kota Jakarta Utara,18.0,3.0,3.0,3.0,2.0,1.0,,,3.0,,3.0,,,2.0,,,,,1.0,1.0,,2.0,,8.0,,5.0,47.0,11,47.83,,,,,,,,,,,,,,,,,,,,,,,,,,0,,,,,,,Sudah kerjasama BPJS,,1,1,100.0
3175417,RS Mata JEC Primasana @Tanjung Priok,RSK Mata,RS Khusus,C,Swasta,RS Privat,DKI Jakarta,Kota Jakarta Utara,3.0,,2.0,,,,,,,,2.0,,,,,,,,,,,2.0,,1.0,,,8.0,4,17.39,,,,,,,,,,,,,,,,,,,,,,,,,,0,,,,,,,,,0,0,
3175418,RS Umum Tzu Chi Hospital,RSU,RS Umum,B,Swasta Non Profit,RS Publik,DKI Jakarta,Kota Jakarta Utara,44.0,5.0,14.0,9.0,10.0,10.0,,,9.0,,14.0,,,10.0,,3.0,,,1.0,5.0,1.0,7.0,1.0,36.0,4.0,20.0,170.0,15,65.22,,,,,,,,,,,,,,,,,,,,,,,,,,0,,,,,Sudah kerjasama BPJS,Belum kerjasama BPJS,Sudah kerjasama BPJS,,3,2,66.67
3174015,RS Umum Sumber Waras,RSU,RS Umum,B,Swasta Non Profit,RS Publik,DKI Jakarta,Kota Jakarta Barat,30.0,2.0,7.0,5.0,4.0,6.0,2.0,,5.0,,7.0,,,4.0,,4.0,,2.0,2.0,3.0,,4.0,,23.0,1.0,10.0,105.0,15,65.22,,,,,,,,,,,,,,,,,,,,,,,,,,0,,,,Sudah kerjasama BPJS,,Belum kerjasama BPJS,Sudah kerjasama BPJS,,3,2,66.67
3174026,RS Umum Pelni Petamburan,RSU,RS Umum,B,BUMN,RS Privat,DKI Jakarta,Kota Jakarta Barat,81.0,4.0,26.0,7.0,9.0,9.0,,,7.0,1.0,26.0,,1.0,9.0,,4.0,,2.0,1.0,9.0,,8.0,,33.0,3.0,24.0,222.0,16,69.57,,,,,,,,,,,,,,,,,,,,,,,,,,0,Sudah kerjasama BPJS,,Sudah kerjasama BPJS,Sudah kerjasama BPJS,,,,,3,3,100.0
3174030,RS Umum Bhakti Mulia,RSU,RS Umum,C,Swasta Non Profit,RS Publik,DKI Jakarta,Kota Jakarta Barat,12.0,,5.0,4.0,4.0,3.0,,,4.0,,5.0,,,4.0,,3.0,,,,1.0,,3.0,,8.0,,5.0,48.0,10,43.48,,,,,,,,,,,,,,,,,,,,,,,,,,0,,,,,,,Sudah kerjasama BPJS,,1,1,100.0
3174041,RS Jiwa Dr. Soeharto Heerdjan,RSK Jiwa,RS Khusus,A,Kemkes,RS Publik,DKI Jakarta,Kota Jakarta Barat,14.0,2.0,1.0,,1.0,1.0,,,,,1.0,,,1.0,,,,,1.0,2.0,,,,16.0,1.0,8.0,47.0,10,43.48,,,,,,,,,,,,,,,,,,,,,,,,,,0,,,,,,,,,0,0,
3174052,RS Umum Grha Kedoya,RSU,RS Umum,B,Swasta,RS Privat,DKI Jakarta,Kota Jakarta Barat,29.0,12.0,13.0,17.0,10.0,6.0,,,17.0,,13.0,,,10.0,,6.0,,2.0,2.0,7.0,1.0,8.0,,27.0,,9.0,149.0,14,60.87,,,,,,,,,,,,,,,,,,,,,,,,,,0,,,,,,,,,0,0,
3174063,RS Kanker Dharmais,RSK KANKER,RS Khusus,A,Kemkes,RS Publik,DKI Jakarta,Kota Jakarta Barat,82.0,2.0,14.0,7.0,7.0,3.0,3.0,12.0,7.0,,14.0,2.0,1.0,7.0,8.0,8.0,,9.0,11.0,7.0,8.0,9.0,3.0,74.0,7.0,47.0,324.0,21,91.3,1.0,1.0,1.0,2.0,2.0,1.0,4.0,1.0,,1.0,3.0,3.0,,2.0,1.0,1.0,,1.0,1.0,,1.0,False,26.0,16.0,80.0,1,Sudah kerjasama BPJS,,Sudah kerjasama BPJS,Sudah kerjasama BPJS,Sudah kerjasama BPJS,Belum kerjasama BPJS,Sudah kerjasama BPJS,Belum kerjasama BPJS,7,5,71.43
3174074,RS Umum Daerah Cengkareng,RSU,RS Umum,B,Pemprop,RS Publik,DKI Jakarta,Kota Jakarta Barat,47.0,,4.0,6.0,4.0,4.0,1.0,1.0,6.0,,4.0,,,4.0,,3.0,,1.0,2.0,4.0,,4.0,,34.0,1.0,12.0,128.0,15,65.22,0.0,1.0,1.0,0.0,1.0,0.0,1.0,0.0,,1.0,0.0,1.0,,1.0,0.0,1.0,,,0.0,,1.0,False,8.0,8.0,75.0,1,Sudah kerjasama BPJS,,Sudah kerjasama BPJS,Sudah kerjasama BPJS,Sudah kerjasama BPJS,,Sudah kerjasama BPJS,,5,5,100.0
3174260,RS Anak dan Bunda Harapan Kita,RSIA,RS Khusus,A,Kemkes,RS Publik,DKI Jakarta,Kota Jakarta Barat,20.0,2.0,3.0,14.0,24.0,,,,14.0,1.0,3.0,,,24.0,2.0,,,2.0,2.0,3.0,,8.0,,34.0,1.0,13.0,129.0,14,60.87,,,,,,,,,,,,,,,1.0,1.0,,,,,1.0,False,2.0,2.0,10.0,1,,,Sudah kerjasama BPJS,,Sudah kerjasama BPJS,Belum kerjasama BPJS,Sudah kerjasama BPJS,,4,3,75.0
3174282,RS Jantung dan Pembuluh Darah Harapan Kita,RSK JANTUNG,RS Khusus,A,Kemkes,RS Publik,DKI Jakarta,Kota Jakarta Barat,164.0,2.0,3.0,,5.0,1.0,,,,,3.0,,,5.0,,2.0,,,3.0,5.0,,16.0,1.0,70.0,2.0,46.0,320.0,13,56.52,,1.0,0.0,,,,,,,,,,,,1.0,1.0,,,,,1.0,False,3.0,3.0,20.0,1,,,,Sudah kerjasama BPJS,,,,,1,1,100.0
3174351,RS Umum Siloam Hospitals Kebon Jeruk,RSU,RS Umum,B,Swasta,RS Privat,DKI Jakarta,Kota Jakarta Barat,59.0,9.0,23.0,10.0,13.0,7.0,,,10.0,,23.0,,,13.0,,5.0,,2.0,1.0,7.0,2.0,9.0,,20.0,1.0,11.0,179.0,15,65.22,,,,,,,,,,,,,,,,,,,,,,,,,,0,,,,,,,,,0,0,
3174416,RS Umum Patria IKKT,RSU,RS Umum,C,Swasta Non Profit,RS Publik,DKI Jakarta,Kota Jakarta Barat,2.0,1.0,4.0,2.0,,2.0,,,2.0,,4.0,,,,,1.0,,,1.0,,,3.0,,1.0,,4.0,21.0,10,43.48,,,,,,,,,,,,,,,,,,,,,,,,,,0,,,,,,,Sudah kerjasama BPJS,,1,1,100.0
3174420,RS Umum Medika Permata Hijau,RSU,RS Umum,C,Swasta,RS Privat,DKI Jakarta,Kota Jakarta Barat,11.0,4.0,6.0,3.0,2.0,3.0,,,3.0,,6.0,,,2.0,,1.0,,1.0,1.0,2.0,,3.0,,9.0,1.0,6.0,53.0,14,60.87,,,,,,,,,,,,,,,,,,,,,,,,,,0,,,,,,Belum kerjasama BPJS,Sudah kerjasama BPJS,,2,1,50.0
3174431,RS Umum Hermina Daan Mogot,RSU,RS Umum,B,Swasta,RS Privat,DKI Jakarta,Kota Jakarta Barat,34.0,4.0,6.0,17.0,15.0,5.0,1.0,1.0,17.0,1.0,6.0,,1.0,15.0,,4.0,,2.0,2.0,4.0,,9.0,,26.0,,11.0,143.0,17,73.91,,,,,,,,,,,,,,,,,,,,,,,,,,0,Sudah kerjasama BPJS,,,Belum kerjasama BPJS,,Belum kerjasama BPJS,Sudah kerjasama BPJS,,4,2,50.0
3174453,RS Umum Cinta Kasih Tzu Chi,RSU,RS Umum,C,Swasta Non Profit,RS Publik,DKI Jakarta,Kota Jakarta Barat,18.0,6.0,5.0,3.0,5.0,3.0,,,3.0,,5.0,,,5.0,,,,,1.0,3.0,,2.0,,12.0,,8.0,66.0,11,47.83,,,,,,,,,,,,,,,,,,,,,,,,,,0,,,,,,,Sudah kerjasama BPJS,,1,1,100.0
3174486,RS Umum  Royal Taruma,RSU,RS Umum,B,Swasta,RS Privat,DKI Jakarta,Kota Jakarta Barat,22.0,7.0,9.0,5.0,7.0,3.0,1.0,,5.0,,9.0,1.0,,7.0,,4.0,,2.0,2.0,6.0,,3.0,,16.0,,9.0,97.0,15,65.22,,,,,,,,,,,,,,,,,,,,,,,,,,0,,,,,,,,,0,0,
3174497,RS Ibu dan Anak Metro Hospitals Kebon Jeruk,RSIA,RS Khusus,C,Swasta,RS Privat,DKI Jakarta,Kota Jakarta Barat,3.0,,1.0,3.0,,,,,3.0,,1.0,,,,,,,,,,,,,6.0,,4.0,17.0,5,21.74,,,,,,,,,,,,,,,,,,,,,,,,,,0,,,,,,,,,0,0,
3174508,RS Pondok Indah Puri Indah ,RSU,RS Umum,B,Swasta,RS Privat,DKI Jakarta,Kota Jakarta Barat,30.0,6.0,13.0,12.0,8.0,3.0,,,12.0,,13.0,,,8.0,,4.0,,,1.0,5.0,,7.0,,30.0,,18.0,137.0,12,52.17,,,,,,,,,,,,,,,,,,,,,,,,,,0,,,,,,,,,0,0,
3174510,RS Umum Anggrek Mas,RSU,RS Umum,D,Swasta,RS Privat,DKI Jakarta,Kota Jakarta Barat,5.0,1.0,1.0,6.0,2.0,,,,6.0,,1.0,,,2.0,,,,,1.0,1.0,,2.0,,,,,19.0,8,34.78,,,,,,,,,,,,,,,,,,,,,,,,,,0,,,,,,,,,0,0,
3174515,RS Khusus Mata Jakarta Eye Center Kedoya,RSK Mata,RS Khusus,A,Swasta,RS Privat,DKI Jakarta,Kota Jakarta Barat,6.0,,2.0,,,,,,,,2.0,,,,,,,,,1.0,,4.0,,4.0,,2.0,19.0,6,26.09,,,,,,,,,,,,,,,,,,,,,,,,,,0,,,,,,,,,0,0,
3174516,RS Ibu dan Anak Ibnu Sina,RSIA,RS Khusus,C,Swasta,RS Privat,DKI Jakarta,Kota Jakarta Barat,5.0,,,4.0,2.0,1.0,,,4.0,,,,,2.0,,,,,,,,1.0,,3.0,,,16.0,6,26.09,,,,,,,,,,,,,,,,,,,,,,,,,,0,,,,,,,,,0,0,
3174517,RS Umum Daerah  Kembangan,RSU,RS Umum,C,Pemprop,RS Publik,DKI Jakarta,Kota Jakarta Barat,,,,,,,,,,,,,,,,,,,,,,,,,,,,0,0.0,,,,,,,,,,,,,,,,,,,,,,,,,,0,,,,,,,Sudah kerjasama BPJS,,1,1,100.0
3174518,RS Umum Daerah Kalideres,RSU,RS Umum,C,Pemprop,RS Publik,DKI Jakarta,Kota Jakarta Barat,20.0,3.0,2.0,3.0,4.0,1.0,,,3.0,,2.0,,,4.0,,1.0,,,1.0,1.0,,2.0,,8.0,,6.0,52.0,12,52.17,,,,,,,,,,,,,,,,,,,,,,,,,,0,,,,,,,Sudah kerjasama BPJS,,1,1,100.0
3174519,RS Umum Mitra Keluarga Kalideres,RSU,RS Umum,C,Swasta,RS Privat,DKI Jakarta,Kota Jakarta Barat,18.0,4.0,12.0,5.0,5.0,,,,5.0,,12.0,,,5.0,,3.0,,1.0,,1.0,,4.0,,24.0,,14.0,91.0,11,47.83,,,,,,,,,,,,,,,,,,,,,,,,,,0,,,,,Sudah kerjasama BPJS,Sudah kerjasama BPJS,Sudah kerjasama BPJS,,3,3,100.0
3174522,RS Umum Ciputra Hospital Citragarden City,RSU,RS Umum,B,Swasta,RS Privat,DKI Jakarta,Kota Jakarta Barat,30.0,14.0,7.0,2.0,5.0,3.0,,,2.0,,7.0,,,5.0,,3.0,,1.0,1.0,3.0,,3.0,,9.0,,10.0,91.0,13,56.52,,,,,,,,,,,,,,,,,,,,,,,,,,0,,,,Belum kerjasama BPJS,,,,,1,0,0.0
3174525,RS Umum Daerah Taman Sari,RSU,RS Umum,D,Pemprop,RS Publik,DKI Jakarta,Kota Jakarta Barat,15.0,3.0,4.0,2.0,2.0,3.0,,,2.0,,4.0,,,2.0,,,,,1.0,1.0,,2.0,,9.0,,6.0,48.0,11,47.83,,,,,,,,,,,,,,,,,,,,,,,,,,0,,,,,,,Sudah kerjasama BPJS,,1,1,100.0
3174527,RS Gigi dan Mulut FKG Universitas Trisakti,RSK GM,RS Khusus,A,Swasta,RS Privat,DKI Jakarta,Kota Jakarta Barat,4.0,58.0,,,,,,,,,,,,,,,,,1.0,,,1.0,,3.0,,3.0,70.0,6,26.09,,,,,,,,,,,,,,,,,,,,,,,,,,0,,,,,,,,,0,0,
3174530,RS Khusus Ibu dan Anak Aries,RSIA,RS Khusus,C,Swasta,RS Privat,DKI Jakarta,Kota Jakarta Barat,2.0,,,3.0,2.0,,,,3.0,,,,,2.0,,,,,,,,1.0,,1.0,,,9.0,5,21.74,,,,,,,,,,,,,,,,,,,,,,,,,,0,,,,,,,,,0,0,
3174531,RS Ukrida,RSU,RS Umum,C,Swasta,RS Privat,DKI Jakarta,Kota Jakarta Barat,21.0,1.0,8.0,4.0,3.0,4.0,,,4.0,,8.0,,,3.0,,,,,1.0,1.0,,5.0,,12.0,1.0,8.0,69.0,12,52.17,,,,,,,,,,,,,,,,,,,,,,,,,,0,,,,,,,Sudah kerjasama BPJS,,1,1,100.0
3174542,RS Umum dr Abdul Radjak Cengkareng,RSU,RS Umum,D,Swasta,RS Privat,DKI Jakarta,Kota Jakarta Barat,2.0,,2.0,1.0,2.0,4.0,,,1.0,,2.0,,,2.0,,,,,1.0,,,2.0,,1.0,,5.0,20.0,9,39.13,,,,,,,,,,,,,,,,,,,,,,,,,,0,,,,,,,Sudah kerjasama BPJS,,1,1,100.0
3171012,RSUP Fatmawati,RSU,RS Umum,A,Kemkes,RS Publik,DKI Jakarta,Kota Jakarta Selatan,57.0,1.0,25.0,19.0,21.0,6.0,3.0,3.0,19.0,,25.0,,,21.0,,5.0,,4.0,5.0,10.0,1.0,23.0,1.0,50.0,4.0,44.0,282.0,18,78.26,1.0,2.0,0.0,1.0,1.0,0.0,5.0,1.0,,1.0,1.0,1.0,,1.0,1.0,1.0,,,1.0,,1.0,False,18.0,13.0,75.0,1,Sudah kerjasama BPJS,,Sudah kerjasama BPJS,,,Sudah kerjasama BPJS,Sudah kerjasama BPJS,Belum kerjasama BPJS,5,4,80.0
3171023,RS Umum Pusat Pertamina,RSU,RS Umum,B,BUMN,RS Privat,DKI Jakarta,Kota Jakarta Selatan,49.0,5.0,12.0,6.0,8.0,3.0,1.0,1.0,6.0,1.0,12.0,,,8.0,1.0,4.0,,3.0,2.0,6.0,3.0,6.0,1.0,44.0,1.0,19.0,176.0,20,86.96,,,,,,,,,,,,,,,,,,,,,,,,,,0,,,,,Sudah kerjasama BPJS,Belum kerjasama BPJS,,,2,1,50.0
3171034,RS Umum AL Cilandak,RSU,RS Umum,B,TNI,RS Publik,DKI Jakarta,Kota Jakarta Selatan,12.0,3.0,1.0,4.0,2.0,1.0,,,4.0,,1.0,,,2.0,,,,,2.0,1.0,,3.0,,6.0,,7.0,42.0,11,47.83,,,,,,,,,,,,,,,,,,,,,,,,,,0,Sudah kerjasama BPJS,,,,,Belum kerjasama BPJS,Sudah kerjasama BPJS,,3,2,66.67
3171045,RS Umum Jakarta,RSU,RS Umum,C,Swasta Non Profit,RS Publik,DKI Jakarta,Kota Jakarta Selatan,19.0,7.0,4.0,3.0,3.0,6.0,,,3.0,,4.0,,,3.0,,2.0,,,1.0,4.0,,5.0,,9.0,,10.0,73.0,12,52.17,,,,,,,,,,,,,,,,,,,,,,,,,,0,,,,,,,Sudah kerjasama BPJS,,1,1,100.0
3171056,RS Khusus Kanker MRCCC Siloam Semanggi,RSK KANKER,RS Khusus,A,Swasta,RS Privat,DKI Jakarta,Kota Jakarta Selatan,48.0,4.0,16.0,7.0,3.0,10.0,3.0,7.0,7.0,,16.0,3.0,6.0,3.0,,7.0,,4.0,3.0,5.0,4.0,6.0,6.0,25.0,3.0,21.0,191.0,20,86.96,,,,,,,,,,,,,,,,,,,,,,,,,,0,Sudah kerjasama BPJS,,Sudah kerjasama BPJS,,,,,,2,2,100.0
3171060,RS Jiwa Dharmawangsa,RSK Jiwa,RS Khusus,C,Swasta Non Profit,RS Publik,DKI Jakarta,Kota Jakarta Selatan,2.0,,,,,,,,,,,,,,,,,,1.0,,,,,2.0,,,5.0,3,13.04,,,,,,,,,,,,,,,,,,,,,,,,,,0,,,,,,,,,0,0,
3171072,RS Umum Dr. Suyoto Pusrehab Kemhan,RSU,RS Umum,B,Kementerian Lain,RS Publik,DKI Jakarta,Kota Jakarta Selatan,53.0,10.0,7.0,6.0,3.0,7.0,3.0,,6.0,1.0,7.0,,,3.0,,3.0,,3.0,2.0,7.0,,5.0,,26.0,1.0,24.0,161.0,16,69.57,,,,,,,,,,,,,,,,,,,,,,,,,,0,,,,,,,Sudah kerjasama BPJS,,1,1,100.0
3171083,RS Ibu dan Anak Avisena,RSIA,RS Khusus,C,Swasta,RS Privat,DKI Jakarta,Kota Jakarta Selatan,2.0,1.0,,5.0,1.0,,,,5.0,,,,,1.0,,,,,,,,1.0,,1.0,,,11.0,6,26.09,,,,,,,,,,,,,,,,,,,,,,,,,,0,,,,,,,,,0,0,
3171216,RS Khusus Ibu dan Anak Panti Nugraha,RSIA,RS Khusus,C,Swasta Non Profit,RS Publik,DKI Jakarta,Kota Jakarta Selatan,4.0,,,1.0,,,,,1.0,,,,,,,,,,,,,,,,,,5.0,2,8.7,,,,,,,,,,,,,,,,,,,,,,,,,,0,,,,,,,,,0,0,
3171286,RS Ibu dan Anak Budhi Jaya,RSIA,RS Khusus,C,Swasta,RS Privat,DKI Jakarta,Kota Jakarta Selatan,11.0,,1.0,10.0,2.0,2.0,,,10.0,,1.0,,,2.0,,,,,,1.0,,3.0,,,,,30.0,7,30.43,,,,,,,,,,,,,,,,,,,,,,,,,,0,,,,,,,,,0,0,
3171413,RS Ibu dan Anak JWCC Asih,RSIA,RS Khusus,C,Swasta,RS Privat,DKI Jakarta,Kota Jakarta Selatan,2.0,,1.0,9.0,7.0,1.0,,,9.0,,1.0,,,7.0,,,,,1.0,,,3.0,,6.0,,1.0,31.0,9,39.13,,,,,,,,,,,,,,,,,,,,,,,,,,0,,,,,,,,,0,0,
3171450,RS Umum Setia Mitra,RSU,RS Umum,C,Swasta Non Profit,RS Publik,DKI Jakarta,Kota Jakarta Selatan,12.0,4.0,9.0,3.0,6.0,3.0,,,3.0,,9.0,,,6.0,,2.0,,1.0,1.0,3.0,,5.0,,4.0,,5.0,58.0,13,56.52,,,,,,,,,,,,,,,,,,,,,,,,,,0,,,,,,,,,0,0,
3171461,RS Umum Tebet,RSU,RS Umum,B,Swasta Non Profit,RS Publik,DKI Jakarta,Kota Jakarta Selatan,21.0,7.0,6.0,1.0,2.0,1.0,1.0,,1.0,,6.0,,1.0,2.0,,1.0,,1.0,1.0,2.0,,2.0,,6.0,,10.0,63.0,15,65.22,,,,,,,,,,,,,,,,,,,,,,,,,,0,Sudah kerjasama BPJS,,,Belum kerjasama BPJS,Sudah kerjasama BPJS,Belum kerjasama BPJS,Sudah kerjasama BPJS,,5,3,60.0
3171504,RS Umum Pondok Indah,RSU,RS Umum,B,Swasta,RS Privat,DKI Jakarta,Kota Jakarta Selatan,40.0,8.0,22.0,27.0,24.0,2.0,1.0,,27.0,,22.0,,,24.0,,4.0,,3.0,2.0,8.0,4.0,14.0,,35.0,,28.0,222.0,15,65.22,,,,,,,,,,,,,,,,,,,,,,,,,,0,,,,,,,,,0,0,
3171511,RS Bedah Siloam Asri,RSK BEDAH,RS Khusus,B,Swasta,RS Privat,DKI Jakarta,Kota Jakarta Selatan,17.0,4.0,9.0,11.0,4.0,4.0,2.0,,11.0,,9.0,,,4.0,,4.0,,,1.0,4.0,,7.0,,9.0,1.0,7.0,84.0,14,60.87,,,,,,,,,,,,,,,,,,,,,,,,,,0,,,,,,,,,0,0,
3171515,RS Umum MMC,RSU,RS Umum,B,Swasta,RS Privat,DKI Jakarta,Kota Jakarta Selatan,40.0,8.0,16.0,9.0,10.0,3.0,3.0,4.0,9.0,,16.0,,1.0,10.0,3.0,4.0,,3.0,3.0,5.0,,9.0,,29.0,1.0,13.0,164.0,18,78.26,,,,,,,,,,,,,,,,,,,,,,,,,,0,,,,,,,,,0,0,
3171552,RS Khusus Bedah THT Yayasan Yurino,RSK BEDAH,RS Khusus,C,Swasta Non Profit,RS Publik,DKI Jakarta,Kota Jakarta Selatan,1.0,,,,,,,,,,,,,,,,,,,,,1.0,,1.0,,2.0,5.0,4,17.39,,,,,,,,,,,,,,,,,,,,,,,,,,0,,,,,,,,,0,0,
3171574,RS Umum Prikasih,RSU,RS Umum,C,Swasta Non Profit,RS Publik,DKI Jakarta,Kota Jakarta Selatan,19.0,5.0,8.0,7.0,9.0,4.0,,,7.0,,8.0,,,9.0,,3.0,,,1.0,3.0,,4.0,,15.0,,6.0,84.0,12,52.17,,,,,,,,,,,,,,,,,,,,,,,,,,0,,,,,,,,,0,0,
3171621,RS Umum Gandaria,RSU,RS Umum,D,Swasta,RS Privat,DKI Jakarta,Kota Jakarta Selatan,21.0,5.0,5.0,5.0,2.0,2.0,,,5.0,,5.0,,,2.0,,1.0,,,1.0,3.0,,1.0,,2.0,,3.0,51.0,12,52.17,,,,,,,,,,,,,,,,,,,,,,,,,,0,,,,,,,,,0,0,
3171632,RS Umum Agung,RSU,RS Umum,C,Swasta Non Profit,RS Publik,DKI Jakarta,Kota Jakarta Selatan,10.0,1.0,6.0,3.0,2.0,2.0,,,3.0,,6.0,,,2.0,,3.0,,,1.0,2.0,,1.0,,6.0,,3.0,40.0,12,52.17,,,,,,,,,,,,,,,,,,,,,,,,,,0,,,,,,,Sudah kerjasama BPJS,,1,1,100.0
3171643,RS Orthopedi Siaga Raya,RSK Orthopedi,RS Khusus,C,Swasta Non Profit,RS Publik,DKI Jakarta,Kota Jakarta Selatan,7.0,4.0,1.0,1.0,2.0,2.0,,,1.0,,1.0,,,2.0,,2.0,,,1.0,1.0,,2.0,,5.0,,6.0,34.0,12,52.17,,,,,,,,,,,,,,,,,,,,,,,,,,0,,,,,,,,,0,0,
3171665,RS Umum Medistra,RSU,RS Umum,B,Swasta,RS Privat,DKI Jakarta,Kota Jakarta Selatan,67.0,7.0,38.0,16.0,13.0,10.0,,,16.0,,38.0,,,13.0,,2.0,,2.0,3.0,9.0,2.0,12.0,,42.0,1.0,13.0,237.0,15,65.22,,,,,,,,,,,,,,,,,,,,,,,,,,0,,,,,,,,,0,0,
3171680,RS Umum Tria Dipa,RSU,RS Umum,C,Swasta,RS Privat,DKI Jakarta,Kota Jakarta Selatan,21.0,4.0,4.0,4.0,5.0,2.0,,,4.0,,4.0,,,5.0,,1.0,,,1.0,1.0,,3.0,,1.0,,2.0,49.0,12,52.17,,,,,,,,,,,,,,,,,,,,,,,,,,0,,,,,,,Sudah kerjasama BPJS,,1,1,100.0
3171691,RS Gigi dan Mulut Univ. Prof. Moestopo,RSK GM,RS Khusus,B,Swasta Non Profit,RS Publik,DKI Jakarta,Kota Jakarta Selatan,6.0,33.0,,,,,,,,,,,,,,,,,,,,1.0,,,,,40.0,3,13.04,,,,,,,,,,,,,,,,,,,,,,,,,,0,,,,,,,,,0,0,
3171702,RS Umum Zahirah,RSU,RS Umum,C,Swasta,RS Privat,DKI Jakarta,Kota Jakarta Selatan,11.0,4.0,3.0,4.0,3.0,2.0,,,4.0,,3.0,,,3.0,,2.0,,,1.0,1.0,,3.0,,14.0,,6.0,54.0,12,52.17,,,,,,,,,,,,,,,,,,,,,,,,,,0,,,,,,,,,0,0,
3171713,RS Umum Kartini,RSU,RS Umum,C,Swasta,RS Privat,DKI Jakarta,Kota Jakarta Selatan,9.0,4.0,2.0,3.0,3.0,1.0,,,3.0,,2.0,,,3.0,,,,,1.0,,,4.0,,6.0,,2.0,35.0,10,43.48,,,,,,,,,,,,,,,,,,,,,,,,,,0,,,,,,,,,0,0,
3171724,RS Khusus Ibu dan Anak Brawijaya,RSIA,RS Khusus,B,Swasta,RS Privat,DKI Jakarta,Kota Jakarta Selatan,14.0,1.0,6.0,24.0,16.0,4.0,,1.0,24.0,,6.0,,,16.0,,,,1.0,1.0,1.0,,6.0,,13.0,,4.0,92.0,13,56.52,,,,,,,,,,,,,,,,,,,,,,,,,,0,,,,,,,,,0,0,
3171735,RS Umum Jakarta Medical Center (JMC),RSU,RS Umum,C,Swasta,RS Privat,DKI Jakarta,Kota Jakarta Selatan,27.0,5.0,5.0,4.0,6.0,2.0,,,4.0,,5.0,,,6.0,,1.0,,1.0,,2.0,,4.0,,23.0,,6.0,86.0,12,52.17,,,,,,,,,,,,,,,,,,,,,,,,,,0,,,,,,,,,0,0,
3171746,RS Umum Aulia,RSU,RS Umum,C,Swasta,RS Privat,DKI Jakarta,Kota Jakarta Selatan,14.0,4.0,3.0,7.0,5.0,5.0,,,7.0,,3.0,,,5.0,,2.0,,,1.0,3.0,,6.0,,10.0,1.0,7.0,68.0,13,56.52,,,,,,,,,,,,,,,,,,,,,,,,,,0,,,,,,,Sudah kerjasama BPJS,,1,1,100.0
3171757,RS Ibu dan Anak Brawijaya Durentiga,RSIA,RS Khusus,C,Swasta,RS Privat,DKI Jakarta,Kota Jakarta Selatan,19.0,5.0,3.0,12.0,12.0,2.0,,,12.0,,3.0,,,12.0,,,,,1.0,2.0,,5.0,,6.0,,3.0,70.0,11,47.83,,,,,,,,,,,,,,,,,,,,,,,,,,0,,,,,,,,,0,0,
3171781,RS Muhammadiyah Taman Puring,RSU,RS Umum,C,Swasta Non Profit,RS Publik,DKI Jakarta,Kota Jakarta Selatan,13.0,7.0,5.0,8.0,6.0,2.0,,,8.0,,5.0,,,6.0,,1.0,,,1.0,1.0,,3.0,,7.0,,4.0,58.0,12,52.17,,,,,,,,,,,,,,,,,,,,,,,,,,0,,,,Belum kerjasama BPJS,,,Sudah kerjasama BPJS,,2,1,50.0
3171782,RS Umum Andhika,RSU,RS Umum,C,Swasta Non Profit,RS Publik,DKI Jakarta,Kota Jakarta Selatan,25.0,6.0,3.0,5.0,3.0,2.0,,,5.0,,3.0,,,3.0,,2.0,,,1.0,1.0,,3.0,,10.0,,4.0,65.0,12,52.17,,,,,,,,,,,,,,,,,,,,,,,,,,0,,,,,,,Sudah kerjasama BPJS,,1,1,100.0
3171783,RS Ibu dan Anak Kemang Medical Care,RSIA,RS Khusus,B,Swasta,RS Privat,DKI Jakarta,Kota Jakarta Selatan,19.0,4.0,3.0,11.0,14.0,3.0,,,11.0,,3.0,,,14.0,,,,,1.0,2.0,,4.0,,6.0,,1.0,68.0,11,47.83,,,,,,,,,,,,,,,,,,,,,,,,,,0,,,,,,,,,0,0,
3171784,RS Yadika Kebayoran Lama,RSU,RS Umum,C,Swasta,RS Privat,DKI Jakarta,Kota Jakarta Selatan,12.0,2.0,2.0,5.0,3.0,2.0,,,5.0,,2.0,,,3.0,,,,,1.0,1.0,,1.0,,2.0,,3.0,34.0,11,47.83,,,,,,,,,,,,,,,,,,,,,,,,,,0,,,,,,,,,0,0,
3171785,RS Umum Bhayangkara Lemdiklat Polri,RSU,RS Umum,C,POLRI,RS Publik,DKI Jakarta,Kota Jakarta Selatan,13.0,3.0,4.0,3.0,3.0,2.0,,,3.0,,4.0,,,3.0,,1.0,,,1.0,1.0,,4.0,,6.0,1.0,4.0,46.0,13,56.52,,,,,,,,,,,,,,,,,,,,,,,,,,0,,,,,,,Sudah kerjasama BPJS,,1,1,100.0
3171786,RS Umum Mayapada,RSU,RS Umum,B,Swasta,RS Privat,DKI Jakarta,Kota Jakarta Selatan,48.0,,25.0,17.0,12.0,6.0,4.0,3.0,17.0,,25.0,,,12.0,1.0,7.0,,1.0,2.0,10.0,1.0,12.0,,52.0,1.0,17.0,219.0,17,73.91,,,,,,,,,,,,,,,,,,,,,,,,,,0,Sudah kerjasama BPJS,,Sudah kerjasama BPJS,,Sudah kerjasama BPJS,Belum kerjasama BPJS,Sudah kerjasama BPJS,,5,4,80.0
3171789,RS Umum Siloam TB Simatupang,RSU,RS Umum,B,Swasta,RS Privat,DKI Jakarta,Kota Jakarta Selatan,36.0,5.0,19.0,7.0,12.0,5.0,1.0,2.0,7.0,,19.0,,,12.0,,3.0,,1.0,3.0,8.0,6.0,5.0,1.0,26.0,3.0,9.0,152.0,18,78.26,,,,,,,,,,,,,,,,,,,,,,,,,,0,,,,,,,,,0,0,
3171790,RS Umum Daerah Tebet,RSU,RS Umum,C,Pemprop,RS Publik,DKI Jakarta,Kota Jakarta Selatan,22.0,2.0,3.0,3.0,2.0,2.0,,,3.0,,3.0,,,2.0,,,,,1.0,1.0,,2.0,,12.0,,6.0,56.0,11,47.83,,,,,,,,,,,,,,,,,,,,,,,,,,0,,,,,,,Sudah kerjasama BPJS,,1,1,100.0
3171791,RS Umum Daerah Pesanggrahan,RSU,RS Umum,C,Pemprop,RS Publik,DKI Jakarta,Kota Jakarta Selatan,29.0,8.0,3.0,3.0,2.0,2.0,,,3.0,,3.0,,,2.0,,,,,1.0,1.0,,1.0,,10.0,,8.0,68.0,11,47.83,,,,,,,,,,,,,,,,,,,,,,,,,,0,,,,,,,Sudah kerjasama BPJS,,1,1,100.0
3171792,RS Umum Daerah Jagakarsa,RSU,RS Umum,D,Pemprop,RS Publik,DKI Jakarta,Kota Jakarta Selatan,14.0,4.0,2.0,2.0,4.0,1.0,,,2.0,,2.0,,,4.0,,,,,1.0,1.0,,2.0,,8.0,,5.0,44.0,11,47.83,,,,,,,,,,,,,,,,,,,,,,,,,,0,,,,,,,Sudah kerjasama BPJS,,1,1,100.0
3171793,RS Umum Daerah Mampang Prapatan,RSU,RS Umum,D,Pemprop,RS Publik,DKI Jakarta,Kota Jakarta Selatan,17.0,1.0,3.0,3.0,2.0,1.0,,,3.0,,3.0,,,2.0,,1.0,,,1.0,2.0,,2.0,,9.0,,5.0,47.0,12,52.17,,,,,,,,,,,,,,,,,,,,,,,,,,0,,,,,,,,,0,0,
3171795,RS Umum Daerah Pasar Minggu,RSU,RS Umum,B,Pemprop,RS Publik,DKI Jakarta,Kota Jakarta Selatan,41.0,2.0,5.0,4.0,4.0,4.0,,1.0,4.0,,5.0,,,4.0,,4.0,,2.0,2.0,3.0,3.0,4.0,,27.0,2.0,14.0,122.0,16,69.57,0.0,1.0,0.0,1.0,1.0,0.0,1.0,0.0,,0.0,1.0,1.0,,1.0,0.0,1.0,,,0.0,,1.0,False,8.0,8.0,75.0,1,Sudah kerjasama BPJS,,,,Sudah kerjasama BPJS,Sudah kerjasama BPJS,Sudah kerjasama BPJS,Belum kerjasama BPJS,5,4,80.0
3171796,RS Umum Petukangan,RSU,RS Umum,D,Swasta,RS Privat,DKI Jakarta,Kota Jakarta Selatan,10.0,4.0,2.0,2.0,2.0,1.0,,,2.0,,2.0,,,2.0,,,,,1.0,1.0,,1.0,,5.0,,4.0,33.0,11,47.83,,,,,,,,,,,,,,,,,,,,,,,,,,0,,,,,,,Sudah kerjasama BPJS,,1,1,100.0
3171798,RS Umum Ali Sibroh Malisi,RSU,RS Umum,C,Swasta,RS Privat,DKI Jakarta,Kota Jakarta Selatan,20.0,4.0,2.0,2.0,2.0,3.0,,,2.0,,2.0,,,2.0,,1.0,,,1.0,2.0,,2.0,,6.0,,2.0,47.0,12,52.17,,,,,,,,,,,,,,,,,,,,,,,,,,0,,,,,,,Sudah kerjasama BPJS,,1,1,100.0
3171800,RS Umum Daerah Jati Padang,RSU,RS Umum,D,Pemprop,RS Publik,DKI Jakarta,Kota Jakarta Selatan,19.0,2.0,4.0,3.0,2.0,2.0,,,3.0,,4.0,,,2.0,,,,,1.0,2.0,,3.0,,8.0,,5.0,51.0,11,47.83,,,,,,,,,,,,,,,,,,,,,,,,,,0,,,,,,,Sudah kerjasama BPJS,,1,1,100.0
3171801,RS Umum Daerah Kebayoran Baru,RSU,RS Umum,D,Pemprop,RS Publik,DKI Jakarta,Kota Jakarta Selatan,20.0,3.0,3.0,4.0,4.0,2.0,,,4.0,,3.0,,,4.0,,,,,1.0,1.0,,2.0,,5.0,,4.0,49.0,11,47.83,,,,,,,,,,,,,,,,,,,,,,,,,,0,,,,,,,Sudah kerjasama BPJS,,1,1,100.0
3171802,RS Khusus Bedah Halimun,RSK BEDAH,RS Khusus,C,Swasta,RS Privat,DKI Jakarta,Kota Jakarta Selatan,4.0,,1.0,,,1.0,,,,,1.0,,,,,,,,1.0,1.0,,1.0,,2.0,,3.0,14.0,8,34.78,,,,,,,,,,,,,,,,,,,,,,,,,,0,,,,,,,,,0,0,
3171803,RS Umum Daerah Kebayoran Lama,RSU,RS Umum,D,Pemprop,RS Publik,DKI Jakarta,Kota Jakarta Selatan,14.0,3.0,3.0,3.0,3.0,1.0,,,3.0,,3.0,,,3.0,,,,,1.0,1.0,,3.0,,8.0,,5.0,45.0,11,47.83,,,,,,,,,,,,,,,,,,,,,,,,,,0,,,,,,,Sudah kerjasama BPJS,,1,1,100.0
3171804,RS Khusus Mata Nusantara,RSK Mata,RS Khusus,C,Swasta,RS Privat,DKI Jakarta,Kota Jakarta Selatan,4.0,,,,,,,,,,,,,,,,,,1.0,1.0,,2.0,,3.0,,1.0,12.0,6,26.09,,,,,,,,,,,,,,,,,,,,,,,,,,0,,,,,,,,,0,0,
3171805,RS Umum Siloam Mampang,RSU,RS Umum,Belum Ditetapkan,Swasta,RS Privat,DKI Jakarta,Kota Jakarta Selatan,13.0,1.0,6.0,7.0,3.0,5.0,,,7.0,,6.0,,,3.0,,4.0,,,1.0,1.0,,3.0,,7.0,,4.0,55.0,12,52.17,,,,,,,,,,,,,,,,,,,,,,,,,,0,,,,,,,,,0,0,
3171806,Mayapada Hospital Kuningan,RSU,RS Umum,D,Swasta,RS Privat,DKI Jakarta,Kota Jakarta Selatan,15.0,,9.0,6.0,3.0,3.0,,,6.0,,9.0,,,3.0,,1.0,,,1.0,4.0,,4.0,,11.0,,11.0,68.0,11,47.83,,,,,,,,,,,,,,,,,,,,,,,,,,0,,,,,,,,,0,0,
3171807,RS Brawijaya Saharjo,RSU,RS Umum,C,Swasta,RS Privat,DKI Jakarta,Kota Jakarta Selatan,10.0,3.0,4.0,18.0,9.0,5.0,,,18.0,,4.0,,,9.0,,1.0,,,1.0,7.0,,5.0,,6.0,,5.0,74.0,12,52.17,,,,,,,,,,,,,,,,,,,,,,,,,,0,,,,,,,,,0,0,
3171911,RS Ibu dan Anak SamMarie Wijaya,RSIA,RS Khusus,C,Swasta,RS Privat,DKI Jakarta,Kota Jakarta Selatan,7.0,2.0,2.0,7.0,4.0,1.0,,,7.0,,2.0,,,4.0,,,,,1.0,2.0,,3.0,,5.0,,2.0,36.0,11,47.83,,,,,,,,,,,,,,,,,,,,,,,,,,0,,,,,,,,,0,0,
3171912,RS Jantung dan Pembuluh Darah Heartology,RSK JANTUNG,RS Khusus,C,Swasta,RS Privat,DKI Jakarta,Kota Jakarta Selatan,,,,,,,,,,,,,,,,,,,,,,,,,,,,0,0.0,,,,,,,,,,,,,,,,,,,,,,,,,,0,,,,,,,,,0,0,
3171435,RS Ketergantungan Obat,RSKO,RS Khusus,B,Kemkes,RS Publik,DKI Jakarta,Kota Jakarta Timur,25.0,2.0,1.0,,1.0,,,,,,1.0,,,1.0,,1.0,,,1.0,,,,,16.0,,6.0,53.0,8,34.78,,,,,,,,,,,,,,,,,,,,,,,,,,0,,,,,,,Sudah kerjasama BPJS,,1,1,100.0
3172013,RSUP Persahabatan,RSU,RS Umum,A,Kemkes,RS Publik,DKI Jakarta,Kota Jakarta Timur,248.0,4.0,12.0,9.0,12.0,1.0,4.0,3.0,9.0,2.0,12.0,1.0,2.0,12.0,,12.0,3.0,5.0,2.0,4.0,3.0,7.0,,55.0,6.0,37.0,432.0,21,91.3,1.0,2.0,2.0,2.0,0.0,0.0,2.0,1.0,,1.0,2.0,1.0,,3.0,1.0,1.0,,2.0,1.0,,1.0,False,22.0,14.0,80.0,1,Sudah kerjasama BPJS,,Sudah kerjasama BPJS,,,Sudah kerjasama BPJS,Sudah kerjasama BPJS,Belum kerjasama BPJS,5,4,80.0
3172024,RS Umum Daerah Budhi Asih,RSU,RS Umum,B,Pemprop,RS Publik,DKI Jakarta,Kota Jakarta Timur,33.0,,7.0,4.0,5.0,3.0,,,4.0,,7.0,,,5.0,,3.0,,2.0,2.0,3.0,,3.0,,42.0,1.0,14.0,122.0,13,56.52,0.0,1.0,0.0,0.0,1.0,0.0,0.0,0.0,,0.0,0.0,0.0,,1.0,0.0,1.0,,,1.0,,1.0,False,5.0,5.0,75.0,1,,,,Sudah kerjasama BPJS,,Sudah kerjasama BPJS,Sudah kerjasama BPJS,,3,3,100.0
3172035,RS Umum Pengayoman Cipinang,RSU,RS Umum,D,Kementerian Lain,RS Publik,DKI Jakarta,Kota Jakarta Timur,28.0,6.0,2.0,1.0,1.0,1.0,,,1.0,,2.0,,,1.0,,2.0,,,1.0,1.0,,1.0,,8.0,,5.0,57.0,12,52.17,,,,,,,,,,,,,,,,,,,,,,,,,,0,,,,,,,,,0,0,
3172050,RS Pusdikkes,RSU,RS Umum,C,TNI,RS Publik,DKI Jakarta,Kota Jakarta Timur,37.0,2.0,1.0,,1.0,1.0,,,,,1.0,,,1.0,,,,,1.0,1.0,,2.0,,7.0,,2.0,55.0,10,43.48,,,,,,,,,,,,,,,,,,,,,,,,,,0,,,,,,,Sudah kerjasama BPJS,,1,1,100.0
3172061,RS Angkatan Udara dr. Esnawan Antariksa,RSU,RS Umum,B,TNI,RS Publik,DKI Jakarta,Kota Jakarta Timur,27.0,2.0,4.0,4.0,6.0,5.0,,,4.0,,4.0,,,6.0,,2.0,,1.0,2.0,3.0,,1.0,,17.0,,20.0,94.0,13,56.52,,,,,,,,,,,,,,,,,,,,,,,,,,0,,Belum kerjasama BPJS,,,Sudah kerjasama BPJS,Sudah kerjasama BPJS,Sudah kerjasama BPJS,,4,3,75.0
3172072,RS Umum Bhayangkara Tk. I R.Said Sukanto,RSU,RS Umum,A,POLRI,RS Publik,DKI Jakarta,Kota Jakarta Timur,92.0,9.0,9.0,9.0,6.0,6.0,3.0,2.0,9.0,1.0,9.0,,,6.0,,7.0,,2.0,2.0,3.0,,11.0,,50.0,,31.0,243.0,16,69.57,,,,,,,,,,,,,,,,,,,,,,,,,,0,Sudah kerjasama BPJS,,Sudah kerjasama BPJS,,,Belum kerjasama BPJS,Sudah kerjasama BPJS,,4,3,75.0
3172083,RS Tk. IV Cijantung,RSU,RS Umum,C,TNI,RS Publik,DKI Jakarta,Kota Jakarta Timur,36.0,3.0,3.0,3.0,5.0,1.0,,,3.0,,3.0,,,5.0,,2.0,,,1.0,1.0,,2.0,,4.0,,4.0,65.0,12,52.17,,,,,,,,,,,,,,,,,,,,,,,,,,0,,,,,,,Sudah kerjasama BPJS,,1,1,100.0
3172094,RS Umum Universitas Kristen Indonesia,RSU,RS Umum,B,Swasta Non Profit,RS Publik,DKI Jakarta,Kota Jakarta Timur,20.0,,4.0,2.0,3.0,3.0,1.0,,2.0,,4.0,,1.0,3.0,,2.0,,1.0,2.0,3.0,,3.0,,13.0,1.0,8.0,67.0,15,65.22,,,,,,,,,,,,,,,,,,,,,,,,,,0,,,,Sudah kerjasama BPJS,,Sudah kerjasama BPJS,Sudah kerjasama BPJS,,3,3,100.0
3172126,RS Umum Daerah Pasar Rebo,RSU,RS Umum,B,Pemprop,RS Publik,DKI Jakarta,Kota Jakarta Timur,32.0,3.0,3.0,5.0,1.0,2.0,,,5.0,,3.0,,,1.0,1.0,3.0,,2.0,1.0,3.0,,4.0,,32.0,1.0,14.0,107.0,15,65.22,0.0,1.0,1.0,0.0,0.0,0.0,2.0,1.0,,0.0,0.0,1.0,,2.0,0.0,1.0,,,1.0,,1.0,False,10.0,8.0,75.0,1,,,Sudah kerjasama BPJS,Belum kerjasama BPJS,Sudah kerjasama BPJS,Sudah kerjasama BPJS,Sudah kerjasama BPJS,,5,4,80.0
3172137,RS Ibu dan Anak Sayyidah,RSIA,RS Khusus,C,Swasta,RS Privat,DKI Jakarta,Kota Jakarta Timur,10.0,2.0,1.0,6.0,5.0,1.0,,,6.0,,1.0,,,5.0,,,,,1.0,1.0,,1.0,,2.0,,,30.0,10,43.48,,,,,,,,,,,,,,,,,,,,,,,,,,0,,,,,,,Sudah kerjasama BPJS,,1,1,100.0
3172206,RS Umum Premier Jatinegara,RSU,RS Umum,B,Swasta,RS Privat,DKI Jakarta,Kota Jakarta Timur,35.0,8.0,7.0,6.0,8.0,4.0,2.0,1.0,6.0,2.0,7.0,2.0,,8.0,,3.0,,3.0,2.0,3.0,,6.0,,35.0,,12.0,139.0,17,73.91,,,,,,,,,,,,,,,,,,,,,,,,,,0,Sudah kerjasama BPJS,,,,,Belum kerjasama BPJS,Sudah kerjasama BPJS,,3,2,66.67
3172243,RS Umum Hermina Jatinegara,RSU,RS Umum,B,Swasta,RS Privat,DKI Jakarta,Kota Jakarta Timur,35.0,11.0,15.0,44.0,34.0,11.0,,,44.0,,15.0,,,34.0,,2.0,,2.0,2.0,3.0,,10.0,,29.0,,8.0,206.0,13,56.52,,,,,,,,,,,,,,,,,,,,,,,,,,0,Sudah kerjasama BPJS,,Sudah kerjasama BPJS,Belum kerjasama BPJS,Sudah kerjasama BPJS,Sudah kerjasama BPJS,Sudah kerjasama BPJS,,6,5,83.33
3172301,RS Khusus Bedah Rawamangun,RSK BEDAH,RS Khusus,C,Swasta Non Profit,RS Publik,DKI Jakarta,Kota Jakarta Timur,3.0,,2.0,3.0,1.0,3.0,,,3.0,,2.0,,,1.0,,1.0,,,1.0,,,2.0,,4.0,,3.0,23.0,10,43.48,,,,,,,,,,,,,,,,,,,,,,,,,,0,,,,,,,Sudah kerjasama BPJS,,1,1,100.0
3172495,RS EMC Pulomas,RSU,RS Umum,B,Swasta,RS Privat,DKI Jakarta,Kota Jakarta Timur,,,,,,,,,,,,,,,,,,,,,,,,,,,,0,0.0,,,,,,,,,,,,,,,,,,,,,,,,,,0,,,,,Sudah kerjasama BPJS,Belum kerjasama BPJS,Sudah kerjasama BPJS,,3,2,66.67
3172505,RS Islam Jakarta Pondok Kopi,RSU,RS Umum,B,Swasta Non Profit,RS Publik,DKI Jakarta,Kota Jakarta Timur,35.0,1.0,10.0,4.0,4.0,3.0,,,4.0,,10.0,,,4.0,,4.0,,,1.0,2.0,,3.0,,12.0,,9.0,88.0,12,52.17,,,,,,,,,,,,,,,,,,,,,,,,,,0,,,,Sudah kerjasama BPJS,,Belum kerjasama BPJS,Sudah kerjasama BPJS,,3,2,66.67
3172516,RS Umum Kartika Pulo Mas,RSU,RS Umum,C,Swasta Non Profit,RS Publik,DKI Jakarta,Kota Jakarta Timur,25.0,,8.0,4.0,5.0,4.0,,,4.0,,8.0,,,5.0,,2.0,,,1.0,2.0,,3.0,,14.0,,8.0,76.0,11,47.83,,,,,,,,,,,,,,,,,,,,,,,,,,0,,,,,,,Sudah kerjasama BPJS,,1,1,100.0
3172520,RS Umum Harum,RSU,RS Umum,C,Swasta Non Profit,RS Publik,DKI Jakarta,Kota Jakarta Timur,17.0,4.0,5.0,5.0,4.0,3.0,,,5.0,,5.0,,,4.0,1.0,1.0,,,1.0,2.0,,3.0,,6.0,1.0,7.0,60.0,14,60.87,,,,,,,,,,,,,,,,,,,,,,,,,,0,,,,,,,Sudah kerjasama BPJS,,1,1,100.0
3172531,RS Umum Harapan Jayakarta,RSU,RS Umum,C,Swasta Non Profit,RS Publik,DKI Jakarta,Kota Jakarta Timur,9.0,,6.0,2.0,2.0,1.0,,,2.0,,6.0,,,2.0,,2.0,,,1.0,1.0,,1.0,,6.0,,2.0,33.0,11,47.83,,,,,,,,,,,,,,,,,,,,,,,,,,0,,,,,,,Sudah kerjasama BPJS,,1,1,100.0
3172553,RS Umum Harapan Bunda,RSU,RS Umum,B,Swasta,RS Privat,DKI Jakarta,Kota Jakarta Timur,23.0,8.0,10.0,8.0,9.0,5.0,2.0,1.0,8.0,,10.0,,,9.0,,3.0,,,2.0,4.0,,5.0,,17.0,,10.0,107.0,14,60.87,,,,,,,,,,,,,,,,,,,,,,,,,,0,Sudah kerjasama BPJS,,,,,,,,1,1,100.0
3172590,RS Umum Yadika,RSU,RS Umum,C,Swasta Non Profit,RS Publik,DKI Jakarta,Kota Jakarta Timur,11.0,5.0,3.0,4.0,3.0,2.0,,,4.0,,3.0,,,3.0,,2.0,,,1.0,1.0,,2.0,,9.0,1.0,6.0,50.0,13,56.52,,,,,,,,,,,,,,,,,,,,,,,,,,0,,,,,,,Sudah kerjasama BPJS,,1,1,100.0
3172702,RS Umum Dharma Nugraha,RSU,RS Umum,C,Swasta,RS Privat,DKI Jakarta,Kota Jakarta Timur,9.0,4.0,3.0,2.0,2.0,5.0,,,2.0,,3.0,,,2.0,,1.0,,,,,1.0,3.0,,,,1.0,31.0,10,43.48,,,,,,,,,,,,,,,,,,,,,,,,,,0,,,,,,,,,0,0,
3172713,RS Umum Mediros,RSU,RS Umum,C,Swasta,RS Privat,DKI Jakarta,Kota Jakarta Timur,10.0,,1.0,,,,,,,,1.0,,,,,1.0,,,1.0,,,,,3.0,,3.0,19.0,6,26.09,,,,,,,,,,,,,,,,,,,,,,,,,,0,,,,,,,,,0,0,
3172724,RS Umum Haji Jakarta,RSU,RS Umum,B,Swasta,RS Privat,DKI Jakarta,Kota Jakarta Timur,25.0,2.0,8.0,8.0,5.0,1.0,1.0,,8.0,,8.0,,,5.0,,4.0,,2.0,,2.0,,5.0,,20.0,1.0,12.0,96.0,14,60.87,,,,,,,,,,,,,,,,,,,,,,,,,,0,,,,Sudah kerjasama BPJS,,Belum kerjasama BPJS,,,2,1,50.0
3172735,RS Jiwa Islam Klender,RSK Jiwa,RS Khusus,C,Swasta Non Profit,RS Publik,DKI Jakarta,Kota Jakarta Timur,1.0,,,,,,,,,,,,,,,,,,,,,,,,,,1.0,1,4.35,,,,,,,,,,,,,,,,,,,,,,,,,,0,,,,,,,,,0,0,
3172746,RS Khusus Daerah Duren Sawit,RSK Jiwa,RS Khusus,A,Pemprop,RS Publik,DKI Jakarta,Kota Jakarta Timur,25.0,2.0,3.0,3.0,2.0,2.0,,,3.0,,3.0,,,2.0,,3.0,,,1.0,3.0,,3.0,,15.0,,11.0,73.0,12,52.17,,,,,,,,,,,,,,,,,,,,,,,,,,0,,,,,,,Sudah kerjasama BPJS,,1,1,100.0
3172748,RS Umum Alia Hospital,RSU,RS Umum,C,Swasta,RS Privat,DKI Jakarta,Kota Jakarta Timur,14.0,7.0,3.0,17.0,10.0,4.0,1.0,,17.0,,3.0,,,10.0,,2.0,,1.0,1.0,1.0,,5.0,,8.0,1.0,5.0,80.0,15,65.22,,,,,,,,,,,,,,,,,,,,,,,,,,0,,,,,,,,,0,0,
3172749,RS Pusat Otak Nasional Prof DR. dr. Mahar Mardjono,RSK OTAK,RS Khusus,A,Kemkes,RS Publik,DKI Jakarta,Kota Jakarta Timur,,,,,,,,,,,,,,,,,,,,,,,,,,,,0,0.0,,1.0,0.0,,,,,,,,,,,4.0,1.0,1.0,,,1.0,,1.0,False,8.0,5.0,30.0,1,,,,,,,Sudah kerjasama BPJS,,1,1,100.0
3172750,RS Ibu dan Anak Resti Mulya,RSIA,RS Khusus,C,Swasta,RS Privat,DKI Jakarta,Kota Jakarta Timur,11.0,2.0,3.0,7.0,3.0,2.0,,,7.0,,3.0,,,3.0,,,,,1.0,1.0,,2.0,,3.0,,4.0,39.0,11,47.83,,,,,,,,,,,,,,,,,,,,,,,,,,0,,,,,,,Sudah kerjasama BPJS,,1,1,100.0
3172751,RS Gigi Dan Mulut Angkatan Udara,RSK GM,RS Khusus,B,TNI,RS Publik,DKI Jakarta,Kota Jakarta Timur,3.0,12.0,,,,,,,,,,,,,,,,,,,,,,,,1.0,16.0,3,13.04,,,,,,,,,,,,,,,,,,,,,,,,,,0,,,,,,,,,0,0,
3172752,RS Jantung Bina Waluya,RSK JANTUNG,RS Khusus,C,Swasta,RS Privat,DKI Jakarta,Kota Jakarta Timur,,,,,,,,,,,,,,,,,,,,,,,,,,,,0,0.0,,,,,,,,,,,,,,,,,,,,,,,,,,0,,,,,,,,,0,0,
3172753,RS Umum Antam Medika,RSU,RS Umum,C,Swasta,RS Privat,DKI Jakarta,Kota Jakarta Timur,17.0,4.0,3.0,6.0,4.0,3.0,,,6.0,,3.0,1.0,,4.0,,5.0,,,1.0,1.0,,3.0,,10.0,,8.0,66.0,13,56.52,,,,,,,,,,,,,,,,,,,,,,,,,,0,,,,,,,,,0,0,
3172755,RS Jantung Jakarta,RSK JANTUNG,RS Khusus,B,Swasta,RS Privat,DKI Jakarta,Kota Jakarta Timur,16.0,,4.0,,7.0,,,,,,4.0,,,7.0,,2.0,,,1.0,1.0,,6.0,,4.0,1.0,6.0,48.0,10,43.48,,,,,,,,,,,,,,,,,,,,,,,,,,0,,,,,,,Sudah kerjasama BPJS,,1,1,100.0
3172756,RS Ibu dan Anak SamMarie Basra,RSIA,RS Khusus,C,Swasta,RS Privat,DKI Jakarta,Kota Jakarta Timur,8.0,4.0,3.0,6.0,5.0,1.0,,,6.0,,3.0,,,5.0,,,,,1.0,1.0,,4.0,,6.0,,2.0,41.0,11,47.83,,,,,,,,,,,,,,,,,,,,,,,,,,0,,,,,,,,,0,0,
3172757,RS Umum Adhyaksa,RSU,RS Umum,B,Kementerian Lain,RS Publik,DKI Jakarta,Kota Jakarta Timur,21.0,8.0,6.0,4.0,3.0,4.0,1.0,,4.0,,6.0,,,3.0,,3.0,,,2.0,2.0,,5.0,,19.0,,7.0,85.0,13,56.52,,,,,,,,,,,,,,,,,,,,,,,,,,0,,,,,,,Sudah kerjasama BPJS,,1,1,100.0
3172758,RS Khusus Bedah Columbia Asia Pulomas,RSK BEDAH,RS Khusus,A,Swasta,RS Privat,DKI Jakarta,Kota Jakarta Timur,37.0,2.0,8.0,6.0,6.0,4.0,2.0,1.0,6.0,,8.0,1.0,2.0,6.0,,3.0,,1.0,3.0,4.0,,3.0,,21.0,,11.0,115.0,17,73.91,,,,,,,,,,,,,,,,,,,,,,,,,,0,,,,,,,Sudah kerjasama BPJS,,1,1,100.0
3172759,RS Umum Restu Kasih,RSU,RS Umum,C,Swasta,RS Privat,DKI Jakarta,Kota Jakarta Timur,11.0,1.0,4.0,6.0,6.0,3.0,,,6.0,,4.0,,,6.0,,2.0,,,,1.0,,6.0,,10.0,1.0,6.0,57.0,12,52.17,,,,,,,,,,,,,,,,,,,,,,,,,,0,,,,,,,Sudah kerjasama BPJS,,1,1,100.0
3172761,RS Umum Daerah Kramat Jati,RSU,RS Umum,C,Pemprop,RS Publik,DKI Jakarta,Kota Jakarta Timur,20.0,3.0,1.0,4.0,3.0,2.0,,,4.0,,1.0,,,3.0,,1.0,,,1.0,1.0,,3.0,,8.0,,5.0,52.0,12,52.17,,,,,,,,,,,,,,,,,,,,,,,,,,0,,,,,,,,,0,0,
3172762,RS Umum Daerah Ciracas,RSU,RS Umum,D,Pemprop,RS Publik,DKI Jakarta,Kota Jakarta Timur,20.0,1.0,5.0,4.0,3.0,1.0,,,4.0,,5.0,,,3.0,,1.0,,,1.0,1.0,,3.0,,11.0,,5.0,56.0,12,52.17,,,,,,,,,,,,,,,,,,,,,,,,,,0,,,,,,,,,0,0,
3172765,RS Ibu dan Anak AL-Fauzan,RSIA,RS Khusus,C,Swasta,RS Privat,DKI Jakarta,Kota Jakarta Timur,5.0,,,1.0,2.0,,,,1.0,,,,,2.0,,,,,,,,1.0,,1.0,,1.0,11.0,6,26.09,,,,,,,,,,,,,,,,,,,,,,,,,,0,,,,,,,,,0,0,
3172766,RS Umum Olahraga Nasional,RSU,RS Umum,D,Kementerian Lain,RS Publik,DKI Jakarta,Kota Jakarta Timur,18.0,3.0,1.0,1.0,1.0,,,,1.0,,1.0,,,1.0,,,,,,1.0,,,,3.0,,7.0,35.0,8,34.78,,,,,,,,,,,,,,,,,,,,,,,,,,0,,,,,,,,,0,0,
3172769,RS Umum  Dr. EUIS,RSU,RS Umum,C,Swasta,RS Privat,DKI Jakarta,Kota Jakarta Timur,3.0,,1.0,1.0,1.0,,,,1.0,,1.0,,,1.0,,,,,,,,,,,,,6.0,4,17.39,,,,,,,,,,,,,,,,,,,,,,,,,,0,,,,,,,Sudah kerjasama BPJS,,1,1,100.0
3172770,RS Ibu dan Anak Alvernia Agusta,RSIA,RS Khusus,C,Swasta Non Profit,RS Publik,DKI Jakarta,Kota Jakarta Timur,1.0,,,2.0,2.0,,,,2.0,,,,,2.0,,,,,,,,,,1.0,,,6.0,4,17.39,,,,,,,,,,,,,,,,,,,,,,,,,,0,,,,,,,,,0,0,
3172771,RS Umum Daerah Cipayung,RSU,RS Umum,D,Pemprop,RS Publik,DKI Jakarta,Kota Jakarta Timur,14.0,2.0,4.0,3.0,2.0,2.0,,,3.0,,4.0,,,2.0,,,,,2.0,1.0,,3.0,,8.0,,5.0,46.0,11,47.83,,,,,,,,,,,,,,,,,,,,,,,,,,0,,,,,,,Sudah kerjasama BPJS,,1,1,100.0
3172772,RS Ibu dan Anak Asta Nugraha,RSIA,RS Khusus,C,Swasta,RS Privat,DKI Jakarta,Kota Jakarta Timur,5.0,,,2.0,1.0,,,,2.0,,,,,1.0,,,,,,,,1.0,,2.0,,,11.0,5,21.74,,,,,,,,,,,,,,,,,,,,,,,,,,0,,,,,,,,,0,0,
3173084,RS Tk. II M. Ridwan Meuraksa,RSU,RS Umum,B,TNI,RS Publik,DKI Jakarta,Kota Jakarta Timur,35.0,4.0,5.0,2.0,3.0,4.0,,,2.0,,5.0,,,3.0,,3.0,,,1.0,2.0,,2.0,,14.0,,9.0,84.0,12,52.17,,,,,,,,,,,,,,,,,,,,,,,,,,0,,,,,,,Sudah kerjasama BPJS,,1,1,100.0
3174523,RS Umum Daerah Matraman,RSU,RS Umum,D,Pemprop,RS Publik,DKI Jakarta,Kota Jakarta Timur,16.0,2.0,3.0,3.0,2.0,2.0,,,3.0,,3.0,,,2.0,,1.0,,,1.0,,,2.0,,9.0,,5.0,46.0,11,47.83,,,,,,,,,,,,,,,,,,,,,,,,,,0,,,,,,,Sudah kerjasama BPJS,,1,1,100.0
3201024,RS Paru Dr. M. Goenawan Partowidigdo,RSK PARU,RS Khusus,A,Kemkes,RS Publik,Jawa Barat,Bogor,19.0,2.0,3.0,2.0,1.0,1.0,,,2.0,,3.0,,,1.0,,2.0,2.0,1.0,1.0,1.0,,2.0,,26.0,1.0,9.0,73.0,15,65.22,,,,,,,,,,,,,,,,,,,,,,,,,,0,,,Sudah kerjasama BPJS,,,,Sudah kerjasama BPJS,,2,2,100.0
3201046,RS Umum Daerah Cibinong,RSU,RS Umum,B,Pemkab,RS Publik,Jawa Barat,Bogor,70.0,5.0,4.0,7.0,5.0,4.0,,,7.0,,4.0,,,5.0,,3.0,,2.0,3.0,3.0,,4.0,,34.0,1.0,12.0,157.0,14,60.87,0.0,1.0,0.0,0.0,1.0,0.0,1.0,0.0,,0.0,0.0,1.0,,0.0,0.0,0.0,,,1.0,,1.0,False,5.0,5.0,75.0,1,,,,Sudah kerjasama BPJS,Belum kerjasama BPJS,Sudah kerjasama BPJS,Sudah kerjasama BPJS,,4,3,75.0
3201050,RS Umum Daerah Ciawi,RSU,RS Umum,B,Pemkab,RS Publik,Jawa Barat,Bogor,49.0,3.0,8.0,6.0,4.0,5.0,,1.0,6.0,,8.0,,,4.0,,3.0,,1.0,2.0,2.0,,7.0,,29.0,1.0,14.0,135.0,15,65.22,,,,,,,,,,,,,,,,,,,,,,,,,,0,Sudah kerjasama BPJS,,Sudah kerjasama BPJS,,Belum kerjasama BPJS,Sudah kerjasama BPJS,Sudah kerjasama BPJS,,5,4,80.0
3201083,RS Umum Daerah Leuwiliang,RSU,RS Umum,B,Pemkab,RS Publik,Jawa Barat,Bogor,39.0,3.0,4.0,3.0,2.0,2.0,,1.0,3.0,,4.0,,,2.0,,3.0,,,3.0,3.0,,3.0,,22.0,1.0,10.0,99.0,14,60.87,,,,,,,,,,,,,,,,,,,,,,,,,,0,,,,,,,Sudah kerjasama BPJS,,1,1,100.0
3201094,RS Umum Annisa,RSU,RS Umum,C,Swasta,RS Privat,Jawa Barat,Bogor,11.0,,4.0,5.0,3.0,2.0,,,5.0,,4.0,,,3.0,,1.0,,,,3.0,,3.0,,7.0,,6.0,45.0,10,43.48,,,,,,,,,,,,,,,,,,,,,,,,,,0,,,,,,,Sudah kerjasama BPJS,,1,1,100.0
3201115,RS Umum Bina Husada,RSU,RS Umum,C,Swasta,RS Privat,Jawa Barat,Bogor,10.0,3.0,6.0,4.0,4.0,5.0,,,4.0,,6.0,,,4.0,,4.0,,,1.0,3.0,,3.0,,15.0,,8.0,66.0,12,52.17,,,,,,,,,,,,,,,,,,,,,,,,,,0,,,,,,,Sudah kerjasama BPJS,,1,1,100.0
3201130,RS Ibu dan Anak Citra Insani,RSIA,RS Khusus,C,Swasta,RS Privat,Jawa Barat,Bogor,6.0,4.0,1.0,4.0,3.0,1.0,,,4.0,,1.0,,,3.0,,,,,1.0,1.0,,,,,,2.0,23.0,9,39.13,,,,,,,,,,,,,,,,,,,,,,,,,,0,,,,,,,,,0,0,
3201150,RS Umum Family Medical Center,RSU,RS Umum,C,Swasta,RS Privat,Jawa Barat,Bogor,17.0,1.0,3.0,3.0,5.0,3.0,,,3.0,,3.0,,,5.0,,1.0,,,1.0,2.0,,2.0,,11.0,1.0,6.0,56.0,13,56.52,,,,,,,,,,,,,,,,,,,,,,,,,,0,,,,,,,Sudah kerjasama BPJS,,1,1,100.0
3201152,RS Umum Mary Cileungsi Hijau,RSU,RS Umum,C,Swasta,RS Privat,Jawa Barat,Bogor,18.0,1.0,8.0,8.0,4.0,3.0,,,8.0,,8.0,,,4.0,,2.0,,,1.0,,,5.0,,1.0,,,51.0,10,43.48,,,,,,,,,,,,,,,,,,,,,,,,,,0,,,,,,,Sudah kerjasama BPJS,,1,1,100.0
3201207,RS Umum MH. Thamrin,RSU,RS Umum,C,Swasta,RS Privat,Jawa Barat,Bogor,19.0,4.0,5.0,5.0,3.0,3.0,,,5.0,,5.0,,,3.0,,3.0,,,1.0,3.0,,3.0,,7.0,1.0,9.0,66.0,13,56.52,,,,,,,,,,,,,,,,,,,,,,,,,,0,,,,,,,,,0,0,
3201229,RS Umum Citama,RSU,RS Umum,C,Swasta,RS Privat,Jawa Barat,Bogor,17.0,2.0,4.0,3.0,2.0,1.0,,,3.0,,4.0,,,2.0,,1.0,,,1.0,1.0,,2.0,,8.0,,5.0,47.0,12,52.17,,,,,,,,,,,,,,,,,,,,,,,,,,0,,,,,,,,,0,0,
3201230,RS Umum Sentra Medika Cibinong,RSU,RS Umum,B,Swasta,RS Privat,Jawa Barat,Bogor,28.0,8.0,5.0,5.0,6.0,4.0,1.0,1.0,5.0,,5.0,,1.0,6.0,,2.0,,,1.0,5.0,,6.0,,17.0,1.0,12.0,103.0,16,69.57,,,,,,,,,,,,,,,,,,,,,,,,,,0,Sudah kerjasama BPJS,,Sudah kerjasama BPJS,Sudah kerjasama BPJS,Sudah kerjasama BPJS,,Sudah kerjasama BPJS,,5,5,100.0
3201231,RS Sentosa,RSU,RS Umum,C,Swasta,RS Privat,Jawa Barat,Bogor,11.0,6.0,5.0,7.0,4.0,3.0,,,7.0,,5.0,,,4.0,,,,,1.0,1.0,,3.0,,8.0,,5.0,54.0,11,47.83,,,,,,,,,,,,,,,,,,,,,,,,,,0,,,,,,,,,0,0,
3201232,RS Umum Daerah Cileungsi,RSU,RS Umum,B,Pemkab,RS Publik,Jawa Barat,Bogor,28.0,2.0,3.0,3.0,3.0,2.0,1.0,,3.0,,3.0,,,3.0,,2.0,,1.0,1.0,2.0,,4.0,,20.0,1.0,12.0,85.0,15,65.22,,,,,,,,,,,,,,,,,,,,,,,,,,0,,,,,Sudah kerjasama BPJS,Sudah kerjasama BPJS,Sudah kerjasama BPJS,,3,3,100.0
3201233,RS Umum Rumah Sehat Terpadu Dompet Dhuafa,RSU,RS Umum,C,Swasta Non Profit,RS Publik,Jawa Barat,Bogor,23.0,1.0,4.0,4.0,2.0,2.0,,,4.0,,4.0,,,2.0,,2.0,,,1.0,1.0,,2.0,,3.0,,,45.0,11,47.83,,,,,,,,,,,,,,,,,,,,,,,,,,0,,,,,,,,,0,0,
3201238,RS Umum Hermina Mekarsari,RSU,RS Umum,C,Swasta,RS Privat,Jawa Barat,Bogor,14.0,3.0,7.0,8.0,10.0,5.0,,,8.0,,7.0,,,10.0,1.0,3.0,,,1.0,3.0,,5.0,,1.0,,,61.0,12,52.17,,,,,,,,,,,,,,,,,,,,,,,,,,0,,,,,,Sudah kerjasama BPJS,Sudah kerjasama BPJS,,2,2,100.0
3201239,RS Ibu dan Anak Assalam,RSIA,RS Khusus,C,Swasta,RS Privat,Jawa Barat,Bogor,7.0,1.0,1.0,6.0,3.0,1.0,,,6.0,,1.0,,,3.0,,,,,1.0,1.0,,2.0,,,,1.0,24.0,10,43.48,,,,,,,,,,,,,,,,,,,,,,,,,,0,,,,,,,,,0,0,
3201242,RS Ibu dan Anak Kenari Graha Medika,RSIA,RS Khusus,C,Swasta,RS Privat,Jawa Barat,Bogor,10.0,3.0,3.0,4.0,4.0,1.0,,,4.0,,3.0,,,4.0,,,,,1.0,1.0,,3.0,,6.0,,2.0,38.0,11,47.83,,,,,,,,,,,,,,,,,,,,,,,,,,0,,,,,,,,,0,0,
3201244,RS Umum Permata Jonggol,RSU,RS Umum,C,Swasta,RS Privat,Jawa Barat,Bogor,19.0,3.0,6.0,4.0,4.0,2.0,,,4.0,,6.0,,,4.0,,1.0,,,1.0,2.0,,2.0,,5.0,,6.0,55.0,12,52.17,,,,,,,,,,,,,,,,,,,,,,,,,,0,,,,,,,,,0,0,
3201245,RS Umum Karya Bhakti Pratiwi,RSU,RS Umum,C,Swasta,RS Privat,Jawa Barat,Bogor,22.0,6.0,9.0,4.0,6.0,5.0,,,4.0,,9.0,,,6.0,,2.0,,,1.0,3.0,,3.0,,3.0,,2.0,66.0,12,52.17,,,,,,,,,,,,,,,,,,,,,,,,,,0,,,,,,,Sudah kerjasama BPJS,,1,1,100.0
3201247,RS EMC Sentul,RSU,RS Umum,B,Swasta,RS Privat,Jawa Barat,Bogor,29.0,5.0,7.0,6.0,6.0,2.0,,1.0,6.0,,7.0,1.0,,6.0,,3.0,,1.0,2.0,4.0,,5.0,,6.0,,9.0,87.0,15,65.22,,,,,,,,,,,,,,,,,,,,,,,,,,0,,,,Sudah kerjasama BPJS,,Sudah kerjasama BPJS,Sudah kerjasama BPJS,,3,3,100.0
3201249,RS Asysyifaa,RSU,RS Umum,C,Swasta,RS Privat,Jawa Barat,Bogor,12.0,1.0,2.0,1.0,2.0,2.0,,,1.0,,2.0,,,2.0,,,,,1.0,1.0,,1.0,,4.0,,2.0,29.0,11,47.83,,,,,,,,,,,,,,,,,,,,,,,,,,0,,,,,,,Sudah kerjasama BPJS,,1,1,100.0
3201250,RS Helsa Citeureup,RSU,RS Umum,C,Swasta,RS Privat,Jawa Barat,Bogor,8.0,2.0,2.0,1.0,2.0,3.0,,,1.0,,2.0,,,2.0,,,,,1.0,,,2.0,,3.0,,3.0,27.0,10,43.48,,,,,,,,,,,,,,,,,,,,,,,,,,0,,,,,,,,,0,0,
3201252,RS Harapan Sehati,RSU,RS Umum,C,Swasta,RS Privat,Jawa Barat,Bogor,9.0,,2.0,,,,,,,,2.0,,,,,,,,,,,,,,,2.0,13.0,3,13.04,,,,,,,,,,,,,,,,,,,,,,,,,,0,,,,,,,Sudah kerjasama BPJS,,1,1,100.0
3201258,RS Eka Hospital,RSU,RS Umum,B,Swasta,RS Privat,Jawa Barat,Bogor,25.0,2.0,10.0,6.0,7.0,4.0,,1.0,6.0,,10.0,,1.0,7.0,,4.0,,2.0,1.0,3.0,,4.0,,3.0,1.0,9.0,83.0,16,69.57,,,,,,,,,,,,,,,,,,,,,,,,,,0,Sudah kerjasama BPJS,Belum kerjasama BPJS,,,,,,,2,1,50.0
3201259,RS Pena 98,RSU,RS Umum,C,Swasta,RS Privat,Jawa Barat,Bogor,16.0,,4.0,4.0,3.0,2.0,,,4.0,,4.0,,,3.0,,,,,1.0,1.0,,2.0,,8.0,,7.0,48.0,10,43.48,,,,,,,,,,,,,,,,,,,,,,,,,,0,,,,,,,Sudah kerjasama BPJS,,1,1,100.0
3201271,RS Islam Aysha ,RSU,RS Umum,C,Swasta,RS Privat,Jawa Barat,Bogor,11.0,3.0,2.0,3.0,2.0,2.0,,,3.0,,2.0,,,2.0,,1.0,,,1.0,1.0,,2.0,,7.0,1.0,3.0,39.0,13,56.52,,,,,,,,,,,,,,,,,,,,,,,,,,0,,,,,,,Sudah kerjasama BPJS,,1,1,100.0
3201272,RS Paragon,RSU,RS Umum,C,Swasta,RS Privat,Jawa Barat,Bogor,4.0,,,,,,,,,,,,,,,,,,,,,,,4.0,,4.0,12.0,3,13.04,,,,,,,,,,,,,,,,,,,,,,,,,,0,,,,,,,,,0,0,
3201273,RS Hermina Ciawi,RSU,RS Umum,C,Swasta,RS Privat,Jawa Barat,Bogor,,,,,,,,,,,,,,,,,,,,,,,,,,,,0,0.0,,,,,,,,,,,,,,,,,,,,,,,,,,0,,,,,,,,,0,0,
3271035,RSAU Dr. M. Hassan Toto,RSU,RS Umum,C,TNI,RS Publik,Jawa Barat,Bogor,19.0,1.0,4.0,1.0,1.0,,,,1.0,,4.0,,,1.0,,1.0,,,1.0,1.0,,2.0,,10.0,,4.0,45.0,11,47.83,,,,,,,,,,,,,,,,,,,,,,,,,,0,,,,,,,,,0,0,
3271139,RS Umum Trimitra,RSU,RS Umum,C,Swasta,RS Privat,Jawa Barat,Bogor,13.0,6.0,5.0,1.0,2.0,2.0,,,1.0,,5.0,,,2.0,,1.0,,,1.0,1.0,,2.0,,5.0,1.0,4.0,44.0,13,56.52,,,,,,,,,,,,,,,,,,,,,,,,,,0,,,,,,,Sudah kerjasama BPJS,,1,1,100.0
3202014,RS Umum Daerah Sekarwangi,RSU,RS Umum,B,Pemkab,RS Publik,Jawa Barat,Sukabumi,26.0,2.0,4.0,4.0,3.0,5.0,1.0,,4.0,,4.0,,,3.0,,1.0,,,1.0,2.0,,4.0,,17.0,,9.0,79.0,13,56.52,,,,,,,,,,,,,,,,,,,,,,,,,,0,,,,,,Sudah kerjasama BPJS,Sudah kerjasama BPJS,,2,2,100.0
3202040,RS Umum Daerah Palabuhanratu,RSU,RS Umum,C,Pemkab,RS Publik,Jawa Barat,Sukabumi,21.0,2.0,3.0,2.0,3.0,2.0,,,2.0,,3.0,,,3.0,,1.0,,1.0,1.0,2.0,,2.0,,18.0,1.0,7.0,66.0,14,60.87,,,,,,,,,,,,,,,,,,,,,,,,,,0,,,,,,,Sudah kerjasama BPJS,,1,1,100.0
3202051,RS Umum Daerah Jampang Kulon,RSU,RS Umum,C,Pemprop,RS Publik,Jawa Barat,Sukabumi,21.0,2.0,3.0,2.0,2.0,2.0,,,2.0,,3.0,,,2.0,,,,1.0,,1.0,,2.0,,15.0,,6.0,57.0,11,47.83,0.0,0.0,0.0,0.0,0.0,0.0,1.0,0.0,,0.0,0.0,0.0,,0.0,0.0,0.0,,,0.0,,1.0,False,1.0,1.0,75.0,1,,,,,,Sudah kerjasama BPJS,Sudah kerjasama BPJS,,2,2,100.0
3202062,RS Umum Hermina Sukabumi,RSU,RS Umum,C,Swasta,RS Privat,Jawa Barat,Sukabumi,18.0,7.0,6.0,3.0,5.0,3.0,,,3.0,,6.0,,,5.0,,2.0,,1.0,1.0,1.0,,3.0,,13.0,,4.0,67.0,13,56.52,,,,,,,,,,,,,,,,,,,,,,,,,,0,,,Sudah kerjasama BPJS,,,,Sudah kerjasama BPJS,,2,2,100.0
3202073,RS Umum Betha Medika ,RSU,RS Umum,C,Swasta,RS Privat,Jawa Barat,Sukabumi,41.0,2.0,3.0,3.0,3.0,2.0,,,3.0,,3.0,,,3.0,,1.0,,,1.0,1.0,,2.0,,11.0,,4.0,74.0,12,52.17,,,,,,,,,,,,,,,,,,,,,,,,,,0,,,,,,,Sudah kerjasama BPJS,,1,1,100.0
3202084,RS Umum Bhakti Medicare,RSU,RS Umum,C,Swasta,RS Privat,Jawa Barat,Sukabumi,20.0,5.0,4.0,3.0,3.0,4.0,,,3.0,,4.0,,,3.0,,1.0,,1.0,1.0,3.0,,4.0,,11.0,,5.0,65.0,13,56.52,,,,,,,,,,,,,,,,,,,,,,,,,,0,,,,,,Sudah kerjasama BPJS,Sudah kerjasama BPJS,,2,2,100.0
3202086,RS DKH Cibadak,RSU,RS Umum,C,Swasta,RS Privat,Jawa Barat,Sukabumi,14.0,3.0,4.0,2.0,2.0,2.0,,,2.0,,4.0,,,2.0,,1.0,,,1.0,2.0,,2.0,,9.0,1.0,5.0,48.0,13,56.52,,,,,,,,,,,,,,,,,,,,,,,,,,0,,,,,,,Sudah kerjasama BPJS,,1,1,100.0
3202087,RS Umum Daerah Sagaranten,RSU,RS Umum,D,Pemkab,RS Publik,Jawa Barat,Sukabumi,9.0,1.0,1.0,,1.0,1.0,,,,,1.0,,,1.0,,,,,,1.0,,,,4.0,,1.0,19.0,8,34.78,,,,,,,,,,,,,,,,,,,,,,,,,,0,,,,,,,Sudah kerjasama BPJS,,1,1,100.0
3202088,RS Primaya Sukabumi,RSU,RS Umum,C,Swasta,RS Privat,Jawa Barat,Sukabumi,8.0,1.0,4.0,4.0,2.0,4.0,,,4.0,,4.0,,,2.0,,,,,1.0,2.0,,2.0,,8.0,1.0,4.0,41.0,12,52.17,,,,,,,,,,,,,,,,,,,,,,,,,,0,,,,Sudah kerjasama BPJS,Sudah kerjasama BPJS,,Sudah kerjasama BPJS,,3,3,100.0
3203015,RS Umum Daerah Sayang,RSU,RS Umum,B,Pemkab,RS Publik,Jawa Barat,Cianjur,43.0,2.0,5.0,7.0,5.0,3.0,,,7.0,,5.0,,,5.0,,,,1.0,1.0,2.0,,2.0,,27.0,,10.0,108.0,12,52.17,0.0,0.0,1.0,0.0,1.0,0.0,1.0,0.0,,0.0,0.0,1.0,,4.0,0.0,0.0,,,1.0,,1.0,False,9.0,6.0,75.0,1,,,Sudah kerjasama BPJS,,,Sudah kerjasama BPJS,Sudah kerjasama BPJS,,3,3,100.0
3203037,RS Umum Daerah Cimacan,RSU,RS Umum,C,Pemkab,RS Publik,Jawa Barat,Cianjur,26.0,5.0,3.0,1.0,3.0,2.0,,,1.0,,3.0,,,3.0,,,,1.0,1.0,1.0,,2.0,,16.0,1.0,5.0,67.0,13,56.52,,,,,,,,,,,,,,,,,,,,,,,,,,0,,,,,,Sudah kerjasama BPJS,Sudah kerjasama BPJS,,2,2,100.0
3203038,RS Umum Dr. Hafiz ,RSU,RS Umum,C,Swasta,RS Privat,Jawa Barat,Cianjur,20.0,2.0,4.0,4.0,3.0,3.0,,,4.0,,4.0,,,3.0,,1.0,,,2.0,2.0,,2.0,,9.0,,4.0,56.0,12,52.17,,,,,,,,,,,,,,,,,,,,,,,,,,0,,,,,,,Sudah kerjasama BPJS,,1,1,100.0
3203039,RS Umum Daerah Pagelaran,RSU,RS Umum,C,Pemkab,RS Publik,Jawa Barat,Cianjur,13.0,,1.0,1.0,1.0,2.0,,,1.0,,1.0,,,1.0,,,,,1.0,1.0,,2.0,,9.0,,4.0,35.0,10,43.48,,,,,,,,,,,,,,,,,,,,,,,,,,0,,,,,,,,,0,0,
3203041,RS Bhayangkara Cianjur,RSU,RS Umum,D,POLRI,RS Publik,Jawa Barat,Cianjur,4.0,2.0,2.0,2.0,2.0,1.0,,,2.0,,2.0,,,2.0,,,,,,,,,,2.0,,2.0,17.0,8,34.78,,,,,,,,,,,,,,,,,,,,,,,,,,0,,,,,,,Sudah kerjasama BPJS,,1,1,100.0
3204016,RS Umum Daerah Majalaya,RSU,RS Umum,B,Pemkab,RS Publik,Jawa Barat,Bandung,50.0,16.0,4.0,3.0,3.0,4.0,,,3.0,,4.0,,,3.0,,1.0,,1.0,1.0,2.0,,2.0,,27.0,1.0,16.0,131.0,14,60.87,0.0,0.0,1.0,0.0,0.0,0.0,0.0,0.0,,0.0,0.0,1.0,,0.0,0.0,1.0,,,1.0,,1.0,False,4.0,4.0,75.0,1,,,,,Sudah kerjasama BPJS,Sudah kerjasama BPJS,,,2,2,100.0
3204086,RS Umum Daerah Al Ihsan Provinsi Jawa Barat,RSU,RS Umum,B,Pemprop,RS Publik,Jawa Barat,Bandung,56.0,4.0,11.0,6.0,4.0,6.0,,,6.0,1.0,11.0,1.0,,4.0,,1.0,,3.0,2.0,4.0,3.0,10.0,,31.0,2.0,26.0,171.0,17,73.91,1.0,1.0,0.0,1.0,2.0,0.0,1.0,0.0,,1.0,1.0,1.0,,1.0,1.0,1.0,,,1.0,,1.0,False,13.0,12.0,75.0,1,Sudah kerjasama BPJS,,Sudah kerjasama BPJS,Sudah kerjasama BPJS,Belum kerjasama BPJS,Sudah kerjasama BPJS,Sudah kerjasama BPJS,Sudah kerjasama BPJS,7,6,85.71
3204090,RS Umum Daerah Oto Iskandar Di Nata,RSU,RS Umum,B,Pemkab,RS Publik,Jawa Barat,Bandung,29.0,2.0,6.0,4.0,3.0,2.0,,,4.0,,6.0,,,3.0,,1.0,,1.0,1.0,2.0,,2.0,,29.0,,10.0,92.0,13,56.52,,,,,,,,,,,,,,,,,,,,,,,,,,0,,,,Sudah kerjasama BPJS,,,Sudah kerjasama BPJS,,2,2,100.0
3204101,RS Umum Daerah Cicalengka,RSU,RS Umum,C,Pemkab,RS Publik,Jawa Barat,Bandung,15.0,1.0,3.0,2.0,2.0,2.0,,,2.0,,3.0,,,2.0,,,,,1.0,3.0,,2.0,,14.0,,8.0,53.0,11,47.83,,,,,,,,,,,,,,,,,,,,,,,,,,0,,,,,,,Sudah kerjasama BPJS,,1,1,100.0
3204133,RS Unggul Karsa Medika,RSU,RS Umum,C,Swasta,RS Privat,Jawa Barat,Bandung,23.0,4.0,6.0,6.0,5.0,4.0,,,6.0,,6.0,,,5.0,,2.0,,,1.0,2.0,,3.0,,13.0,,8.0,77.0,12,52.17,,,,,,,,,,,,,,,,,,,,,,,,,,0,,,,Sudah kerjasama BPJS,,,,,1,1,100.0
3204134,RS Umum Daerah Kesehatan Kerja,RSU,RS Umum,D,Pemprop,RS Publik,Jawa Barat,Bandung,17.0,2.0,1.0,2.0,1.0,2.0,,,2.0,,1.0,,,1.0,,,,1.0,2.0,1.0,,2.0,,13.0,,7.0,51.0,12,52.17,,,,,,,,,,,,,,,,,,,,,,,,,,0,,,,,,Sudah kerjasama BPJS,Sudah kerjasama BPJS,,2,2,100.0
3204135,RS Umum Karya Pangalengan Bhakti Sehat,RSU,RS Umum,D,Swasta,RS Privat,Jawa Barat,Bandung,9.0,1.0,1.0,3.0,1.0,1.0,,,3.0,,1.0,,,1.0,,,,,,1.0,,1.0,,3.0,,,21.0,9,39.13,,,,,,,,,,,,,,,,,,,,,,,,,,0,,,,,,,Sudah kerjasama BPJS,,1,1,100.0
3204154,RS Umum TNI AU Lanud Sulaiman,RSU,RS Umum,D,TNI,RS Publik,Jawa Barat,Bandung,,,,,,,,,,,,,,,,,,,,,,,,,,,,0,0.0,,,,,,,,,,,,,,,,,,,,,,,,,,0,,,,,,,Sudah kerjasama BPJS,,1,1,100.0
3204165,RS Hermina Soreang,RSU,RS Umum,C,Swasta,RS Privat,Jawa Barat,Bandung,14.0,,5.0,5.0,9.0,2.0,,,5.0,,5.0,,,9.0,,,,1.0,1.0,2.0,,4.0,,4.0,,2.0,49.0,11,47.83,,,,,,,,,,,,,,,,,,,,,,,,,,0,,Belum kerjasama BPJS,,,,Sudah kerjasama BPJS,Sudah kerjasama BPJS,,3,2,66.67
3204168,RS Oetomo,RSU,RS Umum,C,Swasta,RS Privat,Jawa Barat,Bandung,,,,,,,,,,,,,,,,,,,,,,,,,,,,0,0.0,,,,,,,,,,,,,,,,,,,,,,,,,,0,,,,,,,Sudah kerjasama BPJS,,1,1,100.0
3204169,RS Muhammadiyah Bandung Selatan,RSU,RS Umum,D,Swasta Non Profit,RS Publik,Jawa Barat,Bandung,5.0,2.0,,,,,,,,,,,,,,,,,,,,,,,,3.0,10.0,3,13.04,,,,,,,,,,,,,,,,,,,,,,,,,,0,,,,,,,Sudah kerjasama BPJS,,1,1,100.0
3204170,RS Umum Daerah Bedas Cimaung,RSU,RS Umum,D,Pemkab,RS Publik,Jawa Barat,Bandung,,,,,,,,,,,,,,,,,,,,,,,,,,,,0,0.0,,,,,,,,,,,,,,,,,,,,,,,,,,0,,,,,,,,,0,0,
3204171,RS Umum Daerah Bedas Kertasari,RSU,RS Umum,D,Pemkab,RS Publik,Jawa Barat,Bandung,,,,,,,,,,,,,,,,,,,,,,,,,,,,0,0.0,,,,,,,,,,,,,,,,,,,,,,,,,,0,,,,,,,,,0,0,
3273442,RS Umum Bina Sehat ,RSU,RS Umum,D,Swasta,RS Privat,Jawa Barat,Bandung,4.0,3.0,4.0,4.0,2.0,4.0,,,4.0,,4.0,,,2.0,,,,1.0,1.0,2.0,,1.0,,7.0,,4.0,37.0,12,52.17,,,,,,,,,,,,,,,,,,,,,,,,,,0,,,,,,Sudah kerjasama BPJS,Sudah kerjasama BPJS,,2,2,100.0
3273517,RS AMC ,RSU,RS Umum,C,Swasta,RS Privat,Jawa Barat,Bandung,17.0,6.0,3.0,2.0,2.0,3.0,,,2.0,,3.0,,,2.0,,,,,1.0,1.0,,2.0,,14.0,,8.0,59.0,11,47.83,,,,,,,,,,,,,,,,,,,,,,,,,,0,,,,,,,Sudah kerjasama BPJS,,1,1,100.0
3205010,RS Umum Daerah dr. Slamet Garut,RSU,RS Umum,B,Pemkab,RS Publik,Jawa Barat,Garut,33.0,1.0,4.0,3.0,2.0,3.0,,,3.0,,4.0,,,2.0,,1.0,,1.0,2.0,2.0,,2.0,,32.0,,12.0,98.0,13,56.52,0.0,1.0,0.0,0.0,0.0,0.0,0.0,0.0,,0.0,0.0,1.0,,0.0,0.0,0.0,,,1.0,,1.0,False,3.0,3.0,75.0,1,,,,,Sudah kerjasama BPJS,Sudah kerjasama BPJS,Sudah kerjasama BPJS,,3,3,100.0
3205021,RS Umum Tk. IV Guntur,RSU,RS Umum,C,TNI,RS Publik,Jawa Barat,Garut,12.0,1.0,2.0,2.0,3.0,2.0,,,2.0,,2.0,,,3.0,,1.0,,,2.0,1.0,,2.0,,6.0,,5.0,39.0,12,52.17,,,,,,,,,,,,,,,,,,,,,,,,,,0,,,,,,,Sudah kerjasama BPJS,,1,1,100.0
3205022,RS Umum Daerah Pameungpeuk Prov. Jabar,RSU,RS Umum,C,Pemprop,RS Publik,Jawa Barat,Garut,18.0,2.0,3.0,2.0,1.0,2.0,,,2.0,,3.0,,,1.0,,,,,1.0,1.0,,1.0,,23.0,,6.0,60.0,11,47.83,,,,,,,,,,,,,,,,,,,,,,,,,,0,,,,,,,Sudah kerjasama BPJS,,1,1,100.0
3205023,RS Umum Nurhayati Garut,RSU,RS Umum,D,Swasta Non Profit,RS Publik,Jawa Barat,Garut,14.0,1.0,1.0,2.0,1.0,3.0,,,2.0,,1.0,,,1.0,,1.0,,,1.0,1.0,,1.0,,7.0,,5.0,38.0,12,52.17,,,,,,,,,,,,,,,,,,,,,,,,,,0,,,,,,Sudah kerjasama BPJS,Sudah kerjasama BPJS,,2,2,100.0
3205024,RS Umum Annisa Queen,RSU,RS Umum,D,Swasta,RS Privat,Jawa Barat,Garut,2.0,,,,1.0,3.0,,,,,,,,1.0,,,,,,1.0,,,,1.0,,1.0,9.0,6,26.09,,,,,,,,,,,,,,,,,,,,,,,,,,0,,,,,,,,,0,0,
3205026,RS Umum Intan Husada,RSU,RS Umum,C,Swasta,RS Privat,Jawa Barat,Garut,10.0,1.0,3.0,4.0,2.0,4.0,,,4.0,,3.0,,,2.0,,1.0,,,1.0,2.0,,2.0,,9.0,1.0,6.0,46.0,13,56.52,,,,,,,,,,,,,,,,,,,,,,,,,,0,,,,,,,,,0,0,
3205027,RS Medina,RSU,RS Umum,D,Swasta,RS Privat,Jawa Barat,Garut,9.0,1.0,1.0,1.0,1.0,2.0,,,1.0,,1.0,,,1.0,,,,,1.0,1.0,,1.0,,7.0,,5.0,30.0,11,47.83,,,,,,,,,,,,,,,,,,,,,,,,,,0,,,,,,,Sudah kerjasama BPJS,,1,1,100.0
3205039,RS Umum Nur Hayati Cikajang,RSU,RS Umum,D,Swasta,RS Privat,Jawa Barat,Garut,,,,,,,,,,,,,,,,,,,,,,,,,,,,0,0.0,,,,,,,,,,,,,,,,,,,,,,,,,,0,,,,,,,,,0,0,
3206023,RS Umum Daerah Singaparna Medika Citrautama,RSU,RS Umum,C,Pemkab,RS Publik,Jawa Barat,Tasikmalaya,37.0,2.0,2.0,3.0,3.0,3.0,,1.0,3.0,,2.0,,,3.0,,,,1.0,1.0,2.0,,2.0,,32.0,,12.0,101.0,13,56.52,0.0,0.0,1.0,0.0,0.0,0.0,1.0,0.0,,0.0,1.0,1.0,,0.0,0.0,0.0,,,0.0,,1.0,False,4.0,4.0,75.0,1,Sudah kerjasama BPJS,,Sudah kerjasama BPJS,,,Sudah kerjasama BPJS,Sudah kerjasama BPJS,,4,4,100.0
3206084,RS Ibu dan Anak Respati,RSIA,RS Khusus,C,Swasta,RS Privat,Jawa Barat,Tasikmalaya,8.0,,,1.0,1.0,,,,1.0,,,,,1.0,,,,,,,,1.0,,,,,11.0,4,17.39,,,,,,,,,,,,,,,,,,,,,,,,,,0,,,,,,,,,0,0,
3207012,RS Umum Daerah Kab. Ciamis,RSU,RS Umum,C,Pemkab,RS Publik,Jawa Barat,Ciamis,32.0,7.0,3.0,3.0,1.0,3.0,,,3.0,,3.0,,,1.0,,1.0,,,1.0,2.0,,2.0,,28.0,,9.0,92.0,12,52.17,0.0,0.0,0.0,0.0,0.0,0.0,0.0,0.0,0.0,0.0,0.0,0.0,,0.0,0.0,0.0,1.0,0.0,0.0,1.0,1.0,False,2.0,2.0,95.0,1,,,,,,,Sudah kerjasama BPJS,,1,1,100.0
3207045,RS Umum Permata Bunda,RSU,RS Umum,D,Swasta Non Profit,RS Publik,Jawa Barat,Ciamis,10.0,2.0,1.0,1.0,2.0,2.0,,,1.0,,1.0,,,2.0,,1.0,,,1.0,1.0,,2.0,,6.0,,3.0,32.0,12,52.17,,,,,,,,,,,,,,,,,,,,,,,,,,0,,,,,,,,,0,0,
3207056,RS Umum Al-Arif,RSU,RS Umum,D,Swasta Non Profit,RS Publik,Jawa Barat,Ciamis,7.0,1.0,1.0,1.0,1.0,,,,1.0,,1.0,,,1.0,,,,,,1.0,,1.0,,6.0,,1.0,20.0,9,39.13,,,,,,,,,,,,,,,,,,,,,,,,,,0,,,,,,,,,0,0,
3207057,RS Umum Dadi Keluarga Ciamis,RSU,RS Umum,C,Swasta,RS Privat,Jawa Barat,Ciamis,12.0,2.0,3.0,2.0,2.0,3.0,,1.0,2.0,,3.0,,,2.0,,1.0,,,1.0,1.0,,2.0,,9.0,,4.0,43.0,13,56.52,,,,,,,,,,,,,,,,,,,,,,,,,,0,Sudah kerjasama BPJS,,,,,,Sudah kerjasama BPJS,,2,2,100.0
3207059,RS Khusus Orthopedi RSOP Ciamis,RSK Orthopedi,RS Khusus,C,Swasta,RS Privat,Jawa Barat,Ciamis,6.0,,1.0,,,,,,,,1.0,,,,,,,,,1.0,,3.0,,1.0,1.0,3.0,16.0,7,30.43,,,,,,,,,,,,,,,,,,,,,,,,,,0,,,,,,,,,0,0,
3207060,RS Umum Daerah Kawali,RSU,RS Umum,D,Pemkab,RS Publik,Jawa Barat,Ciamis,5.0,2.0,1.0,,1.0,,,,,,1.0,,,1.0,,,,,1.0,1.0,,,,5.0,,3.0,19.0,8,34.78,,,,,,,,,,,,,,,,,,,,,,,,,,0,,,,,,,Sudah kerjasama BPJS,,1,1,100.0
3208013,RS Umum Daerah 45 Kuningan,RSU,RS Umum,B,Pemkab,RS Publik,Jawa Barat,Kuningan,43.0,16.0,2.0,3.0,3.0,2.0,,,3.0,,2.0,,,3.0,,1.0,,1.0,1.0,2.0,,3.0,,27.0,,10.0,114.0,13,56.52,0.0,0.0,0.0,1.0,0.0,0.0,1.0,0.0,0.0,0.0,0.0,1.0,,0.0,1.0,0.0,1.0,0.0,0.0,2.0,1.0,False,7.0,6.0,95.0,1,,,,,Sudah kerjasama BPJS,Sudah kerjasama BPJS,Sudah kerjasama BPJS,,3,3,100.0
3208024,RS Umum Wijaya Kusumah,RSU,RS Umum,C,Swasta Non Profit,RS Publik,Jawa Barat,Kuningan,11.0,1.0,1.0,4.0,2.0,2.0,,,4.0,,1.0,,,2.0,,,,,1.0,1.0,,3.0,,5.0,,2.0,33.0,11,47.83,,,,,,,,,,,,,,,,,,,,,,,,,,0,,,,,,,Sudah kerjasama BPJS,,1,1,100.0
3208035,RS Umum Sekar Kamulyan,RSU,RS Umum,C,Swasta Non Profit,RS Publik,Jawa Barat,Kuningan,9.0,1.0,1.0,1.0,1.0,2.0,,,1.0,,1.0,,,1.0,,,,,,1.0,,1.0,,9.0,,5.0,31.0,10,43.48,,,,,,,,,,,,,,,,,,,,,,,,,,0,,,,,,,Sudah kerjasama BPJS,,1,1,100.0
3208046,RS Umum Juanda,RSU,RS Umum,C,Swasta,RS Privat,Jawa Barat,Kuningan,19.0,3.0,3.0,3.0,3.0,2.0,,,3.0,,3.0,,,3.0,,2.0,,,1.0,2.0,,2.0,,7.0,,4.0,51.0,12,52.17,,,,,,,,,,,,,,,,,,,,,,,,,,0,,,,,,,Sudah kerjasama BPJS,,1,1,100.0
3208057,RS Umum El-Syifa,RSU,RS Umum,D,Swasta,RS Privat,Jawa Barat,Kuningan,8.0,,1.0,,1.0,,,,,,1.0,,,1.0,,,,,,1.0,,1.0,,3.0,,2.0,17.0,7,30.43,,,,,,,,,,,,,,,,,,,,,,,,,,0,,,,,,,,,0,0,
3208058,RS Umum Kuningan Medical Center,RSU,RS Umum,C,Swasta,RS Privat,Jawa Barat,Kuningan,15.0,2.0,3.0,3.0,1.0,2.0,,,3.0,,3.0,,,1.0,,,,,,1.0,,1.0,,7.0,,5.0,40.0,10,43.48,,,,,,,,,,,,,,,,,,,,,,,,,,0,,,,,,,,,0,0,
3208059,RS Umum Daerah Linggajati Kuningan,RSU,RS Umum,C,Pemkab,RS Publik,Jawa Barat,Kuningan,12.0,2.0,1.0,2.0,2.0,2.0,,,2.0,,1.0,,,2.0,,1.0,,,1.0,2.0,,1.0,,10.0,,8.0,44.0,12,52.17,,,,,,,,,,,,,,,,,,,,,,,,,,0,,,,,,,Sudah kerjasama BPJS,,1,1,100.0
3208060,RS Umum KMC Luragung,RSU,RS Umum,C,Swasta,RS Privat,Jawa Barat,Kuningan,8.0,1.0,2.0,2.0,1.0,1.0,,,2.0,,2.0,,,1.0,,,,,,1.0,,2.0,,4.0,,4.0,26.0,10,43.48,,,,,,,,,,,,,,,,,,,,,,,,,,0,,,,,,,,,0,0,
3208061,RS Jantung Hasna Medika Kuningan,RSK JANTUNG,RS Khusus,B,Swasta,RS Privat,Jawa Barat,Kuningan,10.0,1.0,3.0,,,,,,,,3.0,,,,,,,,1.0,1.0,,,,5.0,,4.0,25.0,7,30.43,,,,,,,,,,,,,,,,,,,,,,,,,,0,,,,,,,,,0,0,
3208063,RS Mitra Husada Ciawigebang,RSU,RS Umum,D,Swasta,RS Privat,Jawa Barat,Kuningan,9.0,1.0,2.0,2.0,1.0,2.0,,,2.0,,2.0,,,1.0,,,,,,1.0,,1.0,,4.0,,4.0,27.0,10,43.48,,,,,,,,,,,,,,,,,,,,,,,,,,0,,,,,,,,,0,0,
3208064,RS Umum Aria Kamuning,RSU,RS Umum,D,Swasta,RS Privat,Jawa Barat,Kuningan,7.0,1.0,1.0,2.0,1.0,1.0,,,2.0,,1.0,,,1.0,,,,,,1.0,,1.0,,3.0,,1.0,19.0,10,43.48,,,,,,,,,,,,,,,,,,,,,,,,,,0,,,,,,,,,0,0,
3208065,RS Permata Kuningan,RSU,RS Umum,C,Swasta,RS Privat,Jawa Barat,Kuningan,9.0,2.0,2.0,3.0,1.0,1.0,,,3.0,,2.0,,,1.0,,1.0,,1.0,1.0,2.0,,2.0,,8.0,,4.0,37.0,13,56.52,,,,,,,,,,,,,,,,,,,,,,,,,,0,,,,,,Sudah kerjasama BPJS,Sudah kerjasama BPJS,,2,2,100.0
3209014,RS Umum Daerah Waled,RSU,RS Umum,B,Pemkab,RS Publik,Jawa Barat,Cirebon,28.0,1.0,4.0,5.0,4.0,3.0,,,5.0,,4.0,,,4.0,,2.0,,1.0,1.0,2.0,,2.0,,33.0,,9.0,95.0,13,56.52,0.0,1.0,0.0,0.0,0.0,0.0,0.0,0.0,0.0,0.0,0.0,0.0,,1.0,1.0,0.0,1.0,0.0,0.0,6.0,1.0,False,10.0,5.0,95.0,1,,,Belum kerjasama BPJS,,,Sudah kerjasama BPJS,Sudah kerjasama BPJS,,3,2,66.67
3209025,RS Pertamina Cirebon,RSU,RS Umum,C,Swasta,RS Privat,Jawa Barat,Cirebon,70.0,2.0,6.0,3.0,2.0,3.0,,1.0,3.0,,6.0,,,2.0,,1.0,,,1.0,3.0,,1.0,,12.0,,3.0,108.0,13,56.52,,,,,,,,,,,,,,,,,,,,,,,,,,0,,,,Sudah kerjasama BPJS,,,Sudah kerjasama BPJS,,2,2,100.0
3209036,RS Paru Provinsi Jawa Barat,RSK PARU,RS Khusus,B,Pemprop,RS Publik,Jawa Barat,Cirebon,12.0,2.0,2.0,2.0,2.0,1.0,,,2.0,,2.0,,,2.0,,3.0,,,2.0,2.0,,1.0,,16.0,,10.0,55.0,12,52.17,,,,,,,,,,,,,,,,,,,,,,,,,,0,,Belum kerjasama BPJS,,,,Sudah kerjasama BPJS,Sudah kerjasama BPJS,,3,2,66.67
3209040,RS Umum Daerah Arjawinangun,RSU,RS Umum,B,Pemkab,RS Publik,Jawa Barat,Cirebon,71.0,2.0,3.0,5.0,4.0,4.0,,,5.0,,3.0,,,4.0,,1.0,,2.0,1.0,2.0,,3.0,,29.0,,14.0,141.0,13,56.52,0.0,0.0,0.0,0.0,2.0,0.0,0.0,0.0,0.0,0.0,0.0,0.0,,1.0,0.0,0.0,1.0,0.0,0.0,2.0,1.0,False,6.0,4.0,95.0,1,,,,,,Sudah kerjasama BPJS,Sudah kerjasama BPJS,,2,2,100.0
3209051,RS Umum Mitra Plumbon,RSU,RS Umum,B,Swasta,RS Privat,Jawa Barat,Cirebon,,,,,,,,,,,,,,,,,,,,,,,,,,,,0,0.0,,,,,,,,,,,,,,,,,,,,,,,,,,0,Sudah kerjasama BPJS,Belum kerjasama BPJS,Belum kerjasama BPJS,Sudah kerjasama BPJS,Belum kerjasama BPJS,Sudah kerjasama BPJS,Sudah kerjasama BPJS,,7,4,57.14
3209052,RS Umum Universitas Muhammadiyah Cirebon,RSU,RS Umum,C,Swasta Non Profit,RS Publik,Jawa Barat,Cirebon,8.0,,3.0,2.0,1.0,2.0,,,2.0,,3.0,,,1.0,,,,,,1.0,,1.0,,4.0,,3.0,25.0,9,39.13,,,,,,,,,,,,,,,,,,,,,,,,,,0,,,,,,,,,0,0,
3209053,RS Umum Khalishah,RSU,RS Umum,C,Swasta,RS Privat,Jawa Barat,Cirebon,12.0,2.0,2.0,5.0,2.0,2.0,,,5.0,,2.0,,,2.0,,,,,1.0,1.0,,2.0,,6.0,,3.0,38.0,11,47.83,,,,,,,,,,,,,,,,,,,,,,,,,,0,,,,,,,Sudah kerjasama BPJS,,1,1,100.0
3209054,RS Umum Permata Cirebon,RSU,RS Umum,B,Swasta,RS Privat,Jawa Barat,Cirebon,21.0,1.0,5.0,4.0,5.0,5.0,,,4.0,,5.0,1.0,,5.0,,3.0,,1.0,1.0,2.0,,3.0,,18.0,,8.0,78.0,14,60.87,,,,,,,,,,,,,,,,,,,,,,,,,,0,Sudah kerjasama BPJS,,,Sudah kerjasama BPJS,,Sudah kerjasama BPJS,Sudah kerjasama BPJS,,4,4,100.0
3209055,RS Pasar Minggu Cirebon,RSU,RS Umum,D,Swasta,RS Privat,Jawa Barat,Cirebon,9.0,1.0,,,,,,,,,,,,,,,,,,,,,,1.0,,2.0,13.0,4,17.39,,,,,,,,,,,,,,,,,,,,,,,,,,0,,,,,,,,,0,0,
3209133,RS Umum Sumber Waras,RSU,RS Umum,B,Swasta,RS Privat,Jawa Barat,Cirebon,24.0,,3.0,2.0,1.0,3.0,,,2.0,,3.0,,,1.0,,1.0,,,1.0,2.0,,2.0,,15.0,1.0,6.0,61.0,12,52.17,,,,,,,,,,,,,,,,,,,,,,,,,,0,,,,,,,,,0,0,
3274135,RS Umum Sumber Hurip,RSU,RS Umum,C,Swasta,RS Privat,Jawa Barat,Cirebon,12.0,2.0,2.0,2.0,2.0,2.0,,,2.0,,2.0,,,2.0,,,,,,1.0,,1.0,,4.0,1.0,3.0,32.0,11,47.83,,,,,,,,,,,,,,,,,,,,,,,,,,0,,,,,,,,,0,0,
3274136,RS Jantung Hasna Medika,RSK JANTUNG,RS Khusus,B,Swasta,RS Privat,Jawa Barat,Cirebon,11.0,2.0,2.0,,,,,,,,2.0,,,,,1.0,,,1.0,1.0,,1.0,,6.0,,4.0,29.0,9,39.13,,,,,,,,,,,,,,,,,,,,,,,,,,0,,,,,,,Sudah kerjasama BPJS,,1,1,100.0
3210014,RS Umum Daerah Majalengka,RSU,RS Umum,C,Pemkab,RS Publik,Jawa Barat,Majalengka,23.0,3.0,3.0,2.0,3.0,2.0,,,2.0,,3.0,,,3.0,,,,,1.0,1.0,,1.0,,20.0,,8.0,67.0,11,47.83,,,,,,,,,,,,,,,,,,,,,,,,,,0,,,,,,,,,0,0,
3210025,RS Umum Daerah Cideres,RSU,RS Umum,B,Pemkab,RS Publik,Jawa Barat,Majalengka,15.0,3.0,3.0,3.0,3.0,3.0,,,3.0,,3.0,,,3.0,,,,1.0,1.0,,,2.0,,17.0,1.0,7.0,59.0,12,52.17,0.0,0.0,0.0,1.0,0.0,1.0,0.0,0.0,0.0,0.0,0.0,0.0,,0.0,1.0,0.0,1.0,0.0,0.0,2.0,1.0,False,6.0,5.0,95.0,1,,,,Sudah kerjasama BPJS,,Sudah kerjasama BPJS,Sudah kerjasama BPJS,,3,3,100.0
3210036,RS Bedah Budi Kasih,RSK BEDAH,RS Khusus,C,Swasta Non Profit,RS Publik,Jawa Barat,Majalengka,3.0,,1.0,1.0,,3.0,,,1.0,,1.0,,,,,,,,,1.0,,1.0,,,,,10.0,6,26.09,,,,,,,,,,,,,,,,,,,,,,,,,,0,,,,,,,,,0,0,
3210037,RS Mitra Plumbon Majalengka,RSU,RS Umum,C,Swasta,RS Privat,Jawa Barat,Majalengka,17.0,1.0,4.0,3.0,2.0,2.0,,,3.0,,4.0,,,2.0,,,,,1.0,2.0,,4.0,,7.0,1.0,3.0,47.0,12,52.17,,,,,,,,,,,,,,,,,,,,,,,,,,0,,,,,,,Sudah kerjasama BPJS,,1,1,100.0
3210038,RS Umum Livasya,RSU,RS Umum,C,Swasta,RS Privat,Jawa Barat,Majalengka,2.0,,,1.0,1.0,1.0,,,1.0,,,,,1.0,,,,,,,,2.0,,3.0,,1.0,11.0,7,30.43,,,,,,,,,,,,,,,,,,,,,,,,,,0,,,,,,,,,0,0,
3210049,RS Umum Daerah Talaga,RSU,RS Umum,D,Pemkab,RS Publik,Jawa Barat,Majalengka,,,,,,,,,,,,,,,,,,,,,,,,,,,,0,0.0,,,,,,,,,,,,,,,,,,,,,,,,,,0,,,,,,,,,0,0,
3211015,RS Umum Daerah Sumedang,RSU,RS Umum,B,Pemkab,RS Publik,Jawa Barat,Sumedang,50.0,1.0,5.0,3.0,6.0,2.0,,,3.0,,5.0,,,6.0,,1.0,,,2.0,1.0,,2.0,,34.0,,15.0,122.0,12,52.17,0.0,1.0,1.0,0.0,0.0,0.0,0.0,0.0,,0.0,0.0,1.0,,0.0,0.0,0.0,,,0.0,,1.0,False,3.0,3.0,75.0,1,,,,,,Sudah kerjasama BPJS,Sudah kerjasama BPJS,,2,2,100.0
3211026,RS Umum Pakuwon,RSU,RS Umum,C,Swasta,RS Privat,Jawa Barat,Sumedang,11.0,2.0,3.0,,2.0,2.0,,,,,3.0,,,2.0,,,,,1.0,1.0,,1.0,,10.0,,4.0,37.0,10,43.48,,,,,,,,,,,,,,,,,,,,,,,,,,0,,,,,,,,,0,0,
3211027,RS Umum Harapan Keluarga,RSU,RS Umum,D,Swasta,RS Privat,Jawa Barat,Sumedang,8.0,,3.0,4.0,4.0,1.0,,,4.0,,3.0,,,4.0,,,,,1.0,1.0,,1.0,,7.0,,3.0,33.0,10,43.48,,,,,,,,,,,,,,,,,,,,,,,,,,0,,,,,Belum kerjasama BPJS,,Sudah kerjasama BPJS,,2,1,50.0
3212016,RS Umum Daerah Kab. Indramayu,RSU,RS Umum,B,Pemkab,RS Publik,Jawa Barat,Indramayu,25.0,2.0,4.0,4.0,3.0,3.0,,,4.0,,4.0,,,3.0,,1.0,,1.0,1.0,1.0,,2.0,,23.0,,10.0,80.0,13,56.52,0.0,0.0,1.0,0.0,0.0,0.0,0.0,0.0,,0.0,0.0,0.0,,1.0,0.0,0.0,,,1.0,,1.0,False,3.0,3.0,75.0,1,,Belum kerjasama BPJS,,Sudah kerjasama BPJS,Sudah kerjasama BPJS,Sudah kerjasama BPJS,Sudah kerjasama BPJS,,5,4,80.0
3212031,RS Umum Daerah M. A. Sentot Patrol,RSU,RS Umum,C,Pemkab,RS Publik,Jawa Barat,Indramayu,12.0,,2.0,2.0,1.0,2.0,,,2.0,,2.0,,,1.0,,1.0,,,1.0,1.0,,1.0,,12.0,,8.0,43.0,11,47.83,,,,,,,,,,,,,,,,,,,,,,,,,,0,,Belum kerjasama BPJS,,,,,Sudah kerjasama BPJS,,2,1,50.0
3212042,RS Umum Bhayangkara Indramayu,RSU,RS Umum,C,POLRI,RS Publik,Jawa Barat,Indramayu,16.0,1.0,3.0,1.0,1.0,1.0,,,1.0,,3.0,,,1.0,,,,,1.0,,1.0,1.0,,7.0,,6.0,39.0,11,47.83,,,,,,,,,,,,,,,,,,,,,,,,,,0,,,,Sudah kerjasama BPJS,,Sudah kerjasama BPJS,,,2,2,100.0
3212054,RS Umum MM Indramayu,RSU,RS Umum,D,Swasta,RS Privat,Jawa Barat,Indramayu,10.0,1.0,2.0,2.0,1.0,1.0,,,2.0,,2.0,,,1.0,,,,,,1.0,,1.0,,5.0,,4.0,28.0,10,43.48,,,,,,,,,,,,,,,,,,,,,,,,,,0,,,,,,,,,0,0,
3212055,RS Umum Pertamina Balongan Indramayu,RSU,RS Umum,D,BUMN,RS Privat,Jawa Barat,Indramayu,10.0,2.0,1.0,2.0,1.0,2.0,,,2.0,,1.0,,,1.0,,,,,1.0,1.0,,1.0,,5.0,,2.0,28.0,11,47.83,,,,,,,,,,,,,,,,,,,,,,,,,,0,,,,,,,,,0,0,
3212056,RS Umum Daerah Mursid Ibnu Syafiuddin,RSU,RS Umum,D,Pemkab,RS Publik,Jawa Barat,Indramayu,24.0,1.0,1.0,2.0,2.0,1.0,,,2.0,,1.0,,,2.0,,,,,1.0,1.0,,1.0,,3.0,,11.0,48.0,11,47.83,,,,,,,,,,,,,,,,,,,,,,,,,,0,,,,,,,Sudah kerjasama BPJS,,1,1,100.0
3212057,RS Syahid Al Irsyad,RSU,RS Umum,D,Swasta,RS Privat,Jawa Barat,Indramayu,4.0,1.0,,1.0,1.0,,,,1.0,,,,,1.0,,,,,,,,,,2.0,,1.0,10.0,6,26.09,,,,,,,,,,,,,,,,,,,,,,,,,,0,,,,,,,,,0,0,
3212058,RS Ibu dan Anak Irhamna Indramayu,RSIA,RS Khusus,C,Swasta,RS Privat,Jawa Barat,Indramayu,6.0,,,2.0,1.0,,,,2.0,,,,,1.0,,,,,,,,,,4.0,,,13.0,4,17.39,,,,,,,,,,,,,,,,,,,,,,,,,,0,,,,,,,,,0,0,
3212059,RS Mitra Plumbon Indramayu,RSU,RS Umum,C,Swasta,RS Privat,Jawa Barat,Indramayu,25.0,1.0,7.0,2.0,2.0,3.0,,,2.0,,7.0,,,2.0,,1.0,,,2.0,1.0,,2.0,,13.0,1.0,8.0,68.0,13,56.52,,,,,,,,,,,,,,,,,,,,,,,,,,0,,,,Sudah kerjasama BPJS,,,Sudah kerjasama BPJS,,2,2,100.0
3212060,RS Sentra Medika Langut,RSU,RS Umum,D,Swasta,RS Privat,Jawa Barat,Indramayu,6.0,1.0,1.0,1.0,1.0,1.0,,,1.0,,1.0,,,1.0,,,,,,1.0,,1.0,,4.0,,5.0,22.0,10,43.48,,,,,,,,,,,,,,,,,,,,,,,,,,0,,,,,,,,,0,0,
3212071,RS Islam Zam-Zam Muhammadiyah Jatibarang,RSU,RS Umum,D,Swasta Non Profit,RS Publik,Jawa Barat,Indramayu,6.0,,1.0,,1.0,1.0,,,,,1.0,,,1.0,,,,,,1.0,,1.0,,1.0,,2.0,14.0,8,34.78,,,,,,,,,,,,,,,,,,,,,,,,,,0,,,,,,,Sudah kerjasama BPJS,,1,1,100.0
3212073,RS Mitra Plumbon Patrol,RSU,RS Umum,C,Swasta,RS Privat,Jawa Barat,Indramayu,,,,,,,,,,,,,,,,,,,,,,,,,,,,0,0.0,,,,,,,,,,,,,,,,,,,,,,,,,,0,,,,,,,,,0,0,
3213010,RS Umum Daerah Subang,RSU,RS Umum,B,Pemkab,RS Publik,Jawa Barat,Subang,40.0,5.0,6.0,3.0,3.0,3.0,,,3.0,,6.0,,,3.0,,,,1.0,2.0,,,3.0,,34.0,,9.0,109.0,11,47.83,0.0,0.0,0.0,1.0,0.0,1.0,0.0,0.0,0.0,0.0,0.0,0.0,,0.0,1.0,0.0,1.0,0.0,0.0,1.0,1.0,False,5.0,5.0,95.0,1,,,,,,Sudah kerjasama BPJS,,,1,1,100.0
3213021,RS Umum PTPN VIII ,RSU,RS Umum,D,BUMN,RS Privat,Jawa Barat,Subang,14.0,4.0,3.0,1.0,1.0,1.0,,,1.0,,3.0,,,1.0,,,,,1.0,1.0,,1.0,,10.0,,2.0,39.0,11,47.83,,,,,,,,,,,,,,,,,,,,,,,,,,0,,,,,,,,,0,0,
3213032,RSAU dr. Hoediyono Lanud Suryadarma,RSU,RS Umum,D,TNI,RS Publik,Jawa Barat,Subang,2.0,1.0,,,1.0,1.0,,,,,,,,1.0,,,,,,,,,,3.0,,2.0,10.0,6,26.09,,,,,,,,,,,,,,,,,,,,,,,,,,0,,,,,,,,,0,0,
3213044,RS Umum Mutiara Hati,RSU,RS Umum,C,Swasta,RS Privat,Jawa Barat,Subang,,,,,,,,,,,,,,,,,,,,,,,,,,,,0,0.0,,,,,,,,,,,,,,,,,,,,,,,,,,0,,,,,,,,,0,0,
3213045,RS Umum Pamanukan Medical Center (PMC),RSU,RS Umum,C,Swasta,RS Privat,Jawa Barat,Subang,16.0,1.0,2.0,1.0,2.0,4.0,,,1.0,,2.0,,,2.0,,1.0,,,1.0,1.0,,2.0,,6.0,,2.0,39.0,12,52.17,,,,,,,,,,,,,,,,,,,,,,,,,,0,,Belum kerjasama BPJS,,,,Sudah kerjasama BPJS,,,2,1,50.0
3213047,RS Umum Haji Syaiful Anwar,RSU,RS Umum,D,Swasta,RS Privat,Jawa Barat,Subang,5.0,2.0,1.0,1.0,1.0,1.0,,,1.0,,1.0,,,1.0,,,,,1.0,1.0,,1.0,,,,,14.0,9,39.13,,,,,,,,,,,,,,,,,,,,,,,,,,0,,,,,,,,,0,0,
3213048,RS Karisma,RSU,RS Umum,D,Swasta,RS Privat,Jawa Barat,Subang,,,,,,,,,,,,,,,,,,,,,,,,,,,,0,0.0,,,,,,,,,,,,,,,,,,,,,,,,,,0,,,,,,,,,0,0,
3213049,RS Khusus Ibu dan Anak Grha Mutiara,RSIA,RS Khusus,C,Swasta,RS Privat,Jawa Barat,Subang,8.0,,,2.0,1.0,1.0,,,2.0,,,,,1.0,,,,,,,,,,,,,12.0,4,17.39,,,,,,,,,,,,,,,,,,,,,,,,,,0,,,,,,,,,0,0,
3213050,RS Indosehat 2003,RSU,RS Umum,D,Swasta,RS Privat,Jawa Barat,Subang,8.0,,,1.0,,,,,1.0,,,,,,,,,,,1.0,,1.0,,5.0,,4.0,20.0,6,26.09,,,,,,,,,,,,,,,,,,,,,,,,,,0,,,,,,,Sudah kerjasama BPJS,,1,1,100.0
3213061,RS Rayhan,RSU,RS Umum,C,Swasta,RS Privat,Jawa Barat,Subang,2.0,2.0,1.0,1.0,1.0,1.0,,,1.0,,1.0,,,1.0,,,,,,,,1.0,,,,,9.0,7,30.43,,,,,,,,,,,,,,,,,,,,,,,,,,0,,,,,,,,,0,0,
3213062,RS Hamori,RSU,RS Umum,C,Swasta,RS Privat,Jawa Barat,Subang,,,,,,,,,,,,,,,,,,,,,,,,,,,,0,0.0,,,,,,,,,,,,,,,,,,,,,,,,,,0,,Belum kerjasama BPJS,,,,,Sudah kerjasama BPJS,,2,1,50.0
3214011,RS Umum Daerah Bayu Asih,RSU,RS Umum,B,Pemkab,RS Publik,Jawa Barat,Purwakarta,25.0,2.0,4.0,3.0,3.0,3.0,,,3.0,,4.0,,,3.0,,1.0,,1.0,2.0,3.0,,3.0,,26.0,,15.0,91.0,13,56.52,0.0,1.0,1.0,1.0,0.0,1.0,0.0,0.0,0.0,0.0,0.0,1.0,,0.0,1.0,0.0,1.0,0.0,0.0,6.0,1.0,False,13.0,8.0,95.0,1,,,,,Belum kerjasama BPJS,Sudah kerjasama BPJS,Sudah kerjasama BPJS,,3,2,66.67
3214031,RS Umum Siloam Purwakarta,RSU,RS Umum,B,Swasta,RS Privat,Jawa Barat,Purwakarta,40.0,5.0,5.0,3.0,5.0,3.0,,,3.0,,5.0,,,5.0,,1.0,,,2.0,4.0,,2.0,,9.0,,11.0,90.0,12,52.17,,,,,,,,,,,,,,,,,,,,,,,,,,0,,Belum kerjasama BPJS,,Sudah kerjasama BPJS,,,Sudah kerjasama BPJS,,3,2,66.67
3214032,RS Umum dr. Abdul Radjak Purwakarta,RSU,RS Umum,B,Swasta,RS Privat,Jawa Barat,Purwakarta,30.0,3.0,4.0,3.0,3.0,2.0,,,3.0,,4.0,,,3.0,,1.0,,1.0,1.0,3.0,,2.0,,,1.0,10.0,64.0,13,56.52,,,,,,,,,,,,,,,,,,,,,,,,,,0,,,,,,Sudah kerjasama BPJS,Sudah kerjasama BPJS,,2,2,100.0
3214033,RS Umum Asri Purwakarta,RSU,RS Umum,C,Swasta,RS Privat,Jawa Barat,Purwakarta,12.0,2.0,2.0,2.0,3.0,2.0,,,2.0,,2.0,,,3.0,,,,,1.0,1.0,,3.0,,8.0,,5.0,41.0,11,47.83,,,,,,,,,,,,,,,,,,,,,,,,,,0,,,,,,,Sudah kerjasama BPJS,,1,1,100.0
3214034,RS Umum Rama Hadi,RSU,RS Umum,C,Swasta,RS Privat,Jawa Barat,Purwakarta,18.0,1.0,3.0,1.0,2.0,2.0,,,1.0,,3.0,,,2.0,,1.0,,1.0,1.0,1.0,,1.0,,7.0,1.0,10.0,50.0,14,60.87,,,,,,,,,,,,,,,,,,,,,,,,,,0,,,,,,Sudah kerjasama BPJS,,,1,1,100.0
3214035,RS Umum Amira,RSU,RS Umum,C,Swasta,RS Privat,Jawa Barat,Purwakarta,12.0,2.0,3.0,1.0,2.0,2.0,,,1.0,,3.0,,,2.0,,1.0,,,1.0,1.0,,1.0,,9.0,,5.0,40.0,12,52.17,,,,,,,,,,,,,,,,,,,,,,,,,,0,,,,,,,Sudah kerjasama BPJS,,1,1,100.0
3214036,RS Ibu dan Anak Dian,RSIA,RS Khusus,C,Swasta,RS Privat,Jawa Barat,Purwakarta,8.0,,,1.0,2.0,,,,1.0,,,,,2.0,,,,,,,,1.0,,,,,12.0,4,17.39,,,,,,,,,,,,,,,,,,,,,,,,,,0,,,,,,,,,0,0,
3214037,RS Umum Holistic Purwakarta,RSU,RS Umum,C,Swasta,RS Privat,Jawa Barat,Purwakarta,9.0,,1.0,2.0,1.0,1.0,,,2.0,,1.0,,,1.0,,,,,1.0,1.0,,1.0,,2.0,,3.0,22.0,10,43.48,,,,,,,,,,,,,,,,,,,,,,,,,,0,,,,,,,Sudah kerjasama BPJS,,1,1,100.0
3214038,RS Umum Bhakti Husada II Purwakarta,RSU,RS Umum,C,Swasta,RS Privat,Jawa Barat,Purwakarta,18.0,2.0,2.0,1.0,2.0,1.0,,,1.0,,2.0,,,2.0,,,,,,1.0,,1.0,,3.0,,6.0,37.0,10,43.48,,,,,,,,,,,,,,,,,,,,,,,,,,0,,,,,,,Sudah kerjasama BPJS,,1,1,100.0
3214040,RS Umum Karina Medika,RSU,RS Umum,D,Swasta,RS Privat,Jawa Barat,Purwakarta,10.0,1.0,1.0,2.0,1.0,1.0,,,2.0,,1.0,,,1.0,,,,,1.0,1.0,,1.0,,5.0,,2.0,26.0,11,47.83,,,,,,,,,,,,,,,,,,,,,,,,,,0,,,,,,,Sudah kerjasama BPJS,,1,1,100.0
3214041,RS Ibu dan Anak Bunda Fathia,RSIA,RS Khusus,C,Swasta,RS Privat,Jawa Barat,Purwakarta,2.0,,,2.0,1.0,,,,2.0,,,,,1.0,,,,,,,,1.0,,4.0,,1.0,11.0,6,26.09,,,,,,,,,,,,,,,,,,,,,,,,,,0,,,,,,,,,0,0,
3215012,RS Umum Daerah Karawang,RSU,RS Umum,B,Pemkab,RS Publik,Jawa Barat,Karawang,27.0,1.0,5.0,6.0,5.0,3.0,,,6.0,,5.0,,,5.0,,2.0,,2.0,2.0,3.0,,3.0,,36.0,,26.0,121.0,13,56.52,0.0,1.0,0.0,0.0,0.0,0.0,1.0,0.0,,0.0,0.0,1.0,,1.0,1.0,0.0,,,1.0,,1.0,False,6.0,6.0,75.0,1,,Belum kerjasama BPJS,Sudah kerjasama BPJS,Sudah kerjasama BPJS,Belum kerjasama BPJS,Sudah kerjasama BPJS,Sudah kerjasama BPJS,,6,4,66.67
3215023,RS Umum Bayukarta,RSU,RS Umum,C,Swasta Non Profit,RS Publik,Jawa Barat,Karawang,17.0,1.0,5.0,2.0,4.0,2.0,,,2.0,,5.0,,,4.0,,1.0,,1.0,1.0,1.0,,2.0,,18.0,,8.0,63.0,13,56.52,,,,,,,,,,,,,,,,,,,,,,,,,,0,,,,Sudah kerjasama BPJS,,Sudah kerjasama BPJS,Sudah kerjasama BPJS,,3,3,100.0
3215045,RS Umum Dewi Sri,RSU,RS Umum,C,Swasta,RS Privat,Jawa Barat,Karawang,19.0,8.0,6.0,3.0,3.0,3.0,,,3.0,,6.0,,,3.0,,2.0,,1.0,1.0,2.0,,2.0,,16.0,,9.0,75.0,13,56.52,,,,,,,,,,,,,,,,,,,,,,,,,,0,,,,,,,Sudah kerjasama BPJS,,1,1,100.0
3215056,RS Umum Karya Husada,RSU,RS Umum,C,Swasta,RS Privat,Jawa Barat,Karawang,10.0,2.0,5.0,2.0,2.0,2.0,,,2.0,,5.0,,,2.0,,,,,1.0,1.0,,1.0,,10.0,,5.0,41.0,11,47.83,,,,,,,,,,,,,,,,,,,,,,,,,,0,,,,,,,Sudah kerjasama BPJS,,1,1,100.0
3215067,RS Umum Proklamasi,RSU,RS Umum,C,Swasta,RS Privat,Jawa Barat,Karawang,9.0,2.0,2.0,3.0,1.0,1.0,,,3.0,,2.0,,,1.0,,1.0,,,1.0,1.0,,2.0,,8.0,,4.0,35.0,12,52.17,,,,,,,,,,,,,,,,,,,,,,,,,,0,,,,,,,Sudah kerjasama BPJS,,1,1,100.0
3215078,RS Umum Islam Karawang,RSU,RS Umum,C,Swasta Non Profit,RS Publik,Jawa Barat,Karawang,13.0,2.0,3.0,2.0,3.0,3.0,,,2.0,,3.0,,,3.0,,1.0,,,1.0,1.0,,2.0,,6.0,,5.0,42.0,12,52.17,,,,,,,,,,,,,,,,,,,,,,,,,,0,,,,Sudah kerjasama BPJS,,,Sudah kerjasama BPJS,,2,2,100.0
3215089,RS Umum Saraswati,RSU,RS Umum,D,Swasta,RS Privat,Jawa Barat,Karawang,6.0,2.0,2.0,3.0,2.0,2.0,,,3.0,,2.0,,,2.0,,,,,1.0,1.0,,1.0,,8.0,,1.0,29.0,11,47.83,,,,,,,,,,,,,,,,,,,,,,,,,,0,,,,,,,,,0,0,
3215100,RS Umum Delima Asih Sisma Medika,RSU,RS Umum,D,Swasta,RS Privat,Jawa Barat,Karawang,11.0,1.0,3.0,2.0,2.0,1.0,,,2.0,,3.0,,,2.0,,,,,1.0,1.0,,,,5.0,,2.0,29.0,10,43.48,,,,,,,,,,,,,,,,,,,,,,,,,,0,,,,,,,,,0,0,
3215112,RS Ibu dan Anak Dr. Djoko Pramono,RSIA,RS Khusus,C,Swasta,RS Privat,Jawa Barat,Karawang,5.0,,,5.0,1.0,,,,5.0,,,,,1.0,,,,,,,,2.0,,,,1.0,14.0,5,21.74,,,,,,,,,,,,,,,,,,,,,,,,,,0,,,,,,,,,0,0,
3215123,RS Umum Citra Sari Husada,RSU,RS Umum,C,Swasta,RS Privat,Jawa Barat,Karawang,17.0,3.0,3.0,2.0,2.0,2.0,,,2.0,,3.0,,,2.0,,1.0,,,,1.0,,2.0,,4.0,,5.0,42.0,11,47.83,,,,,,,,,,,,,,,,,,,,,,,,,,0,,,,,,,Sudah kerjasama BPJS,,1,1,100.0
3215134,RS Umum Izza,RSU,RS Umum,C,Swasta,RS Privat,Jawa Barat,Karawang,24.0,2.0,3.0,2.0,4.0,2.0,,,2.0,,3.0,,,4.0,,,,1.0,1.0,2.0,,2.0,,13.0,,5.0,61.0,12,52.17,,,,,,,,,,,,,,,,,,,,,,,,,,0,,,,,,Sudah kerjasama BPJS,Sudah kerjasama BPJS,,2,2,100.0
3215145,RS Umum Mandaya,RSU,RS Umum,C,Swasta,RS Privat,Jawa Barat,Karawang,13.0,4.0,4.0,4.0,4.0,4.0,,,4.0,,4.0,,,4.0,,2.0,,,1.0,2.0,,3.0,,12.0,,8.0,61.0,12,52.17,,,,,,,,,,,,,,,,,,,,,,,,,,0,,,,,,,,,0,0,
3215146,RS Umum Daerah Jatisari Kabupaten Karawang,RSU,RS Umum,C,Pemkab,RS Publik,Jawa Barat,Karawang,12.0,,1.0,2.0,1.0,1.0,,,2.0,,1.0,,,1.0,,1.0,,1.0,1.0,1.0,,1.0,,11.0,,6.0,39.0,12,52.17,,,,,,,,,,,,,,,,,,,,,,,,,,0,,,,,,,Sudah kerjasama BPJS,,1,1,100.0
3215156,RS Umum Lira Medika,RSU,RS Umum,B,Swasta,RS Privat,Jawa Barat,Karawang,35.0,5.0,5.0,5.0,4.0,4.0,,,5.0,,5.0,,,4.0,,1.0,,1.0,1.0,4.0,,3.0,,21.0,1.0,12.0,102.0,14,60.87,,,,,,,,,,,,,,,,,,,,,,,,,,0,,,,,,,Sudah kerjasama BPJS,,1,1,100.0
3215158,RS Umum Fikri Medika,RSU,RS Umum,C,Swasta,RS Privat,Jawa Barat,Karawang,5.0,2.0,1.0,3.0,2.0,2.0,,,3.0,,1.0,,,2.0,,,,,1.0,,,1.0,,6.0,,8.0,31.0,10,43.48,,,,,,,,,,,,,,,,,,,,,,,,,,0,,,,,,,Sudah kerjasama BPJS,,1,1,100.0
3215160,RS Umum Puri Asih,RSU,RS Umum,C,Swasta,RS Privat,Jawa Barat,Karawang,13.0,2.0,3.0,2.0,2.0,2.0,,,2.0,,3.0,,,2.0,,,,,1.0,1.0,,1.0,,15.0,,5.0,47.0,11,47.83,,,,,,,,,,,,,,,,,,,,,,,,,,0,,,,,,,,,0,0,
3215161,RS Umum Mitra Family,RSU,RS Umum,C,Swasta,RS Privat,Jawa Barat,Karawang,8.0,,2.0,3.0,3.0,1.0,,,3.0,,2.0,,,3.0,,,,,1.0,1.0,,2.0,,6.0,,4.0,31.0,10,43.48,,,,,,,,,,,,,,,,,,,,,,,,,,0,,,,,,,,,0,0,
3215162,RS Umum Helsa,RSU,RS Umum,C,Swasta,RS Privat,Jawa Barat,Karawang,6.0,2.0,2.0,2.0,2.0,,,,2.0,,2.0,,,2.0,,,,,1.0,,,,,3.0,,1.0,19.0,8,34.78,,,,,,,,,,,,,,,,,,,,,,,,,,0,,,,,,,Sudah kerjasama BPJS,,1,1,100.0
3215163,RS Ibu dan Anak Sentul,RSIA,RS Khusus,C,Swasta,RS Privat,Jawa Barat,Karawang,6.0,2.0,1.0,3.0,3.0,,,,3.0,,1.0,,,3.0,,,,,,,,1.0,,8.0,,1.0,25.0,8,34.78,,,,,,,,,,,,,,,,,,,,,,,,,,0,,,,,,,,,0,0,
3215164,RS Umum Rosela,RSU,RS Umum,D,Swasta,RS Privat,Jawa Barat,Karawang,13.0,2.0,4.0,1.0,,1.0,,,1.0,,4.0,,,,,,,,1.0,1.0,,,,2.0,,2.0,27.0,9,39.13,,,,,,,,,,,,,,,,,,,,,,,,,,0,,,,,,,Sudah kerjasama BPJS,,1,1,100.0
3215165,RS Umum Sentral Medika,RSU,RS Umum,D,Swasta,RS Privat,Jawa Barat,Karawang,6.0,,1.0,4.0,1.0,1.0,,,4.0,,1.0,,,1.0,,,,,1.0,1.0,,1.0,,5.0,,4.0,25.0,10,43.48,,,,,,,,,,,,,,,,,,,,,,,,,,0,,,,,,,Sudah kerjasama BPJS,,1,1,100.0
3215167,RS Umum Amanda Mitra Keluarga,RSU,RS Umum,D,Swasta,RS Privat,Jawa Barat,Karawang,2.0,,2.0,2.0,1.0,1.0,,,2.0,,2.0,,,1.0,,,,,1.0,,,1.0,,3.0,,4.0,17.0,9,39.13,,,,,,,,,,,,,,,,,,,,,,,,,,0,,,,,,,Sudah kerjasama BPJS,,1,1,100.0
3215169,RS Hermina Karawang,RSU,RS Umum,C,Swasta,RS Privat,Jawa Barat,Karawang,10.0,,2.0,2.0,3.0,3.0,,,2.0,,2.0,,,3.0,,,,,,,,4.0,,8.0,,2.0,34.0,8,34.78,,,,,,,,,,,,,,,,,,,,,,,,,,0,,,,,,Sudah kerjasama BPJS,Sudah kerjasama BPJS,,2,2,100.0
3215170,RS Primaya Karawang,RSU,RS Umum,C,Swasta,RS Privat,Jawa Barat,Karawang,12.0,2.0,4.0,3.0,4.0,2.0,,,3.0,,4.0,,,4.0,,1.0,,1.0,1.0,1.0,,3.0,,9.0,,7.0,50.0,13,56.52,,,,,,,,,,,,,,,,,,,,,,,,,,0,,Belum kerjasama BPJS,,Sudah kerjasama BPJS,,Sudah kerjasama BPJS,Sudah kerjasama BPJS,,4,3,75.0
3215171,RS Permata Keluarga Karawang,RSU,RS Umum,C,Swasta,RS Privat,Jawa Barat,Karawang,15.0,5.0,3.0,2.0,2.0,2.0,,,2.0,,3.0,,,2.0,,,,1.0,,2.0,,1.0,,5.0,,6.0,44.0,11,47.83,,,,,,,,,,,,,,,,,,,,,,,,,,0,,,,,,Sudah kerjasama BPJS,Sudah kerjasama BPJS,,2,2,100.0
3215182,RS Hastien,RSU,RS Umum,C,Swasta,RS Privat,Jawa Barat,Karawang,,,,,,,,,,,,,,,,,,,,,,,,5.0,,4.0,9.0,2,8.7,,,,,,,,,,,,,,,,,,,,,,,,,,0,,,,,,,,,0,0,
3216072,RS Umum Bhakti Husada,RSU,RS Umum,C,Swasta Non Profit,RS Publik,Jawa Barat,Bekasi,13.0,,2.0,3.0,3.0,2.0,,,3.0,,2.0,,,3.0,,2.0,,,,1.0,,2.0,,6.0,1.0,3.0,38.0,11,47.83,,,,,,,,,,,,,,,,,,,,,,,,,,0,,,,,,,Sudah kerjasama BPJS,,1,1,100.0
3216104,RS Umum Karya Medika,RSU,RS Umum,C,Swasta Non Profit,RS Publik,Jawa Barat,Bekasi,23.0,8.0,4.0,3.0,3.0,3.0,,,3.0,,4.0,,,3.0,,2.0,,1.0,1.0,1.0,,3.0,,9.0,1.0,6.0,68.0,14,60.87,,,,,,,,,,,,,,,,,,,,,,,,,,0,,,,,,,Sudah kerjasama BPJS,,1,1,100.0
3216126,RS Umum Annisa,RSU,RS Umum,C,Swasta,RS Privat,Jawa Barat,Bekasi,24.0,2.0,3.0,4.0,3.0,2.0,,,4.0,,3.0,,,3.0,,2.0,,,1.0,2.0,,4.0,,11.0,,7.0,65.0,12,52.17,,,,,,,,,,,,,,,,,,,,,,,,,,0,,,,,,,Sudah kerjasama BPJS,,1,1,100.0
3216152,Siloam Hospitals Lippo Cikarang,RSU,RS Umum,B,Swasta,RS Privat,Jawa Barat,Bekasi,25.0,4.0,6.0,5.0,6.0,3.0,,,5.0,,6.0,,,6.0,,2.0,,1.0,2.0,3.0,,3.0,,27.0,,9.0,96.0,13,56.52,,,,,,,,,,,,,,,,,,,,,,,,,,0,,,,Sudah kerjasama BPJS,,Sudah kerjasama BPJS,Sudah kerjasama BPJS,,3,3,100.0
3216163,RS Umum Sentra Medika,RSU,RS Umum,B,Swasta Non Profit,RS Publik,Jawa Barat,Bekasi,17.0,3.0,3.0,3.0,3.0,2.0,1.0,,3.0,,3.0,,,3.0,,1.0,,1.0,1.0,2.0,,3.0,,16.0,1.0,10.0,67.0,15,65.22,,,,,,,,,,,,,,,,,,,,,,,,,,0,,,,,,,,,0,0,
3216185,RS Umum Hosana Medica,RSU,RS Umum,C,Swasta,RS Privat,Jawa Barat,Bekasi,22.0,7.0,2.0,2.0,5.0,,,,2.0,,2.0,,,5.0,,1.0,,,1.0,2.0,,1.0,,,,6.0,49.0,10,43.48,,,,,,,,,,,,,,,,,,,,,,,,,,0,,,,,,,Sudah kerjasama BPJS,,1,1,100.0
3216252,RS Umum Daerah Kab.Bekasi,RSU,RS Umum,B,Pemkab,RS Publik,Jawa Barat,Bekasi,93.0,5.0,8.0,4.0,5.0,4.0,,,4.0,,8.0,,,5.0,,3.0,,2.0,2.0,4.0,,5.0,,42.0,1.0,15.0,193.0,14,60.87,0.0,0.0,1.0,0.0,1.0,0.0,0.0,0.0,,0.0,0.0,1.0,,0.0,0.0,1.0,,,1.0,,1.0,False,5.0,5.0,75.0,1,,,,Sudah kerjasama BPJS,,Sudah kerjasama BPJS,Sudah kerjasama BPJS,,3,3,100.0
3216318,RS Umum Hermina Grand Wisata,RSU,RS Umum,B,Swasta,RS Privat,Jawa Barat,Bekasi,30.0,4.0,5.0,16.0,17.0,5.0,,1.0,16.0,1.0,5.0,,,17.0,,3.0,,2.0,2.0,4.0,,6.0,,24.0,,7.0,127.0,15,65.22,,,,,,,,,,,,,,,,,,,,,,,,,,0,Sudah kerjasama BPJS,,Sudah kerjasama BPJS,,,Sudah kerjasama BPJS,Sudah kerjasama BPJS,,4,4,100.0
3216340,RS Umum Medirossa Cikarang,RSU,RS Umum,C,Swasta Non Profit,RS Publik,Jawa Barat,Bekasi,18.0,,2.0,3.0,2.0,2.0,,,3.0,,2.0,,,2.0,,1.0,,,1.0,1.0,,3.0,,9.0,,5.0,47.0,11,47.83,,,,,,,,,,,,,,,,,,,,,,,,,,0,,,,,,,Sudah kerjasama BPJS,,1,1,100.0
3216351,RS Umum Kartika Husada,RSU,RS Umum,C,Swasta,RS Privat,Jawa Barat,Bekasi,16.0,2.0,3.0,2.0,3.0,2.0,,,2.0,,3.0,,,3.0,,1.0,,,1.0,1.0,,2.0,,12.0,,5.0,50.0,12,52.17,,,,,,,,,,,,,,,,,,,,,,,,,,0,,,,,,,,,0,0,
3216362,RS Umum Karya Medika II,RSU,RS Umum,C,Swasta,RS Privat,Jawa Barat,Bekasi,19.0,11.0,3.0,4.0,3.0,3.0,,,4.0,,3.0,,,3.0,,2.0,,,2.0,1.0,,3.0,,3.0,,1.0,55.0,12,52.17,,,,,,,,,,,,,,,,,,,,,,,,,,0,,,,,,,Sudah kerjasama BPJS,,1,1,100.0
3216374,RS Ananda Tambun Selatan,RSU,RS Umum,C,Swasta,RS Privat,Jawa Barat,Bekasi,11.0,1.0,2.0,1.0,2.0,3.0,,,1.0,,2.0,,,2.0,,1.0,,,1.0,1.0,,1.0,,1.0,,4.0,29.0,12,52.17,,,,,,,,,,,,,,,,,,,,,,,,,,0,,,,,,,Sudah kerjasama BPJS,,1,1,100.0
3216385,RS Umum Harapan Keluarga Jababeka,RSU,RS Umum,C,Swasta,RS Privat,Jawa Barat,Bekasi,10.0,4.0,2.0,2.0,1.0,1.0,,,2.0,,2.0,,,1.0,,,,,1.0,1.0,,1.0,,5.0,,5.0,33.0,11,47.83,,,,,,,,,,,,,,,,,,,,,,,,,,0,,,,Sudah kerjasama BPJS,,,Sudah kerjasama BPJS,,2,2,100.0
3216386,RS Amanda Cikarang Selatan,RSU,RS Umum,C,Swasta,RS Privat,Jawa Barat,Bekasi,8.0,2.0,2.0,2.0,1.0,2.0,,,2.0,,2.0,,,1.0,,,,,1.0,1.0,,2.0,,6.0,,6.0,33.0,11,47.83,,,,,,,,,,,,,,,,,,,,,,,,,,0,,,,,,,Sudah kerjasama BPJS,,1,1,100.0
3216387,RS Umum Dokter Adam Talib,RSU,RS Umum,C,Swasta,RS Privat,Jawa Barat,Bekasi,12.0,1.0,1.0,1.0,1.0,1.0,,,1.0,,1.0,,,1.0,,,,,1.0,,,,,4.0,,4.0,26.0,9,39.13,,,,,,,,,,,,,,,,,,,,,,,,,,0,,,,,,,,,0,0,
3216388,RS Umum Cibitung Medika,RSU,RS Umum,C,Swasta,RS Privat,Jawa Barat,Bekasi,15.0,4.0,9.0,5.0,3.0,4.0,,,5.0,,9.0,,,3.0,,,,,1.0,2.0,,2.0,,8.0,,7.0,60.0,11,47.83,,,,,,,,,,,,,,,,,,,,,,,,,,0,,,,,,,Sudah kerjasama BPJS,,1,1,100.0
3216393,RS Umum Mitra Keluarga Cikarang,RSU,RS Umum,B,Swasta,RS Privat,Jawa Barat,Bekasi,8.0,2.0,5.0,4.0,6.0,2.0,,,4.0,,5.0,,,6.0,,1.0,,1.0,1.0,3.0,,2.0,,19.0,,7.0,61.0,13,56.52,,,,,,,,,,,,,,,,,,,,,,,,,,0,,,,,,,,,0,0,
3216397,RS Umum Asri Medika,RSU,RS Umum,D,Swasta,RS Privat,Jawa Barat,Bekasi,5.0,1.0,1.0,1.0,1.0,1.0,,,1.0,,1.0,,,1.0,,,,,1.0,1.0,,1.0,,1.0,,2.0,16.0,11,47.83,,,,,,,,,,,,,,,,,,,,,,,,,,0,,,,,,,Sudah kerjasama BPJS,,1,1,100.0
3216399,RS Mitra Medika Narom,RSU,RS Umum,C,Swasta,RS Privat,Jawa Barat,Bekasi,8.0,1.0,1.0,1.0,,,,,1.0,,1.0,,,,,1.0,,,1.0,,,1.0,,3.0,,5.0,22.0,9,39.13,,,,,,,,,,,,,,,,,,,,,,,,,,0,,,,,,,Sudah kerjasama BPJS,,1,1,100.0
3216400,RS Uni Medika Setu Bekasi,RSU,RS Umum,C,Swasta,RS Privat,Jawa Barat,Bekasi,18.0,2.0,6.0,3.0,3.0,2.0,,,3.0,,6.0,,,3.0,,,,,1.0,1.0,,2.0,,2.0,,2.0,42.0,11,47.83,,,,,,,,,,,,,,,,,,,,,,,,,,0,,,,,,,Sudah kerjasama BPJS,,1,1,100.0
3216406,RS Umum Metro Hospitals,RSU,RS Umum,C,Swasta,RS Privat,Jawa Barat,Bekasi,12.0,,4.0,2.0,2.0,2.0,,,2.0,,4.0,,,2.0,,,,,1.0,,,1.0,,2.0,,,26.0,8,34.78,,,,,,,,,,,,,,,,,,,,,,,,,,0,,,,,,,Sudah kerjasama BPJS,,1,1,100.0
3216407,RS Cahaya Medika,RSU,RS Umum,D,Swasta,RS Privat,Jawa Barat,Bekasi,2.0,,,1.0,,,,,1.0,,,,,,,,,,,,,,,1.0,,,4.0,3,13.04,,,,,,,,,,,,,,,,,,,,,,,,,,0,,,,,,,Sudah kerjasama BPJS,,1,1,100.0
3216408,RS Umum Harapan Mulia,RSU,RS Umum,C,Swasta,RS Privat,Jawa Barat,Bekasi,10.0,1.0,2.0,3.0,2.0,1.0,,,3.0,,2.0,,,2.0,,1.0,,,1.0,1.0,,1.0,,2.0,,3.0,28.0,12,52.17,,,,,,,,,,,,,,,,,,,,,,,,,,0,,,,,,,Sudah kerjasama BPJS,,1,1,100.0
3216409,RS Umum Cikarang Medika,RSU,RS Umum,C,Swasta,RS Privat,Jawa Barat,Bekasi,9.0,2.0,1.0,3.0,2.0,2.0,,,3.0,,1.0,,,2.0,,1.0,,,1.0,1.0,,2.0,,1.0,,1.0,26.0,12,52.17,,,,,,,,,,,,,,,,,,,,,,,,,,0,,,,,,,Sudah kerjasama BPJS,,1,1,100.0
3216413,RS Umum Kartika Husada Setu,RSU,RS Umum,C,Swasta,RS Privat,Jawa Barat,Bekasi,4.0,1.0,2.0,1.0,1.0,2.0,,,1.0,,2.0,,,1.0,,,,,1.0,1.0,,,,2.0,,3.0,18.0,10,43.48,,,,,,,,,,,,,,,,,,,,,,,,,,0,,,,,,,Sudah kerjasama BPJS,,1,1,100.0
3216414,RS Umum Amanda,RSU,RS Umum,C,Swasta,RS Privat,Jawa Barat,Bekasi,12.0,3.0,2.0,2.0,2.0,2.0,,,2.0,,2.0,,,2.0,,,,,1.0,1.0,,2.0,,8.0,,5.0,40.0,11,47.83,,,,,,,,,,,,,,,,,,,,,,,,,,0,,,,,,,Sudah kerjasama BPJS,,1,1,100.0
3216415,RS Umum Ridhoka Salma,RSU,RS Umum,C,Swasta,RS Privat,Jawa Barat,Bekasi,11.0,2.0,3.0,1.0,2.0,,,,1.0,,3.0,,,2.0,,,,,,1.0,,1.0,,6.0,,5.0,32.0,9,39.13,,,,,,,,,,,,,,,,,,,,,,,,,,0,,,,,,,,,0,0,
3216416,RS Umum Permata Keluarga Lippo Cikarang,RSU,RS Umum,C,Swasta,RS Privat,Jawa Barat,Bekasi,20.0,8.0,3.0,2.0,3.0,1.0,,,2.0,,3.0,,,3.0,,1.0,,,1.0,1.0,,2.0,,3.0,1.0,6.0,52.0,13,56.52,,,,,,,,,,,,,,,,,,,,,,,,,,0,,,,,,,Sudah kerjasama BPJS,,1,1,100.0
3216417,RS Umum Tiara,RSU,RS Umum,C,Swasta,RS Privat,Jawa Barat,Bekasi,17.0,,4.0,3.0,4.0,1.0,,,3.0,,4.0,,,4.0,,2.0,,,1.0,1.0,,1.0,,11.0,,3.0,48.0,11,47.83,,,,,,,,,,,,,,,,,,,,,,,,,,0,,,,,,,,,0,0,
3216420,RS Umum Medirossa 2,RSU,RS Umum,C,Swasta,RS Privat,Jawa Barat,Bekasi,9.0,,1.0,2.0,2.0,2.0,,,2.0,,1.0,,,2.0,,1.0,,,,1.0,,1.0,,4.0,,6.0,29.0,10,43.48,,,,,,,,,,,,,,,,,,,,,,,,,,0,,,,,,,Sudah kerjasama BPJS,,1,1,100.0
3216421,RS Umum Puspa Husada,RSU,RS Umum,D,Swasta,RS Privat,Jawa Barat,Bekasi,8.0,1.0,2.0,2.0,2.0,1.0,,,2.0,,2.0,,,2.0,,,,,1.0,1.0,,1.0,,4.0,,2.0,25.0,11,47.83,,,,,,,,,,,,,,,,,,,,,,,,,,0,,,,,,,Sudah kerjasama BPJS,,1,1,100.0
3216424,RS Ibu dan Anak Gizar,RSIA,RS Khusus,C,Swasta,RS Privat,Jawa Barat,Bekasi,1.0,1.0,,1.0,1.0,,,,1.0,,,,,1.0,,,,,,,,1.0,,1.0,,,6.0,6,26.09,,,,,,,,,,,,,,,,,,,,,,,,,,0,,,,,,,,,0,0,
3216425,RS Umum Bunda Mulia,RSU,RS Umum,D,Swasta,RS Privat,Jawa Barat,Bekasi,4.0,,2.0,2.0,1.0,,,,2.0,,2.0,,,1.0,,,,,1.0,,,,,3.0,,1.0,14.0,7,30.43,,,,,,,,,,,,,,,,,,,,,,,,,,0,,,,,,,,,0,0,
3216426,RS Umum Kasih Insani Sukatani,RSU,RS Umum,D,Swasta,RS Privat,Jawa Barat,Bekasi,10.0,,,1.0,1.0,1.0,,,1.0,,,,,1.0,,,,,1.0,1.0,,2.0,,1.0,,,18.0,8,34.78,,,,,,,,,,,,,,,,,,,,,,,,,,0,,,,,,,Sudah kerjasama BPJS,,1,1,100.0
3216432,RS Ibu dan Anak Viola,RSIA,RS Khusus,C,Swasta,RS Privat,Jawa Barat,Bekasi,,,,,,,,,,,,,,,,,,,,,,,,,,,,0,0.0,,,,,,,,,,,,,,,,,,,,,,,,,,0,,,,,,,,,0,0,
3216434,RS Umum Budi Asih,RSU,RS Umum,D,Swasta,RS Privat,Jawa Barat,Bekasi,7.0,1.0,,,,,,,,,,,,,,,,,,,,,,4.0,,3.0,15.0,4,17.39,,,,,,,,,,,,,,,,,,,,,,,,,,0,,,,,,,,,0,0,
3216435,RS Umum Tarumajaya,RSU,RS Umum,D,Swasta,RS Privat,Jawa Barat,Bekasi,11.0,2.0,2.0,1.0,2.0,1.0,,,1.0,,2.0,,,2.0,,1.0,,,,,,2.0,,8.0,,3.0,33.0,10,43.48,,,,,,,,,,,,,,,,,,,,,,,,,,0,,,,,,,Sudah kerjasama BPJS,,1,1,100.0
3216436,RS EMC Cikarang,RSU,RS Umum,B,Swasta,RS Privat,Jawa Barat,Bekasi,14.0,6.0,8.0,6.0,3.0,5.0,,,6.0,,8.0,,,3.0,,1.0,,2.0,1.0,2.0,,2.0,,13.0,,8.0,71.0,13,56.52,,,,,,,,,,,,,,,,,,,,,,,,,,0,,,,,,Sudah kerjasama BPJS,Sudah kerjasama BPJS,,2,2,100.0
3216438,RS Umum Pinna,RSU,RS Umum,D,Swasta,RS Privat,Jawa Barat,Bekasi,7.0,5.0,2.0,3.0,2.0,1.0,,,3.0,,2.0,,,2.0,,1.0,,,1.0,1.0,,1.0,,5.0,,2.0,31.0,12,52.17,,,,,,,,,,,,,,,,,,,,,,,,,,0,,,,,,,Sudah kerjasama BPJS,,1,1,100.0
3216439,RS Umum Dr. Iqbali Taufan,RSU,RS Umum,D,Swasta,RS Privat,Jawa Barat,Bekasi,5.0,2.0,,1.0,2.0,1.0,,,1.0,,,,,2.0,,,,,,,,,,8.0,,1.0,20.0,7,30.43,,,,,,,,,,,,,,,,,,,,,,,,,,0,,,,,,,,,0,0,
3216440,RS Umum Daerah Cabangbungin,RSU,RS Umum,D,Pemkab,RS Publik,Jawa Barat,Bekasi,11.0,3.0,2.0,2.0,1.0,2.0,,,2.0,,2.0,,,1.0,,,,,2.0,1.0,,1.0,,7.0,,8.0,40.0,11,47.83,,,,,,,,,,,,,,,,,,,,,,,,,,0,,,,,,,,,0,0,
3216441,RS Umum Permata Keluarga Jababeka,RSU,RS Umum,C,Swasta,RS Privat,Jawa Barat,Bekasi,16.0,7.0,3.0,4.0,4.0,3.0,,,4.0,,3.0,,,4.0,,1.0,,,1.0,2.0,,2.0,,9.0,,8.0,60.0,12,52.17,,,,,,,,,,,,,,,,,,,,,,,,,,0,,,,,,,Sudah kerjasama BPJS,,1,1,100.0
3216443,RS EMC Cibitung,RSU,RS Umum,C,Swasta,RS Privat,Jawa Barat,Bekasi,17.0,3.0,7.0,3.0,2.0,2.0,,,3.0,,7.0,,,2.0,,1.0,,,1.0,1.0,,4.0,,12.0,1.0,7.0,61.0,13,56.52,,,,,,,,,,,,,,,,,,,,,,,,,,0,,,,,Sudah kerjasama BPJS,,Sudah kerjasama BPJS,,2,2,100.0
3216444,RS Cenka,RSU,RS Umum,C,Swasta,RS Privat,Jawa Barat,Bekasi,8.0,1.0,1.0,1.0,2.0,1.0,,,1.0,,1.0,,,2.0,,,,,1.0,1.0,,,,1.0,,3.0,20.0,10,43.48,,,,,,,,,,,,,,,,,,,,,,,,,,0,,,,,,,Sudah kerjasama BPJS,,1,1,100.0
3216446,RS Ibu dan Anak Aisyah Qurrataain,RSIA,RS Khusus,C,Swasta,RS Privat,Jawa Barat,Bekasi,2.0,,1.0,,,,,,,,1.0,,,,,,,,,,,,,,,,3.0,2,8.7,,,,,,,,,,,,,,,,,,,,,,,,,,0,,,,,,,,,0,0,
3216447,RS Ibu dan Anak Nurul Annisa,RSIA,RS Khusus,D,Swasta,RS Privat,Jawa Barat,Bekasi,,,,,,,,,,,,,,,,,,,,,,,,,,,,0,0.0,,,,,,,,,,,,,,,,,,,,,,,,,,0,,,,,,,,,0,0,
3216449,RS Ananda Babelan,RSU,RS Umum,C,Swasta,RS Privat,Jawa Barat,Bekasi,34.0,,5.0,3.0,2.0,1.0,,,3.0,,5.0,,,2.0,,2.0,,,1.0,1.0,,1.0,,7.0,,,57.0,10,43.48,,,,,,,,,,,,,,,,,,,,,,,,,,0,,,,,,,Sudah kerjasama BPJS,,1,1,100.0
3216450,RS Eka Bekasi,RSU,RS Umum,B,Swasta,RS Privat,Jawa Barat,Bekasi,23.0,2.0,7.0,7.0,5.0,5.0,,,7.0,,7.0,,,5.0,,2.0,,3.0,3.0,3.0,,3.0,,14.0,1.0,9.0,87.0,14,60.87,,,,,,,,,,,,,,,,,,,,,,,,,,0,Sudah kerjasama BPJS,,,,,Sudah kerjasama BPJS,Sudah kerjasama BPJS,,3,3,100.0
3216451,RS Hermina Metland Cibitung,RSU,RS Umum,C,Swasta,RS Privat,Jawa Barat,Bekasi,9.0,,5.0,5.0,4.0,5.0,,,5.0,,5.0,,,4.0,,,,1.0,,,,5.0,,5.0,,3.0,42.0,9,39.13,,,,,,,,,,,,,,,,,,,,,,,,,,0,,,,,,,Sudah kerjasama BPJS,,1,1,100.0
3216462,RS Umum dr. Abdul Radjak Cibitung,RSU,RS Umum,D,Swasta,RS Privat,Jawa Barat,Bekasi,,,1.0,,1.0,,,,,,1.0,,,1.0,,,,,,1.0,,,,,,3.0,6.0,4,17.39,,,,,,,,,,,,,,,,,,,,,,,,,,0,,,,,,,Sudah kerjasama BPJS,,1,1,100.0
3216463,RS Permata Bunda,RSU,RS Umum,C,Swasta,RS Privat,Jawa Barat,Bekasi,7.0,2.0,1.0,,1.0,,,,,,1.0,,,1.0,,,,,1.0,,,1.0,,,,,13.0,6,26.09,,,,,,,,,,,,,,,,,,,,,,,,,,0,,,,,,,,,0,0,
3216464,RS Mitra Keluarga Deltamas,RSU,RS Umum,C,Swasta,RS Privat,Jawa Barat,Bekasi,4.0,,,,,,,,,,,,,,,,,,,,,,,5.0,,4.0,13.0,3,13.04,,,,,,,,,,,,,,,,,,,,,,,,,,0,,,,,,,Sudah kerjasama BPJS,,1,1,100.0
3216465,RS Mitra Keluarga Grand Wisata,RSU,RS Umum,C,Swasta,RS Privat,Jawa Barat,Bekasi,,,,,,,,,,,,,,,,,,,,,,,,,,,,0,0.0,,,,,,,,,,,,,,,,,,,,,,,,,,0,,,,,,,,,0,0,
3275054,RS Umum As-Shofwan,RSU,RS Umum,D,Swasta,RS Privat,Jawa Barat,Bekasi,9.0,,,,,,,,,,,,,,,,,,,,,1.0,,,,1.0,11.0,3,13.04,,,,,,,,,,,,,,,,,,,,,,,,,,0,,,,,,,Sudah kerjasama BPJS,,1,1,100.0
3217002,RS Umum Daerah Cililin,RSU,RS Umum,C,Pemkab,RS Publik,Jawa Barat,Bandung Barat,20.0,1.0,5.0,4.0,3.0,2.0,,,4.0,,5.0,,,3.0,,,,,1.0,1.0,,2.0,,15.0,,7.0,61.0,11,47.83,0.0,0.0,0.0,0.0,0.0,0.0,0.0,0.0,0.0,0.0,0.0,0.0,,0.0,0.0,1.0,0.0,0.0,0.0,0.0,1.0,False,1.0,1.0,95.0,1,,,,,,,Sudah kerjasama BPJS,,1,1,100.0
3217004,RS Umum Daerah Lembang,RSU,RS Umum,C,Pemkab,RS Publik,Jawa Barat,Bandung Barat,15.0,2.0,3.0,3.0,2.0,2.0,,,3.0,,3.0,,,2.0,,,,,1.0,1.0,,2.0,,12.0,,6.0,49.0,11,47.83,,,,,,,,,,,,,,,,,,,,,,,,,,0,,,,,,,Sudah kerjasama BPJS,,1,1,100.0
3217005,RS Karisma Cimareme,RSU,RS Umum,C,Swasta,RS Privat,Jawa Barat,Bandung Barat,8.0,3.0,5.0,2.0,3.0,3.0,,,2.0,,5.0,,,3.0,,,,,1.0,1.0,,2.0,,11.0,,4.0,43.0,11,47.83,,,,,,,,,,,,,,,,,,,,,,,,,,0,,,,,,,Sudah kerjasama BPJS,,1,1,100.0
3217006,RS Umum IMC,RSU,RS Umum,D,Swasta,RS Privat,Jawa Barat,Bandung Barat,3.0,1.0,,,,,,,,,,,,,,,,,1.0,1.0,,,,2.0,,2.0,10.0,6,26.09,,,,,,,,,,,,,,,,,,,,,,,,,,0,,,,,,,Sudah kerjasama BPJS,,1,1,100.0
3217007,RS Umum Daerah Cikalongwetan,RSU,RS Umum,C,Pemkab,RS Publik,Jawa Barat,Bandung Barat,14.0,1.0,2.0,1.0,2.0,2.0,,,1.0,,2.0,,,2.0,,,,1.0,1.0,1.0,,1.0,,11.0,1.0,7.0,45.0,13,56.52,0.0,0.0,1.0,0.0,0.0,0.0,0.0,0.0,0.0,0.0,0.0,0.0,,0.0,0.0,1.0,1.0,0.0,0.0,3.0,1.0,False,6.0,4.0,95.0,1,,,,,,Sudah kerjasama BPJS,Sudah kerjasama BPJS,,2,2,100.0
3217008,RS Ibu dan Anak Kartini,RSIA,RS Khusus,C,Swasta,RS Privat,Jawa Barat,Bandung Barat,3.0,,,2.0,1.0,,,,2.0,,,,,1.0,,,,,,,,1.0,,,,,7.0,4,17.39,,,,,,,,,,,,,,,,,,,,,,,,,,0,,,,,,,,,0,0,
3217009,RS Ibu dan Anak Graha Medika Padalarang,RSIA,RS Khusus,C,Swasta,RS Privat,Jawa Barat,Bandung Barat,7.0,2.0,,2.0,1.0,,,,2.0,,,,,1.0,,,,,,,,1.0,,3.0,,,16.0,6,26.09,,,,,,,,,,,,,,,,,,,,,,,,,,0,,,,,,,,,0,0,
3217042,RS Jiwa Provinsi Jawa Barat,RSK Jiwa,RS Khusus,A,Pemprop,RS Publik,Jawa Barat,Bandung Barat,15.0,1.0,1.0,,1.0,,,,,,1.0,,,1.0,,,,,1.0,1.0,,1.0,,14.0,,9.0,44.0,9,39.13,,,,,,,,,,,,,,,,,,,,,,,,,,0,,,,,,,Sudah kerjasama BPJS,,1,1,100.0
3217121,RS Umum Cahya Kawaluyan,RSU,RS Umum,C,Swasta Non Profit,RS Publik,Jawa Barat,Bandung Barat,18.0,4.0,4.0,1.0,3.0,2.0,,,1.0,,4.0,,,3.0,,1.0,,1.0,1.0,6.0,,4.0,,17.0,,9.0,71.0,13,56.52,,,,,,,,,,,,,,,,,,,,,,,,,,0,,,,,,Sudah kerjasama BPJS,Sudah kerjasama BPJS,,2,2,100.0
3217132,RS Ibu dan Anak Parahyangan,RSIA,RS Khusus,C,Swasta,RS Privat,Jawa Barat,Bandung Barat,,,,,,,,,,,,,,,,,,,,,,,,,,,,0,0.0,,,,,,,,,,,,,,,,,,,,,,,,,,0,,,,,,,,,0,0,
3217133,RS Ibu dan Anak Buah Hati,RSIA,RS Khusus,C,Swasta,RS Privat,Jawa Barat,Bandung Barat,2.0,1.0,1.0,2.0,1.0,1.0,,,2.0,,1.0,,,1.0,,,,,,,,2.0,,,,,10.0,7,30.43,,,,,,,,,,,,,,,,,,,,,,,,,,0,,,,,,,,,0,0,
3218001,RS Umum Daerah Pandega Pangandaran,RSU,RS Umum,C,Pemkab,RS Publik,Jawa Barat,Pangandaran,17.0,3.0,2.0,2.0,2.0,3.0,,,2.0,,2.0,,,2.0,,,,,1.0,2.0,,2.0,,14.0,1.0,13.0,62.0,12,52.17,0.0,1.0,0.0,0.0,0.0,0.0,0.0,0.0,,0.0,0.0,0.0,,0.0,0.0,0.0,,,0.0,,1.0,False,1.0,1.0,75.0,1,,,,Sudah kerjasama BPJS,,,Sudah kerjasama BPJS,,2,2,100.0
3201218,RS Umum Islam Bogor,RSU,RS Umum,C,Swasta Non Profit,RS Publik,Jawa Barat,Kota Bogor,21.0,4.0,4.0,3.0,3.0,3.0,,,3.0,,4.0,,,3.0,,2.0,,,1.0,1.0,,4.0,,8.0,,5.0,59.0,12,52.17,,,,,,,,,,,,,,,,,,,,,,,,,,0,,,,,,,Sudah kerjasama BPJS,,1,1,100.0
3201236,RS Umum Medika Dramaga,RSU,RS Umum,C,Swasta,RS Privat,Jawa Barat,Kota Bogor,17.0,6.0,5.0,4.0,5.0,4.0,,,4.0,,5.0,,,5.0,,2.0,,,1.0,3.0,,4.0,,13.0,,7.0,71.0,12,52.17,,,,,,,,,,,,,,,,,,,,,,,,,,0,,,,,Sudah kerjasama BPJS,,Sudah kerjasama BPJS,,2,2,100.0
3201240,RS Umum Juliana,RSU,RS Umum,C,Swasta,RS Privat,Jawa Barat,Kota Bogor,12.0,3.0,3.0,8.0,4.0,2.0,,,8.0,,3.0,,,4.0,,1.0,,,1.0,1.0,,2.0,,1.0,,,38.0,11,47.83,,,,,,,,,,,,,,,,,,,,,,,,,,0,,,,,,,,,0,0,
3201241,RS Umum Ummi,RSU,RS Umum,C,Swasta,RS Privat,Jawa Barat,Kota Bogor,14.0,1.0,5.0,4.0,4.0,5.0,,,4.0,,5.0,,,4.0,,3.0,,,1.0,2.0,,4.0,,8.0,,6.0,57.0,12,52.17,,,,,,,,,,,,,,,,,,,,,,,,,,0,,,,,,,Sudah kerjasama BPJS,,1,1,100.0
3201243,RS Ibu dan Anak Sawojajar,RSIA,RS Khusus,C,Swasta,RS Privat,Jawa Barat,Kota Bogor,6.0,1.0,1.0,5.0,2.0,1.0,,,5.0,,1.0,,,2.0,,,,,1.0,1.0,,1.0,,2.0,,1.0,22.0,11,47.83,,,,,,,,,,,,,,,,,,,,,,,,,,0,,,,,,,,,0,0,
3201246,RS Ibu dan Anak Bunda Suryatni,RSIA,RS Khusus,C,Swasta,RS Privat,Jawa Barat,Kota Bogor,5.0,7.0,1.0,5.0,5.0,1.0,,,5.0,,1.0,,,5.0,,,,,1.0,,,3.0,,2.0,,,30.0,9,39.13,,,,,,,,,,,,,,,,,,,,,,,,,,0,,,,,,,Sudah kerjasama BPJS,,1,1,100.0
3201251,RS Umum Siloam Hospitals Bogor,RSU,RS Umum,C,Swasta,RS Privat,Jawa Barat,Kota Bogor,12.0,4.0,3.0,5.0,8.0,4.0,,,5.0,,3.0,,,8.0,,3.0,,2.0,1.0,3.0,,4.0,,12.0,1.0,6.0,68.0,14,60.87,,,,,,,,,,,,,,,,,,,,,,,,,,0,,,,,,,,,0,0,
3201254,Bogor Senior Hospital,RSU,RS Umum,D,Swasta,RS Privat,Jawa Barat,Kota Bogor,6.0,4.0,7.0,3.0,3.0,4.0,,,3.0,,7.0,,,3.0,,1.0,,,1.0,4.0,,3.0,,9.0,1.0,7.0,53.0,13,56.52,,,,,,,,,,,,,,,,,,,,,,,,,,0,,,,,,,,,0,0,
3201257,RS Ibu dan Anak Nuraida,RSIA,RS Khusus,C,Swasta,RS Privat,Jawa Barat,Kota Bogor,8.0,8.0,2.0,9.0,4.0,1.0,,,9.0,,2.0,,,4.0,,1.0,,,1.0,1.0,,4.0,,4.0,,2.0,45.0,12,52.17,,,,,,,,,,,,,,,,,,,,,,,,,,0,,,,,,,,,0,0,
3271013,RS Umum PMI Bogor,RSU,RS Umum,B,Swasta Non Profit,RS Publik,Jawa Barat,Kota Bogor,28.0,5.0,9.0,4.0,5.0,4.0,,,4.0,,9.0,,,5.0,,3.0,,2.0,2.0,2.0,,3.0,,20.0,,13.0,100.0,13,56.52,,,,,,,,,,,,,,,,,,,,,,,,,,0,Sudah kerjasama BPJS,,Sudah kerjasama BPJS,Sudah kerjasama BPJS,,Sudah kerjasama BPJS,Sudah kerjasama BPJS,,5,5,100.0
3271024,RS Umum Salak,RSU,RS Umum,C,TNI,RS Publik,Jawa Barat,Kota Bogor,28.0,1.0,4.0,4.0,2.0,1.0,,,4.0,,4.0,,,2.0,,1.0,,,2.0,2.0,,5.0,,11.0,,5.0,66.0,12,52.17,,,,,,,,,,,,,,,,,,,,,,,,,,0,,,,,,,Sudah kerjasama BPJS,,1,1,100.0
3271046,RS Jiwa dr. H. Marzoeki Mahdi,RSK Jiwa,RS Khusus,A,Kemkes,RS Publik,Jawa Barat,Kota Bogor,22.0,1.0,4.0,2.0,2.0,1.0,,,2.0,,4.0,,,2.0,,2.0,,,1.0,2.0,,2.0,,15.0,1.0,9.0,64.0,13,56.52,,,,,,,,,,,,,,,,,,,,,,,,,,0,,,,,,,,,0,0,
3271072,RS Umum Azra,RSU,RS Umum,C,Swasta,RS Privat,Jawa Barat,Kota Bogor,21.0,5.0,7.0,5.0,5.0,4.0,,1.0,5.0,,7.0,,,5.0,,2.0,,1.0,1.0,2.0,,3.0,,14.0,1.0,9.0,81.0,15,65.22,,,,,,,,,,,,,,,,,,,,,,,,,,0,Sudah kerjasama BPJS,,,,,,Sudah kerjasama BPJS,,2,2,100.0
3271104,RS Umum Daerah Kota Bogor,RSU,RS Umum,B,Pemkot,RS Publik,Jawa Barat,Kota Bogor,33.0,6.0,7.0,6.0,5.0,4.0,,2.0,6.0,,7.0,,,5.0,1.0,3.0,,4.0,3.0,4.0,,5.0,,33.0,1.0,17.0,134.0,16,69.57,0.0,1.0,0.0,0.0,0.0,0.0,4.0,23.0,0.0,0.0,0.0,1.0,,1.0,1.0,1.0,1.0,0.0,0.0,4.0,1.0,False,37.0,9.0,95.0,1,Sudah kerjasama BPJS,,Sudah kerjasama BPJS,Sudah kerjasama BPJS,Sudah kerjasama BPJS,Sudah kerjasama BPJS,Sudah kerjasama BPJS,,6,6,100.0
3271115,RS Umum Hermina Bogor,RSU,RS Umum,B,Swasta,RS Privat,Jawa Barat,Kota Bogor,22.0,6.0,8.0,17.0,16.0,6.0,,,17.0,,8.0,,,16.0,,2.0,,1.0,2.0,3.0,,5.0,,20.0,,7.0,115.0,13,56.52,,,,,,,,,,,,,,,,,,,,,,,,,,0,,,,,,Sudah kerjasama BPJS,Sudah kerjasama BPJS,,2,2,100.0
3271126,Mayapada Hospital Bogor,RSU,RS Umum,C,Swasta,RS Privat,Jawa Barat,Kota Bogor,22.0,5.0,9.0,4.0,5.0,5.0,,,4.0,,9.0,,,5.0,,1.0,,,2.0,2.0,,6.0,,12.0,,6.0,79.0,12,52.17,,,,,,,,,,,,,,,,,,,,,,,,,,0,,,,,,,Sudah kerjasama BPJS,,1,1,100.0
3271161,RS Umum Melania,RSU,RS Umum,C,Swasta,RS Privat,Jawa Barat,Kota Bogor,20.0,4.0,3.0,6.0,5.0,3.0,,,6.0,,3.0,,,5.0,,2.0,,,1.0,2.0,,3.0,,13.0,,8.0,70.0,12,52.17,,,,,,,,,,,,,,,,,,,,,,,,,,0,,,,,,,,,0,0,
3271162,RS Ibu dan Anak Pasutri,RSIA,RS Khusus,C,Swasta,RS Privat,Jawa Barat,Kota Bogor,9.0,4.0,1.0,3.0,2.0,1.0,,,3.0,,1.0,,,2.0,,,,,1.0,,,5.0,,1.0,,,27.0,9,39.13,,,,,,,,,,,,,,,,,,,,,,,,,,0,,,,,,,Sudah kerjasama BPJS,,1,1,100.0
3271163,RS Umum Vania,RSU,RS Umum,C,Swasta,RS Privat,Jawa Barat,Kota Bogor,15.0,3.0,4.0,3.0,3.0,2.0,,,3.0,,4.0,,,3.0,,2.0,,,1.0,1.0,,1.0,,,,1.0,36.0,11,47.83,,,,,,,,,,,,,,,,,,,,,,,,,,0,,,,,,,Sudah kerjasama BPJS,,1,1,100.0
3271164,RS Umum Mulia Pajajaran,RSU,RS Umum,C,Swasta,RS Privat,Jawa Barat,Kota Bogor,16.0,4.0,8.0,3.0,4.0,2.0,,,3.0,,8.0,,,4.0,,3.0,,,1.0,1.0,,2.0,,9.0,,9.0,62.0,12,52.17,,,,,,,,,,,,,,,,,,,,,,,,,,0,,,,,,,Sudah kerjasama BPJS,,1,1,100.0
3271166,RS Umum Bhayangkara Tk IV Bogor,RSU,RS Umum,D,POLRI,RS Publik,Jawa Barat,Kota Bogor,4.0,1.0,2.0,1.0,1.0,1.0,,,1.0,,2.0,,,1.0,,,,,,,,1.0,,,,,11.0,7,30.43,,,,,,,,,,,,,,,,,,,,,,,,,,0,,,,,,,,,0,0,
3271168,RS Graha Medika Bogor,RSU,RS Umum,C,Swasta,RS Privat,Jawa Barat,Kota Bogor,5.0,,1.0,1.0,1.0,1.0,,,1.0,,1.0,,,1.0,,,,,1.0,,,2.0,,1.0,,1.0,14.0,9,39.13,,,,,,,,,,,,,,,,,,,,,,,,,,0,,,,,,,,,0,0,
3272014,"RS Umum Daerah R. Syamsudin, SH",RSU,RS Umum,B,Pemkot,RS Publik,Jawa Barat,Kota Sukabumi,44.0,9.0,6.0,5.0,3.0,2.0,1.0,,5.0,,6.0,,,3.0,,1.0,,2.0,2.0,3.0,,5.0,,31.0,1.0,10.0,125.0,15,65.22,0.0,1.0,1.0,0.0,0.0,0.0,1.0,0.0,,0.0,0.0,1.0,,2.0,1.0,0.0,,,0.0,,1.0,False,7.0,6.0,75.0,1,,,,,Belum kerjasama BPJS,Sudah kerjasama BPJS,Sudah kerjasama BPJS,,3,2,66.67
3272025,RS Umum Bhayangkara Setukpa Lemdikpol,RSU,RS Umum,C,POLRI,RS Publik,Jawa Barat,Kota Sukabumi,27.0,4.0,4.0,4.0,2.0,1.0,,,4.0,,4.0,,,2.0,,1.0,,,1.0,1.0,,2.0,,7.0,,4.0,58.0,12,52.17,,,,,,,,,,,,,,,,,,,,,,,,,,0,,,,,,,Sudah kerjasama BPJS,,1,1,100.0
3272036,RS Umum Ridogalih,RSU,RS Umum,D,Swasta Non Profit,RS Publik,Jawa Barat,Kota Sukabumi,10.0,3.0,2.0,2.0,1.0,1.0,,,2.0,,2.0,,,1.0,,1.0,,,1.0,2.0,,1.0,,3.0,,2.0,29.0,12,52.17,,,,,,,,,,,,,,,,,,,,,,,,,,0,,,,,,,,,0,0,
3272051,RS Umum Assyifa Sukabumi,RSU,RS Umum,C,Swasta Non Profit,RS Publik,Jawa Barat,Kota Sukabumi,22.0,3.0,5.0,3.0,3.0,3.0,1.0,,3.0,,5.0,,,3.0,,2.0,,,1.0,2.0,,3.0,,15.0,,6.0,69.0,13,56.52,,,,,,,,,,,,,,,,,,,,,,,,,,0,,,,,,,Sudah kerjasama BPJS,,1,1,100.0
3272062,RS Umum Kartika Kasih,RSU,RS Umum,C,Swasta,RS Privat,Jawa Barat,Kota Sukabumi,23.0,1.0,3.0,3.0,2.0,2.0,,,3.0,,3.0,,,2.0,,,,,1.0,1.0,,2.0,,11.0,1.0,4.0,54.0,12,52.17,,,,,,,,,,,,,,,,,,,,,,,,,,0,,,,,,,Sudah kerjasama BPJS,,1,1,100.0
3272075,RS Umum Daerah Al-Mulk,RSU,RS Umum,D,Pemkot,RS Publik,Jawa Barat,Kota Sukabumi,7.0,1.0,2.0,2.0,1.0,2.0,,,2.0,,2.0,,,1.0,,,,,1.0,1.0,,1.0,,7.0,,4.0,29.0,11,47.83,,,,,,,,,,,,,,,,,,,,,,,,,,0,,,,,,,Sudah kerjasama BPJS,,1,1,100.0
3204041,RS Umum Kebonjati,RSU,RS Umum,C,Swasta,RS Privat,Jawa Barat,Kota Bandung,,,,,,,,,,,,,,,,,,,,,,,,,,,,0,0.0,,,,,,,,,,,,,,,,,,,,,,,,,,0,Sudah kerjasama BPJS,,,,,,,,1,1,100.0
3204123,RS Umum Humana Prima,RSU,RS Umum,C,Swasta,RS Privat,Jawa Barat,Kota Bandung,18.0,3.0,4.0,4.0,4.0,2.0,,,4.0,,4.0,,,4.0,,1.0,,,1.0,2.0,,2.0,,13.0,,6.0,60.0,12,52.17,,,,,,,,,,,,,,,,,,,,,,,,,,0,,,,,,,Sudah kerjasama BPJS,,1,1,100.0
3204124,RS Gigi dan Mulut Maranatha,RSK GM,RS Khusus,B,Swasta,RS Privat,Jawa Barat,Kota Bandung,31.0,35.0,,,,,,,,,,,,,,,,,,,,,,,,4.0,70.0,3,13.04,,,,,,,,,,,,,,,,,,,,,,,,,,0,,,,,,,,,0,0,
3204129,RS Ibu dan Anak Grha Bunda,RSIA,RS Khusus,C,Swasta,RS Privat,Jawa Barat,Kota Bandung,12.0,2.0,2.0,15.0,7.0,1.0,,,15.0,,2.0,,,7.0,,,,,1.0,1.0,,2.0,,7.0,,4.0,54.0,11,47.83,,,,,,,,,,,,,,,,,,,,,,,,,,0,,,,,,,,,0,0,
3204130,RS Mata Bandung Eye Center,RSK Mata,RS Khusus,C,Swasta,RS Privat,Jawa Barat,Kota Bandung,6.0,,2.0,,1.0,,,,,,2.0,,,1.0,,,,,1.0,,,3.0,,4.0,,,17.0,6,26.09,,,,,,,,,,,,,,,,,,,,,,,,,,0,,,,,,,,,0,0,
3204137,RS Kartini,RSU,RS Umum,D,Swasta,RS Privat,Jawa Barat,Kota Bandung,4.0,1.0,,2.0,,,,,2.0,,,,,,,,,,,,,,,,,,7.0,3,13.04,,,,,,,,,,,,,,,,,,,,,,,,,,0,,,,,,,Sudah kerjasama BPJS,,1,1,100.0
3273015,RS Umum Pusat Dr. Hasan Sadikin,RSU,RS Umum,A,Kemkes,RS Publik,Jawa Barat,Kota Bandung,,,,,,,,,,,,,,,,,,,,,,,,,,,,0,0.0,1.0,2.0,2.0,2.0,1.0,0.0,3.0,1.0,,1.0,2.0,1.0,2.0,3.0,1.0,1.0,,,2.0,,1.0,False,25.0,15.0,80.0,1,Sudah kerjasama BPJS,,Belum kerjasama BPJS,,Belum kerjasama BPJS,,,Sudah kerjasama BPJS,4,2,50.0
3273026,RSU Bhayangkara Tk. II Sartika Asih,RSU,RS Umum,B,POLRI,RS Publik,Jawa Barat,Kota Bandung,44.0,2.0,4.0,3.0,2.0,1.0,,,3.0,,4.0,,,2.0,,1.0,,2.0,1.0,2.0,,2.0,,17.0,,12.0,93.0,13,56.52,,,,,,,,,,,,,,,,,,,,,,,,,,0,,,,,,Sudah kerjasama BPJS,Sudah kerjasama BPJS,,2,2,100.0
3273030,RSAU dr. M. Salamun,RSU,RS Umum,B,TNI,RS Publik,Jawa Barat,Kota Bandung,67.0,8.0,8.0,2.0,4.0,4.0,,,2.0,,8.0,,,4.0,,4.0,,,3.0,4.0,,3.0,,20.0,,12.0,139.0,12,52.17,,,,,,,,,,,,,,,,,,,,,,,,,,0,,,,Sudah kerjasama BPJS,Belum kerjasama BPJS,,Sudah kerjasama BPJS,,3,2,66.67
3273052,RS Umum Immanuel Bandung,RSU,RS Umum,B,Swasta Non Profit,RS Publik,Jawa Barat,Kota Bandung,37.0,3.0,19.0,8.0,10.0,10.0,1.0,,8.0,,19.0,1.0,1.0,10.0,,1.0,,2.0,3.0,4.0,,5.0,,29.0,,13.0,147.0,16,69.57,,,,,,,,,,,,,,,,,,,,,,,,,,0,,,,,,,,,0,0,
3273063,RS Umum Santo Yusup,RSU,RS Umum,C,Swasta Non Profit,RS Publik,Jawa Barat,Kota Bandung,29.0,5.0,6.0,4.0,5.0,4.0,,,4.0,,6.0,,,5.0,,1.0,,2.0,2.0,4.0,,4.0,,17.0,,7.0,90.0,13,56.52,,,,,,,,,,,,,,,,,,,,,,,,,,0,,,,,,Sudah kerjasama BPJS,Sudah kerjasama BPJS,,2,2,100.0
3273074,RS Umum Santo Borromeus,RSU,RS Umum,B,Swasta Non Profit,RS Publik,Jawa Barat,Kota Bandung,36.0,7.0,11.0,14.0,11.0,3.0,5.0,6.0,14.0,,11.0,4.0,3.0,11.0,,1.0,,3.0,4.0,13.0,,4.0,,44.0,2.0,21.0,192.0,18,78.26,,,,,,,,,,,,,,,,,,,,,,,,,,0,,,,,Sudah kerjasama BPJS,Sudah kerjasama BPJS,Sudah kerjasama BPJS,,3,3,100.0
3273085,RS Umum Advent Bandung,RSU,RS Umum,B,Swasta Non Profit,RS Publik,Jawa Barat,Kota Bandung,25.0,2.0,12.0,4.0,4.0,4.0,,,4.0,,12.0,1.0,,4.0,,2.0,,2.0,,3.0,,3.0,,28.0,,9.0,99.0,13,56.52,,,,,,,,,,,,,,,,,,,,,,,,,,0,Sudah kerjasama BPJS,,Sudah kerjasama BPJS,Sudah kerjasama BPJS,,,Sudah kerjasama BPJS,,4,4,100.0
3273096,RS Umum Pindad,RSU,RS Umum,C,Swasta,RS Privat,Jawa Barat,Kota Bandung,23.0,2.0,5.0,5.0,2.0,4.0,,,5.0,,5.0,,,2.0,,,,,1.0,2.0,,3.0,,11.0,1.0,10.0,69.0,12,52.17,,,,,,,,,,,,,,,,,,,,,,,,,,0,,,,,,,,,0,0,
3273106,RS Umum Muhammadiyah,RSU,RS Umum,C,Swasta Non Profit,RS Publik,Jawa Barat,Kota Bandung,20.0,4.0,11.0,7.0,3.0,3.0,,,7.0,,11.0,,,3.0,,1.0,,1.0,1.0,1.0,1.0,3.0,,13.0,,4.0,73.0,14,60.87,,,,,,,,,,,,,,,,,,,,,,,,,,0,,,,,,,,,0,0,
3273110,RS Umum Bungsu,RSU,RS Umum,D,Swasta Non Profit,RS Publik,Jawa Barat,Kota Bandung,,,,,,,,,,,,,,,,,,,,,,,,,,,,0,0.0,,,,,,,,,,,,,,,,,,,,,,,,,,0,,,,,,,,,0,0,
3273121,RS Umum Rajawali,RSU,RS Umum,C,Swasta Non Profit,RS Publik,Jawa Barat,Kota Bandung,17.0,4.0,1.0,4.0,3.0,2.0,,,4.0,,1.0,,,3.0,,,,,,1.0,,1.0,,,,1.0,34.0,9,39.13,,,,,,,,,,,,,,,,,,,,,,,,,,0,,,,,,,,,0,0,
3273145,RS Umum Hermina Arcamanik,RSU,RS Umum,C,Swasta,RS Privat,Jawa Barat,Kota Bandung,36.0,3.0,8.0,15.0,27.0,8.0,,1.0,15.0,1.0,8.0,,,27.0,,3.0,,1.0,2.0,6.0,,8.0,,20.0,,11.0,150.0,15,65.22,,,,,,,,,,,,,,,,,,,,,,,,,,0,Sudah kerjasama BPJS,,,,,,,,1,1,100.0
3273165,RS Ibu dan Anak Limijati,RSIA,RS Khusus,B,Swasta,RS Privat,Jawa Barat,Kota Bandung,21.0,5.0,2.0,17.0,14.0,2.0,1.0,1.0,17.0,1.0,2.0,,,14.0,1.0,1.0,,,2.0,,,7.0,,20.0,,4.0,99.0,15,65.22,,,,,,,,,,,,,,,,,,,,,,,,,,0,,,,,,,,,0,0,
3273176,RS Umum Tk. IV 03.07.03 Sariningsih,RSU,RS Umum,D,TNI,RS Publik,Jawa Barat,Kota Bandung,18.0,6.0,2.0,4.0,2.0,3.0,,,4.0,,2.0,,,2.0,,2.0,,1.0,1.0,2.0,,1.0,,11.0,,3.0,56.0,13,56.52,,,,,,,,,,,,,,,,,,,,,,,,,,0,,,,,,,,,0,0,
3273191,RS Khusus Mata Cicendo,RSK Mata,RS Khusus,A,Kemkes,RS Publik,Jawa Barat,Kota Bandung,81.0,,1.0,,2.0,,,,,,1.0,,,2.0,,,,4.0,2.0,1.0,,4.0,,11.0,1.0,5.0,112.0,10,43.48,,,,,,,,,,,,,,,,,,,,,,,,,,0,,,Belum kerjasama BPJS,,,,,,1,0,0.0
3273201,RS Paru Dr. H. A. Rotinsulu,RSK PARU,RS Khusus,A,Kemkes,RS Publik,Jawa Barat,Kota Bandung,16.0,1.0,2.0,,,,,,,,2.0,,,,,6.0,,1.0,1.0,1.0,1.0,2.0,,20.0,,10.0,61.0,11,47.83,,,,,,,,,,,,,,,,,,,,,,,,,,0,,,Belum kerjasama BPJS,,,,Sudah kerjasama BPJS,,2,1,50.0
3273260,RS Umum Daerah Bandung Kiwari,RSU,RS Umum,B,Pemkot,RS Publik,Jawa Barat,Kota Bandung,40.0,3.0,7.0,8.0,5.0,4.0,,,8.0,1.0,7.0,,,5.0,,1.0,,2.0,3.0,4.0,,5.0,,35.0,1.0,14.0,133.0,15,65.22,0.0,1.0,0.0,0.0,0.0,0.0,0.0,0.0,,1.0,0.0,1.0,,0.0,1.0,0.0,,,0.0,,1.0,False,4.0,4.0,75.0,1,,,,,Belum kerjasama BPJS,Sudah kerjasama BPJS,Sudah kerjasama BPJS,,3,2,66.67
3273405,RS Umum Daerah Kota Bandung,RSU,RS Umum,B,Pemkot,RS Publik,Jawa Barat,Kota Bandung,22.0,4.0,4.0,5.0,4.0,3.0,,,5.0,,4.0,,,4.0,,1.0,,1.0,2.0,2.0,,3.0,,27.0,,10.0,88.0,13,56.52,,,,,,,,,,,,,,,,,,,,,,,,,,0,,,,Sudah kerjasama BPJS,,Sudah kerjasama BPJS,Sudah kerjasama BPJS,,3,3,100.0
3273420,RS Umum Al-Islam Bandung,RSU,RS Umum,B,Swasta,RS Privat,Jawa Barat,Kota Bandung,57.0,6.0,9.0,5.0,11.0,4.0,,,5.0,,9.0,,,11.0,,2.0,,3.0,3.0,3.0,,5.0,,21.0,1.0,18.0,148.0,14,60.87,,,,,,,,,,,,,,,,,,,,,,,,,,0,,,Sudah kerjasama BPJS,,Sudah kerjasama BPJS,Sudah kerjasama BPJS,Sudah kerjasama BPJS,,4,4,100.0
3273431,RS Khusus Bedah Halmahera Siaga,RSK BEDAH,RS Khusus,C,Swasta Non Profit,RS Publik,Jawa Barat,Kota Bandung,6.0,,4.0,,,1.0,,,,,4.0,,,,,,,,1.0,3.0,,6.0,,3.0,,5.0,29.0,8,34.78,,,,,,,,,,,,,,,,,,,,,,,,,,0,,,,,,,,,0,0,
3273453,RS Khusus Ginjal Ny. R. A. Habibie,RSK GINJAL,RS Khusus,C,Swasta Non Profit,RS Publik,Jawa Barat,Kota Bandung,18.0,1.0,3.0,,1.0,,,,,,3.0,,,1.0,,,,,1.0,1.0,,,,11.0,,3.0,39.0,8,34.78,,,,,,,,,,,,,,,,,,,,,,,,,,0,,,,,,,,,0,0,
3273464,RS Khusus Gigi dan Mulut UNPAD,RSK GM,RS Khusus,A,Kementerian Lain,RS Publik,Jawa Barat,Kota Bandung,2.0,30.0,,,,,,,,,,,,,,,,,1.0,,,1.0,,2.0,,3.0,39.0,6,26.09,,,,,,,,,,,,,,,,,,,,,,,,,,0,,,,,,,,,0,0,
3273486,RS Umum Santosa Hospital Bandung Central,RSU,RS Umum,A,Swasta,RS Privat,Jawa Barat,Kota Bandung,51.0,4.0,15.0,9.0,8.0,7.0,3.0,3.0,9.0,5.0,15.0,2.0,4.0,8.0,,3.0,,4.0,3.0,7.0,,20.0,,26.0,1.0,18.0,193.0,19,82.61,,,,,,,,,,,,,,,,,,,,,,,,,,0,Sudah kerjasama BPJS,,Belum kerjasama BPJS,Sudah kerjasama BPJS,Belum kerjasama BPJS,,Sudah kerjasama BPJS,,5,3,60.0
3273528,RS Ibu dan Anak Melinda ,RSIA,RS Khusus,C,Swasta,RS Privat,Jawa Barat,Kota Bandung,7.0,2.0,3.0,13.0,4.0,2.0,,,13.0,,3.0,,,4.0,,,,,1.0,1.0,,4.0,,5.0,,2.0,44.0,11,47.83,,,,,,,,,,,,,,,,,,,,,,,,,,0,,,,,,,,,0,0,
3273539,RS Umum Hermina Pasteur ,RSU,RS Umum,B,Swasta,RS Privat,Jawa Barat,Kota Bandung,26.0,2.0,10.0,21.0,19.0,3.0,,,21.0,1.0,10.0,1.0,,19.0,1.0,4.0,,1.0,1.0,5.0,,7.0,,23.0,,8.0,133.0,16,69.57,,,,,,,,,,,,,,,,,,,,,,,,,,0,Sudah kerjasama BPJS,,Sudah kerjasama BPJS,,,Sudah kerjasama BPJS,Sudah kerjasama BPJS,,4,4,100.0
3273540,RS Khusus Gigi dan Mulut Kota Bandung,RSK GM,RS Khusus,B,Pemkot,RS Publik,Jawa Barat,Kota Bandung,5.0,31.0,,,,,,,,,,,,,,,,,1.0,,,2.0,,3.0,,4.0,46.0,6,26.09,,,,,,,,,,,,,,,,,,,,,,,,,,0,,,,,,,Sudah kerjasama BPJS,,1,1,100.0
3273541,RS Ibu dan Anak Harapan Bunda Bandung,RSIA,RS Khusus,C,Swasta,RS Privat,Jawa Barat,Kota Bandung,14.0,4.0,1.0,5.0,4.0,,,,5.0,,1.0,,,4.0,,,,,,2.0,,2.0,,2.0,,1.0,35.0,9,39.13,,,,,,,,,,,,,,,,,,,,,,,,,,0,,,,,,,,,0,0,
3273542,RS Umum Santosa Hospital Bandung Kopo,RSU,RS Umum,A,Swasta,RS Privat,Jawa Barat,Kota Bandung,34.0,2.0,8.0,10.0,6.0,11.0,,1.0,10.0,,8.0,,,6.0,,4.0,,4.0,1.0,6.0,3.0,11.0,7.0,40.0,3.0,33.0,184.0,17,73.91,,,,,,,,,,,,,,,,,,,,,,,,,,0,Sudah kerjasama BPJS,,Belum kerjasama BPJS,,,Sudah kerjasama BPJS,Sudah kerjasama BPJS,,4,3,75.0
3273543,RS Umum Melinda 2,RSU,RS Umum,C,Swasta,RS Privat,Jawa Barat,Kota Bandung,13.0,9.0,9.0,14.0,17.0,3.0,4.0,3.0,14.0,,9.0,,,17.0,2.0,1.0,,,2.0,5.0,,4.0,,1.0,,1.0,88.0,15,65.22,,,,,,,,,,,,,,,,,,,,,,,,,,0,,,,,,,,,0,0,
3273546,RS Ibu dan Anak Al Islam ,RSIA,RS Khusus,C,Swasta,RS Privat,Jawa Barat,Kota Bandung,10.0,3.0,1.0,4.0,3.0,1.0,,,4.0,,1.0,,,3.0,,,,,1.0,,,1.0,,5.0,,4.0,33.0,10,43.48,,,,,,,,,,,,,,,,,,,,,,,,,,0,,,,,,,Sudah kerjasama BPJS,,1,1,100.0
3273547,RS Edelweiss,RSU,RS Umum,C,Swasta,RS Privat,Jawa Barat,Kota Bandung,12.0,3.0,6.0,3.0,6.0,5.0,,,3.0,,6.0,,,6.0,,1.0,,,1.0,1.0,,3.0,,7.0,,7.0,55.0,12,52.17,,,,,,,,,,,,,,,,,,,,,,,,,,0,,,,,,,Sudah kerjasama BPJS,,1,1,100.0
3273558,RS Jantung dan Pembuluh Darah Paramarta,RSK JANTUNG,RS Khusus,C,Swasta,RS Privat,Jawa Barat,Kota Bandung,14.0,,2.0,,,,,,,,2.0,1.0,,,,,,,2.0,1.0,,1.0,,2.0,1.0,5.0,29.0,9,39.13,,,,,,,,,,,,,,,,,,,,,,,,,,0,,,,,,,Sudah kerjasama BPJS,,1,1,100.0
3273559,RS Umum Mayapada Hospital Bandung,RSU,RS Umum,B,Swasta,RS Privat,Jawa Barat,Kota Bandung,,,,,,,,,,,,,,,,,,,,,,,,,,,,0,0.0,,,,,,,,,,,,,,,,,,,,,,,,,,0,,,,,,,,,0,0,
3273560,RS Khusus Jantung dan Pembuluh Darah Melinda Cardio Vascula Center,RSK JANTUNG,RS Khusus,C,Swasta,RS Privat,Jawa Barat,Kota Bandung,,,,,,,,,,,,,,,,,,,,,,,,,,,,0,0.0,,,,,,,,,,,,,,,,,,,,,,,,,,0,,,,,,,,,0,0,
3273561,RS Pasundan,RSU,RS Umum,C,Swasta,RS Privat,Jawa Barat,Kota Bandung,3.0,1.0,,,,,,,,,,,,,,,,,,,,,,,,,4.0,2,8.7,,,,,,,,,,,,,,,,,,,,,,,,,,0,,,,,,,,,0,0,
3274016,RS Umum Daerah Gunung Jati,RSU,RS Umum,B,Pemkot,RS Publik,Jawa Barat,Kota Cirebon,34.0,3.0,6.0,6.0,5.0,3.0,,,6.0,,6.0,,,5.0,,4.0,,3.0,3.0,5.0,,4.0,,42.0,1.0,19.0,138.0,14,60.87,0.0,1.0,0.0,0.0,1.0,0.0,1.0,0.0,,0.0,0.0,1.0,,1.0,1.0,0.0,,,0.0,,1.0,False,6.0,6.0,75.0,1,Sudah kerjasama BPJS,,Belum kerjasama BPJS,,,Sudah kerjasama BPJS,Sudah kerjasama BPJS,,4,3,75.0
3274020,RS Umum Tk. III Ciremai,RSU,RS Umum,B,TNI,RS Publik,Jawa Barat,Kota Cirebon,20.0,3.0,4.0,3.0,3.0,3.0,,1.0,3.0,,4.0,,,3.0,,2.0,,,1.0,1.0,2.0,2.0,,6.0,1.0,2.0,54.0,15,65.22,,,,,,,,,,,,,,,,,,,,,,,,,,0,Sudah kerjasama BPJS,,Sudah kerjasama BPJS,,,Sudah kerjasama BPJS,Sudah kerjasama BPJS,,4,4,100.0
3274031,RS Umum Panti Abdi Dharma,RSU,RS Umum,D,Swasta,RS Privat,Jawa Barat,Kota Cirebon,5.0,1.0,1.0,2.0,3.0,1.0,,,2.0,,1.0,,,3.0,,,,,1.0,1.0,,1.0,,3.0,,1.0,20.0,11,47.83,,,,,,,,,,,,,,,,,,,,,,,,,,0,,,,,,,,,0,0,
3274053,RS Umum Pelabuhan Cirebon,RSU,RS Umum,C,BUMN,RS Privat,Jawa Barat,Kota Cirebon,13.0,2.0,5.0,3.0,2.0,3.0,,,3.0,,5.0,,,2.0,,2.0,,,1.0,2.0,,3.0,,13.0,,8.0,57.0,12,52.17,,,,,,,,,,,,,,,,,,,,,,,,,,0,,,,,,,,,0,0,
3274064,RS Umum Putera Bahagia,RSU,RS Umum,C,Swasta,RS Privat,Jawa Barat,Kota Cirebon,17.0,4.0,3.0,5.0,3.0,2.0,,,5.0,,3.0,,,3.0,,1.0,,,1.0,1.0,,3.0,,12.0,,5.0,57.0,12,52.17,,,,,,,,,,,,,,,,,,,,,,,,,,0,Sudah kerjasama BPJS,,,,,,Sudah kerjasama BPJS,,2,2,100.0
3274090,RS Umum Sumber Kasih,RSU,RS Umum,C,Swasta,RS Privat,Jawa Barat,Kota Cirebon,12.0,2.0,4.0,4.0,4.0,4.0,,,4.0,,4.0,,,4.0,,1.0,,,1.0,1.0,,3.0,,15.0,,7.0,58.0,12,52.17,,,,,,,,,,,,,,,,,,,,,,,,,,0,,,,,Sudah kerjasama BPJS,,Sudah kerjasama BPJS,,2,2,100.0
3274100,RS Umum Budi Asta,RSU,RS Umum,D,Swasta Non Profit,RS Publik,Jawa Barat,Kota Cirebon,8.0,,1.0,1.0,1.0,2.0,,,1.0,,1.0,,,1.0,,,,,,,,2.0,,1.0,,1.0,17.0,8,34.78,,,,,,,,,,,,,,,,,,,,,,,,,,0,,,,,,,,,0,0,
3274111,RS Umum Muhammadiyah,RSU,RS Umum,D,Swasta Non Profit,RS Publik,Jawa Barat,Kota Cirebon,9.0,1.0,1.0,3.0,1.0,,,,3.0,,1.0,,,1.0,,,,,,,,1.0,,2.0,,,18.0,7,30.43,,,,,,,,,,,,,,,,,,,,,,,,,,0,,,,,,,,,0,0,
3274134,RS Umum Medimas,RSU,RS Umum,C,Swasta,RS Privat,Jawa Barat,Kota Cirebon,,,,,,,,,,,,,,,,,,,,,,,,,,,,0,0.0,,,,,,,,,,,,,,,,,,,,,,,,,,0,,,,,,,Sudah kerjasama BPJS,,1,1,100.0
3274137,RS Ibu dan Anak Cahaya Bunda,RSIA,RS Khusus,C,Swasta,RS Privat,Jawa Barat,Kota Cirebon,7.0,4.0,1.0,5.0,5.0,1.0,,,5.0,,1.0,,,5.0,,,,,1.0,1.0,,2.0,,8.0,,3.0,38.0,11,47.83,,,,,,,,,,,,,,,,,,,,,,,,,,0,,,,,,,,,0,0,
3216174,RS Umum Rawa Lumbu,RSU,RS Umum,C,Swasta Non Profit,RS Publik,Jawa Barat,Kota Bekasi,10.0,2.0,4.0,2.0,2.0,2.0,,,2.0,,4.0,,,2.0,,1.0,,,1.0,1.0,,2.0,,3.0,,4.0,34.0,12,52.17,,,,,,,,,,,,,,,,,,,,,,,,,,0,,,,,,,Sudah kerjasama BPJS,,1,1,100.0
3216218,RS Umum Ananda,RSU,RS Umum,B,Swasta,RS Privat,Jawa Barat,Kota Bekasi,19.0,7.0,6.0,5.0,4.0,3.0,,,5.0,,6.0,,,4.0,,1.0,,,1.0,4.0,,2.0,,1.0,,1.0,54.0,12,52.17,,,,,,,,,,,,,,,,,,,,,,,,,,0,,,,,,,Sudah kerjasama BPJS,,1,1,100.0
3216285,RS Umum St. Elisabeth,RSU,RS Umum,C,Swasta Non Profit,RS Publik,Jawa Barat,Kota Bekasi,17.0,4.0,3.0,3.0,1.0,2.0,,,3.0,,3.0,,,1.0,,2.0,,,1.0,,,4.0,,8.0,,6.0,51.0,11,47.83,,,,,,,,,,,,,,,,,,,,,,,,,,0,,,,,,,Sudah kerjasama BPJS,,1,1,100.0
3216329,RS Umum Permata Cibubur,RSU,RS Umum,B,Swasta,RS Privat,Jawa Barat,Kota Bekasi,35.0,2.0,10.0,8.0,11.0,5.0,,,8.0,,10.0,,,11.0,,1.0,,,1.0,1.0,,1.0,,25.0,,8.0,108.0,12,52.17,,,,,,,,,,,,,,,,,,,,,,,,,,0,,,,,,,,,0,0,
3216389,RS Umum Hermina Galaxy,RSU,RS Umum,C,Swasta,RS Privat,Jawa Barat,Kota Bekasi,25.0,6.0,12.0,14.0,17.0,5.0,,1.0,14.0,,12.0,,,17.0,,2.0,,,1.0,3.0,,6.0,,13.0,,4.0,109.0,13,56.52,,,,,,,,,,,,,,,,,,,,,,,,,,0,,,,,,,Sudah kerjasama BPJS,,1,1,100.0
3216396,RS Emhaka,RSU,RS Umum,D,Swasta,RS Privat,Jawa Barat,Kota Bekasi,4.0,,,,,,,,,,,,,,,,,,,,,,,,,,4.0,1,4.35,,,,,,,,,,,,,,,,,,,,,,,,,,0,,,,,,,,,0,0,
3216402,RS Umum Anna Medika,RSU,RS Umum,C,Swasta,RS Privat,Jawa Barat,Kota Bekasi,18.0,,2.0,2.0,1.0,,,,2.0,,2.0,,,1.0,,,,,1.0,,,2.0,,7.0,,7.0,40.0,8,34.78,,,,,,,,,,,,,,,,,,,,,,,,,,0,,,,,,,Sudah kerjasama BPJS,,1,1,100.0
3216423,RS Umum Kartika Husada,RSU,RS Umum,C,Swasta,RS Privat,Jawa Barat,Kota Bekasi,18.0,1.0,3.0,3.0,6.0,1.0,,,3.0,,3.0,,,6.0,,2.0,,,1.0,1.0,,3.0,,2.0,,4.0,45.0,12,52.17,,,,,,,,,,,,,,,,,,,,,,,,,,0,,,,,,,Sudah kerjasama BPJS,,1,1,100.0
3216427,RS Dokter Adam Talib Cikunir,RSU,RS Umum,C,Swasta,RS Privat,Jawa Barat,Kota Bekasi,3.0,1.0,,,,,,,,,,,,,,,,,,,,,,,,,4.0,2,8.7,,,,,,,,,,,,,,,,,,,,,,,,,,0,,,,,,,,,0,0,
3216445,RS EMC Pekayon,RSU,RS Umum,C,Swasta,RS Privat,Jawa Barat,Kota Bekasi,21.0,1.0,5.0,2.0,4.0,1.0,,,2.0,,5.0,,,4.0,,2.0,,,1.0,2.0,,3.0,,16.0,,9.0,67.0,12,52.17,,,,,,,,,,,,,,,,,,,,,,,,,,0,,,,,,,,,0,0,
3216448,RS Mitra Keluarga Pratama,RSU,RS Umum,C,Swasta,RS Privat,Jawa Barat,Kota Bekasi,15.0,5.0,2.0,3.0,4.0,3.0,,,3.0,,2.0,,,4.0,,1.0,,,1.0,2.0,,3.0,,14.0,1.0,8.0,62.0,13,56.52,,,,,,,,,,,,,,,,,,,,,,,,,,0,,,,,,,,,0,0,
3275013,RS Umum Daerah dr. Chasbullah Abdulmadjid,RSU,RS Umum,B,Pemkot,RS Publik,Jawa Barat,Kota Bekasi,46.0,4.0,6.0,5.0,8.0,4.0,1.0,,5.0,,6.0,,,8.0,,4.0,,2.0,3.0,5.0,,5.0,,25.0,3.0,21.0,142.0,15,65.22,0.0,1.0,0.0,0.0,1.0,0.0,1.0,0.0,,0.0,0.0,1.0,,1.0,1.0,0.0,,,0.0,,1.0,False,6.0,6.0,75.0,1,,,,,,Sudah kerjasama BPJS,Sudah kerjasama BPJS,,2,2,100.0
3275017,RS Karunia Kasih,RSU,RS Umum,C,Swasta,RS Privat,Jawa Barat,Kota Bekasi,8.0,2.0,3.0,6.0,4.0,1.0,,,6.0,,3.0,,,4.0,,,,,1.0,1.0,,4.0,,7.0,,4.0,41.0,11,47.83,,,,,,,,,,,,,,,,,,,,,,,,,,0,,,,,,,Sudah kerjasama BPJS,,1,1,100.0
3275024,RS Mekar Sari,RSU,RS Umum,C,Swasta Non Profit,RS Publik,Jawa Barat,Kota Bekasi,19.0,2.0,3.0,2.0,1.0,3.0,,,2.0,,3.0,,,1.0,,2.0,,,1.0,1.0,,4.0,,11.0,,7.0,56.0,12,52.17,,,,,,,,,,,,,,,,,,,,,,,,,,0,,,,,,,Sudah kerjasama BPJS,,1,1,100.0
3275035,RS Siloam Sentosa,RSU,RS Umum,C,Swasta,RS Privat,Jawa Barat,Kota Bekasi,14.0,3.0,3.0,3.0,3.0,2.0,,,3.0,,3.0,,,3.0,,1.0,,,1.0,1.0,,2.0,,8.0,1.0,5.0,47.0,13,56.52,,,,,,,,,,,,,,,,,,,,,,,,,,0,,,,,,,Sudah kerjasama BPJS,,1,1,100.0
3275039,RS Umum Masmitra,RSU,RS Umum,C,Swasta,RS Privat,Jawa Barat,Kota Bekasi,35.0,5.0,2.0,5.0,5.0,3.0,,,5.0,,2.0,,,5.0,,1.0,,,1.0,1.0,,2.0,,21.0,,6.0,87.0,12,52.17,,,,,,,,,,,,,,,,,,,,,,,,,,0,,,,,,,Sudah kerjasama BPJS,,1,1,100.0
3275046,RS Umum Mitra Keluarga Bekasi Timur,RSU,RS Umum,B,Swasta,RS Privat,Jawa Barat,Kota Bekasi,22.0,4.0,7.0,7.0,6.0,4.0,,,7.0,,7.0,,,6.0,,3.0,,3.0,1.0,3.0,,4.0,,17.0,,10.0,91.0,13,56.52,,,,,,,,,,,,,,,,,,,,,,,,,,0,Sudah kerjasama BPJS,,Sudah kerjasama BPJS,Sudah kerjasama BPJS,,Sudah kerjasama BPJS,Sudah kerjasama BPJS,,5,5,100.0
3275052,RS Umum Juwita,RSU,RS Umum,C,Swasta,RS Privat,Jawa Barat,Kota Bekasi,3.0,,4.0,2.0,5.0,,,,2.0,,4.0,,,5.0,,1.0,,,1.0,1.0,,2.0,,,,1.0,20.0,9,39.13,,,,,,,,,,,,,,,,,,,,,,,,,,0,,,,,,,Sudah kerjasama BPJS,,1,1,100.0
3275053,RS Umum Taman Harapan Baru,RSU,RS Umum,C,Swasta,RS Privat,Jawa Barat,Kota Bekasi,10.0,7.0,3.0,5.0,1.0,2.0,,,5.0,,3.0,,,1.0,,1.0,,,1.0,1.0,,2.0,,9.0,,4.0,46.0,12,52.17,,,,,,,,,,,,,,,,,,,,,,,,,,0,,,,,,,Sudah kerjasama BPJS,,1,1,100.0
3275057,RS Umum Karya Medika Bantar Gebang,RSU,RS Umum,C,Swasta,RS Privat,Jawa Barat,Kota Bekasi,10.0,,2.0,3.0,1.0,2.0,,,3.0,,2.0,,,1.0,,1.0,,,1.0,1.0,,2.0,,,,,23.0,9,39.13,,,,,,,,,,,,,,,,,,,,,,,,,,0,,,,,,,Sudah kerjasama BPJS,,1,1,100.0
3275060,RS Umum Satria Medika,RSU,RS Umum,C,Swasta,RS Privat,Jawa Barat,Kota Bekasi,9.0,2.0,4.0,2.0,4.0,2.0,,,2.0,,4.0,,,4.0,,1.0,,,1.0,1.0,,3.0,,6.0,,5.0,40.0,12,52.17,,,,,,,,,,,,,,,,,,,,,,,,,,0,,,,,,,Sudah kerjasama BPJS,,1,1,100.0
3275061,RS Helsa,RSU,RS Umum,C,Swasta,RS Privat,Jawa Barat,Kota Bekasi,7.0,,4.0,2.0,,1.0,,,2.0,,4.0,,,,,1.0,,,1.0,,,3.0,,6.0,1.0,6.0,32.0,10,43.48,,,,,,,,,,,,,,,,,,,,,,,,,,0,,,,,,,Sudah kerjasama BPJS,,1,1,100.0
3275062,RS Siloam Bekasi Timur,RSU,RS Umum,C,Swasta,RS Privat,Jawa Barat,Kota Bekasi,21.0,2.0,3.0,2.0,3.0,3.0,,,2.0,,3.0,,,3.0,,1.0,,,1.0,4.0,,4.0,,22.0,1.0,6.0,73.0,13,56.52,,,,,,,,,,,,,,,,,,,,,,,,,,0,,,,,,,Sudah kerjasama BPJS,,1,1,100.0
3275063,RS Primaya,RSU,RS Umum,B,Swasta,RS Privat,Jawa Barat,Kota Bekasi,27.0,5.0,4.0,3.0,6.0,3.0,1.0,,3.0,,4.0,,2.0,6.0,,4.0,,1.0,2.0,2.0,,3.0,,33.0,,10.0,106.0,15,65.22,,,,,,,,,,,,,,,,,,,,,,,,,,0,,,,Sudah kerjasama BPJS,,,Sudah kerjasama BPJS,,2,2,100.0
3275064,RS Mustika Medika Bekasi,RSU,RS Umum,D,Swasta,RS Privat,Jawa Barat,Kota Bekasi,6.0,,2.0,3.0,1.0,2.0,,,3.0,,2.0,,,1.0,,,,,1.0,,,1.0,,,,,16.0,7,30.43,,,,,,,,,,,,,,,,,,,,,,,,,,0,,,,,,,Sudah kerjasama BPJS,,1,1,100.0
3275065,RS Primaya Bekasi Utara,RSU,RS Umum,C,Swasta,RS Privat,Jawa Barat,Kota Bekasi,30.0,5.0,6.0,5.0,4.0,3.0,,,5.0,,6.0,,,4.0,,2.0,,,1.0,2.0,,2.0,,11.0,,6.0,77.0,12,52.17,,,,,,,,,,,,,,,,,,,,,,,,,,0,,,,,,,Sudah kerjasama BPJS,,1,1,100.0
3275066,RS Umum Daerah Jatisampurna,RSU,RS Umum,D,Pemkot,RS Publik,Jawa Barat,Kota Bekasi,13.0,5.0,1.0,2.0,2.0,1.0,,,2.0,,1.0,,,2.0,,1.0,,,1.0,1.0,,2.0,,10.0,,5.0,44.0,12,52.17,,,,,,,,,,,,,,,,,,,,,,,,,,0,,,,,,,Sudah kerjasama BPJS,,1,1,100.0
3275067,RS Umum Daerah Pondokgede,RSU,RS Umum,D,Pemkot,RS Publik,Jawa Barat,Kota Bekasi,13.0,4.0,2.0,2.0,2.0,1.0,,,2.0,,2.0,,,2.0,,1.0,,,1.0,1.0,,1.0,,12.0,,7.0,47.0,12,52.17,,,,,,,,,,,,,,,,,,,,,,,,,,0,,,,,,,Sudah kerjasama BPJS,,1,1,100.0
3275068,RS Umum Daerah Bantar Gebang,RSU,RS Umum,D,Pemkot,RS Publik,Jawa Barat,Kota Bekasi,13.0,5.0,2.0,3.0,2.0,2.0,,,3.0,,2.0,,,2.0,,1.0,,,1.0,1.0,,2.0,,9.0,,8.0,49.0,12,52.17,,,,,,,,,,,,,,,,,,,,,,,,,,0,,,,,,,Sudah kerjasama BPJS,,1,1,100.0
3275070,RS umum Daerah Teluk Pucung,RSU,RS Umum,D,Pemkot,RS Publik,Jawa Barat,Kota Bekasi,,,,,,,,,,,,,,,,,,,,,,,,,,,,0,0.0,,,,,,,,,,,,,,,,,,,,,,,,,,0,,,,,,,Sudah kerjasama BPJS,,1,1,100.0
3275083,RS Seto Hasbadi,RSU,RS Umum,D,Swasta Non Profit,RS Publik,Jawa Barat,Kota Bekasi,8.0,,3.0,,1.0,2.0,,,,,3.0,,,1.0,,,,,,1.0,,1.0,,2.0,,5.0,23.0,8,34.78,,,,,,,,,,,,,,,,,,,,,,,,,,0,,,,,,,,,0,0,
3275094,RS Umum Mitra Keluarga Bekasi,RSU,RS Umum,B,Swasta,RS Privat,Jawa Barat,Kota Bekasi,37.0,6.0,12.0,9.0,5.0,6.0,,,9.0,,12.0,,,5.0,,4.0,,6.0,2.0,13.0,,5.0,,39.0,1.0,15.0,160.0,14,60.87,,,,,,,,,,,,,,,,,,,,,,,,,,0,,,,,,,,,0,0,
3275115,RS Umum Hermina Bekasi,RSU,RS Umum,B,Swasta,RS Privat,Jawa Barat,Kota Bekasi,58.0,1.0,26.0,10.0,17.0,12.0,,,10.0,,26.0,,,17.0,,2.0,,,,1.0,,4.0,,53.0,,12.0,196.0,11,47.83,,,,,,,,,,,,,,,,,,,,,,,,,,0,Sudah kerjasama BPJS,,Sudah kerjasama BPJS,Sudah kerjasama BPJS,Sudah kerjasama BPJS,Sudah kerjasama BPJS,Sudah kerjasama BPJS,,6,6,100.0
3275130,RS Umum Bhakti Kartini,RSU,RS Umum,C,Swasta Non Profit,RS Publik,Jawa Barat,Kota Bekasi,15.0,3.0,3.0,3.0,1.0,2.0,,,3.0,,3.0,,,1.0,,1.0,,,2.0,1.0,,2.0,,7.0,,7.0,47.0,12,52.17,,,,,,,,,,,,,,,,,,,,,,,,,,0,,,,,,,Sudah kerjasama BPJS,,1,1,100.0
3275141,RS Umum Permata Bekasi,RSU,RS Umum,C,Swasta,RS Privat,Jawa Barat,Kota Bekasi,,,,,,,,,,,,,,,,,,,,,,,,,,,,0,0.0,,,,,,,,,,,,,,,,,,,,,,,,,,0,,,,,,,Sudah kerjasama BPJS,,1,1,100.0
3275196,RS Umum Bella,RSU,RS Umum,C,Swasta,RS Privat,Jawa Barat,Kota Bekasi,,,,,,,,,,,,,,,,,,,,,,,,,,,,0,0.0,,,,,,,,,,,,,,,,,,,,,,,,,,0,,,,,,,Sudah kerjasama BPJS,,1,1,100.0
3275207,RS Umum Graha Juanda,RSU,RS Umum,C,Swasta,RS Privat,Jawa Barat,Kota Bekasi,15.0,3.0,3.0,3.0,3.0,2.0,,,3.0,,3.0,,,3.0,,2.0,,,1.0,1.0,,2.0,,7.0,,5.0,47.0,12,52.17,,,,,,,,,,,,,,,,,,,,,,,,,,0,,,,,,,Sudah kerjasama BPJS,,1,1,100.0
3275229,RS Umum Anna,RSU,RS Umum,C,Swasta,RS Privat,Jawa Barat,Kota Bekasi,15.0,13.0,5.0,13.0,8.0,3.0,,,13.0,,5.0,,,8.0,,3.0,,1.0,2.0,2.0,,6.0,,13.0,1.0,6.0,91.0,14,60.87,,,,,,,,,,,,,,,,,,,,,,,,,,0,,,,,,,Sudah kerjasama BPJS,,1,1,100.0
3275263,RS Umum Citra Harapan,RSU,RS Umum,C,Swasta,RS Privat,Jawa Barat,Kota Bekasi,8.0,4.0,3.0,4.0,2.0,1.0,,,4.0,,3.0,,,2.0,,,,,,1.0,,1.0,,6.0,,6.0,36.0,10,43.48,,,,,,,,,,,,,,,,,,,,,,,,,,0,,,,,,,Sudah kerjasama BPJS,,1,1,100.0
3275274,RS Umum Jati Sampurna,RSU,RS Umum,C,Swasta,RS Privat,Jawa Barat,Kota Bekasi,19.0,5.0,4.0,6.0,5.0,4.0,,,6.0,,4.0,,,5.0,,2.0,,,1.0,1.0,,6.0,,11.0,,5.0,69.0,12,52.17,,,,,,,,,,,,,,,,,,,,,,,,,,0,,,,,,,Sudah kerjasama BPJS,,1,1,100.0
3275296,RS Umum Islam dr. Subki Abdulkadir,RSU,RS Umum,D,Swasta Non Profit,RS Publik,Jawa Barat,Kota Bekasi,13.0,1.0,1.0,1.0,1.0,1.0,,,1.0,,1.0,,,1.0,,1.0,,,1.0,1.0,,1.0,,2.0,,1.0,25.0,12,52.17,,,,,,,,,,,,,,,,,,,,,,,,,,0,,,,,,,Sudah kerjasama BPJS,,1,1,100.0
3275307,RS Siloam Bekasi Sepanjang Jaya,RSU,RS Umum,C,Swasta,RS Privat,Jawa Barat,Kota Bekasi,21.0,2.0,4.0,2.0,3.0,2.0,,,2.0,,4.0,,,3.0,,1.0,,,1.0,4.0,,3.0,,8.0,1.0,6.0,58.0,13,56.52,,,,,,,,,,,,,,,,,,,,,,,,,,0,,,,,,,Sudah kerjasama BPJS,,1,1,100.0
3275373,RS Umum Mitra Keluarga Cibubur,RSU,RS Umum,C,Swasta,RS Privat,Jawa Barat,Kota Bekasi,13.0,3.0,6.0,3.0,4.0,2.0,1.0,,3.0,,6.0,,,4.0,,2.0,,,1.0,3.0,,3.0,,20.0,,11.0,72.0,13,56.52,,,,,,,,,,,,,,,,,,,,,,,,,,0,,,,,,,,,0,0,
3275390,RS Ibu dan Anak Selasih Medika,RSIA,RS Khusus,C,Swasta,RS Privat,Jawa Barat,Kota Bekasi,10.0,5.0,2.0,3.0,2.0,1.0,,,3.0,,2.0,,,2.0,,,,,,1.0,,1.0,,6.0,,3.0,34.0,10,43.48,,,,,,,,,,,,,,,,,,,,,,,,,,0,,,,,,,,,0,0,
3275392,RS Primaya,RSU,RS Umum,B,Swasta,RS Privat,Jawa Barat,Kota Bekasi,45.0,2.0,11.0,7.0,10.0,3.0,,,7.0,1.0,11.0,,,10.0,,4.0,,1.0,3.0,4.0,1.0,7.0,,26.0,,3.0,128.0,15,65.22,,,,,,,,,,,,,,,,,,,,,,,,,,0,Sudah kerjasama BPJS,,Sudah kerjasama BPJS,Sudah kerjasama BPJS,Sudah kerjasama BPJS,Sudah kerjasama BPJS,Sudah kerjasama BPJS,,6,6,100.0
3275403,RS Ibu dan Anak Rinova Intan,RSIA,RS Khusus,C,Swasta,RS Privat,Jawa Barat,Kota Bekasi,9.0,2.0,,1.0,1.0,,,,1.0,,,,,1.0,,,,,,,,,,,,,13.0,4,17.39,,,,,,,,,,,,,,,,,,,,,,,,,,0,,,,,,,,,0,0,
3275414,RS CItra Arafiq Bekasi,RSU,RS Umum,C,Swasta,RS Privat,Jawa Barat,Kota Bekasi,,,,,,,,,,,,,,,,,,,,,,,,,,,,0,0.0,,,,,,,,,,,,,,,,,,,,,,,,,,0,,,,,,,,,0,0,
3201035,RS Umum Bhakti Yudha,RSU,RS Umum,C,Swasta Non Profit,RS Publik,Jawa Barat,Kota Depok,18.0,3.0,5.0,4.0,3.0,2.0,,,4.0,,5.0,,,3.0,,1.0,,,1.0,1.0,,3.0,,11.0,1.0,8.0,61.0,13,56.52,,,,,,,,,,,,,,,,,,,,,,,,,,0,,,,,,,Sudah kerjasama BPJS,,1,1,100.0
3201061,RS Umum Tugu Ibu,RSU,RS Umum,C,Swasta Non Profit,RS Publik,Jawa Barat,Kota Depok,13.0,3.0,5.0,3.0,4.0,4.0,,,3.0,,5.0,,,4.0,,2.0,,,1.0,4.0,,2.0,,11.0,,7.0,59.0,12,52.17,,,,,,,,,,,,,,,,,,,,,,,,,,0,,,,,,,Sudah kerjasama BPJS,,1,1,100.0
3201072,RS Umum Puri Cinere,RSU,RS Umum,B,Swasta,RS Privat,Jawa Barat,Kota Depok,36.0,7.0,7.0,12.0,10.0,4.0,,,12.0,,7.0,,1.0,10.0,,3.0,,1.0,1.0,4.0,,4.0,,25.0,1.0,8.0,124.0,15,65.22,,,,,,,,,,,,,,,,,,,,,,,,,,0,,,,,,,,,0,0,
3201126,RS Umum Hermina Depok,RSU,RS Umum,B,Swasta Non Profit,RS Publik,Jawa Barat,Kota Depok,19.0,2.0,15.0,21.0,30.0,6.0,1.0,,21.0,1.0,15.0,,,30.0,,4.0,,2.0,2.0,4.0,1.0,8.0,,33.0,1.0,10.0,160.0,17,73.91,,,,,,,,,,,,,,,,,,,,,,,,,,0,Sudah kerjasama BPJS,,Sudah kerjasama BPJS,Sudah kerjasama BPJS,Sudah kerjasama BPJS,Sudah kerjasama BPJS,,,5,5,100.0
3201141,RS Ibu dan Anak Tumbuh Kembang,RSIA,RS Khusus,C,Swasta Non Profit,RS Publik,Jawa Barat,Kota Depok,7.0,6.0,1.0,4.0,5.0,2.0,,,4.0,,1.0,,,5.0,,,,,1.0,1.0,,3.0,,3.0,,3.0,36.0,11,47.83,,,,,,,,,,,,,,,,,,,,,,,,,,0,,,,,,,Sudah kerjasama BPJS,,1,1,100.0
3201185,RS Umum Meilia,RSU,RS Umum,B,Swasta,RS Privat,Jawa Barat,Kota Depok,33.0,7.0,5.0,5.0,4.0,4.0,,,5.0,,5.0,,,4.0,,2.0,,1.0,2.0,4.0,,5.0,,8.0,,7.0,87.0,13,56.52,,,,,,,,,,,,,,,,,,,,,,,,,,0,,,,Sudah kerjasama BPJS,,Sudah kerjasama BPJS,Sudah kerjasama BPJS,,3,3,100.0
3201196,RS Umum Bunda Margonda,RSU,RS Umum,C,Swasta,RS Privat,Jawa Barat,Kota Depok,17.0,3.0,6.0,13.0,10.0,4.0,1.0,,13.0,,6.0,,,10.0,,3.0,,,1.0,2.0,,7.0,,19.0,,4.0,90.0,13,56.52,,,,,,,,,,,,,,,,,,,,,,,,,,0,,,,,,,Sudah kerjasama BPJS,,1,1,100.0
3201256,RS Universitas Indonesia,RSU,RS Umum,B,Kementerian Lain,RS Publik,Jawa Barat,Kota Depok,48.0,3.0,5.0,4.0,8.0,3.0,1.0,,4.0,,5.0,1.0,,8.0,2.0,2.0,2.0,3.0,4.0,4.0,,13.0,,27.0,2.0,16.0,148.0,18,78.26,,,,,,,,,,,,,,,,,,,,,,,,,,0,,,,Sudah kerjasama BPJS,Sudah kerjasama BPJS,Sudah kerjasama BPJS,Sudah kerjasama BPJS,,4,4,100.0
3276017,RS Umum Sentra Medika,RSU,RS Umum,B,Swasta,RS Privat,Jawa Barat,Kota Depok,27.0,6.0,8.0,4.0,4.0,4.0,,,4.0,,8.0,,,4.0,,4.0,,,2.0,3.0,,4.0,,14.0,,11.0,91.0,12,52.17,,,,,,,,,,,,,,,,,,,,,,,,,,0,Sudah kerjasama BPJS,Belum kerjasama BPJS,Sudah kerjasama BPJS,Sudah kerjasama BPJS,Sudah kerjasama BPJS,,Sudah kerjasama BPJS,,6,5,83.33
3276028,RS Umum Mitra Keluarga Depok,RSU,RS Umum,C,Swasta,RS Privat,Jawa Barat,Kota Depok,13.0,2.0,10.0,5.0,6.0,5.0,,,5.0,,10.0,,,6.0,,3.0,,2.0,1.0,4.0,,3.0,,22.0,1.0,10.0,87.0,14,60.87,,,,,,,,,,,,,,,,,,,,,,,,,,0,,,,,,Sudah kerjasama BPJS,Sudah kerjasama BPJS,,2,2,100.0
3276039,RS Umum Bhayangkara Brimob,RSU,RS Umum,C,POLRI,RS Publik,Jawa Barat,Kota Depok,11.0,3.0,3.0,2.0,3.0,3.0,,,2.0,,3.0,,,3.0,,2.0,,,1.0,1.0,,2.0,,10.0,,5.0,46.0,12,52.17,,,,,,,,,,,,,,,,,,,,,,,,,,0,,,,,,,Sudah kerjasama BPJS,,1,1,100.0
3276041,RS Umum Grha Permata Ibu,RSU,RS Umum,C,Swasta,RS Privat,Jawa Barat,Kota Depok,,,,,,,,,,,,,,,,,,,,,,,,,,,,0,0.0,,,,,,,,,,,,,,,,,,,,,,,,,,0,,,,Sudah kerjasama BPJS,,Sudah kerjasama BPJS,Sudah kerjasama BPJS,,3,3,100.0
3276124,RS Umum Daerah Khidmat Sehat Afiat Kota Depok,RSU,RS Umum,C,Pemkot,RS Publik,Jawa Barat,Kota Depok,35.0,,5.0,3.0,3.0,2.0,,,3.0,,5.0,,,3.0,,2.0,,1.0,2.0,3.0,,3.0,,33.0,1.0,17.0,110.0,13,56.52,0.0,1.0,1.0,0.0,0.0,0.0,0.0,0.0,,0.0,0.0,1.0,,0.0,0.0,0.0,,,0.0,,1.0,False,3.0,3.0,75.0,1,,,,,Belum kerjasama BPJS,Sudah kerjasama BPJS,Sudah kerjasama BPJS,,3,2,66.67
3276135,RS Umum Simpangan Depok,RSU,RS Umum,C,Swasta,RS Privat,Jawa Barat,Kota Depok,8.0,,4.0,2.0,2.0,2.0,,,2.0,,4.0,,,2.0,,2.0,,,1.0,1.0,,2.0,,4.0,,5.0,33.0,11,47.83,,,,,,,,,,,,,,,,,,,,,,,,,,0,,,,,,,Sudah kerjasama BPJS,,1,1,100.0
3276146,RS Umum Hasanah Graha Afiah,RSU,RS Umum,C,Swasta,RS Privat,Jawa Barat,Kota Depok,21.0,5.0,11.0,14.0,12.0,3.0,,,14.0,,11.0,,,12.0,,2.0,,1.0,1.0,1.0,,3.0,,12.0,,4.0,90.0,13,56.52,,,,,,,,,,,,,,,,,,,,,,,,,,0,,,,,,Sudah kerjasama BPJS,Sudah kerjasama BPJS,,2,2,100.0
3276147,RS Ibu dan Anak Asyifa Depok,RSIA,RS Khusus,C,Swasta,RS Privat,Jawa Barat,Kota Depok,7.0,2.0,2.0,3.0,2.0,1.0,,,3.0,,2.0,,,2.0,,,,,1.0,1.0,,2.0,,3.0,,2.0,26.0,11,47.83,,,,,,,,,,,,,,,,,,,,,,,,,,0,,,,,,,Sudah kerjasama BPJS,,1,1,100.0
3276149,RS Ibu dan Anak Setya Bhakti,RSIA,RS Khusus,C,Swasta,RS Privat,Jawa Barat,Kota Depok,5.0,,2.0,2.0,1.0,2.0,,,2.0,,2.0,,,1.0,,,,,,1.0,,2.0,,,,1.0,16.0,8,34.78,,,,,,,,,,,,,,,,,,,,,,,,,,0,,,,,,,,,0,0,
3276150,RS Jantung Diagram,RSK JANTUNG,RS Khusus,B,Swasta,RS Privat,Jawa Barat,Kota Depok,13.0,,4.0,,,1.0,,,,,4.0,,,,,1.0,,,2.0,3.0,,4.0,,13.0,1.0,6.0,48.0,10,43.48,,,,,,,,,,,,,,,,,,,,,,,,,,0,,Belum kerjasama BPJS,,,,,Sudah kerjasama BPJS,,2,1,50.0
3276151,RS Umum Permata Depok,RSU,RS Umum,C,Swasta,RS Privat,Jawa Barat,Kota Depok,26.0,6.0,7.0,8.0,10.0,2.0,,,8.0,1.0,7.0,,,10.0,,1.0,,,1.0,1.0,,8.0,,17.0,1.0,9.0,98.0,14,60.87,,,,,,,,,,,,,,,,,,,,,,,,,,0,,,,Sudah kerjasama BPJS,,,Sudah kerjasama BPJS,,2,2,100.0
3276152,RS Umum Citra Medika Depok,RSU,RS Umum,C,Swasta,RS Privat,Jawa Barat,Kota Depok,9.0,4.0,3.0,4.0,2.0,1.0,,,4.0,,3.0,,,2.0,,1.0,,,1.0,,,2.0,,3.0,,4.0,34.0,11,47.83,,,,,,,,,,,,,,,,,,,,,,,,,,0,,,,,,,Sudah kerjasama BPJS,,1,1,100.0
3276153,RS Umum Citra Arafiq,RSU,RS Umum,C,Swasta,RS Privat,Jawa Barat,Kota Depok,,,,,,,,,,,,,,,,,,,,,,,,,,,,0,0.0,,,,,,,,,,,,,,,,,,,,,,,,,,0,,,,Sudah kerjasama BPJS,,,Sudah kerjasama BPJS,,2,2,100.0
3276154,RS Umum Alia Hospital,RSU,RS Umum,B,Swasta,RS Privat,Jawa Barat,Kota Depok,21.0,3.0,4.0,8.0,9.0,3.0,,,8.0,,4.0,,,9.0,,2.0,,,,1.0,,3.0,,7.0,1.0,5.0,67.0,12,52.17,,,,,,,,,,,,,,,,,,,,,,,,,,0,,,,Sudah kerjasama BPJS,,Sudah kerjasama BPJS,Sudah kerjasama BPJS,,3,3,100.0
3276155,RS Umum Brawijaya Bojongsari,RSU,RS Umum,D,Swasta,RS Privat,Jawa Barat,Kota Depok,,,,,,,,,,,,,,,,,,,,,,,,,,,,0,0.0,,,,,,,,,,,,,,,,,,,,,,,,,,0,,,,,,,,,0,0,
3276166,RS Umum Citra Arafiq Sawangan,RSU,RS Umum,C,Swasta,RS Privat,Jawa Barat,Kota Depok,,,,,,,,,,,,,,,,,,,,,,,,,,,,0,0.0,,,,,,,,,,,,,,,,,,,,,,,,,,0,,,,,,,Sudah kerjasama BPJS,,1,1,100.0
3276167,RS Primaya Depok,RSU,RS Umum,C,Swasta,RS Privat,Jawa Barat,Kota Depok,9.0,,3.0,4.0,4.0,3.0,,,4.0,,3.0,,,4.0,,1.0,,1.0,1.0,2.0,,3.0,,7.0,,5.0,43.0,12,52.17,,,,,,,,,,,,,,,,,,,,,,,,,,0,,,,,Sudah kerjasama BPJS,Sudah kerjasama BPJS,Sudah kerjasama BPJS,,3,3,100.0
3276168,RS Umum Daerah Anugerah Sehat Afiat,RSU,RS Umum,C,Pemkot,RS Publik,Jawa Barat,Kota Depok,15.0,1.0,2.0,,1.0,1.0,,,,,2.0,,,1.0,,,,,1.0,1.0,,2.0,,7.0,,5.0,36.0,10,43.48,,,,,,,,,,,,,,,,,,,,,,,,,,0,,,,,,,Sudah kerjasama BPJS,,1,1,100.0
3276169,RS Umum Anak Negeri Hospital,RSU,RS Umum,C,Swasta,RS Privat,Jawa Barat,Kota Depok,,,,,,,,,,,,,,,,,,,,,,,,,,,,0,0.0,,,,,,,,,,,,,,,,,,,,,,,,,,0,,,,,,,,,0,0,
3204075,RS Umum Mitra Kasih,RSU,RS Umum,C,Swasta Non Profit,RS Publik,Jawa Barat,Kota Cimahi,40.0,2.0,6.0,2.0,3.0,4.0,,,2.0,,6.0,,,3.0,,3.0,,1.0,2.0,3.0,,5.0,,10.0,,10.0,91.0,13,56.52,,,,,,,,,,,,,,,,,,,,,,,,,,0,,,,,,Sudah kerjasama BPJS,Sudah kerjasama BPJS,,2,2,100.0
3277018,RS Umum Mitra Anugrah Lestari,RSU,RS Umum,C,Swasta Non Profit,RS Publik,Jawa Barat,Kota Cimahi,,,,,,,,,,,,,,,,,,,,,,,,,,,,0,0.0,,,,,,,,,,,,,,,,,,,,,,,,,,0,,,,,,,Sudah kerjasama BPJS,,1,1,100.0
3277019,RS Umum Avisena,RSU,RS Umum,C,Swasta,RS Privat,Jawa Barat,Kota Cimahi,13.0,2.0,4.0,3.0,2.0,3.0,,,3.0,,4.0,,,2.0,,,,,1.0,1.0,,2.0,,8.0,,5.0,44.0,11,47.83,,,,,,,,,,,,,,,,,,,,,,,,,,0,,,,,,,Sudah kerjasama BPJS,,1,1,100.0
3277020,RS Umum Daerah Cibabat,RSU,RS Umum,B,Pemkot,RS Publik,Jawa Barat,Kota Cimahi,54.0,3.0,7.0,4.0,4.0,2.0,1.0,3.0,4.0,,7.0,,,4.0,,,,2.0,4.0,2.0,,2.0,,34.0,,14.0,136.0,14,60.87,0.0,0.0,1.0,0.0,0.0,0.0,0.0,0.0,0.0,0.0,0.0,0.0,,0.0,1.0,0.0,2.0,0.0,0.0,12.0,1.0,False,16.0,4.0,95.0,1,Sudah kerjasama BPJS,,Belum kerjasama BPJS,Sudah kerjasama BPJS,,Sudah kerjasama BPJS,Sudah kerjasama BPJS,,5,4,80.0
3277021,RS Umum Kasih Bunda,RSU,RS Umum,C,Swasta,RS Privat,Jawa Barat,Kota Cimahi,11.0,1.0,4.0,3.0,3.0,3.0,,,3.0,,4.0,,,3.0,,1.0,,,1.0,1.0,,5.0,,12.0,,7.0,52.0,12,52.17,,,,,,,,,,,,,,,,,,,,,,,,,,0,,,,,,,Sudah kerjasama BPJS,,1,1,100.0
3277022,RS Gigi dan Mulut Pendidikan Unjani,RSK GM,RS Khusus,B,Swasta,RS Privat,Jawa Barat,Kota Cimahi,,16.0,,,,,,,,,,,,,,,,,1.0,,,2.0,,,,2.0,21.0,4,17.39,,,,,,,,,,,,,,,,,,,,,,,,,,0,,,,,,,,,0,0,
3277023,RS Umum Baros,RSU,RS Umum,D,Swasta,RS Privat,Jawa Barat,Kota Cimahi,10.0,4.0,3.0,5.0,7.0,4.0,,,5.0,,3.0,,,7.0,,,,,1.0,,,4.0,,6.0,,2.0,46.0,10,43.48,,,,,,,,,,,,,,,,,,,,,,,,,,0,,,,,,,Sudah kerjasama BPJS,,1,1,100.0
3277031,RS Umum Tk. II Dustira,RSU,RS Umum,B,TNI,RS Publik,Jawa Barat,Kota Cimahi,69.0,7.0,10.0,5.0,6.0,8.0,,,5.0,,10.0,,,6.0,,3.0,,2.0,1.0,3.0,,4.0,,26.0,1.0,15.0,160.0,14,60.87,,,,,,,,,,,,,,,,,,,,,,,,,,0,,,,Sudah kerjasama BPJS,Sudah kerjasama BPJS,Sudah kerjasama BPJS,Sudah kerjasama BPJS,,4,4,100.0
3206011,RS Umum Daerah dr. Soekardjo,RSU,RS Umum,B,Pemkot,RS Publik,Jawa Barat,Kota Tasikmalaya,22.0,3.0,7.0,6.0,5.0,3.0,,,6.0,,7.0,,,5.0,,1.0,,,1.0,3.0,,3.0,,48.0,1.0,16.0,119.0,13,56.52,0.0,0.0,0.0,0.0,0.0,0.0,0.0,0.0,,0.0,0.0,1.0,,0.0,1.0,0.0,,,0.0,,1.0,False,2.0,2.0,75.0,1,,,,,Belum kerjasama BPJS,,Sudah kerjasama BPJS,,2,1,50.0
3206055,RS Umum Islam Hj. Siti Muniroh,RSU,RS Umum,D,Swasta Non Profit,RS Publik,Jawa Barat,Kota Tasikmalaya,10.0,1.0,1.0,1.0,1.0,,,,1.0,,1.0,,,1.0,,,,,,,,,,1.0,,4.0,19.0,7,30.43,,,,,,,,,,,,,,,,,,,,,,,,,,0,,,,,,,,,0,0,
3206070,RS Umum Jasa Kartini,RSU,RS Umum,C,Swasta,RS Privat,Jawa Barat,Kota Tasikmalaya,18.0,4.0,7.0,6.0,4.0,5.0,,1.0,6.0,,7.0,,,4.0,,1.0,,,1.0,3.0,,3.0,,29.0,,11.0,93.0,13,56.52,,,,,,,,,,,,,,,,,,,,,,,,,,0,Sudah kerjasama BPJS,,Sudah kerjasama BPJS,Sudah kerjasama BPJS,,,Sudah kerjasama BPJS,,4,4,100.0
3206083,RS Ibu dan Anak dr. Hj. Karmini EH,RSIA,RS Khusus,C,Swasta Non Profit,RS Publik,Jawa Barat,Kota Tasikmalaya,5.0,1.0,,2.0,1.0,1.0,,,2.0,,,,,1.0,,,,,,,,,,1.0,,,11.0,6,26.09,,,,,,,,,,,,,,,,,,,,,,,,,,0,,,,,,,,,0,0,
3278014,RS Umum Tasik Medika Citratama (TMC),RSU,RS Umum,C,Swasta,RS Privat,Jawa Barat,Kota Tasikmalaya,,,,,,,,,,,,,,,,,,,,,,,,,,,,0,0.0,,,,,,,,,,,,,,,,,,,,,,,,,,0,,,,,,,Sudah kerjasama BPJS,,1,1,100.0
3278015,RS Ibu dan Anak Ummi,RSIA,RS Khusus,C,Swasta,RS Privat,Jawa Barat,Kota Tasikmalaya,1.0,,,1.0,,,,,1.0,,,,,,,,,,,,,,,,,,2.0,2,8.7,,,,,,,,,,,,,,,,,,,,,,,,,,0,,,,,,,,,0,0,
3278016,RS Ibu dan Anak Sayang Bunda,RSIA,RS Khusus,C,Swasta,RS Privat,Jawa Barat,Kota Tasikmalaya,3.0,,,2.0,2.0,,,,2.0,,,,,2.0,,,,,1.0,1.0,,2.0,,,,,11.0,6,26.09,,,,,,,,,,,,,,,,,,,,,,,,,,0,,,,,,,,,0,0,
3278017,RS Ibu dan Anak Widaningsih,RSIA,RS Khusus,C,Swasta,RS Privat,Jawa Barat,Kota Tasikmalaya,2.0,,,1.0,1.0,1.0,,,1.0,,,,,1.0,,,,,,,,,,,,,5.0,4,17.39,,,,,,,,,,,,,,,,,,,,,,,,,,0,,,,,,,,,0,0,
3278018,RS Umum Syifa Medina,RSU,RS Umum,D,Swasta,RS Privat,Jawa Barat,Kota Tasikmalaya,4.0,,2.0,2.0,1.0,1.0,,,2.0,,2.0,,,1.0,,,,1.0,,,,1.0,,,,1.0,13.0,8,34.78,,,,,,,,,,,,,,,,,,,,,,,,,,0,,,,,,Sudah kerjasama BPJS,,,1,1,100.0
3278021,RS Ibu dan Anak Bunda Aisyah,RSIA,RS Khusus,C,Swasta,RS Privat,Jawa Barat,Kota Tasikmalaya,7.0,,,1.0,2.0,,,,1.0,,,,,2.0,,,,,,,,1.0,,,,,11.0,4,17.39,,,,,,,,,,,,,,,,,,,,,,,,,,0,,,,,,,,,0,0,
3278081,RS Umum Prasetya Bunda,RSU,RS Umum,C,Swasta,RS Privat,Jawa Barat,Kota Tasikmalaya,8.0,3.0,1.0,2.0,1.0,1.0,,,2.0,,1.0,,,1.0,,,,,,1.0,,1.0,,8.0,,3.0,29.0,10,43.48,,,,,,,,,,,,,,,,,,,,,,,,,,0,,,,,,,,,0,0,
3278082,RS Umum Permata Bunda,RSU,RS Umum,C,Swasta,RS Privat,Jawa Barat,Kota Tasikmalaya,10.0,2.0,3.0,1.0,2.0,2.0,,,1.0,,3.0,,,2.0,,1.0,,1.0,1.0,1.0,,2.0,,10.0,,6.0,42.0,13,56.52,,,,,,,,,,,,,,,,,,,,,,,,,,0,,Belum kerjasama BPJS,,,,,,,1,0,0.0
3278093,RS Hermina Tasikmalaya,RSU,RS Umum,C,Swasta,RS Privat,Jawa Barat,Kota Tasikmalaya,8.0,,,,,,,,,,,,,,,,,,,,,,,3.0,,2.0,13.0,3,13.04,,,,,,,,,,,,,,,,,,,,,,,,,,0,,,,,,,Sudah kerjasama BPJS,,1,1,100.0
3278094,RS Jantung dan Pembuluh Darah Tasikmalaya,RSK JANTUNG,RS Khusus,B,Swasta,RS Privat,Jawa Barat,Kota Tasikmalaya,9.0,4.0,2.0,1.0,2.0,1.0,,,1.0,,2.0,,,2.0,,1.0,,,1.0,1.0,,2.0,,5.0,2.0,3.0,34.0,13,56.52,,,,,,,,,,,,,,,,,,,,,,,,,,0,,,,,,,Sudah kerjasama BPJS,,1,1,100.0
3207023,RS Umum Daerah Banjar,RSU,RS Umum,B,Pemkot,RS Publik,Jawa Barat,Kota Banjar,20.0,1.0,3.0,3.0,3.0,2.0,,,3.0,,3.0,,,3.0,,1.0,,1.0,1.0,1.0,,2.0,,17.0,,10.0,65.0,13,56.52,0.0,0.0,0.0,0.0,1.0,0.0,0.0,0.0,0.0,0.0,0.0,0.0,,1.0,1.0,0.0,1.0,0.0,0.0,5.0,1.0,False,9.0,5.0,95.0,1,,,,,,Sudah kerjasama BPJS,Sudah kerjasama BPJS,,2,2,100.0
3279002,RS Umum Mitra Idaman,RSU,RS Umum,D,Swasta,RS Privat,Jawa Barat,Kota Banjar,,,,,,,,,,,,,,,,,,,,,,,,,,,,0,0.0,,,,,,,,,,,,,,,,,,,,,,,,,,0,,,,,,,Sudah kerjasama BPJS,,1,1,100.0
3279003,RS Umum Banjar Patroman,RSU,RS Umum,D,Swasta,RS Privat,Jawa Barat,Kota Banjar,13.0,,2.0,2.0,2.0,2.0,,,2.0,,2.0,,,2.0,,,,,,1.0,,1.0,,,,2.0,25.0,8,34.78,,,,,,,,,,,,,,,,,,,,,,,,,,0,,,,,,,Sudah kerjasama BPJS,,1,1,100.0
3279004,RS Umum Daerah Asih Husada Lengensari,RSU,RS Umum,D,Pemkot,RS Publik,Jawa Barat,Kota Banjar,6.0,2.0,2.0,1.0,1.0,,,,1.0,,2.0,,,1.0,,,,,,,,,,6.0,,4.0,22.0,7,30.43,,,,,,,,,,,,,,,,,,,,,,,,,,0,,,,,,,,,0,0,
3301014,RS Umum Daerah Cilacap,RSU,RS Umum,B,Pemkab,RS Publik,Jawa Tengah,Cilacap,23.0,2.0,3.0,2.0,2.0,3.0,,,2.0,,3.0,,,2.0,,2.0,,,1.0,2.0,,3.0,,20.0,,15.0,78.0,12,52.17,0.0,0.0,1.0,0.0,1.0,0.0,0.0,0.0,,1.0,1.0,0.0,,0.0,0.0,0.0,,,0.0,,1.0,False,4.0,4.0,75.0,1,Sudah kerjasama BPJS,Belum kerjasama BPJS,,,,,Sudah kerjasama BPJS,,3,2,66.67
3301036,RS Umum Pertamina Cilacap,RSU,RS Umum,D,BUMN,RS Privat,Jawa Tengah,Cilacap,12.0,2.0,3.0,2.0,3.0,2.0,,,2.0,,3.0,,,3.0,,,,,1.0,1.0,,2.0,,10.0,1.0,6.0,45.0,12,52.17,,,,,,,,,,,,,,,,,,,,,,,,,,0,,,,,,,,,0,0,
3301073,RS Umum Islam Fatimah,RSU,RS Umum,C,Swasta Non Profit,RS Publik,Jawa Tengah,Cilacap,13.0,4.0,5.0,4.0,3.0,3.0,,,4.0,,5.0,,,3.0,,1.0,,,1.0,2.0,,2.0,,7.0,,6.0,51.0,12,52.17,,,,,,,,,,,,,,,,,,,,,,,,,,0,,,,,,,Sudah kerjasama BPJS,,1,1,100.0
3301084,RS Umum Daerah Majenang,RSU,RS Umum,C,Pemkab,RS Publik,Jawa Tengah,Cilacap,18.0,17.0,4.0,2.0,2.0,3.0,,,2.0,,4.0,,,2.0,,,,,1.0,1.0,,1.0,,11.0,,8.0,68.0,11,47.83,,,,,,,,,,,,,,,,,,,,,,,,,,0,,,,,,,Sudah kerjasama BPJS,,1,1,100.0
3301095,RS Ibu dan Anak Annisa,RSIA,RS Khusus,C,Swasta Non Profit,RS Publik,Jawa Tengah,Cilacap,6.0,,,2.0,1.0,1.0,,,2.0,,,,,1.0,,,,,,,,1.0,,4.0,,1.0,16.0,7,30.43,,,,,,,,,,,,,,,,,,,,,,,,,,0,,,,,,,,,0,0,
3301105,RS Umum Aprillia,RSU,RS Umum,D,Swasta Non Profit,RS Publik,Jawa Tengah,Cilacap,11.0,,2.0,3.0,2.0,2.0,,,3.0,,2.0,,,2.0,,,,,,,,2.0,,2.0,,1.0,25.0,8,34.78,,,,,,,,,,,,,,,,,,,,,,,,,,0,,,,,,,,,0,0,
3301106,RS Umum Duta Mulya,RSU,RS Umum,D,Swasta,RS Privat,Jawa Tengah,Cilacap,15.0,3.0,2.0,3.0,1.0,1.0,,,3.0,,2.0,,,1.0,,,,,,1.0,,1.0,,3.0,,6.0,36.0,10,43.48,,,,,,,,,,,,,,,,,,,,,,,,,,0,,,,,,,,,0,0,
3301107,RS Umum Santa Maria Cilacap,RSU,RS Umum,D,Swasta Non Profit,RS Publik,Jawa Tengah,Cilacap,7.0,1.0,2.0,2.0,1.0,1.0,,,2.0,,2.0,,,1.0,,1.0,,,1.0,1.0,,1.0,,5.0,,5.0,28.0,12,52.17,,,,,,,,,,,,,,,,,,,,,,,,,,0,,,,,,,Sudah kerjasama BPJS,,1,1,100.0
3301108,RS Umum Aghisna Medika Kroya,RSU,RS Umum,C,Swasta,RS Privat,Jawa Tengah,Cilacap,10.0,1.0,3.0,2.0,2.0,,,,2.0,,3.0,,,2.0,,,,,,1.0,,1.0,,1.0,,2.0,23.0,9,39.13,,,,,,,,,,,,,,,,,,,,,,,,,,0,,,,,Sudah kerjasama BPJS,,,,1,1,100.0
3301109,RS Umum Afdila Cilacap,RSU,RS Umum,D,Swasta,RS Privat,Jawa Tengah,Cilacap,8.0,3.0,2.0,2.0,1.0,2.0,,,2.0,,2.0,,,1.0,,,,,1.0,1.0,,1.0,,4.0,,2.0,27.0,11,47.83,,,,,,,,,,,,,,,,,,,,,,,,,,0,,,,,,,,,0,0,
3301112,RS Umum Raffa Majenang,RSU,RS Umum,C,Swasta,RS Privat,Jawa Tengah,Cilacap,9.0,,1.0,1.0,1.0,1.0,,,1.0,,1.0,,,1.0,,,,,1.0,,,2.0,,4.0,,4.0,24.0,9,39.13,,,,,,,,,,,,,,,,,,,,,,,,,,0,,,,,,,,,0,0,
3301114,RS Umum Aghisna Medika Sidareja,RSU,RS Umum,D,Swasta,RS Privat,Jawa Tengah,Cilacap,12.0,1.0,2.0,1.0,1.0,1.0,,,1.0,,2.0,,,1.0,,,,,,,,1.0,,3.0,,1.0,23.0,9,39.13,,,,,,,,,,,,,,,,,,,,,,,,,,0,,,,,,,,,0,0,
3301115,RS Priscilla Medical Center,RSU,RS Umum,C,Swasta,RS Privat,Jawa Tengah,Cilacap,8.0,2.0,1.0,2.0,1.0,1.0,,,2.0,,1.0,,,1.0,,,,,1.0,1.0,,2.0,,4.0,,4.0,27.0,11,47.83,,,,,,,,,,,,,,,,,,,,,,,,,,0,,,,,,,Sudah kerjasama BPJS,,1,1,100.0
3302015,RS umum Daerah Banyumas,RSU,RS Umum,B,Pemkab,RS Publik,Jawa Tengah,Banyumas,27.0,1.0,4.0,5.0,4.0,2.0,,,5.0,,4.0,,,4.0,,1.0,,1.0,1.0,2.0,,2.0,,31.0,2.0,20.0,103.0,14,60.87,0.0,1.0,0.0,0.0,0.0,0.0,4.0,0.0,,0.0,1.0,1.0,,0.0,0.0,0.0,,,0.0,,1.0,False,7.0,4.0,75.0,1,,Belum kerjasama BPJS,,Sudah kerjasama BPJS,Sudah kerjasama BPJS,Sudah kerjasama BPJS,Sudah kerjasama BPJS,,5,4,80.0
3302026,RS Umum Daerah Prof Dr. Margono Soekarjo,RSU,RS Umum,B,Pemprop,RS Publik,Jawa Tengah,Banyumas,29.0,2.0,7.0,7.0,7.0,5.0,2.0,2.0,7.0,,7.0,,1.0,7.0,,2.0,,5.0,4.0,4.0,2.0,6.0,,49.0,3.0,42.0,179.0,18,78.26,1.0,2.0,0.0,0.0,2.0,0.0,4.0,0.0,,1.0,1.0,1.0,,2.0,1.0,0.0,,,0.0,,1.0,False,15.0,9.0,75.0,1,Sudah kerjasama BPJS,,Sudah kerjasama BPJS,Sudah kerjasama BPJS,Sudah kerjasama BPJS,Sudah kerjasama BPJS,Sudah kerjasama BPJS,Belum kerjasama BPJS,7,6,85.71
3302030,RS Umum Tk. III Wijayakusuma,RSU,RS Umum,C,TNI,RS Publik,Jawa Tengah,Banyumas,15.0,1.0,3.0,3.0,2.0,7.0,,,3.0,,3.0,,,2.0,,1.0,,,1.0,1.0,,3.0,,10.0,,8.0,55.0,12,52.17,,,,,,,,,,,,,,,,,,,,,,,,,,0,,,,,,,Sudah kerjasama BPJS,,1,1,100.0
3302041,RS Umum Santa Elisabeth Purwokerto,RSU,RS Umum,C,Swasta Non Profit,RS Publik,Jawa Tengah,Banyumas,12.0,3.0,4.0,4.0,2.0,1.0,,,4.0,,4.0,,,2.0,,1.0,,,1.0,,,2.0,,9.0,1.0,6.0,46.0,12,52.17,,,,,,,,,,,,,,,,,,,,,,,,,,0,,,,Sudah kerjasama BPJS,,,Sudah kerjasama BPJS,,2,2,100.0
3302052,RS Khusus Orthopaedi Purwokerto,RSK Orthopedi,RS Khusus,C,Swasta,RS Privat,Jawa Tengah,Banyumas,4.0,,,,,,,,,,,,,,,,,,,1.0,,2.0,,,,2.0,9.0,4,17.39,,,,,,,,,,,,,,,,,,,,,,,,,,0,,,,,,,,,0,0,
3302063,RS Khusus Bedah Jatiwinangun,RSK BEDAH,RS Khusus,C,Swasta,RS Privat,Jawa Tengah,Banyumas,6.0,1.0,1.0,1.0,1.0,5.0,,,1.0,,1.0,,,1.0,,,,,,,,2.0,,4.0,,2.0,23.0,9,39.13,,,,,,,,,,,,,,,,,,,,,,,,,,0,,,,,,,,,0,0,
3302074,RS Umum An Ni'mah,RSU,RS Umum,D,Swasta,RS Privat,Jawa Tengah,Banyumas,10.0,,2.0,,1.0,2.0,,,,,2.0,,,1.0,,1.0,,,,1.0,,2.0,,5.0,,3.0,27.0,9,39.13,,,,,,,,,,,,,,,,,,,,,,,,,,0,,,,,,,Sudah kerjasama BPJS,,1,1,100.0
3302121,RS Umum Amanah,RSU,RS Umum,D,Swasta Non Profit,RS Publik,Jawa Tengah,Banyumas,,,,,,,,,,,,,,,,,,,,,,,,,,,,0,0.0,,,,,,,,,,,,,,,,,,,,,,,,,,0,,,,,,,Sudah kerjasama BPJS,,1,1,100.0
3302132,RS Umum Islam Purwokerto,RSU,RS Umum,C,Swasta Non Profit,RS Publik,Jawa Tengah,Banyumas,19.0,2.0,4.0,3.0,3.0,2.0,,,3.0,,4.0,,,3.0,,1.0,,1.0,1.0,2.0,,3.0,,8.0,,7.0,56.0,13,56.52,,,,,,,,,,,,,,,,,,,,,,,,,,0,,,,Sudah kerjasama BPJS,Sudah kerjasama BPJS,Sudah kerjasama BPJS,Sudah kerjasama BPJS,,4,4,100.0
3302143,RS Umum Hidayah Purwokerto,RSU,RS Umum,D,Swasta,RS Privat,Jawa Tengah,Banyumas,8.0,,1.0,1.0,,1.0,,,1.0,,1.0,,,,,,,,,1.0,,1.0,,4.0,,2.0,19.0,8,34.78,,,,,,,,,,,,,,,,,,,,,,,,,,0,,,,,,,,,0,0,
3302154,RS Umum Bunda,RSU,RS Umum,D,Swasta Non Profit,RS Publik,Jawa Tengah,Banyumas,6.0,,1.0,2.0,1.0,1.0,,,2.0,,1.0,,,1.0,,1.0,,,,1.0,,1.0,,1.0,,1.0,16.0,10,43.48,,,,,,,,,,,,,,,,,,,,,,,,,,0,,,,,,,,,0,0,
3302165,RS Umum Ananda Purwokerto,RSU,RS Umum,C,Swasta Non Profit,RS Publik,Jawa Tengah,Banyumas,15.0,3.0,3.0,3.0,2.0,2.0,,,3.0,,3.0,,,2.0,,1.0,,,1.0,1.0,,3.0,,6.0,,3.0,43.0,12,52.17,,,,,,,,,,,,,,,,,,,,,,,,,,0,,,,,,,Sudah kerjasama BPJS,,1,1,100.0
3302174,RS Ibu dan Anak Bunda Arif,RSIA,RS Khusus,C,Swasta Non Profit,RS Publik,Jawa Tengah,Banyumas,7.0,,,2.0,2.0,1.0,,,2.0,,,,,2.0,,,,,1.0,,,2.0,,4.0,,,19.0,7,30.43,,,,,,,,,,,,,,,,,,,,,,,,,,0,,,,,,,Sudah kerjasama BPJS,,1,1,100.0
3302180,RS Umum Sinar Kasih,RSU,RS Umum,D,Swasta Non Profit,RS Publik,Jawa Tengah,Banyumas,9.0,3.0,3.0,1.0,1.0,2.0,,,1.0,,3.0,,,1.0,,,,,,1.0,,1.0,,5.0,,3.0,29.0,10,43.48,,,,,,,,,,,,,,,,,,,,,,,,,,0,,,,,,,,,0,0,
3302191,RS Umum Daerah Ajibarang,RSU,RS Umum,C,Pemkab,RS Publik,Jawa Tengah,Banyumas,12.0,1.0,3.0,4.0,2.0,3.0,,,4.0,,3.0,,,2.0,,1.0,,,3.0,1.0,,2.0,,13.0,,12.0,57.0,12,52.17,,,,,,,,,,,,,,,,,,,,,,,,,,0,,,,,,,Sudah kerjasama BPJS,,1,1,100.0
3302213,RS Umum Wiradadi Husada,RSU,RS Umum,C,Swasta Non Profit,RS Publik,Jawa Tengah,Banyumas,14.0,1.0,2.0,2.0,2.0,3.0,1.0,1.0,2.0,1.0,2.0,,,2.0,,1.0,,1.0,1.0,1.0,,2.0,,9.0,1.0,5.0,48.0,17,73.91,,,,,,,,,,,,,,,,,,,,,,,,,,0,Sudah kerjasama BPJS,,,,,,Sudah kerjasama BPJS,,2,2,100.0
3302224,RS Umum Siaga Medika Banyumas,RSU,RS Umum,C,Swasta Non Profit,RS Publik,Jawa Tengah,Banyumas,11.0,2.0,2.0,2.0,1.0,1.0,,,2.0,,2.0,,,1.0,,1.0,,2.0,1.0,1.0,,3.0,,6.0,,5.0,38.0,13,56.52,,,,,,,,,,,,,,,,,,,,,,,,,,0,,,,,,Sudah kerjasama BPJS,,,1,1,100.0
3302225,RS Khusus Bedah Mitra Ariva,RSK BEDAH,RS Khusus,C,Swasta Non Profit,RS Publik,Jawa Tengah,Banyumas,6.0,3.0,1.0,,,2.0,,,,,1.0,,,,,,,,,,,1.0,,2.0,,2.0,17.0,7,30.43,,,,,,,,,,,,,,,,,,,,,,,,,,0,,,,,,,,,0,0,
3302226,RS Ibu dan Anak Budhi Asih,RSIA,RS Khusus,C,Swasta Non Profit,RS Publik,Jawa Tengah,Banyumas,4.0,,,4.0,2.0,,,,4.0,,,,,2.0,,,,,,,,2.0,,,,,12.0,4,17.39,,,,,,,,,,,,,,,,,,,,,,,,,,0,,,,,,,,,0,0,
3302227,RS Umum Medika Lestari Banyumas,RSU,RS Umum,D,Swasta,RS Privat,Jawa Tengah,Banyumas,9.0,1.0,2.0,1.0,1.0,1.0,,,1.0,,2.0,,,1.0,,,,,,1.0,,3.0,,2.0,,3.0,24.0,10,43.48,,,,,,,,,,,,,,,,,,,,,,,,,,0,,,,,,,,,0,0,
3302228,RS Khusus Gigi dan Mulut Univ. Jenderal Soedirman,RSK GM,RS Khusus,B,Kementerian Lain,RS Publik,Jawa Tengah,Banyumas,3.0,18.0,,,,,,,,,,,,,,,,,,,,,,1.0,,4.0,26.0,4,17.39,,,,,,,,,,,,,,,,,,,,,,,,,,0,,,,,,,,,0,0,
3302229,RS Umum Dadi Keluarga,RSU,RS Umum,C,Swasta,RS Privat,Jawa Tengah,Banyumas,13.0,2.0,4.0,2.0,1.0,2.0,,,2.0,1.0,4.0,1.0,,1.0,,2.0,,3.0,1.0,1.0,2.0,2.0,,9.0,1.0,10.0,57.0,17,73.91,,,,,,,,,,,,,,,,,,,,,,,,,,0,,,,Sudah kerjasama BPJS,Sudah kerjasama BPJS,Sudah kerjasama BPJS,Sudah kerjasama BPJS,,4,4,100.0
3302232,RS Hermina Purwokerto,RSU,RS Umum,C,Swasta,RS Privat,Jawa Tengah,Banyumas,18.0,1.0,6.0,7.0,4.0,4.0,,,7.0,,6.0,,,4.0,,1.0,,,1.0,2.0,,4.0,,10.0,,6.0,64.0,12,52.17,,,,,,,,,,,,,,,,,,,,,,,,,,0,,,,,,,Sudah kerjasama BPJS,,1,1,100.0
3302248,RS Khusus Mata Purwokerto,RSK Mata,RS Khusus,C,Pemkab,RS Publik,Jawa Tengah,Banyumas,2.0,,,,,,,,,,,,,,,,,,,,,,,3.0,,1.0,6.0,3,13.04,,,,,,,,,,,,,,,,,,,,,,,,,,0,,,,,,,,,0,0,
3302249,RS JIH Purwokerto,RSU,RS Umum,C,Swasta,RS Privat,Jawa Tengah,Banyumas,12.0,2.0,1.0,3.0,4.0,3.0,,,3.0,,1.0,,,4.0,,1.0,,,2.0,1.0,,3.0,,,,6.0,38.0,11,47.83,,,,,,,,,,,,,,,,,,,,,,,,,,0,,,,,,,,,0,0,
3302235S,RS Darurat Covid Univ. Muhammadiyah Purwokerto,RS Darurat,RS Khusus,Belum Ditetapkan,Swasta Non Profit,RS Publik,Jawa Tengah,Banyumas,,,,,,,,,,,,,,,,,,,,,,,,,,,,0,0.0,,,,,,,,,,,,,,,,,,,,,,,,,,0,,,,,,,,,0,0,
3302246S,RS Darurat Covid-19 Banyumas,RS Darurat,RS Khusus,Belum Ditetapkan,Pemkab,RS Publik,Jawa Tengah,Banyumas,,,,,,,,,,,,,,,,,,,,,,,,,,,,0,0.0,,,,,,,,,,,,,,,,,,,,,,,,,,0,,,,,,,,,0,0,
3303016,RS Umum Daerah dr. R. Goeteng Taroenadibrata,RSU,RS Umum,C,Pemkab,RS Publik,Jawa Tengah,Purbalingga,27.0,1.0,4.0,3.0,2.0,2.0,,2.0,3.0,,4.0,,,2.0,,1.0,,1.0,1.0,2.0,,3.0,,15.0,,12.0,76.0,14,60.87,0.0,1.0,0.0,0.0,0.0,0.0,4.0,0.0,,0.0,0.0,1.0,,0.0,0.0,0.0,,,0.0,,1.0,False,6.0,3.0,75.0,1,Sudah kerjasama BPJS,,,,,Sudah kerjasama BPJS,Sudah kerjasama BPJS,,3,3,100.0
3303064,RS Umum Nirmala,RSU,RS Umum,C,Swasta Non Profit,RS Publik,Jawa Tengah,Purbalingga,12.0,1.0,4.0,1.0,1.0,2.0,,,1.0,,4.0,,,1.0,,,,,1.0,1.0,,2.0,,5.0,,4.0,34.0,11,47.83,,,,,,,,,,,,,,,,,,,,,,,,,,0,,,,,,,Sudah kerjasama BPJS,,1,1,100.0
3303075,RS Umum Harapan Ibu,RSU,RS Umum,C,Swasta Non Profit,RS Publik,Jawa Tengah,Purbalingga,12.0,3.0,2.0,3.0,1.0,1.0,,,3.0,,2.0,,,1.0,,1.0,,,1.0,1.0,,2.0,,7.0,,7.0,41.0,12,52.17,,,,,,,,,,,,,,,,,,,,,,,,,,0,,,,,,,Sudah kerjasama BPJS,,1,1,100.0
3303097,RS Umum Daerah Panti Nugroho,RSU,RS Umum,D,Pemkab,RS Publik,Jawa Tengah,Purbalingga,10.0,3.0,2.0,3.0,1.0,2.0,,,3.0,,2.0,,,1.0,,,,,1.0,1.0,,,,10.0,,5.0,38.0,10,43.48,,,,,,,,,,,,,,,,,,,,,,,,,,0,,,,,,,Sudah kerjasama BPJS,,1,1,100.0
3303099,RS Ibu dan Anak Ummu Hani,RSIA,RS Khusus,C,Swasta,RS Privat,Jawa Tengah,Purbalingga,12.0,,1.0,2.0,2.0,1.0,,,2.0,,1.0,,,2.0,,,,,1.0,1.0,,2.0,,9.0,,2.0,33.0,10,43.48,,,,,,,,,,,,,,,,,,,,,,,,,,0,,,,,,,,,0,0,
3303101,RS Umum Siaga Medika Purbalingga ,RSU,RS Umum,C,Swasta,RS Privat,Jawa Tengah,Purbalingga,13.0,2.0,4.0,3.0,1.0,2.0,,,3.0,,4.0,,,1.0,,1.0,,1.0,1.0,,,3.0,,4.0,1.0,7.0,43.0,13,56.52,,,,,,,,,,,,,,,,,,,,,,,,,,0,,,,,,Sudah kerjasama BPJS,Sudah kerjasama BPJS,,2,2,100.0
3303102,RS Umum PKU Muhammadiyah Purbalingga,RSU,RS Umum,D,Swasta Non Profit,RS Publik,Jawa Tengah,Purbalingga,,,,,,,,,,,,,,,,,,,,,,,,,,,,0,0.0,,,,,,,,,,,,,,,,,,,,,,,,,,0,,,,,,,Sudah kerjasama BPJS,,1,1,100.0
3303103,RS Islam At-Tin Husada,RSU,RS Umum,Belum Ditetapkan,Swasta,RS Privat,Jawa Tengah,Purbalingga,6.0,,2.0,2.0,1.0,1.0,,,2.0,,2.0,,,1.0,,1.0,,,1.0,1.0,,1.0,,5.0,1.0,4.0,26.0,12,52.17,,,,,,,,,,,,,,,,,,,,,,,,,,0,,,,,,,Sudah kerjasama BPJS,,1,1,100.0
3304010,RS Umum Daerah Hj. Anna Lasmanah Banjarnegara,RSU,RS Umum,C,Pemkab,RS Publik,Jawa Tengah,Banjarnegara,9.0,2.0,2.0,3.0,4.0,2.0,,,3.0,,2.0,,,4.0,,1.0,,,1.0,1.0,,2.0,,23.0,1.0,11.0,62.0,13,56.52,0.0,0.0,0.0,1.0,0.0,1.0,0.0,0.0,0.0,0.0,0.0,0.0,,0.0,1.0,0.0,0.0,0.0,0.0,1.0,1.0,False,4.0,4.0,95.0,1,,,,Sudah kerjasama BPJS,Sudah kerjasama BPJS,,Sudah kerjasama BPJS,,3,3,100.0
3304021,RS Umum Emmanuel,RSU,RS Umum,C,Swasta Non Profit,RS Publik,Jawa Tengah,Banjarnegara,,,,,,,,,,,,,,,,,,,,,,,,,,,,0,0.0,,,,,,,,,,,,,,,,,,,,,,,,,,0,,,,,,Sudah kerjasama BPJS,Sudah kerjasama BPJS,,2,2,100.0
3304032,RS Umum Islam Banjarnegara,RSU,RS Umum,D,Swasta Non Profit,RS Publik,Jawa Tengah,Banjarnegara,19.0,2.0,2.0,2.0,2.0,4.0,,,2.0,,2.0,,,2.0,,1.0,,1.0,1.0,1.0,,3.0,,12.0,,6.0,56.0,13,56.52,,,,,,,,,,,,,,,,,,,,,,,,,,0,,,,,,,Sudah kerjasama BPJS,,1,1,100.0
3304035,RS Umum PKU Muhammadiyah Banjarnegara,RSU,RS Umum,D,Swasta Non Profit,RS Publik,Jawa Tengah,Banjarnegara,12.0,2.0,2.0,2.0,1.0,1.0,,,2.0,,2.0,,,1.0,,,,,1.0,1.0,,1.0,,5.0,,5.0,33.0,11,47.83,,,,,,,,,,,,,,,,,,,,,,,,,,0,,,,,,,Sudah kerjasama BPJS,,1,1,100.0
3305011,RS Umum Daerah dr. Soedirman Kabupaten Kebumen,RSU,RS Umum,C,Pemkab,RS Publik,Jawa Tengah,Kebumen,21.0,1.0,4.0,4.0,3.0,4.0,,,4.0,,4.0,,,3.0,,2.0,,1.0,2.0,2.0,,4.0,,18.0,1.0,11.0,78.0,14,60.87,0.0,1.0,1.0,0.0,1.0,0.0,4.0,0.0,,1.0,1.0,0.0,,0.0,0.0,0.0,,,0.0,,1.0,False,9.0,6.0,75.0,1,,,,,,Sudah kerjasama BPJS,Sudah kerjasama BPJS,,2,2,100.0
3305023,RS Umum Permata Medika Kebumen,RSU,RS Umum,C,Swasta,RS Privat,Jawa Tengah,Kebumen,,,,,,,,,,,,,,,,,,,,,,,,,,,,0,0.0,,,,,,,,,,,,,,,,,,,,,,,,,,0,,,,,,,,,0,0,
3305033,RS Umum Palang Biru Gombong,RSU,RS Umum,C,Swasta Non Profit,RS Publik,Jawa Tengah,Kebumen,20.0,1.0,3.0,1.0,2.0,2.0,,,1.0,,3.0,,,2.0,,,,,1.0,1.0,,1.0,,4.0,,3.0,39.0,11,47.83,,,,,,,,,,,,,,,,,,,,,,,,,,0,,,,,,,Sudah kerjasama BPJS,,1,1,100.0
3305066,RS Umum PKU Muhamadiyah Gombong,RSU,RS Umum,B,Swasta Non Profit,RS Publik,Jawa Tengah,Kebumen,31.0,3.0,6.0,4.0,3.0,4.0,1.0,2.0,4.0,,6.0,,,3.0,,1.0,,2.0,2.0,2.0,2.0,4.0,,21.0,2.0,17.0,107.0,17,73.91,,,,,,,,,,,,,,,,,,,,,,,,,,0,Belum kerjasama BPJS,Sudah kerjasama BPJS,Sudah kerjasama BPJS,,,Sudah kerjasama BPJS,Sudah kerjasama BPJS,,5,4,80.0
3305081,RS Umum Wijayakusuma,RSU,RS Umum,D,Swasta Non Profit,RS Publik,Jawa Tengah,Kebumen,18.0,2.0,2.0,2.0,4.0,2.0,,,2.0,,2.0,,,4.0,,,,,1.0,1.0,,2.0,,5.0,,7.0,46.0,11,47.83,,,,,,,,,,,,,,,,,,,,,,,,,,0,,,,,,,Sudah kerjasama BPJS,,1,1,100.0
3305092,RS Umum Purbowangi,RSU,RS Umum,C,Swasta Non Profit,RS Publik,Jawa Tengah,Kebumen,8.0,1.0,3.0,2.0,2.0,2.0,,,2.0,,3.0,,,2.0,,,,,1.0,1.0,,3.0,,6.0,,2.0,31.0,11,47.83,,,,,,,,,,,,,,,,,,,,,,,,,,0,,,,,,,Sudah kerjasama BPJS,,1,1,100.0
3305103,RS Umum PKU Muhammadiyah Sruweng,RSU,RS Umum,C,Swasta Non Profit,RS Publik,Jawa Tengah,Kebumen,11.0,1.0,3.0,2.0,3.0,3.0,,,2.0,,3.0,,,3.0,,1.0,,,1.0,1.0,,2.0,,8.0,,4.0,40.0,12,52.17,,,,,,,,,,,,,,,,,,,,,,,,,,0,,,,,,,Sudah kerjasama BPJS,,1,1,100.0
3305114,RS Umum Purwogondo,RSU,RS Umum,D,Swasta Non Profit,RS Publik,Jawa Tengah,Kebumen,9.0,1.0,2.0,3.0,2.0,2.0,,,3.0,,2.0,,,2.0,,1.0,,,1.0,2.0,,2.0,,3.0,,3.0,31.0,12,52.17,,,,,,,,,,,,,,,,,,,,,,,,,,0,,,,,,,Sudah kerjasama BPJS,,1,1,100.0
3305117,RS Umum PKU Muhammadiyah Petanahan Kebumen,RSU,RS Umum,D,Swasta Non Profit,RS Publik,Jawa Tengah,Kebumen,7.0,2.0,2.0,2.0,1.0,1.0,,,2.0,,2.0,,,1.0,,1.0,,,1.0,1.0,,1.0,,5.0,,5.0,29.0,12,52.17,,,,,,,,,,,,,,,,,,,,,,,,,,0,,,,,,,Sudah kerjasama BPJS,,1,1,100.0
3305118,RS Umum PKU Muhammadiyah Kutowinangun ,RSU,RS Umum,D,Swasta Non Profit,RS Publik,Jawa Tengah,Kebumen,11.0,1.0,1.0,1.0,1.0,1.0,,,1.0,,1.0,,,1.0,,,,,1.0,1.0,,1.0,,5.0,,5.0,29.0,11,47.83,,,,,,,,,,,,,,,,,,,,,,,,,,0,,,,,,,Sudah kerjasama BPJS,,1,1,100.0
3305120,RS Umum Daerah Prembun,RSU,RS Umum,C,Pemkab,RS Publik,Jawa Tengah,Kebumen,13.0,2.0,5.0,2.0,2.0,2.0,,,2.0,,5.0,,,2.0,,1.0,,,1.0,1.0,,2.0,,13.0,1.0,8.0,53.0,13,56.52,,,,,,,,,,,,,,,,,,,,,,,,,,0,,,,,Sudah kerjasama BPJS,,Sudah kerjasama BPJS,,2,2,100.0
3306012,RS Umum Daerah Dr. Tjitrowardojo Purworejo,RSU,RS Umum,B,Pemkab,RS Publik,Jawa Tengah,Purworejo,13.0,,6.0,3.0,3.0,3.0,,1.0,3.0,,6.0,,,3.0,,1.0,,1.0,1.0,2.0,,2.0,,18.0,,8.0,62.0,13,56.52,0.0,0.0,0.0,1.0,0.0,1.0,1.0,0.0,0.0,0.0,0.0,0.0,,0.0,0.0,0.0,1.0,0.0,0.0,7.0,1.0,False,11.0,5.0,95.0,1,Sudah kerjasama BPJS,,Sudah kerjasama BPJS,,,Sudah kerjasama BPJS,Sudah kerjasama BPJS,,4,4,100.0
3306023,RS Umum  Aisyiyah,RSU,RS Umum,D,Swasta Non Profit,RS Publik,Jawa Tengah,Purworejo,9.0,1.0,3.0,1.0,1.0,,,,1.0,,3.0,,,1.0,,,,,1.0,1.0,,1.0,,4.0,,3.0,25.0,10,43.48,,,,,,,,,,,,,,,,,,,,,,,,,,0,,,,,,,,,0,0,
3306082,RS Umum Panti Waluyo Yakkum Purworejo,RSU,RS Umum,D,Swasta Non Profit,RS Publik,Jawa Tengah,Purworejo,10.0,2.0,2.0,,1.0,1.0,,,,,2.0,,,1.0,,1.0,,,1.0,1.0,,1.0,,1.0,,3.0,24.0,11,47.83,,,,,,,,,,,,,,,,,,,,,,,,,,0,,,,,,,Sudah kerjasama BPJS,,1,1,100.0
3306104,RS Umum Palang Biru Kutoarjo,RSU,RS Umum,C,Swasta Non Profit,RS Publik,Jawa Tengah,Purworejo,9.0,2.0,2.0,2.0,2.0,2.0,,,2.0,,2.0,,,2.0,,,,,1.0,1.0,,2.0,,3.0,,4.0,30.0,11,47.83,,,,,,,,,,,,,,,,,,,,,,,,,,0,,,,Sudah kerjasama BPJS,,,Sudah kerjasama BPJS,,2,2,100.0
3306105,RS Ibu dan Anak Permata,RSIA,RS Khusus,C,Swasta,RS Privat,Jawa Tengah,Purworejo,6.0,2.0,1.0,2.0,1.0,,,,2.0,,1.0,,,1.0,,,,,1.0,1.0,,1.0,,2.0,,,17.0,9,39.13,,,,,,,,,,,,,,,,,,,,,,,,,,0,,,,,,,Sudah kerjasama BPJS,,1,1,100.0
3306106,RS Umum Purwa Husada,RSU,RS Umum,D,Swasta,RS Privat,Jawa Tengah,Purworejo,5.0,1.0,1.0,,1.0,1.0,,,,,1.0,,,1.0,,,,,,,,1.0,,2.0,,2.0,14.0,8,34.78,,,,,,,,,,,,,,,,,,,,,,,,,,0,,,,,,,,,0,0,
3306108,RS Umum Kasih Ibu Purworejo,RSU,RS Umum,D,Swasta Non Profit,RS Publik,Jawa Tengah,Purworejo,7.0,,1.0,2.0,1.0,,,,2.0,,1.0,,,1.0,,,,,,,,1.0,,1.0,,,13.0,6,26.09,,,,,,,,,,,,,,,,,,,,,,,,,,0,,,,,,,,,0,0,
3306109,RS Umum Islam Purworejo,RSU,RS Umum,D,Swasta Non Profit,RS Publik,Jawa Tengah,Purworejo,9.0,1.0,1.0,,1.0,1.0,,,,,1.0,,,1.0,,,,,,1.0,,1.0,,2.0,,1.0,18.0,9,39.13,,,,,,,,,,,,,,,,,,,,,,,,,,0,,,,,,,,,0,0,
3306110,RS Umum Budi Sehat Purworejo,RSU,RS Umum,D,Swasta,RS Privat,Jawa Tengah,Purworejo,8.0,1.0,2.0,1.0,2.0,,,1.0,1.0,,2.0,,,2.0,,,,,1.0,1.0,,1.0,,4.0,,2.0,24.0,11,47.83,,,,,,,,,,,,,,,,,,,,,,,,,,0,,,,,,,Sudah kerjasama BPJS,,1,1,100.0
3306111,RS Amanah Umat Purworejo,RSU,RS Umum,C,Swasta,RS Privat,Jawa Tengah,Purworejo,9.0,1.0,2.0,2.0,2.0,2.0,,,2.0,,2.0,,,2.0,,1.0,,,1.0,1.0,,2.0,,3.0,1.0,5.0,32.0,13,56.52,,,,,,,,,,,,,,,,,,,,,,,,,,0,,,,,,,Sudah kerjasama BPJS,,1,1,100.0
3306112,RS Umum Ananda Purworejo,RSU,RS Umum,D,Swasta,RS Privat,Jawa Tengah,Purworejo,,,,,,,,,,,,,,,,,,,,,,,,,,,,0,0.0,,,,,,,,,,,,,,,,,,,,,,,,,,0,,,,,,,,,0,0,
3306113,RS Umum Daerah R.A.A Tjokronegoro,RSU,RS Umum,C,Pemkab,RS Publik,Jawa Tengah,Purworejo,14.0,2.0,2.0,2.0,2.0,1.0,,,2.0,,2.0,,,2.0,,,,,1.0,1.0,,2.0,,10.0,1.0,7.0,45.0,12,52.17,,,,,,,,,,,,,,,,,,,,,,,,,,0,,,,,,,Sudah kerjasama BPJS,,1,1,100.0
3307013,RS Umum Setjonegoro Wonosobo,RSU,RS Umum,C,Pemkab,RS Publik,Jawa Tengah,Wonosobo,53.0,1.0,3.0,4.0,3.0,3.0,,,4.0,,3.0,,,3.0,,1.0,,1.0,1.0,2.0,,2.0,,20.0,,11.0,105.0,13,56.52,0.0,0.0,0.0,1.0,0.0,1.0,0.0,0.0,0.0,0.0,0.0,1.0,,0.0,0.0,0.0,1.0,0.0,0.0,7.0,1.0,False,11.0,5.0,95.0,1,,,,,,Sudah kerjasama BPJS,Sudah kerjasama BPJS,,2,2,100.0
3307035,RS Ibu dan Anak Adina,RSIA,RS Khusus,C,Swasta Non Profit,RS Publik,Jawa Tengah,Wonosobo,11.0,2.0,,2.0,2.0,,,,2.0,,,,,2.0,,,,,1.0,,,2.0,,6.0,,,26.0,7,30.43,,,,,,,,,,,,,,,,,,,,,,,,,,0,,,,,,,,,0,0,
3307050,RS Umum Islam Wonosobo,RSU,RS Umum,C,Swasta Non Profit,RS Publik,Jawa Tengah,Wonosobo,10.0,2.0,3.0,3.0,2.0,4.0,,,3.0,,3.0,,,2.0,,1.0,,,1.0,1.0,,3.0,,15.0,,6.0,51.0,12,52.17,,,,,,,,,,,,,,,,,,,,,,,,,,0,,,,,,,Sudah kerjasama BPJS,,1,1,100.0
3307051,RS Umum  PKU Muhammadiyah Wonosobo,RSU,RS Umum,C,Swasta,RS Privat,Jawa Tengah,Wonosobo,33.0,2.0,4.0,2.0,2.0,2.0,,,2.0,,4.0,,,2.0,,1.0,,,1.0,3.0,,3.0,,11.0,1.0,8.0,73.0,13,56.52,,,,,,,,,,,,,,,,,,,,,,,,,,0,,,,,,,Sudah kerjasama BPJS,,1,1,100.0
3307062,RS Umum AISs Wonosobo,RSU,RS Umum,D,Swasta,RS Privat,Jawa Tengah,Wonosobo,2.0,5.0,,,1.0,1.0,,,,,,,,1.0,,,,,,,,1.0,,,,,10.0,5,21.74,,,,,,,,,,,,,,,,,,,,,,,,,,0,,,,,,,,,0,0,
3308014,RS Umum Daerah Muntilan Kab. Magelang,RSU,RS Umum,C,Pemkab,RS Publik,Jawa Tengah,Magelang,13.0,,4.0,3.0,3.0,3.0,,,3.0,,4.0,,,3.0,,2.0,,2.0,1.0,1.0,,2.0,,23.0,,8.0,65.0,12,52.17,0.0,0.0,0.0,1.0,0.0,1.0,0.0,0.0,1.0,1.0,0.0,0.0,,0.0,1.0,0.0,1.0,0.0,0.0,1.0,1.0,False,7.0,7.0,95.0,1,,,,,,Sudah kerjasama BPJS,Sudah kerjasama BPJS,,2,2,100.0
3308017,RS Umum Aisyiyah Muntilan ,RSU,RS Umum,D,Swasta,RS Privat,Jawa Tengah,Magelang,13.0,1.0,4.0,4.0,2.0,3.0,,,4.0,,4.0,,,2.0,,,,,1.0,2.0,,2.0,,10.0,,7.0,49.0,11,47.83,,,,,,,,,,,,,,,,,,,,,,,,,,0,,,,,,,Sudah kerjasama BPJS,,1,1,100.0
3308018,RS Umum N-21 Gemilang ,RSU,RS Umum,D,Swasta,RS Privat,Jawa Tengah,Magelang,4.0,1.0,1.0,,1.0,3.0,,,,,1.0,,,1.0,,,,,,,,1.0,,,,1.0,12.0,7,30.43,,,,,,,,,,,,,,,,,,,,,,,,,,0,,,,,,,,,0,0,
3308019,RS Umum Padma Lalita,RSU,RS Umum,D,Swasta,RS Privat,Jawa Tengah,Magelang,8.0,1.0,2.0,1.0,,1.0,,,1.0,,2.0,,,,,,,,,,,2.0,,,,,15.0,6,26.09,,,,,,,,,,,,,,,,,,,,,,,,,,0,,,,,,,,,0,0,
3308021,RS Umum Syubbanul Wathon,RSU,RS Umum,C,Swasta,RS Privat,Jawa Tengah,Magelang,9.0,1.0,3.0,3.0,2.0,2.0,,,3.0,,3.0,,,2.0,,1.0,,,1.0,1.0,,4.0,,5.0,,4.0,36.0,12,52.17,,,,,,,,,,,,,,,,,,,,,,,,,,0,,,,,,,Sudah kerjasama BPJS,,1,1,100.0
3308022,RS Daerah Merah Putih,RSU,RS Umum,C,Pemkab,RS Publik,Jawa Tengah,Magelang,17.0,2.0,3.0,3.0,2.0,2.0,,,3.0,,3.0,,,2.0,,1.0,,,1.0,1.0,,2.0,,13.0,,8.0,55.0,12,52.17,0.0,0.0,0.0,1.0,0.0,1.0,0.0,0.0,0.0,0.0,0.0,0.0,,0.0,1.0,0.0,0.0,0.0,0.0,6.0,1.0,False,9.0,4.0,95.0,1,,,,,,,Sudah kerjasama BPJS,,1,1,100.0
3308033,RS Umum Daerah Bukit Menoreh,RSU,RS Umum,Belum Ditetapkan,Pemkab,RS Publik,Jawa Tengah,Magelang,,,,,,,,,,,,,,,,,,,,,,,,,,,,0,0.0,,,,,,,,,,,,,,,,,,,,,,,,,,0,,,,,,,,,0,0,
3309015,RS Umum Daerah Pandan Arang Boyolali,RSU,RS Umum,B,Pemkab,RS Publik,Jawa Tengah,Boyolali,24.0,12.0,3.0,4.0,3.0,2.0,,,4.0,,3.0,,,3.0,,1.0,,1.0,2.0,2.0,1.0,3.0,,25.0,1.0,17.0,101.0,15,65.22,0.0,1.0,1.0,0.0,1.0,0.0,1.0,0.0,,1.0,1.0,1.0,,0.0,1.0,0.0,,,0.0,,1.0,False,8.0,8.0,75.0,1,,Sudah kerjasama BPJS,,Sudah kerjasama BPJS,Sudah kerjasama BPJS,Sudah kerjasama BPJS,Sudah kerjasama BPJS,,5,5,100.0
3309063,RS Umum PKU Aisyiyah Boyolali,RSU,RS Umum,D,Swasta Non Profit,RS Publik,Jawa Tengah,Boyolali,11.0,1.0,3.0,2.0,2.0,2.0,,,2.0,,3.0,,,2.0,,1.0,,1.0,1.0,2.0,,2.0,,11.0,,4.0,43.0,13,56.52,,,,,,,,,,,,,,,,,,,,,,,,,,0,,,,,,Sudah kerjasama BPJS,Sudah kerjasama BPJS,,2,2,100.0
3309074,RS Umum Umi Barokah,RSU,RS Umum,D,Swasta Non Profit,RS Publik,Jawa Tengah,Boyolali,10.0,2.0,2.0,3.0,3.0,1.0,,,3.0,,2.0,,,3.0,,,,,1.0,1.0,,2.0,,8.0,,5.0,38.0,11,47.83,,,,,,,,,,,,,,,,,,,,,,,,,,0,,,,,,,Sudah kerjasama BPJS,,1,1,100.0
3309085,RS Umum  Karanggede Sisma Medika,RSU,RS Umum,D,Swasta,RS Privat,Jawa Tengah,Boyolali,12.0,,2.0,1.0,1.0,1.0,,,1.0,,2.0,,,1.0,,,,,1.0,1.0,,2.0,,7.0,,2.0,30.0,10,43.48,,,,,,,,,,,,,,,,,,,,,,,,,,0,,,,,,,Sudah kerjasama BPJS,,1,1,100.0
3309096,RS Umum Daerah Waras Wiris,RSU,RS Umum,C,Pemkab,RS Publik,Jawa Tengah,Boyolali,13.0,1.0,2.0,2.0,1.0,2.0,,,2.0,,2.0,,,1.0,,,,,1.0,1.0,,1.0,,7.0,1.0,7.0,39.0,12,52.17,,,,,,,,,,,,,,,,,,,,,,,,,,0,,,,Sudah kerjasama BPJS,,,Sudah kerjasama BPJS,,2,2,100.0
3309107,RS Umum Daerah Simo,RSU,RS Umum,D,Pemkab,RS Publik,Jawa Tengah,Boyolali,8.0,2.0,2.0,2.0,2.0,2.0,,,2.0,,2.0,,,2.0,,1.0,,1.0,1.0,1.0,,1.0,,8.0,1.0,6.0,38.0,14,60.87,,,,,,,,,,,,,,,,,,,,,,,,,,0,,,,,,,Sudah kerjasama BPJS,,1,1,100.0
3309128,RS Umum Asy-Syifa Sambi,RSU,RS Umum,D,Swasta Non Profit,RS Publik,Jawa Tengah,Boyolali,9.0,1.0,2.0,1.0,1.0,2.0,,,1.0,,2.0,,,1.0,,1.0,,,1.0,1.0,,2.0,,9.0,,3.0,33.0,12,52.17,,,,,,,,,,,,,,,,,,,,,,,,,,0,,,,,,,Sudah kerjasama BPJS,,1,1,100.0
3309129,RS Umum Hidayah Boyolali,RSU,RS Umum,D,Swasta,RS Privat,Jawa Tengah,Boyolali,10.0,3.0,2.0,2.0,1.0,1.0,,,2.0,,2.0,,,1.0,,1.0,,,1.0,1.0,,1.0,,9.0,,1.0,33.0,12,52.17,,,,,,,,,,,,,,,,,,,,,,,,,,0,,,,,,,Sudah kerjasama BPJS,,1,1,100.0
3309131,RS Umum Islam Banyubening Boyolali ,RSU,RS Umum,D,Swasta,RS Privat,Jawa Tengah,Boyolali,11.0,1.0,3.0,3.0,2.0,2.0,,,3.0,,3.0,,,2.0,,,,,1.0,2.0,,1.0,,13.0,,2.0,41.0,11,47.83,,,,,,,,,,,,,,,,,,,,,,,,,,0,,,,,,,Sudah kerjasama BPJS,,1,1,100.0
3309132,RS Umum Natalia,RSU,RS Umum,D,Swasta,RS Privat,Jawa Tengah,Boyolali,7.0,1.0,2.0,3.0,1.0,1.0,,,3.0,,2.0,,,1.0,,,,,,1.0,,1.0,,4.0,,2.0,23.0,10,43.48,,,,,,,,,,,,,,,,,,,,,,,,,,0,,,,,,,,,0,0,
3309135,RS Indriati Boyolali,RSU,RS Umum,D,Swasta,RS Privat,Jawa Tengah,Boyolali,8.0,1.0,2.0,3.0,2.0,1.0,,,3.0,,2.0,,,2.0,,1.0,,,1.0,2.0,,2.0,,6.0,,5.0,34.0,12,52.17,,,,,,,,,,,,,,,,,,,,,,,,,,0,,,,,,,Sudah kerjasama BPJS,,1,1,100.0
3309136,RS Umum Islam Boyolali,RSU,RS Umum,C,Swasta,RS Privat,Jawa Tengah,Boyolali,10.0,,2.0,2.0,2.0,2.0,,,2.0,,2.0,,,2.0,,2.0,,,1.0,2.0,,3.0,,5.0,1.0,4.0,36.0,12,52.17,,,,,,,,,,,,,,,,,,,,,,,,,,0,,,,,,,,,0,0,
3309147S,RS Darurat Covid-19 Donohudan,RS Darurat,RS Khusus,Belum Ditetapkan,Pemprop,RS Publik,Jawa Tengah,Boyolali,,,,,,,,,,,,,,,,,,,,,,,,,,,,0,0.0,,,,,,,,,,,,,,,,,,,,,,,,,,0,,,,,,,,,0,0,
3310015,RS Umum Pusat Dr. Soeradji Tirtonegoro,RSU,RS Umum,A,Kemkes,RS Publik,Jawa Tengah,Klaten,18.0,3.0,6.0,1.0,3.0,2.0,1.0,1.0,1.0,1.0,6.0,1.0,,3.0,,2.0,1.0,1.0,1.0,3.0,1.0,4.0,,31.0,1.0,19.0,101.0,20,86.96,0.0,1.0,1.0,0.0,1.0,0.0,4.0,1.0,,1.0,0.0,0.0,,1.0,1.0,0.0,,,0.0,,1.0,False,11.0,8.0,75.0,1,Sudah kerjasama BPJS,,Sudah kerjasama BPJS,Sudah kerjasama BPJS,,Sudah kerjasama BPJS,,,4,4,100.0
3310026,RS Jiwa Daerah Dr. RM. Soedjarwadi,RSK Jiwa,RS Khusus,A,Pemprop,RS Publik,Jawa Tengah,Klaten,16.0,2.0,1.0,1.0,1.0,,,,1.0,,1.0,,,1.0,,,,,1.0,,,1.0,,10.0,1.0,3.0,37.0,10,43.48,,,,,,,,,,,,,,,,,,,,,,,,,,0,,,,Sudah kerjasama BPJS,,,Sudah kerjasama BPJS,,2,2,100.0
3310052,RS Umum 'Aisyiyah Klaten,RSU,RS Umum,C,Swasta Non Profit,RS Publik,Jawa Tengah,Klaten,10.0,,2.0,3.0,4.0,1.0,,,3.0,,2.0,,,4.0,,,,,1.0,1.0,,2.0,,6.0,,2.0,32.0,10,43.48,,,,,,,,,,,,,,,,,,,,,,,,,,0,,,,,,,Sudah kerjasama BPJS,,1,1,100.0
3310384,RS Umum Islam Klaten,RSU,RS Umum,B,Swasta Non Profit,RS Publik,Jawa Tengah,Klaten,22.0,3.0,5.0,5.0,4.0,4.0,1.0,,5.0,,5.0,,,4.0,,3.0,,3.0,2.0,2.0,,5.0,,26.0,1.0,12.0,98.0,15,65.22,,,,,,,,,,,,,,,,,,,,,,,,,,0,,,,Sudah kerjasama BPJS,Sudah kerjasama BPJS,Sudah kerjasama BPJS,Sudah kerjasama BPJS,,4,4,100.0
3310395,RS Umum Cakra Husada,RSU,RS Umum,C,Swasta Non Profit,RS Publik,Jawa Tengah,Klaten,12.0,2.0,3.0,4.0,3.0,2.0,,,4.0,,3.0,,,3.0,,2.0,,,,1.0,,3.0,,8.0,,3.0,43.0,11,47.83,,,,,,,,,,,,,,,,,,,,,,,,,,0,,,,,,,Sudah kerjasama BPJS,,1,1,100.0
3310405,RS Umum Diponegoro Dua Satu Klaten,RSU,RS Umum,C,Swasta Non Profit,RS Publik,Jawa Tengah,Klaten,9.0,1.0,4.0,1.0,,3.0,1.0,,1.0,,4.0,,,,,,,,2.0,2.0,,3.0,,6.0,,5.0,37.0,11,47.83,,,,,,,,,,,,,,,,,,,,,,,,,,0,Belum kerjasama BPJS,,,,,,Sudah kerjasama BPJS,,2,1,50.0
3310416,RS Umum PKU Muhammadiyah Delanggu,RSU,RS Umum,C,Swasta Non Profit,RS Publik,Jawa Tengah,Klaten,25.0,3.0,4.0,1.0,3.0,2.0,,,1.0,,4.0,,,3.0,,1.0,,1.0,1.0,2.0,,3.0,,14.0,,5.0,65.0,13,56.52,,,,,,,,,,,,,,,,,,,,,,,,,,0,,,,,,Sudah kerjasama BPJS,Sudah kerjasama BPJS,,2,2,100.0
3310417,RS Umum Islam Cawas Klaten,RSU,RS Umum,D,Swasta,RS Privat,Jawa Tengah,Klaten,14.0,1.0,3.0,2.0,2.0,3.0,,,2.0,,3.0,,,2.0,,1.0,,,1.0,1.0,,3.0,,7.0,,4.0,42.0,12,52.17,,,,,,,,,,,,,,,,,,,,,,,,,,0,,,,,,,Sudah kerjasama BPJS,,1,1,100.0
3310418,RS Umum PKU Muhammadiyah Jatinom,RSU,RS Umum,D,Swasta Non Profit,RS Publik,Jawa Tengah,Klaten,13.0,1.0,2.0,2.0,2.0,1.0,,,2.0,,2.0,,,2.0,,1.0,,,1.0,1.0,,2.0,,9.0,1.0,6.0,42.0,13,56.52,,,,,,,,,,,,,,,,,,,,,,,,,,0,,,,,,,Sudah kerjasama BPJS,,1,1,100.0
3310419,RS Umum Mitra Pedan,RSU,RS Umum,D,Swasta,RS Privat,Jawa Tengah,Klaten,,,,,,,,,,,,,,,,,,,,,,,,,,,,0,0.0,,,,,,,,,,,,,,,,,,,,,,,,,,0,,,,,,,Sudah kerjasama BPJS,,1,1,100.0
3310421,RS Umum Daerah Bagas Waras,RSU,RS Umum,C,Pemkab,RS Publik,Jawa Tengah,Klaten,16.0,2.0,3.0,3.0,3.0,2.0,,,3.0,,3.0,,,3.0,,2.0,,,1.0,1.0,,3.0,,21.0,2.0,5.0,64.0,13,56.52,0.0,0.0,0.0,0.0,1.0,0.0,4.0,0.0,,0.0,1.0,1.0,,0.0,0.0,0.0,,,0.0,,1.0,False,7.0,4.0,75.0,1,,,,,,,Sudah kerjasama BPJS,,1,1,100.0
3310425,RS Umum PKU Muhammadiyah Pedan,RSU,RS Umum,D,Swasta Non Profit,RS Publik,Jawa Tengah,Klaten,8.0,1.0,3.0,,1.0,1.0,,,,,3.0,,,1.0,,,,,1.0,1.0,,2.0,,5.0,,4.0,27.0,10,43.48,,,,,,,,,,,,,,,,,,,,,,,,,,0,,,,,,,Sudah kerjasama BPJS,,1,1,100.0
3310426,RS PKU Muhammadiyah Prambanan,RSU,RS Umum,D,Swasta Non Profit,RS Publik,Jawa Tengah,Klaten,7.0,1.0,1.0,,1.0,1.0,,,,,1.0,,,1.0,,1.0,,,1.0,1.0,,2.0,,2.0,,3.0,21.0,11,47.83,,,,,,,,,,,,,,,,,,,,,,,,,,0,,,,,,,Sudah kerjasama BPJS,,1,1,100.0
3311016,RS Umum Daerah Ir. Soekarno Kabupaten Sukoharjo,RSU,RS Umum,B,Pemkab,RS Publik,Jawa Tengah,Sukoharjo,30.0,1.0,4.0,3.0,4.0,3.0,,,3.0,,4.0,,,4.0,,2.0,,2.0,2.0,3.0,,2.0,,24.0,1.0,13.0,94.0,14,60.87,0.0,0.0,0.0,1.0,0.0,1.0,1.0,0.0,0.0,0.0,0.0,0.0,,0.0,0.0,0.0,1.0,0.0,0.0,6.0,1.0,False,10.0,5.0,95.0,1,,,,Sudah kerjasama BPJS,,Sudah kerjasama BPJS,Sudah kerjasama BPJS,,3,3,100.0
3311027,RS Khusus Orthopedi Karima Utama,RSK Orthopedi,RS Khusus,C,Swasta,RS Privat,Jawa Tengah,Sukoharjo,10.0,,2.0,,1.0,1.0,,,,,2.0,,,1.0,,,,,,1.0,,3.0,,8.0,,6.0,32.0,8,34.78,,,,,,,,,,,,,,,,,,,,,,,,,,0,,,,,,,Sudah kerjasama BPJS,,1,1,100.0
3311213,RS Umum Nirmala Suri,RSU,RS Umum,C,Swasta,RS Privat,Jawa Tengah,Sukoharjo,24.0,4.0,5.0,5.0,2.0,2.0,,,5.0,,5.0,,,2.0,,2.0,,,1.0,1.0,,3.0,,15.0,1.0,3.0,68.0,13,56.52,,,,,,,,,,,,,,,,,,,,,,,,,,0,,,,Sudah kerjasama BPJS,,,Sudah kerjasama BPJS,,2,2,100.0
3311224,RS Umum Dr. Oen Solo Baru,RSU,RS Umum,C,Swasta Non Profit,RS Publik,Jawa Tengah,Sukoharjo,24.0,2.0,7.0,5.0,5.0,4.0,1.0,,5.0,,7.0,,,5.0,,2.0,,,1.0,3.0,,3.0,,25.0,,7.0,89.0,13,56.52,,,,,,,,,,,,,,,,,,,,,,,,,,0,Sudah kerjasama BPJS,,,Sudah kerjasama BPJS,,,Sudah kerjasama BPJS,,3,3,100.0
3311225,RS Umum PKU Muhammadiyah Sukoharjo,RSU,RS Umum,C,Swasta Non Profit,RS Publik,Jawa Tengah,Sukoharjo,15.0,1.0,3.0,3.0,3.0,2.0,,,3.0,,3.0,,,3.0,,1.0,,,1.0,2.0,,2.0,,10.0,,6.0,49.0,12,52.17,,,,,,,,,,,,,,,,,,,,,,,,,,0,,,,,,,Sudah kerjasama BPJS,,1,1,100.0
3311228,RS Umum Universitas Sebelas Maret,RSU,RS Umum,C,Kementerian Lain,RS Publik,Jawa Tengah,Sukoharjo,30.0,7.0,6.0,3.0,2.0,2.0,1.0,1.0,3.0,,6.0,,,2.0,,3.0,,2.0,1.0,3.0,,4.0,,25.0,1.0,11.0,102.0,16,69.57,,,,,,,,,,,,,,,,,,,,,,,,,,0,Sudah kerjasama BPJS,,,Sudah kerjasama BPJS,Sudah kerjasama BPJS,Sudah kerjasama BPJS,Sudah kerjasama BPJS,,5,5,100.0
3311229,RS Umum Indriati,RSU,RS Umum,C,Swasta,RS Privat,Jawa Tengah,Sukoharjo,,,,,,,,,,,,,,,,,,,,,,,,,,,,0,0.0,,,,,,,,,,,,,,,,,,,,,,,,,,0,Belum kerjasama BPJS,,Sudah kerjasama BPJS,Sudah kerjasama BPJS,Sudah kerjasama BPJS,Sudah kerjasama BPJS,Sudah kerjasama BPJS,,6,5,83.33
3311230,RS PKU Muhammadiyah Kartasura,RSU,RS Umum,D,Swasta Non Profit,RS Publik,Jawa Tengah,Sukoharjo,7.0,1.0,1.0,1.0,1.0,,,,1.0,,1.0,,,1.0,,1.0,,,,1.0,,1.0,,3.0,,,17.0,9,39.13,,,,,,,,,,,,,,,,,,,,,,,,,,0,,,,,,,,,0,0,
3311231,RS Islam Surakarta YARSIS,RSU,RS Umum,C,Swasta Non Profit,RS Publik,Jawa Tengah,Sukoharjo,14.0,4.0,7.0,4.0,5.0,3.0,,,4.0,,7.0,,,5.0,,2.0,,1.0,1.0,1.0,,4.0,,11.0,,7.0,64.0,13,56.52,,,,,,,,,,,,,,,,,,,,,,,,,,0,,,,Sudah kerjasama BPJS,,Sudah kerjasama BPJS,Sudah kerjasama BPJS,,3,3,100.0
3372063,RS Orthopedi Prof. Dr. R. Soeharso,RSK Orthopedi,RS Khusus,A,Kemkes,RS Publik,Jawa Tengah,Sukoharjo,4.0,2.0,2.0,,1.0,,,,,,2.0,,,1.0,,,,,1.0,1.0,,6.0,,16.0,1.0,17.0,51.0,10,43.48,,,,,,,,,,,,,,,,,,,,,,,,,,0,,,,,,Sudah kerjasama BPJS,Sudah kerjasama BPJS,,2,2,100.0
3312010,RS Umum Daerah Dr. Soediran Mangun Sumarso Wonogi,RSU,RS Umum,B,Pemkab,RS Publik,Jawa Tengah,Wonogiri,27.0,2.0,3.0,3.0,3.0,1.0,,,3.0,,3.0,,,3.0,,2.0,,,1.0,3.0,,3.0,,28.0,,18.0,94.0,12,52.17,0.0,0.0,1.0,0.0,0.0,0.0,1.0,0.0,,0.0,0.0,1.0,,0.0,0.0,0.0,,,0.0,,1.0,False,3.0,3.0,75.0,1,,Sudah kerjasama BPJS,,Sudah kerjasama BPJS,Sudah kerjasama BPJS,,Sudah kerjasama BPJS,,4,4,100.0
3312021,RS Umum Maguan Husada,RSU,RS Umum,D,Swasta,RS Privat,Jawa Tengah,Wonogiri,7.0,1.0,3.0,,3.0,2.0,,,,,3.0,,,3.0,,1.0,,,,1.0,,,,5.0,,4.0,27.0,9,39.13,,,,,,,,,,,,,,,,,,,,,,,,,,0,,,,,,,,,0,0,
3312284,RS Umum Muhammadiyah Selogiri,RSU,RS Umum,D,Swasta Non Profit,RS Publik,Jawa Tengah,Wonogiri,20.0,2.0,4.0,2.0,2.0,3.0,,,2.0,,4.0,,,2.0,,1.0,,,1.0,1.0,,3.0,,7.0,,3.0,49.0,12,52.17,,,,,,,,,,,,,,,,,,,,,,,,,,0,,,,,,,Sudah kerjasama BPJS,,1,1,100.0
3312295,RS Hermina Wonogiri,RSU,RS Umum,C,Swasta,RS Privat,Jawa Tengah,Wonogiri,14.0,1.0,4.0,1.0,2.0,4.0,,,1.0,,4.0,,,2.0,,1.0,,,1.0,,,3.0,,1.0,,,32.0,10,43.48,,,,,,,,,,,,,,,,,,,,,,,,,,0,,,,Sudah kerjasama BPJS,,,,,1,1,100.0
3312306,RS Umum  Amal Sehat,RSU,RS Umum,C,Swasta,RS Privat,Jawa Tengah,Wonogiri,8.0,1.0,2.0,1.0,2.0,3.0,,,1.0,,2.0,,,2.0,,1.0,,,,1.0,,2.0,,7.0,,3.0,31.0,11,47.83,,,,,,,,,,,,,,,,,,,,,,,,,,0,,,,Sudah kerjasama BPJS,,,Sudah kerjasama BPJS,,2,2,100.0
3312307,RS Fitri Candra,RSU,RS Umum,D,Swasta,RS Privat,Jawa Tengah,Wonogiri,6.0,1.0,2.0,3.0,2.0,2.0,,,3.0,,2.0,,,2.0,,,,,,,,1.0,,4.0,,1.0,22.0,9,39.13,,,,,,,,,,,,,,,,,,,,,,,,,,0,,,,,,,,,0,0,
3312308,RS Umum Mulia Hati Wonogiri,RSU,RS Umum,D,Swasta,RS Privat,Jawa Tengah,Wonogiri,11.0,1.0,3.0,1.0,2.0,1.0,,,1.0,,3.0,,,2.0,,1.0,,1.0,1.0,1.0,,1.0,,7.0,,4.0,35.0,13,56.52,,,,,,,,,,,,,,,,,,,,,,,,,,0,,,,,,,Sudah kerjasama BPJS,,1,1,100.0
3312309,RS Umum Astrini,RSU,RS Umum,D,Swasta,RS Privat,Jawa Tengah,Wonogiri,8.0,2.0,2.0,1.0,2.0,2.0,,,1.0,,2.0,,,2.0,,,,,1.0,1.0,,1.0,,9.0,,4.0,33.0,11,47.83,,,,,,,,,,,,,,,,,,,,,,,,,,0,,,,,,,Sudah kerjasama BPJS,,1,1,100.0
3312310,RS PKU Muhammadiyah Wonogiri,RSU,RS Umum,D,Swasta Non Profit,RS Publik,Jawa Tengah,Wonogiri,13.0,1.0,3.0,1.0,2.0,1.0,,,1.0,,3.0,,,2.0,,,,,,1.0,,1.0,,4.0,,3.0,30.0,10,43.48,,,,,,,,,,,,,,,,,,,,,,,,,,0,,,,,,,Sudah kerjasama BPJS,,1,1,100.0
3313011,RS Umum Daerah Karanganyar,RSU,RS Umum,C,Pemkab,RS Publik,Jawa Tengah,Karanganyar,24.0,11.0,3.0,3.0,1.0,3.0,,,3.0,,3.0,,,1.0,,2.0,,1.0,1.0,2.0,,2.0,,28.0,,16.0,97.0,13,56.52,0.0,1.0,0.0,1.0,0.0,1.0,3.0,0.0,0.0,0.0,0.0,0.0,,0.0,1.0,0.0,0.0,0.0,0.0,6.0,1.0,False,13.0,6.0,95.0,1,,,,Sudah kerjasama BPJS,,Sudah kerjasama BPJS,Sudah kerjasama BPJS,,3,3,100.0
3313022,RSAU dr. Siswanto Lanud Adi Soemarmo,RSU,RS Umum,D,TNI,RS Publik,Jawa Tengah,Karanganyar,17.0,2.0,2.0,,1.0,2.0,,,,,2.0,,,1.0,,1.0,,,1.0,,,1.0,,8.0,,1.0,36.0,10,43.48,,,,,,,,,,,,,,,,,,,,,,,,,,0,,,,,,,Sudah kerjasama BPJS,,1,1,100.0
3313033,RS PKU Muhammadiyah Karanganyar,RSU,RS Umum,C,Swasta Non Profit,RS Publik,Jawa Tengah,Karanganyar,20.0,2.0,4.0,2.0,2.0,3.0,,,2.0,,4.0,,,2.0,,1.0,,,1.0,2.0,,4.0,,13.0,1.0,6.0,61.0,13,56.52,,,,,,,,,,,,,,,,,,,,,,,,,,0,,,,,,,Sudah kerjasama BPJS,,1,1,100.0
3313042,RS Ibu dan Anak Dian Pertiwi ,RSIA,RS Khusus,C,Swasta,RS Privat,Jawa Tengah,Karanganyar,3.0,1.0,,3.0,2.0,2.0,,,3.0,,,,,2.0,,,,,1.0,,,1.0,,3.0,,1.0,17.0,9,39.13,,,,,,,,,,,,,,,,,,,,,,,,,,0,,,,,,,,,0,0,
3313053,RS Umum Jati Husada Karanganyar,RSU,RS Umum,D,Swasta,RS Privat,Jawa Tengah,Karanganyar,9.0,3.0,2.0,1.0,2.0,1.0,,,1.0,,2.0,,,2.0,,1.0,,,1.0,1.0,,1.0,,5.0,,2.0,29.0,12,52.17,,,,,,,,,,,,,,,,,,,,,,,,,,0,,,,,,,,,0,0,
3313054,RS Umum Indo Sehat Karanganyar ,RSU,RS Umum,D,Swasta,RS Privat,Jawa Tengah,Karanganyar,8.0,1.0,2.0,3.0,1.0,2.0,,,3.0,,2.0,,,1.0,,,,,1.0,1.0,,1.0,,2.0,,,22.0,10,43.48,,,,,,,,,,,,,,,,,,,,,,,,,,0,,,,,,,,,0,0,
3313055,RS Umum Jafar Medika Karanganyar,RSU,RS Umum,D,Swasta Non Profit,RS Publik,Jawa Tengah,Karanganyar,9.0,1.0,2.0,1.0,1.0,2.0,,,1.0,,2.0,,,1.0,,,,,,1.0,,1.0,,5.0,,3.0,26.0,10,43.48,,,,,,,,,,,,,,,,,,,,,,,,,,0,,,,,,,,,0,0,
3313056,RS Umum Mojosongo 2,RSU,RS Umum,D,Swasta,RS Privat,Jawa Tengah,Karanganyar,4.0,,1.0,1.0,,2.0,,,1.0,,1.0,,,,,,,1.0,,1.0,,3.0,,2.0,,2.0,17.0,9,39.13,,,,,,,,,,,,,,,,,,,,,,,,,,0,,,,,,,,,0,0,
3313067,RS Mangesti Rahayu,RSU,RS Umum,C,Swasta,RS Privat,Jawa Tengah,Karanganyar,,,,,,,,,,,,,,,,,,,,,,,,,,,,0,0.0,,,,,,,,,,,,,,,,,,,,,,,,,,0,,,,,,,,,0,0,
3314012,RS Umum Daerah dr. Soehadi Prijonegoro,RSU,RS Umum,B,Pemkab,RS Publik,Jawa Tengah,Sragen,,,,,,,,,,,,,,,,,,,,,,,,,,,,0,0.0,0.0,1.0,0.0,1.0,0.0,1.0,0.0,0.0,0.0,0.0,0.0,1.0,,0.0,0.0,1.0,1.0,0.0,0.0,7.0,1.0,False,13.0,7.0,95.0,1,Sudah kerjasama BPJS,,Belum kerjasama BPJS,Sudah kerjasama BPJS,Sudah kerjasama BPJS,Sudah kerjasama BPJS,Sudah kerjasama BPJS,,6,5,83.33
3314023,RS Umum Mardi Lestari Sragen,RSU,RS Umum,D,Swasta Non Profit,RS Publik,Jawa Tengah,Sragen,8.0,,4.0,2.0,1.0,2.0,,,2.0,,4.0,,,1.0,,1.0,,,1.0,1.0,,1.0,,6.0,,5.0,32.0,11,47.83,,,,,,,,,,,,,,,,,,,,,,,,,,0,,,,,,,Sudah kerjasama BPJS,,1,1,100.0
3314045,RS Umum Sarila Husada,RSU,RS Umum,C,Swasta Non Profit,RS Publik,Jawa Tengah,Sragen,13.0,4.0,4.0,4.0,4.0,2.0,,,4.0,,4.0,,,4.0,,1.0,,,1.0,2.0,,2.0,,7.0,,5.0,49.0,12,52.17,,,,,,,,,,,,,,,,,,,,,,,,,,0,,,,Sudah kerjasama BPJS,,,Sudah kerjasama BPJS,,2,2,100.0
3314056,RS Umum Islam Amal Sehat Sragen,RSU,RS Umum,C,Swasta Non Profit,RS Publik,Jawa Tengah,Sragen,13.0,2.0,5.0,3.0,2.0,2.0,,,3.0,1.0,5.0,,,2.0,,2.0,,,1.0,2.0,,3.0,,8.0,,5.0,49.0,13,56.52,,,,,,,,,,,,,,,,,,,,,,,,,,0,Belum kerjasama BPJS,,,,,,Sudah kerjasama BPJS,,2,1,50.0
3314067,RS Umum Assalam,RSU,RS Umum,D,Swasta,RS Privat,Jawa Tengah,Sragen,8.0,,2.0,2.0,2.0,1.0,,,2.0,,2.0,,,2.0,,1.0,,,1.0,1.0,,1.0,,5.0,,3.0,27.0,11,47.83,,,,,,,,,,,,,,,,,,,,,,,,,,0,,,,,,,Sudah kerjasama BPJS,,1,1,100.0
3314078,RS Ibu dan Anak Restu Ibu,RSIA,RS Khusus,C,Swasta Non Profit,RS Publik,Jawa Tengah,Sragen,8.0,,2.0,4.0,2.0,1.0,,,4.0,,2.0,,,2.0,,,,,1.0,1.0,,1.0,,5.0,,2.0,27.0,10,43.48,,,,,,,,,,,,,,,,,,,,,,,,,,0,,,,,,,,,0,0,
3314089,RS Umum Daerah dr. Soeratno Gemolong,RSU,RS Umum,C,Pemkab,RS Publik,Jawa Tengah,Sragen,13.0,2.0,2.0,1.0,1.0,2.0,,,1.0,,2.0,,,1.0,,1.0,,1.0,1.0,1.0,,1.0,,5.0,1.0,5.0,37.0,14,60.87,,,,,,,,,,,,,,,,,,,,,,,,,,0,,,,,,Sudah kerjasama BPJS,Sudah kerjasama BPJS,,2,2,100.0
3314090,RS Umum PKU Muhammadiyah Sragen ,RSU,RS Umum,D,Swasta,RS Privat,Jawa Tengah,Sragen,13.0,1.0,2.0,2.0,1.0,2.0,,,2.0,,2.0,,,1.0,,1.0,,,1.0,1.0,,2.0,,5.0,1.0,4.0,36.0,13,56.52,,,,,,,,,,,,,,,,,,,,,,,,,,0,,,,,,,Sudah kerjasama BPJS,,1,1,100.0
3314092,RS Umum Islam Yakssi Gemolong,RSU,RS Umum,D,Swasta,RS Privat,Jawa Tengah,Sragen,11.0,2.0,2.0,1.0,1.0,1.0,,,1.0,,2.0,,,1.0,,,,,,1.0,,2.0,,7.0,,4.0,32.0,10,43.48,,,,,,,,,,,,,,,,,,,,,,,,,,0,,,,,,,,,0,0,
3314096,RS Umum Rizky Amalia,RSU,RS Umum,D,Swasta,RS Privat,Jawa Tengah,Sragen,11.0,,3.0,1.0,1.0,1.0,,,1.0,,3.0,,,1.0,,1.0,,,1.0,1.0,,2.0,,6.0,,2.0,30.0,11,47.83,,,,,,,,,,,,,,,,,,,,,,,,,,0,,,,,,,Sudah kerjasama BPJS,,1,1,100.0
3314097,RS Umum Saras Ibnu Sina Sukowati,RSU,RS Umum,D,Swasta,RS Privat,Jawa Tengah,Sragen,12.0,1.0,3.0,1.0,1.0,1.0,,,1.0,,3.0,,,1.0,,,,,1.0,1.0,,1.0,,5.0,,5.0,32.0,11,47.83,,,,,,,,,,,,,,,,,,,,,,,,,,0,,,,,,,,,0,0,
3314108,RS Umum Daerah Sukowati Tangen,RSU,RS Umum,D,Pemkab,RS Publik,Jawa Tengah,Sragen,12.0,1.0,1.0,1.0,,1.0,,,1.0,,1.0,,,,,,,,,,,2.0,,4.0,,4.0,26.0,8,34.78,,,,,,,,,,,,,,,,,,,,,,,,,,0,,,,,,,,,0,0,
3315013,RS Umum Daerah Dr. R.Soedjati Soemodiardjo,RSU,RS Umum,B,Pemkab,RS Publik,Jawa Tengah,Grobogan,17.0,2.0,4.0,3.0,3.0,3.0,,,3.0,,4.0,,,3.0,,2.0,,,1.0,2.0,,3.0,,21.0,,10.0,71.0,12,52.17,0.0,1.0,1.0,0.0,1.0,0.0,4.0,0.0,,1.0,1.0,1.0,,0.0,0.0,0.0,,,0.0,,1.0,False,10.0,7.0,75.0,1,Sudah kerjasama BPJS,,Sudah kerjasama BPJS,Sudah kerjasama BPJS,,,Sudah kerjasama BPJS,,4,4,100.0
3315024,RS Umum Panti Rahayu,RSU,RS Umum,C,Swasta Non Profit,RS Publik,Jawa Tengah,Grobogan,18.0,1.0,4.0,2.0,2.0,3.0,,,2.0,,4.0,,,2.0,,,,,1.0,1.0,,1.0,,13.0,,8.0,54.0,11,47.83,,,,,,,,,,,,,,,,,,,,,,,,,,0,,,,,,,Sudah kerjasama BPJS,,1,1,100.0
3315035,RS Permata Bunda,RSU,RS Umum,C,Swasta Non Profit,RS Publik,Jawa Tengah,Grobogan,24.0,2.0,3.0,3.0,3.0,3.0,,,3.0,,3.0,,,3.0,,1.0,,,1.0,1.0,,2.0,,12.0,,5.0,60.0,12,52.17,,,,,,,,,,,,,,,,,,,,,,,,,,0,,,,,,,Sudah kerjasama BPJS,,1,1,100.0
3315046,RS Umum PKU Muhammadiyah Gubug,RSU,RS Umum,D,Swasta Non Profit,RS Publik,Jawa Tengah,Grobogan,23.0,2.0,3.0,2.0,2.0,2.0,,,2.0,,3.0,,,2.0,,,,,,1.0,,3.0,,6.0,,4.0,48.0,10,43.48,,,,,,,,,,,,,,,,,,,,,,,,,,0,,,,,,,Sudah kerjasama BPJS,,1,1,100.0
3315057,RS Umum Habibullah,RSU,RS Umum,D,Swasta Non Profit,RS Publik,Jawa Tengah,Grobogan,,,,,,,,,,,,,,,,,,,,,,,,,,,,0,0.0,,,,,,,,,,,,,,,,,,,,,,,,,,0,,,,,,,,,0,0,
3315059,RS Umum Islam Purwodadi ,RSU,RS Umum,D,Swasta Non Profit,RS Publik,Jawa Tengah,Grobogan,12.0,,2.0,,2.0,1.0,,,,,2.0,,,2.0,,,,,,1.0,,1.0,,11.0,,4.0,34.0,8,34.78,,,,,,,,,,,,,,,,,,,,,,,,,,0,,,,,,,Sudah kerjasama BPJS,,1,1,100.0
3315060,RS Umum Daerah Ki Ageng Selo,RSU,RS Umum,D,Pemkab,RS Publik,Jawa Tengah,Grobogan,11.0,3.0,1.0,2.0,1.0,2.0,,,2.0,,1.0,,,1.0,,,,,,1.0,,1.0,,8.0,,5.0,35.0,10,43.48,,,,,,,,,,,,,,,,,,,,,,,,,,0,,,,,,,Sudah kerjasama BPJS,,1,1,100.0
3315061,RS Umum Daerah Ki Ageng Getas Pendowo Gubug,RSU,RS Umum,D,Pemkab,RS Publik,Jawa Tengah,Grobogan,11.0,2.0,1.0,1.0,1.0,1.0,,,1.0,,1.0,,,1.0,,,,,1.0,1.0,,1.0,,7.0,,5.0,32.0,11,47.83,,,,,,,,,,,,,,,,,,,,,,,,,,0,,,,,,,Sudah kerjasama BPJS,,1,1,100.0
3315072,RS Ortopedi Siaga Utama,RSK Orthopedi,RS Khusus,C,Swasta,RS Privat,Jawa Tengah,Grobogan,7.0,,1.0,,,1.0,,,,,1.0,,,,,,,,,1.0,,2.0,,2.0,,,14.0,6,26.09,,,,,,,,,,,,,,,,,,,,,,,,,,0,,,,,,,,,0,0,
3315073,RS Marganingsih,RSU,RS Umum,D,Swasta,RS Privat,Jawa Tengah,Grobogan,4.0,,2.0,1.0,,,,,1.0,,2.0,,,,,,,,,,,,,,,,7.0,3,13.04,,,,,,,,,,,,,,,,,,,,,,,,,,0,,,,,,,,,0,0,
3315074,RS Sekar Laras,RSU,RS Umum,D,Swasta,RS Privat,Jawa Tengah,Grobogan,,,,,,,,,,,,,,,,,,,,,,,,,,,,0,0.0,,,,,,,,,,,,,,,,,,,,,,,,,,0,,,,,,,,,0,0,
3315075,RS Umum Trimedika Ketapang,RSU,RS Umum,D,Swasta,RS Privat,Jawa Tengah,Grobogan,,,,,,,,,,,,,,,,,,,,,,,,,,,,0,0.0,,,,,,,,,,,,,,,,,,,,,,,,,,0,,,,,,,,,0,0,
3316014,RS Umum Daerah Dr. R. Soetijono Blora,RSU,RS Umum,C,Pemkab,RS Publik,Jawa Tengah,Blora,15.0,1.0,3.0,2.0,2.0,2.0,,,2.0,,3.0,,,2.0,,1.0,,,1.0,1.0,,1.0,,17.0,,10.0,56.0,12,52.17,,,,,,,,,,,,,,,,,,,,,,,,,,0,,,,,,,,,0,0,
3316025,RS Umum Daerah Dr. R. Soeprapto Cepu,RSU,RS Umum,C,Pemkab,RS Publik,Jawa Tengah,Blora,23.0,1.0,3.0,2.0,1.0,2.0,,,2.0,,3.0,,,1.0,,1.0,,,1.0,1.0,,2.0,,14.0,,9.0,60.0,12,52.17,0.0,0.0,0.0,0.0,0.0,0.0,4.0,0.0,,0.0,1.0,0.0,,0.0,1.0,0.0,,,0.0,,1.0,False,6.0,3.0,75.0,1,,,,,,,Sudah kerjasama BPJS,,1,1,100.0
3316040,RS Umum Permata Blora,RSU,RS Umum,D,Swasta Non Profit,RS Publik,Jawa Tengah,Blora,14.0,2.0,2.0,3.0,2.0,1.0,,,3.0,,2.0,,,2.0,,,,,1.0,,,1.0,,6.0,,5.0,37.0,10,43.48,,,,,,,,,,,,,,,,,,,,,,,,,,0,,,,,,,Sudah kerjasama BPJS,,1,1,100.0
3316051,RS Umum PKU Muhammadiyah Cepu,RSU,RS Umum,C,Swasta Non Profit,RS Publik,Jawa Tengah,Blora,11.0,1.0,4.0,2.0,2.0,1.0,,,2.0,,4.0,,,2.0,,,,,1.0,1.0,,2.0,,10.0,,5.0,40.0,11,47.83,,,,,,,,,,,,,,,,,,,,,,,,,,0,,,,,,,Sudah kerjasama BPJS,,1,1,100.0
3316062,RS Umum Bantuan Blora,RSU,RS Umum,D,TNI,RS Publik,Jawa Tengah,Blora,6.0,1.0,1.0,1.0,1.0,1.0,,,1.0,,1.0,,,1.0,,,,,,,,1.0,,5.0,,3.0,20.0,9,39.13,,,,,,,,,,,,,,,,,,,,,,,,,,0,,,,,,,,,0,0,
3316063,RS Umum PKU Muhammadiyah Blora,RSU,RS Umum,D,Swasta,RS Privat,Jawa Tengah,Blora,15.0,2.0,3.0,2.0,2.0,2.0,,,2.0,,3.0,,,2.0,,,,,1.0,1.0,,1.0,,7.0,,4.0,40.0,11,47.83,,,,,,,,,,,,,,,,,,,,,,,,,,0,,,,,,,,,0,0,
3316074,RS Ibu dan Anak NU Cakra Medika,RSIA,RS Khusus,C,Swasta,RS Privat,Jawa Tengah,Blora,2.0,,,1.0,1.0,,,,1.0,,,,,1.0,,,,,,,,1.0,,,,,5.0,4,17.39,,,,,,,,,,,,,,,,,,,,,,,,,,0,,,,,,,Sudah kerjasama BPJS,,1,1,100.0
3317015,RS Umum Daerah dr. R. Soetrasno Rembang,RSU,RS Umum,C,Pemkab,RS Publik,Jawa Tengah,Rembang,23.0,2.0,4.0,4.0,3.0,1.0,,,4.0,,4.0,,,3.0,,1.0,,,1.0,1.0,,4.0,,28.0,1.0,15.0,88.0,13,56.52,0.0,1.0,0.0,1.0,0.0,1.0,1.0,0.0,0.0,0.0,0.0,1.0,,0.0,1.0,0.0,1.0,0.0,0.0,2.0,1.0,False,9.0,8.0,95.0,1,,,Sudah kerjasama BPJS,Sudah kerjasama BPJS,,Sudah kerjasama BPJS,Sudah kerjasama BPJS,,4,4,100.0
3317026,RS Umum Islam Arafah,RSU,RS Umum,D,Swasta Non Profit,RS Publik,Jawa Tengah,Rembang,20.0,1.0,3.0,3.0,2.0,2.0,,,3.0,,3.0,,,2.0,,,,,1.0,1.0,,2.0,,8.0,,6.0,49.0,11,47.83,,,,,,,,,,,,,,,,,,,,,,,,,,0,,,,,,,Sudah kerjasama BPJS,,1,1,100.0
3317027,RS Bhina Bhakti Husada,RSU,RS Umum,C,Swasta,RS Privat,Jawa Tengah,Rembang,13.0,2.0,3.0,3.0,2.0,3.0,,,3.0,,3.0,,,2.0,,,,,1.0,1.0,,2.0,,7.0,,7.0,44.0,11,47.83,,,,,,,,,,,,,,,,,,,,,,,,,,0,,,,,,,,,0,0,
3317038,RS PKU Muhammadiyah Pamotan,RSU,RS Umum,D,Swasta Non Profit,RS Publik,Jawa Tengah,Rembang,11.0,,2.0,1.0,1.0,1.0,,,1.0,,2.0,,,1.0,,,,,,1.0,,1.0,,5.0,,6.0,29.0,9,39.13,,,,,,,,,,,,,,,,,,,,,,,,,,0,,,,,,,Sudah kerjasama BPJS,,1,1,100.0
3318016,RS Umum Daerah RAA Soewondo,RSU,RS Umum,B,Pemkab,RS Publik,Jawa Tengah,Pati,24.0,3.0,4.0,4.0,3.0,2.0,1.0,1.0,4.0,,4.0,,,3.0,,2.0,,1.0,2.0,2.0,,3.0,,23.0,1.0,15.0,91.0,16,69.57,0.0,1.0,0.0,0.0,0.0,0.0,4.0,0.0,,0.0,0.0,1.0,,0.0,0.0,0.0,,,0.0,,1.0,False,6.0,3.0,75.0,1,Sudah kerjasama BPJS,,Sudah kerjasama BPJS,,,Sudah kerjasama BPJS,Sudah kerjasama BPJS,,4,4,100.0
3318064,RS Umum Islam Pati,RSU,RS Umum,C,Swasta Non Profit,RS Publik,Jawa Tengah,Pati,18.0,3.0,3.0,2.0,1.0,2.0,,,2.0,,3.0,,,1.0,,1.0,,,1.0,2.0,,2.0,,9.0,1.0,5.0,50.0,13,56.52,,,,,,,,,,,,,,,,,,,,,,,,,,0,,,,,,,Sudah kerjasama BPJS,,1,1,100.0
3318075,RS Umum Mitra Bangsa Pati,RSU,RS Umum,C,Swasta Non Profit,RS Publik,Jawa Tengah,Pati,16.0,1.0,6.0,3.0,4.0,3.0,,,3.0,,6.0,,,4.0,,1.0,,,1.0,2.0,,2.0,,10.0,,7.0,56.0,12,52.17,,,,,,,,,,,,,,,,,,,,,,,,,,0,,,,,,,Sudah kerjasama BPJS,,1,1,100.0
3318086,RS Umum Daerah Kayen Pati,RSU,RS Umum,C,Pemkab,RS Publik,Jawa Tengah,Pati,15.0,1.0,2.0,2.0,2.0,1.0,,,2.0,,2.0,,,2.0,,,,,1.0,1.0,,2.0,,10.0,,8.0,45.0,11,47.83,,,,,,,,,,,,,,,,,,,,,,,,,,0,,,,,,,Sudah kerjasama BPJS,,1,1,100.0
3318108,RS Umum Keluarga Sehat ,RSU,RS Umum,C,Swasta,RS Privat,Jawa Tengah,Pati,26.0,1.0,8.0,4.0,4.0,4.0,,1.0,4.0,,8.0,,,4.0,,1.0,,1.0,2.0,3.0,,2.0,,19.0,,7.0,83.0,14,60.87,,,,,,,,,,,,,,,,,,,,,,,,,,0,Belum kerjasama BPJS,,Sudah kerjasama BPJS,Sudah kerjasama BPJS,,Sudah kerjasama BPJS,Sudah kerjasama BPJS,,5,4,80.0
3318109,RS Umum  Budi Agung Pati,RSU,RS Umum,D,Swasta,RS Privat,Jawa Tengah,Pati,16.0,1.0,3.0,2.0,2.0,2.0,,,2.0,,3.0,,,2.0,,1.0,,,1.0,1.0,,1.0,,8.0,,5.0,43.0,12,52.17,,,,,,,,,,,,,,,,,,,,,,,,,,0,,,,,,,Sudah kerjasama BPJS,,1,1,100.0
3318110,RS Umum Fastabiq Sehat PKU Muhammadiyah Pati,RSU,RS Umum,C,Swasta Non Profit,RS Publik,Jawa Tengah,Pati,17.0,1.0,4.0,2.0,3.0,3.0,,,2.0,,4.0,,,3.0,,1.0,,,1.0,1.0,,3.0,,12.0,,8.0,56.0,12,52.17,,,,,,,,,,,,,,,,,,,,,,,,,,0,,,,,,,Sudah kerjasama BPJS,,1,1,100.0
3318111,RS Umum Sebening Kasih,RSU,RS Umum,D,Swasta,RS Privat,Jawa Tengah,Pati,47.0,1.0,2.0,3.0,2.0,3.0,,,3.0,,2.0,,,2.0,,,,,1.0,1.0,,2.0,,6.0,,6.0,74.0,11,47.83,,,,,,,,,,,,,,,,,,,,,,,,,,0,,,,,,,Sudah kerjasama BPJS,,1,1,100.0
3318113,RS Umum As-Suyuthiyyah ,RSU,RS Umum,D,Swasta,RS Privat,Jawa Tengah,Pati,11.0,2.0,3.0,1.0,2.0,2.0,,,1.0,,3.0,,,2.0,,,,,1.0,1.0,,2.0,,5.0,,4.0,34.0,11,47.83,,,,,,,,,,,,,,,,,,,,,,,,,,0,,,,,,,Sudah kerjasama BPJS,,1,1,100.0
3318114,RS Keluarga Sehat Tayu,RSU,RS Umum,D,Swasta,RS Privat,Jawa Tengah,Pati,15.0,1.0,3.0,,2.0,2.0,,,,,3.0,,,2.0,,1.0,,,1.0,2.0,,3.0,,10.0,,6.0,46.0,11,47.83,,,,,,,,,,,,,,,,,,,,,,,,,,0,,,,,,,Sudah kerjasama BPJS,,1,1,100.0
3319010,RS Umum Daerah dr. Loekmono Hadi,RSU,RS Umum,B,Pemkab,RS Publik,Jawa Tengah,Kudus,23.0,2.0,5.0,2.0,2.0,2.0,,,2.0,,5.0,,,2.0,,,,2.0,2.0,2.0,1.0,4.0,,19.0,2.0,15.0,83.0,14,60.87,0.0,1.0,0.0,0.0,0.0,0.0,4.0,0.0,,0.0,0.0,1.0,,0.0,1.0,0.0,,,0.0,,1.0,False,7.0,4.0,75.0,1,Sudah kerjasama BPJS,,,Sudah kerjasama BPJS,,Sudah kerjasama BPJS,Sudah kerjasama BPJS,,4,4,100.0
3319021,RS Aisyiyah Kudus,RSU,RS Umum,D,Swasta,RS Privat,Jawa Tengah,Kudus,13.0,3.0,5.0,3.0,3.0,2.0,,,3.0,,5.0,,,3.0,,,,,1.0,3.0,,2.0,,10.0,1.0,7.0,53.0,12,52.17,,,,,,,,,,,,,,,,,,,,,,,,,,0,,,,,,,Sudah kerjasama BPJS,,1,1,100.0
3319022,RS Umum Kumala Siwimijen Kudus,RSU,RS Umum,D,Swasta Non Profit,RS Publik,Jawa Tengah,Kudus,10.0,1.0,2.0,2.0,2.0,2.0,,,2.0,,2.0,,,2.0,,1.0,,,1.0,1.0,,2.0,,5.0,1.0,5.0,35.0,13,56.52,,,,,,,,,,,,,,,,,,,,,,,,,,0,,,,,,,Sudah kerjasama BPJS,,1,1,100.0
3319023,RS Ibu dan Anak Harapan Bunda,RSIA,RS Khusus,C,Swasta,RS Privat,Jawa Tengah,Kudus,2.0,,1.0,2.0,1.0,1.0,,,2.0,,1.0,,,1.0,,,,,,,,1.0,,3.0,,,11.0,7,30.43,,,,,,,,,,,,,,,,,,,,,,,,,,0,,,,,,,,,0,0,
3319025,RS Ibu dan Anak Miriam,RSIA,RS Khusus,C,Swasta Non Profit,RS Publik,Jawa Tengah,Kudus,4.0,2.0,1.0,2.0,2.0,,,,2.0,,1.0,,,2.0,,,,,1.0,1.0,,1.0,,2.0,,1.0,17.0,10,43.48,,,,,,,,,,,,,,,,,,,,,,,,,,0,,,,,,,,,0,0,
3319032,RS Umum Mardi Rahayu,RSU,RS Umum,B,Swasta Non Profit,RS Publik,Jawa Tengah,Kudus,43.0,4.0,7.0,3.0,5.0,6.0,,,3.0,,7.0,,,5.0,,1.0,,2.0,1.0,3.0,,5.0,,24.0,2.0,15.0,121.0,14,60.87,,,,,,,,,,,,,,,,,,,,,,,,,,0,Belum kerjasama BPJS,Sudah kerjasama BPJS,,Sudah kerjasama BPJS,,Sudah kerjasama BPJS,Sudah kerjasama BPJS,,5,4,80.0
3319043,RS Umum  Nurussyifa,RSU,RS Umum,D,Swasta Non Profit,RS Publik,Jawa Tengah,Kudus,12.0,4.0,3.0,4.0,2.0,2.0,,,4.0,,3.0,,,2.0,,1.0,,,1.0,2.0,,1.0,,4.0,1.0,3.0,40.0,13,56.52,,,,,,,,,,,,,,,,,,,,,,,,,,0,,,,,,,Sudah kerjasama BPJS,,1,1,100.0
3319080,RS Umum  Islam Sunan Kudus,RSU,RS Umum,C,Swasta Non Profit,RS Publik,Jawa Tengah,Kudus,22.0,2.0,4.0,4.0,5.0,3.0,,,4.0,,4.0,,,5.0,,1.0,,,2.0,2.0,,2.0,,19.0,1.0,10.0,77.0,13,56.52,,,,,,,,,,,,,,,,,,,,,,,,,,0,,,,Sudah kerjasama BPJS,,,Sudah kerjasama BPJS,,2,2,100.0
3319091,RS Ibu dan Anak Permata Hati,RSIA,RS Khusus,C,Swasta Non Profit,RS Publik,Jawa Tengah,Kudus,4.0,,,2.0,1.0,,,,2.0,,,,,1.0,,,,,,,,1.0,,2.0,,1.0,11.0,6,26.09,,,,,,,,,,,,,,,,,,,,,,,,,,0,,,,,,,,,0,0,
3319102,RS Umum Bantuan Kudus,RSU,RS Umum,D,TNI,RS Publik,Jawa Tengah,Kudus,5.0,2.0,4.0,1.0,2.0,1.0,,,1.0,,4.0,,,2.0,,1.0,,,,1.0,,2.0,,6.0,,1.0,26.0,11,47.83,,,,,,,,,,,,,,,,,,,,,,,,,,0,,,,,,,Sudah kerjasama BPJS,,1,1,100.0
3319113,RS Sarkies 'Aisyiyah Kudus,RSU,RS Umum,C,Swasta,RS Privat,Jawa Tengah,Kudus,5.0,,3.0,2.0,2.0,3.0,,,2.0,,3.0,,,2.0,,1.0,,,1.0,1.0,,1.0,,4.0,,3.0,26.0,11,47.83,,,,,,,,,,,,,,,,,,,,,,,,,,0,,,,,,,Sudah kerjasama BPJS,,1,1,100.0
3320010,RS Umum Daerah R. A. Kartini,RSU,RS Umum,B,Pemkab,RS Publik,Jawa Tengah,Jepara,25.0,2.0,4.0,4.0,4.0,3.0,,,4.0,,4.0,,,4.0,,3.0,,1.0,2.0,3.0,,4.0,,29.0,1.0,13.0,98.0,14,60.87,0.0,1.0,0.0,0.0,1.0,0.0,4.0,0.0,,1.0,1.0,1.0,,0.0,0.0,0.0,,,0.0,,1.0,False,9.0,6.0,75.0,1,,,,,Sudah kerjasama BPJS,Sudah kerjasama BPJS,Sudah kerjasama BPJS,,3,3,100.0
3320021,RS Umum Daerah Kelet Provinsi Jawa Tengah,RSU,RS Umum,C,Pemprop,RS Publik,Jawa Tengah,Jepara,14.0,1.0,2.0,3.0,2.0,3.0,,,3.0,,2.0,,,2.0,,,,,1.0,1.0,,2.0,,16.0,1.0,8.0,54.0,12,52.17,,,,,,,,,,,,,,,,,,,,,,,,,,0,,,,,,,Sudah kerjasama BPJS,,1,1,100.0
3320032,RS Umum Sultan Hadlirin Jepara,RSU,RS Umum,C,Swasta Non Profit,RS Publik,Jawa Tengah,Jepara,19.0,1.0,4.0,2.0,2.0,2.0,,,2.0,,4.0,,,2.0,,1.0,,,1.0,1.0,,2.0,,10.0,,3.0,48.0,12,52.17,,,,,,,,,,,,,,,,,,,,,,,,,,0,,,,,,,Sudah kerjasama BPJS,,1,1,100.0
3320043,RS Graha Husada Jepara,RSU,RS Umum,D,Swasta Non Profit,RS Publik,Jawa Tengah,Jepara,14.0,1.0,3.0,2.0,1.0,2.0,,,2.0,,3.0,,,1.0,,,,,1.0,1.0,,1.0,,9.0,,4.0,39.0,11,47.83,,,,,,,,,,,,,,,,,,,,,,,,,,0,,,,,,,,,0,0,
3320046,RS PKU Aisyiyah Jepara,RSU,RS Umum,D,Swasta Non Profit,RS Publik,Jawa Tengah,Jepara,6.0,1.0,2.0,3.0,1.0,2.0,,,3.0,,2.0,,,1.0,,,,,1.0,1.0,,1.0,,3.0,,3.0,24.0,11,47.83,,,,,,,,,,,,,,,,,,,,,,,,,,0,,,,,,,Sudah kerjasama BPJS,,1,1,100.0
3320089,RS Umum PKU Muhammadiyah Mayong,RSU,RS Umum,C,Swasta Non Profit,RS Publik,Jawa Tengah,Jepara,12.0,1.0,5.0,2.0,2.0,2.0,,,2.0,,5.0,,,2.0,,1.0,,,,2.0,,2.0,,6.0,1.0,6.0,42.0,12,52.17,,,,,,,,,,,,,,,,,,,,,,,,,,0,,,,,,,,,0,0,
3321011,RS Umum Daerah Sunan Kalijaga,RSU,RS Umum,C,Pemkab,RS Publik,Jawa Tengah,Demak,29.0,14.0,4.0,3.0,3.0,2.0,,,3.0,,4.0,,,3.0,,1.0,,,1.0,2.0,,3.0,,19.0,,12.0,93.0,12,52.17,0.0,0.0,0.0,0.0,1.0,0.0,4.0,0.0,,1.0,1.0,1.0,,0.0,0.0,0.0,,,0.0,,1.0,False,8.0,5.0,75.0,1,,,,Sudah kerjasama BPJS,Sudah kerjasama BPJS,,Sudah kerjasama BPJS,,3,3,100.0
3321033,RS Umum Islam NU Demak,RSU,RS Umum,C,Swasta Non Profit,RS Publik,Jawa Tengah,Demak,19.0,2.0,3.0,3.0,2.0,3.0,,,3.0,,3.0,,,2.0,,,,,1.0,1.0,,1.0,,11.0,,4.0,50.0,11,47.83,,,,,,,,,,,,,,,,,,,,,,,,,,0,,,,,,,Sudah kerjasama BPJS,,1,1,100.0
3321034,RS Umum Pelita Anugerah,RSU,RS Umum,C,Swasta,RS Privat,Jawa Tengah,Demak,13.0,1.0,5.0,4.0,3.0,3.0,,,4.0,,5.0,,,3.0,,1.0,,,1.0,2.0,,6.0,,11.0,,6.0,56.0,12,52.17,,,,,,,,,,,,,,,,,,,,,,,,,,0,,,,,,,Sudah kerjasama BPJS,,1,1,100.0
3321035,RS Umum Daerah Sultan Fatah Karangawen Demak,RSU,RS Umum,C,Pemkab,RS Publik,Jawa Tengah,Demak,11.0,4.0,3.0,2.0,1.0,2.0,,,2.0,,3.0,,,1.0,,1.0,,,1.0,2.0,,3.0,,15.0,,6.0,51.0,12,52.17,,,,,,,,,,,,,,,,,,,,,,,,,,0,,,,,,,Sudah kerjasama BPJS,,1,1,100.0
3321036,RS Hj. Fatimah Sulhan PKU Muhammadiyah Demak,RSU,RS Umum,D,Swasta Non Profit,RS Publik,Jawa Tengah,Demak,8.0,2.0,3.0,1.0,1.0,1.0,,,1.0,,3.0,,,1.0,,,,,1.0,1.0,,1.0,,5.0,,2.0,26.0,11,47.83,,,,,,,,,,,,,,,,,,,,,,,,,,0,,,,,,,Sudah kerjasama BPJS,,1,1,100.0
3322012,RS Umum Daerah dr. Gunawan Mangunkusumo,RSU,RS Umum,C,Pemkab,RS Publik,Jawa Tengah,Semarang,15.0,,5.0,3.0,3.0,2.0,,,3.0,,5.0,,,3.0,,1.0,,,1.0,1.0,,2.0,,17.0,1.0,13.0,64.0,12,52.17,0.0,0.0,0.0,0.0,0.0,0.0,4.0,0.0,,0.0,0.0,0.0,,0.0,0.0,0.0,,,0.0,,1.0,False,4.0,1.0,75.0,1,,,,,,,Sudah kerjasama BPJS,,1,1,100.0
3322023,RS Umum Daerah dr. Gondo Suwarno,RSU,RS Umum,C,Pemkab,RS Publik,Jawa Tengah,Semarang,21.0,1.0,3.0,3.0,2.0,3.0,,,3.0,,3.0,,,2.0,,1.0,,,2.0,1.0,,2.0,,21.0,1.0,10.0,71.0,13,56.52,,,,,,,,,,,,,,,,,,,,,,,,,,0,,,,,,,Sudah kerjasama BPJS,,1,1,100.0
3322034,RS Umum Ken Saras,RSU,RS Umum,C,Swasta,RS Privat,Jawa Tengah,Semarang,25.0,4.0,6.0,3.0,3.0,4.0,3.0,3.0,3.0,1.0,6.0,,,3.0,,3.0,,2.0,1.0,4.0,2.0,5.0,,21.0,4.0,24.0,118.0,18,78.26,,,,,,,,,,,,,,,,,,,,,,,,,,0,Belum kerjasama BPJS,,Sudah kerjasama BPJS,Sudah kerjasama BPJS,Sudah kerjasama BPJS,Sudah kerjasama BPJS,Sudah kerjasama BPJS,,6,5,83.33
3322071,RS Umum Bina Kasih,RSU,RS Umum,D,Swasta Non Profit,RS Publik,Jawa Tengah,Semarang,4.0,1.0,4.0,4.0,1.0,1.0,,,4.0,,4.0,,,1.0,,,,,1.0,,,1.0,,3.0,,2.0,22.0,10,43.48,,,,,,,,,,,,,,,,,,,,,,,,,,0,,,,,,,,,0,0,
3322073,RS Umum Kusuma Ungaran ,RSU,RS Umum,D,Swasta,RS Privat,Jawa Tengah,Semarang,12.0,1.0,2.0,4.0,2.0,2.0,,,4.0,,2.0,,,2.0,,,,,1.0,1.0,,3.0,,3.0,,3.0,34.0,11,47.83,,,,,,,,,,,,,,,,,,,,,,,,,,0,,,,,,,Sudah kerjasama BPJS,,1,1,100.0
3322084,At-Tin Hospital,RSU,RS Umum,C,Swasta,RS Privat,Jawa Tengah,Semarang,,,1.0,,,,,,,,1.0,,,,,1.0,,,,,,,,1.0,,,3.0,3,13.04,,,,,,,,,,,,,,,,,,,,,,,,,,0,,,,,,,Sudah kerjasama BPJS,,1,1,100.0
3323013,RS Umum Daerah Djojonegoro Temanggung,RSU,RS Umum,B,Pemkab,RS Publik,Jawa Tengah,Temanggung,19.0,2.0,4.0,4.0,4.0,3.0,,1.0,4.0,,4.0,,,4.0,,1.0,,2.0,2.0,1.0,,3.0,,20.0,1.0,8.0,75.0,15,65.22,0.0,0.0,1.0,1.0,0.0,1.0,1.0,0.0,1.0,1.0,0.0,1.0,,0.0,1.0,0.0,1.0,0.0,0.0,3.0,1.0,False,12.0,10.0,95.0,1,Sudah kerjasama BPJS,,Sudah kerjasama BPJS,Sudah kerjasama BPJS,Sudah kerjasama BPJS,Sudah kerjasama BPJS,Sudah kerjasama BPJS,,6,6,100.0
3323024,RS Umum Ngesti Waluyo,RSU,RS Umum,C,Swasta Non Profit,RS Publik,Jawa Tengah,Temanggung,15.0,2.0,2.0,3.0,2.0,4.0,,,3.0,,2.0,,,2.0,,1.0,,1.0,1.0,1.0,,4.0,,9.0,,5.0,50.0,13,56.52,,,,,,,,,,,,,,,,,,,,,,,,,,0,,,,,,Sudah kerjasama BPJS,Sudah kerjasama BPJS,,2,2,100.0
3323046,RS Umum Gunung Sawo Kab. Temanggung,RSU,RS Umum,D,Swasta Non Profit,RS Publik,Jawa Tengah,Temanggung,10.0,4.0,1.0,2.0,1.0,1.0,,,2.0,,1.0,,,1.0,,,,,,1.0,,2.0,,3.0,,2.0,27.0,10,43.48,,,,,,,,,,,,,,,,,,,,,,,,,,0,,,,,,,,,0,0,
3323050,RS PKU Muhammadiyah Temanggung,RSU,RS Umum,C,Swasta Non Profit,RS Publik,Jawa Tengah,Temanggung,25.0,1.0,3.0,4.0,2.0,3.0,,,4.0,,3.0,,,2.0,,1.0,,,1.0,1.0,,3.0,,8.0,,6.0,58.0,12,52.17,,,,,,,,,,,,,,,,,,,,,,,,,,0,,,,,,,,,0,0,
3324014,RS Umum Daerah  Dr. H. Soewondo Kendal,RSU,RS Umum,B,Pemkab,RS Publik,Jawa Tengah,Kendal,38.0,3.0,4.0,3.0,3.0,3.0,,,3.0,,4.0,,,3.0,,,,1.0,1.0,3.0,,3.0,,34.0,1.0,13.0,110.0,13,56.52,0.0,0.0,1.0,0.0,1.0,0.0,4.0,0.0,,1.0,1.0,1.0,,0.0,0.0,0.0,,,0.0,,1.0,False,9.0,6.0,75.0,1,,,,,,Sudah kerjasama BPJS,Sudah kerjasama BPJS,,2,2,100.0
3324036,RS Umum Islam Kendal,RSU,RS Umum,C,Swasta Non Profit,RS Publik,Jawa Tengah,Kendal,18.0,2.0,4.0,4.0,4.0,4.0,,,4.0,,4.0,,,4.0,,1.0,,,1.0,2.0,,4.0,,18.0,1.0,8.0,71.0,13,56.52,,,,,,,,,,,,,,,,,,,,,,,,,,0,,,,,,,Sudah kerjasama BPJS,,1,1,100.0
3324037,RS Umum Muhammadiyah Darul Istiqomah Kendal,RSU,RS Umum,D,Swasta Non Profit,RS Publik,Jawa Tengah,Kendal,9.0,2.0,2.0,5.0,2.0,2.0,,,5.0,,2.0,,,2.0,,1.0,,,1.0,2.0,,5.0,,9.0,,3.0,43.0,12,52.17,,,,,,,,,,,,,,,,,,,,,,,,,,0,,,,,,,Sudah kerjasama BPJS,,1,1,100.0
3324038,RS Umum Baitul Hikmah,RSU,RS Umum,D,Swasta,RS Privat,Jawa Tengah,Kendal,13.0,4.0,3.0,4.0,2.0,1.0,,,4.0,,3.0,,,2.0,,,,,1.0,2.0,,2.0,,6.0,1.0,5.0,44.0,12,52.17,,,,,,,,,,,,,,,,,,,,,,,,,,0,,,,,,,,,0,0,
3324040,RS Umum Charlie Hospital,RSU,RS Umum,D,Swasta,RS Privat,Jawa Tengah,Kendal,11.0,2.0,3.0,2.0,2.0,1.0,,,2.0,,3.0,,,2.0,,,,,1.0,1.0,,1.0,,3.0,,4.0,31.0,11,47.83,,,,,,,,,,,,,,,,,,,,,,,,,,0,,,,,,,Sudah kerjasama BPJS,,1,1,100.0
3324052,RS PKU Aisyiyah Kendal,RSU,RS Umum,D,Swasta Non Profit,RS Publik,Jawa Tengah,Kendal,4.0,,,,,,,,,,,,,,,,,,,,,,,2.0,,2.0,8.0,3,13.04,,,,,,,,,,,,,,,,,,,,,,,,,,0,,,,,,,,,0,0,
3325015,RS Umum Daerah Batang,RSU,RS Umum,C,Pemkab,RS Publik,Jawa Tengah,Batang,15.0,2.0,3.0,2.0,2.0,2.0,,,2.0,,3.0,,,2.0,,1.0,,,1.0,1.0,,2.0,,17.0,,10.0,58.0,12,52.17,0.0,0.0,0.0,1.0,0.0,1.0,1.0,0.0,0.0,0.0,0.0,1.0,,1.0,1.0,0.0,0.0,0.0,0.0,6.0,1.0,False,12.0,7.0,95.0,1,,,,Sudah kerjasama BPJS,,,Sudah kerjasama BPJS,,2,2,100.0
3325037,RS Umum Qim,RSU,RS Umum,C,Swasta,RS Privat,Jawa Tengah,Batang,12.0,3.0,4.0,5.0,3.0,3.0,,,5.0,,4.0,,,3.0,,1.0,,,1.0,2.0,,3.0,,13.0,1.0,3.0,54.0,13,56.52,,,,,,,,,,,,,,,,,,,,,,,,,,0,,,,,,,Sudah kerjasama BPJS,,1,1,100.0
3325039,RS Umum Daerah Limpung,RSU,RS Umum,D,Pemkab,RS Publik,Jawa Tengah,Batang,8.0,1.0,1.0,2.0,2.0,1.0,,,2.0,,1.0,,,2.0,,,,,1.0,1.0,,1.0,,7.0,,7.0,32.0,11,47.83,,,,,,,,,,,,,,,,,,,,,,,,,,0,,,,,,,Sudah kerjasama BPJS,,1,1,100.0
3326011,RS Umum Daerah Kraton Kab. Pekalongan,RSU,RS Umum,B,Pemkab,RS Publik,Jawa Tengah,Pekalongan,13.0,3.0,4.0,3.0,3.0,3.0,,1.0,3.0,,4.0,1.0,1.0,3.0,,2.0,,1.0,1.0,,,1.0,,28.0,2.0,12.0,79.0,16,69.57,0.0,0.0,1.0,1.0,1.0,1.0,0.0,0.0,0.0,0.0,0.0,0.0,,1.0,1.0,0.0,0.0,0.0,0.0,7.0,1.0,False,13.0,7.0,95.0,1,Sudah kerjasama BPJS,,,Sudah kerjasama BPJS,Sudah kerjasama BPJS,Sudah kerjasama BPJS,Sudah kerjasama BPJS,,5,5,100.0
3326016,RS Islam PKU Muhammadiyah Pekajangan,RSU,RS Umum,C,Swasta Non Profit,RS Publik,Jawa Tengah,Pekalongan,20.0,3.0,5.0,3.0,3.0,2.0,,,3.0,,5.0,,,3.0,,,,,1.0,2.0,,2.0,,13.0,,6.0,60.0,11,47.83,,,,,,,,,,,,,,,,,,,,,,,,,,0,,,,,,,Sudah kerjasama BPJS,,1,1,100.0
3326038,RS Umum Daerah Kajen Kab. Pekalongan,RSU,RS Umum,C,Pemkab,RS Publik,Jawa Tengah,Pekalongan,19.0,1.0,1.0,3.0,2.0,2.0,,,3.0,,1.0,,,2.0,,,,,,1.0,,2.0,,13.0,,8.0,52.0,10,43.48,,,,,,,,,,,,,,,,,,,,,,,,,,0,,,,,,,Sudah kerjasama BPJS,,1,1,100.0
3326051,RS Ibu dan Anak Aisyiyah Pekajangan Pekalongan,RSIA,RS Khusus,C,Swasta Non Profit,RS Publik,Jawa Tengah,Pekalongan,15.0,,1.0,2.0,2.0,,,,2.0,,1.0,,,2.0,,,,,,,,2.0,,8.0,,,30.0,6,26.09,,,,,,,,,,,,,,,,,,,,,,,,,,0,,,,,,,,,0,0,
3326062,RS Umum Daerah Kesesi Pekalongan,RSU,RS Umum,D,Pemkab,RS Publik,Jawa Tengah,Pekalongan,1.0,,1.0,1.0,1.0,1.0,,,1.0,,1.0,,,1.0,,,,,,,,1.0,,3.0,,,9.0,7,30.43,,,,,,,,,,,,,,,,,,,,,,,,,,0,,,,,,,,,0,0,
3326063,RS Prima Sehat Pekalongan,RSU,RS Umum,D,Swasta,RS Privat,Jawa Tengah,Pekalongan,,,,,,,,,,,,,,,,,,,,,,,,,,,,0,0.0,,,,,,,,,,,,,,,,,,,,,,,,,,0,,,,,,,,,0,0,
3327010,RS Umum Daerah Dr. M. Ashari Pemalang,RSU,RS Umum,C,Pemkab,RS Publik,Jawa Tengah,Pemalang,20.0,4.0,3.0,3.0,2.0,3.0,,1.0,3.0,,3.0,,,2.0,,2.0,,1.0,1.0,2.0,,2.0,,33.0,,13.0,90.0,14,60.87,0.0,0.0,1.0,0.0,0.0,0.0,0.0,0.0,,0.0,0.0,1.0,,0.0,0.0,0.0,,,0.0,,1.0,False,2.0,2.0,75.0,1,Sudah kerjasama BPJS,,,,,Sudah kerjasama BPJS,Sudah kerjasama BPJS,,3,3,100.0
3327021,RS Umum Santa Maria Pemalang,RSU,RS Umum,C,Swasta Non Profit,RS Publik,Jawa Tengah,Pemalang,16.0,1.0,3.0,2.0,2.0,2.0,,,2.0,,3.0,,,2.0,,1.0,,,1.0,1.0,,2.0,,12.0,,5.0,48.0,12,52.17,,,,,,,,,,,,,,,,,,,,,,,,,,0,,,,,,,,,0,0,
3327032,RS Muhammadiyah Rodliyah Achid,RSU,RS Umum,D,Swasta Non Profit,RS Publik,Jawa Tengah,Pemalang,9.0,2.0,2.0,2.0,1.0,3.0,,,2.0,,2.0,,,1.0,,1.0,,,1.0,1.0,,1.0,,4.0,,2.0,29.0,12,52.17,,,,,,,,,,,,,,,,,,,,,,,,,,0,,,,Sudah kerjasama BPJS,,,Sudah kerjasama BPJS,,2,2,100.0
3327043,RS Umum Islam Al-Ikhlas,RSU,RS Umum,C,Swasta Non Profit,RS Publik,Jawa Tengah,Pemalang,15.0,3.0,3.0,2.0,2.0,2.0,,,2.0,,3.0,,,2.0,,1.0,,,1.0,1.0,,1.0,,9.0,,4.0,44.0,12,52.17,,,,,,,,,,,,,,,,,,,,,,,,,,0,,,,,,,Sudah kerjasama BPJS,,1,1,100.0
3327044,RS Umum Siaga Medika Pemalang ,RSU,RS Umum,C,Swasta,RS Privat,Jawa Tengah,Pemalang,11.0,2.0,2.0,2.0,2.0,1.0,,,2.0,,2.0,,,2.0,,1.0,,,1.0,2.0,,2.0,,14.0,,3.0,43.0,12,52.17,,,,,,,,,,,,,,,,,,,,,,,,,,0,,,,Sudah kerjasama BPJS,,,Sudah kerjasama BPJS,,2,2,100.0
3327045,RS Umum Prima Medika,RSU,RS Umum,C,Swasta,RS Privat,Jawa Tengah,Pemalang,17.0,2.0,3.0,1.0,1.0,3.0,,,1.0,,3.0,,,1.0,,1.0,,,1.0,1.0,,1.0,,10.0,,3.0,44.0,12,52.17,,,,,,,,,,,,,,,,,,,,,,,,,,0,,,,,,,Sudah kerjasama BPJS,,1,1,100.0
3327046,RS Ibu dan Anak Siti Aminah Pemalang,RSIA,RS Khusus,C,Swasta,RS Privat,Jawa Tengah,Pemalang,,,,,,,,,,,,,,,,,,,,,,,,,,,,0,0.0,,,,,,,,,,,,,,,,,,,,,,,,,,0,,,,,,,,,0,0,
3327047,RS Umum Muhammadiyah Mardhatillah,RSU,RS Umum,D,Swasta Non Profit,RS Publik,Jawa Tengah,Pemalang,8.0,2.0,2.0,2.0,1.0,1.0,,,2.0,,2.0,,,1.0,,,,,1.0,1.0,,1.0,,3.0,,2.0,24.0,11,47.83,,,,,,,,,,,,,,,,,,,,,,,,,,0,,,,,,,Sudah kerjasama BPJS,,1,1,100.0
3327048,RS Harapan Sehat Pemalang,RSU,RS Umum,D,Swasta,RS Privat,Jawa Tengah,Pemalang,4.0,1.0,,1.0,1.0,1.0,,,1.0,,,,,1.0,,,,,1.0,1.0,,1.0,,4.0,,1.0,16.0,10,43.48,,,,,,,,,,,,,,,,,,,,,,,,,,0,,,,,,,Sudah kerjasama BPJS,,1,1,100.0
3327049,RS Umum Comal Baru,RSU,RS Umum,D,Swasta,RS Privat,Jawa Tengah,Pemalang,6.0,,2.0,2.0,1.0,3.0,,,2.0,,2.0,,,1.0,,1.0,,,1.0,1.0,,1.0,,3.0,,2.0,23.0,11,47.83,,,,,,,,,,,,,,,,,,,,,,,,,,0,,,,,,,Sudah kerjasama BPJS,,1,1,100.0
3328011,RS Umum Daerah dr. Soeselo Slawi Kabupaten Tegal,RSU,RS Umum,B,Pemkab,RS Publik,Jawa Tengah,Tegal,50.0,2.0,4.0,3.0,3.0,3.0,,,3.0,,4.0,,,3.0,,1.0,,3.0,2.0,2.0,,2.0,,30.0,,15.0,120.0,13,56.52,0.0,0.0,1.0,0.0,1.0,0.0,4.0,0.0,,0.0,0.0,1.0,,0.0,0.0,0.0,,,0.0,,1.0,False,7.0,4.0,75.0,1,,,,Sudah kerjasama BPJS,,Sudah kerjasama BPJS,Sudah kerjasama BPJS,,3,3,100.0
3328035,RS Umum Daerah Suradadi,RSU,RS Umum,C,Pemkab,RS Publik,Jawa Tengah,Tegal,23.0,2.0,3.0,2.0,1.0,2.0,,,2.0,,3.0,,,1.0,,,,,1.0,1.0,,2.0,,7.0,,7.0,51.0,11,47.83,,,,,,,,,,,,,,,,,,,,,,,,,,0,,,,,,,Sudah kerjasama BPJS,,1,1,100.0
3328055,RSI PKU Muhammadiyah Tegal,RSU,RS Umum,C,Swasta Non Profit,RS Publik,Jawa Tengah,Tegal,22.0,3.0,5.0,3.0,3.0,4.0,,,3.0,,5.0,,,3.0,,1.0,,,1.0,2.0,,2.0,,16.0,,9.0,71.0,12,52.17,,,,,,,,,,,,,,,,,,,,,,,,,,0,,,,,,,Sudah kerjasama BPJS,,1,1,100.0
3328078,RS Umum Adella,RSU,RS Umum,D,Swasta,RS Privat,Jawa Tengah,Tegal,13.0,2.0,2.0,1.0,1.0,,,,1.0,,2.0,,,1.0,,,,,1.0,,,2.0,,2.0,,2.0,26.0,9,39.13,,,,,,,,,,,,,,,,,,,,,,,,,,0,,,,,,,,,0,0,
3328079,RS Ibu dan Anak Pala Raya,RSIA,RS Khusus,C,Swasta,RS Privat,Jawa Tengah,Tegal,9.0,,,3.0,4.0,1.0,,,3.0,,,,,4.0,,,,,,1.0,,1.0,,6.0,,3.0,28.0,8,34.78,,,,,,,,,,,,,,,,,,,,,,,,,,0,,,,,,,,,0,0,
3328081,RS Harapan Sehat Slawi,RSU,RS Umum,D,Swasta,RS Privat,Jawa Tengah,Tegal,11.0,1.0,1.0,1.0,,1.0,,,1.0,,1.0,,,,,,,,,1.0,,1.0,,1.0,,,18.0,8,34.78,,,,,,,,,,,,,,,,,,,,,,,,,,0,,,,,,,Sudah kerjasama BPJS,,1,1,100.0
3328082,RS Hawari Essa,RSU,RS Umum,D,Swasta,RS Privat,Jawa Tengah,Tegal,10.0,,2.0,2.0,2.0,1.0,,,2.0,,2.0,,,2.0,,,,,,1.0,,1.0,,1.0,,1.0,21.0,9,39.13,,,,,,,,,,,,,,,,,,,,,,,,,,0,,,,,,,,,0,0,
3328093,RS Mitra Keluarga Slawi,RSU,RS Umum,C,Swasta,RS Privat,Jawa Tengah,Tegal,,,,,,,,,,,,,,,,,,,,,,,,,,,,0,0.0,,,,,,,,,,,,,,,,,,,,,,,,,,0,,,,,,,,,0,0,
3328094,RS Mitra Siaga Tarub,RSU,RS Umum,C,Swasta,RS Privat,Jawa Tengah,Tegal,,,,,,,,,,,,,,,,,,,,,,,,,,,,0,0.0,,,,,,,,,,,,,,,,,,,,,,,,,,0,,,,,,,,,0,0,
3376023,RS Umum  Mitra Siaga,RSU,RS Umum,C,Swasta,RS Privat,Jawa Tengah,Tegal,19.0,3.0,7.0,3.0,4.0,2.0,,,3.0,,7.0,,,4.0,,1.0,,1.0,1.0,1.0,,2.0,,12.0,,8.0,64.0,13,56.52,,,,,,,,,,,,,,,,,,,,,,,,,,0,,,,,,,Sudah kerjasama BPJS,,1,1,100.0
3376034,RS Umum Tk. IV Tegal,RSU,RS Umum,D,TNI,RS Publik,Jawa Tengah,Tegal,12.0,1.0,1.0,1.0,1.0,,,,1.0,,1.0,,,1.0,,1.0,,,,,,,,3.0,,2.0,22.0,8,34.78,,,,,,,,,,,,,,,,,,,,,,,,,,0,,,,,,,,,0,0,
3329012,RS Umum Daerah Brebes,RSU,RS Umum,B,Pemkab,RS Publik,Jawa Tengah,Brebes,31.0,3.0,3.0,4.0,2.0,2.0,,,4.0,,3.0,,,2.0,,2.0,,1.0,1.0,2.0,,2.0,,26.0,,15.0,94.0,13,56.52,0.0,0.0,1.0,0.0,1.0,0.0,4.0,0.0,,1.0,1.0,1.0,,0.0,1.0,0.0,,,0.0,,1.0,False,10.0,7.0,75.0,1,,,,Sudah kerjasama BPJS,Sudah kerjasama BPJS,Sudah kerjasama BPJS,Sudah kerjasama BPJS,,4,4,100.0
3329045,RS Umum Siti Asiyah,RSU,RS Umum,D,Swasta Non Profit,RS Publik,Jawa Tengah,Brebes,8.0,1.0,1.0,,1.0,1.0,,,,,1.0,,,1.0,,,,,,,,1.0,,1.0,,2.0,16.0,8,34.78,,,,,,,,,,,,,,,,,,,,,,,,,,0,,,,,,,,,0,0,
3329056,RS Umum Muhammadiyah Siti Aminah,RSU,RS Umum,C,Swasta Non Profit,RS Publik,Jawa Tengah,Brebes,16.0,3.0,4.0,2.0,1.0,4.0,,,2.0,,4.0,,,1.0,,1.0,,,1.0,1.0,,2.0,,14.0,1.0,7.0,57.0,13,56.52,,,,,,,,,,,,,,,,,,,,,,,,,,0,,,,Sudah kerjasama BPJS,,,,,1,1,100.0
3329067,RS Umum Dedy Jaya,RSU,RS Umum,D,Swasta,RS Privat,Jawa Tengah,Brebes,3.0,2.0,2.0,2.0,,,,,2.0,,2.0,,,,,1.0,,,,,,,,3.0,,1.0,14.0,7,30.43,,,,,,,,,,,,,,,,,,,,,,,,,,0,,,,,,,Sudah kerjasama BPJS,,1,1,100.0
3329078,RS Umum Bhakti Asih Brebes,RSU,RS Umum,C,Swasta,RS Privat,Jawa Tengah,Brebes,32.0,4.0,3.0,6.0,3.0,3.0,,,6.0,,3.0,,,3.0,,2.0,,1.0,1.0,2.0,,2.0,,11.0,,6.0,76.0,13,56.52,,,,,,,,,,,,,,,,,,,,,,,,,,0,,,,,,Sudah kerjasama BPJS,Sudah kerjasama BPJS,,2,2,100.0
3329101,RS Umum Dera As-Syifa,RSU,RS Umum,D,Swasta,RS Privat,Jawa Tengah,Brebes,11.0,1.0,3.0,,2.0,2.0,,,,,3.0,,,2.0,,,,,1.0,1.0,,1.0,,4.0,,2.0,28.0,10,43.48,,,,,,,,,,,,,,,,,,,,,,,,,,0,,,,,,,,,0,0,
3329102,RS Umum Daerah Bumiayu,RSU,RS Umum,D,Pemkab,RS Publik,Jawa Tengah,Brebes,10.0,2.0,3.0,1.0,1.0,2.0,,,1.0,,3.0,,,1.0,,,,,1.0,1.0,,1.0,,10.0,,5.0,37.0,11,47.83,,,,,,,,,,,,,,,,,,,,,,,,,,0,,,,,,,,,0,0,
3329103,RS Umum Islami Mutiara Bunda,RSU,RS Umum,C,Swasta,RS Privat,Jawa Tengah,Brebes,12.0,,1.0,6.0,2.0,3.0,,,6.0,,1.0,,,2.0,,1.0,,,1.0,1.0,,2.0,,13.0,,5.0,47.0,11,47.83,,,,,,,,,,,,,,,,,,,,,,,,,,0,,,,,,,Sudah kerjasama BPJS,,1,1,100.0
3329105,RS Ibu dan Anak Permata Insani,RSIA,RS Khusus,C,Swasta,RS Privat,Jawa Tengah,Brebes,8.0,,,3.0,3.0,,,,3.0,,,,,3.0,,,,,,1.0,,1.0,,2.0,,2.0,20.0,7,30.43,,,,,,,,,,,,,,,,,,,,,,,,,,0,,,,,,,,,0,0,
3329108,RS Umum Alam Medica ,RSU,RS Umum,D,Swasta,RS Privat,Jawa Tengah,Brebes,12.0,3.0,3.0,2.0,2.0,2.0,,,2.0,,3.0,,,2.0,,,,,,1.0,,1.0,,9.0,,3.0,38.0,10,43.48,,,,,,,,,,,,,,,,,,,,,,,,,,0,,,,,,,,,0,0,
3329109,RS Umum Amanah Mahmudah,RSU,RS Umum,D,Swasta,RS Privat,Jawa Tengah,Brebes,7.0,1.0,2.0,2.0,2.0,2.0,,,2.0,,2.0,,,2.0,,,,,1.0,1.0,,1.0,,4.0,,2.0,25.0,11,47.83,,,,,,,,,,,,,,,,,,,,,,,,,,0,,,,,,,,,0,0,
3329112,RS Harapan Sehat Jatibarang,RSU,RS Umum,D,Swasta,RS Privat,Jawa Tengah,Brebes,8.0,1.0,2.0,2.0,2.0,1.0,,,2.0,,2.0,,,2.0,,,,,1.0,1.0,,,,3.0,,2.0,23.0,10,43.48,,,,,,,,,,,,,,,,,,,,,,,,,,0,,,,,,,,,0,0,
3329113,RS Harapan Sehat Bumiayu,RSU,RS Umum,D,Swasta,RS Privat,Jawa Tengah,Brebes,3.0,1.0,1.0,1.0,,1.0,,,1.0,,1.0,,,,,,,,,1.0,,1.0,,3.0,,,12.0,8,34.78,,,,,,,,,,,,,,,,,,,,,,,,,,0,,,,,,,,,0,0,
3329114,RS Umum Bhakti Asih Jatibarang,RSU,RS Umum,C,Swasta,RS Privat,Jawa Tengah,Brebes,9.0,2.0,3.0,1.0,1.0,1.0,,,1.0,,3.0,,,1.0,,1.0,,,,1.0,,1.0,,4.0,,2.0,26.0,11,47.83,,,,,,,,,,,,,,,,,,,,,,,,,,0,,,,,,,Sudah kerjasama BPJS,,1,1,100.0
3329125,RS Umum Daerah Ir. Soekarno Kab. Brebes,RSU,RS Umum,D,Pemkab,RS Publik,Jawa Tengah,Brebes,6.0,1.0,1.0,,1.0,,,,,,1.0,,,1.0,,,,,,,,,,2.0,,2.0,13.0,6,26.09,,,,,,,,,,,,,,,,,,,,,,,,,,0,,,,,,,,,0,0,
3371014,RS Umum Daerah Tidar,RSU,RS Umum,B,Pemkot,RS Publik,Jawa Tengah,Kota Magelang,31.0,30.0,6.0,5.0,4.0,5.0,1.0,,5.0,,6.0,,,4.0,,2.0,,1.0,2.0,3.0,,3.0,,26.0,1.0,18.0,138.0,15,65.22,0.0,1.0,0.0,0.0,0.0,0.0,4.0,0.0,,1.0,0.0,1.0,,3.0,1.0,0.0,,,0.0,,1.0,False,11.0,6.0,75.0,1,Sudah kerjasama BPJS,,Sudah kerjasama BPJS,,Sudah kerjasama BPJS,Sudah kerjasama BPJS,Sudah kerjasama BPJS,,5,5,100.0
3371025,RS Umum Tk. II Dr. Soedjono,RSU,RS Umum,B,TNI,RS Publik,Jawa Tengah,Kota Magelang,20.0,4.0,3.0,3.0,1.0,2.0,,2.0,3.0,,3.0,,,1.0,,2.0,,1.0,1.0,2.0,,2.0,,6.0,,5.0,54.0,14,60.87,,,,,,,,,,,,,,,,,,,,,,,,,,0,Sudah kerjasama BPJS,,Sudah kerjasama BPJS,,,Sudah kerjasama BPJS,Sudah kerjasama BPJS,,4,4,100.0
3371040,RS Jiwa Prof. Dr. Soerojo,RSK Jiwa,RS Khusus,A,Kemkes,RS Publik,Jawa Tengah,Kota Magelang,15.0,3.0,3.0,2.0,3.0,2.0,,,2.0,,3.0,,,3.0,,,,1.0,1.0,1.0,,2.0,,16.0,,10.0,59.0,12,52.17,,,,,,,,,,,,,,,,,,,,,,,,,,0,,,,Sudah kerjasama BPJS,,,Sudah kerjasama BPJS,,2,2,100.0
3371084,RS Umum Lestari Raharja,RSU,RS Umum,D,Swasta Non Profit,RS Publik,Jawa Tengah,Kota Magelang,12.0,2.0,4.0,,2.0,3.0,,,,,4.0,,,2.0,,1.0,,,,1.0,,2.0,,5.0,,4.0,36.0,10,43.48,,,,,,,,,,,,,,,,,,,,,,,,,,0,,,,,,,,,0,0,
3371105,RS Ibu dan Anak Gladiool,RSIA,RS Khusus,C,Swasta Non Profit,RS Publik,Jawa Tengah,Kota Magelang,14.0,1.0,2.0,4.0,2.0,1.0,,,4.0,,2.0,,,2.0,,,,,1.0,,,2.0,,3.0,,,30.0,9,39.13,,,,,,,,,,,,,,,,,,,,,,,,,,0,,,,,,,,,0,0,
3371131,RS Umum Harapan,RSU,RS Umum,C,Swasta,RS Privat,Jawa Tengah,Kota Magelang,19.0,2.0,4.0,2.0,4.0,3.0,,,2.0,,4.0,,,4.0,,2.0,,,1.0,3.0,,3.0,,10.0,,7.0,60.0,12,52.17,,,,,,,,,,,,,,,,,,,,,,,,,,0,,,,,,,Sudah kerjasama BPJS,,1,1,100.0
3371142,RS Umum Islam Magelang,RSU,RS Umum,D,Swasta Non Profit,RS Publik,Jawa Tengah,Kota Magelang,18.0,,4.0,3.0,2.0,2.0,,,3.0,,4.0,,,2.0,,,,,1.0,1.0,,3.0,,5.0,,3.0,42.0,10,43.48,,,,,,,,,,,,,,,,,,,,,,,,,,0,,,,,,,Sudah kerjasama BPJS,,1,1,100.0
3371144,RS Umum Daerah Budi Rahayu,RSU,RS Umum,D,Pemkot,RS Publik,Jawa Tengah,Kota Magelang,12.0,1.0,2.0,1.0,2.0,1.0,,,1.0,,2.0,,,2.0,,,,,1.0,1.0,,3.0,,3.0,,2.0,29.0,11,47.83,,,,,,,,,,,,,,,,,,,,,,,,,,0,,,,,,,Sudah kerjasama BPJS,,1,1,100.0
3372015,RS Umum Daerah Dr. Moewardi Surakarta,RSU,RS Umum,A,Pemprop,RS Publik,Jawa Tengah,Kota Surakarta,19.0,1.0,29.0,18.0,26.0,2.0,1.0,4.0,18.0,,29.0,,,26.0,,6.0,,3.0,6.0,7.0,2.0,12.0,2.0,72.0,4.0,29.0,243.0,18,78.26,1.0,1.0,2.0,1.0,1.0,0.0,4.0,1.0,,1.0,1.0,1.0,1.0,1.0,1.0,0.0,,,1.0,,1.0,False,18.0,14.0,80.0,1,Sudah kerjasama BPJS,,Belum kerjasama BPJS,Sudah kerjasama BPJS,Sudah kerjasama BPJS,Sudah kerjasama BPJS,Sudah kerjasama BPJS,Belum kerjasama BPJS,7,5,71.43
3372026,RS Umum Dr. Oen,RSU,RS Umum,B,Swasta Non Profit,RS Publik,Jawa Tengah,Kota Surakarta,38.0,2.0,10.0,7.0,6.0,5.0,,,7.0,,10.0,,,6.0,,2.0,,2.0,2.0,2.0,,6.0,,24.0,,12.0,118.0,13,56.52,,,,,,,,,,,,,,,,,,,,,,,,,,0,Belum kerjasama BPJS,,Belum kerjasama BPJS,Sudah kerjasama BPJS,Sudah kerjasama BPJS,Sudah kerjasama BPJS,Sudah kerjasama BPJS,,6,4,66.67
3372030,RS Umum Tk III Slamet Riyadi Surakarta,RSU,RS Umum,C,TNI,RS Publik,Jawa Tengah,Kota Surakarta,19.0,2.0,4.0,3.0,2.0,3.0,,,3.0,,4.0,,,2.0,,2.0,,,1.0,3.0,,4.0,,12.0,,7.0,62.0,12,52.17,,,,,,,,,,,,,,,,,,,,,,,,,,0,,,,,,,Sudah kerjasama BPJS,,1,1,100.0
3372041,RS Umum Brayat Minulya,RSU,RS Umum,C,Swasta Non Profit,RS Publik,Jawa Tengah,Kota Surakarta,13.0,1.0,5.0,4.0,3.0,4.0,,,4.0,,5.0,,,3.0,,3.0,,,1.0,2.0,,5.0,,12.0,1.0,4.0,58.0,13,56.52,,,,,,,,,,,,,,,,,,,,,,,,,,0,,,,Sudah kerjasama BPJS,,,Sudah kerjasama BPJS,,2,2,100.0
3372052,RS Jiwa Daerah Surakarta,RSK Jiwa,RS Khusus,A,Pemprop,RS Publik,Jawa Tengah,Kota Surakarta,12.0,2.0,1.0,,,,,,,,1.0,,,,,,,,1.0,1.0,,1.0,,14.0,,7.0,39.0,8,34.78,,,,,,,,,,,,,,,,,,,,,,,,,,0,,,,,,,Sudah kerjasama BPJS,,1,1,100.0
3372074,RS Umum Panti Waluyo,RSU,RS Umum,C,Swasta Non Profit,RS Publik,Jawa Tengah,Kota Surakarta,19.0,4.0,5.0,3.0,3.0,4.0,,,3.0,,5.0,,,3.0,,2.0,,,,2.0,,4.0,,20.0,,6.0,72.0,11,47.83,,,,,,,,,,,,,,,,,,,,,,,,,,0,,,,Sudah kerjasama BPJS,,,Sudah kerjasama BPJS,,2,2,100.0
3372096,RS PKU Muhammadiyah Surakarta,RSU,RS Umum,B,Swasta Non Profit,RS Publik,Jawa Tengah,Kota Surakarta,37.0,3.0,7.0,9.0,9.0,5.0,,,9.0,,7.0,,,9.0,,5.0,,3.0,2.0,3.0,1.0,6.0,,21.0,1.0,23.0,135.0,15,65.22,,,,,,,,,,,,,,,,,,,,,,,,,,0,Belum kerjasama BPJS,,Belum kerjasama BPJS,Sudah kerjasama BPJS,Sudah kerjasama BPJS,Sudah kerjasama BPJS,Sudah kerjasama BPJS,,6,4,66.67
3372132,RS Umum Islam Kustati,RSU,RS Umum,C,Swasta Non Profit,RS Publik,Jawa Tengah,Kota Surakarta,18.0,,7.0,4.0,7.0,3.0,,,4.0,,7.0,,,7.0,,2.0,,,1.0,4.0,,4.0,,18.0,1.0,14.0,83.0,12,52.17,,,,,,,,,,,,,,,,,,,,,,,,,,0,Belum kerjasama BPJS,,,,,,Sudah kerjasama BPJS,,2,1,50.0
3372165,RS Umum Kasih Ibu,RSU,RS Umum,B,Swasta,RS Privat,Jawa Tengah,Kota Surakarta,33.0,4.0,6.0,4.0,7.0,3.0,,2.0,4.0,1.0,6.0,1.0,1.0,7.0,,2.0,,2.0,1.0,4.0,,5.0,,24.0,1.0,11.0,112.0,18,78.26,,,,,,,,,,,,,,,,,,,,,,,,,,0,Belum kerjasama BPJS,Sudah kerjasama BPJS,Belum kerjasama BPJS,Sudah kerjasama BPJS,Sudah kerjasama BPJS,Sudah kerjasama BPJS,Sudah kerjasama BPJS,,7,5,71.43
3372191,RS Umum Triharsi,RSU,RS Umum,C,Swasta Non Profit,RS Publik,Jawa Tengah,Kota Surakarta,10.0,1.0,3.0,3.0,4.0,3.0,,,3.0,,3.0,,,4.0,,2.0,,,1.0,3.0,,3.0,,9.0,,4.0,46.0,12,52.17,,,,,,,,,,,,,,,,,,,,,,,,,,0,,,,,,,Sudah kerjasama BPJS,,1,1,100.0
3372201,RS Umum Pusat Surakarta,RSU,RS Umum,C,Kemkes,RS Publik,Jawa Tengah,Kota Surakarta,19.0,1.0,3.0,2.0,1.0,2.0,,,2.0,,3.0,,,1.0,,3.0,,,1.0,1.0,,4.0,,16.0,,8.0,61.0,12,52.17,0.0,1.0,0.0,0.0,0.0,0.0,4.0,0.0,,0.0,0.0,1.0,,0.0,0.0,0.0,,,0.0,,1.0,False,6.0,3.0,75.0,1,,,,Sudah kerjasama BPJS,Sudah kerjasama BPJS,,,,2,2,100.0
3372234,RS Umum Daerah Ibu Fatmawati Soekarno,RSU,RS Umum,C,Pemkot,RS Publik,Jawa Tengah,Kota Surakarta,13.0,3.0,4.0,3.0,3.0,2.0,,,3.0,,4.0,,,3.0,,1.0,,,2.0,1.0,,2.0,,22.0,,11.0,67.0,12,52.17,0.0,0.0,0.0,1.0,0.0,1.0,0.0,0.0,0.0,0.0,0.0,0.0,,1.0,1.0,0.0,0.0,0.0,0.0,1.0,1.0,False,5.0,5.0,95.0,1,,,,,,,Sudah kerjasama BPJS,,1,1,100.0
3372235,RS Khusus Mata Solo,RSK Mata,RS Khusus,C,Swasta,RS Privat,Jawa Tengah,Kota Surakarta,4.0,,,,,,,,,,,,,,,,,,,,,1.0,,3.0,,,8.0,3,13.04,,,,,,,,,,,,,,,,,,,,,,,,,,0,,,,,,,,,0,0,
3372236,RS Umum Hermina Solo,RSU,RS Umum,C,Swasta,RS Privat,Jawa Tengah,Kota Surakarta,27.0,4.0,7.0,4.0,8.0,3.0,,,4.0,,7.0,,,8.0,,3.0,,1.0,1.0,2.0,,2.0,,10.0,,5.0,77.0,13,56.52,,,,,,,,,,,,,,,,,,,,,,,,,,0,,,,,,Sudah kerjasama BPJS,Sudah kerjasama BPJS,,2,2,100.0
3372238,RS PKU Muhammadiyah Sampangan Surakarta,RSU,RS Umum,D,Swasta Non Profit,RS Publik,Jawa Tengah,Kota Surakarta,,,,,,,,,,,,,,,,,,,,,,,,,,,,0,0.0,,,,,,,,,,,,,,,,,,,,,,,,,,0,,,,,,,,,0,0,
3372239,RS Gigi dan Mulut Soelastri,RSK GM,RS Khusus,C,Swasta,RS Privat,Jawa Tengah,Kota Surakarta,2.0,16.0,1.0,,,,,,,,1.0,,,,,,,,,,,1.0,,1.0,,2.0,23.0,6,26.09,,,,,,,,,,,,,,,,,,,,,,,,,,0,,,,,,,,,0,0,
3372240,RS Umum Daerah Bung Karno Kota Surakarta,RSU,RS Umum,C,Pemkot,RS Publik,Jawa Tengah,Kota Surakarta,14.0,2.0,2.0,2.0,2.0,2.0,,,2.0,,2.0,,,2.0,,1.0,,,1.0,1.0,,2.0,,15.0,1.0,6.0,51.0,13,56.52,0.0,0.0,0.0,1.0,0.0,1.0,0.0,0.0,0.0,0.0,0.0,0.0,,0.0,1.0,0.0,0.0,0.0,0.0,5.0,1.0,False,8.0,4.0,95.0,1,,,,,,,Sudah kerjasama BPJS,,1,1,100.0
3372241,RS JIH Solo,RSU,RS Umum,C,Swasta,RS Privat,Jawa Tengah,Kota Surakarta,19.0,5.0,7.0,11.0,8.0,3.0,,,11.0,1.0,7.0,,,8.0,,3.0,,,1.0,3.0,,2.0,,16.0,,12.0,91.0,13,56.52,,,,,,,,,,,,,,,,,,,,,,,,,,0,,,,,,,,,0,0,
3372242,RS Onkologi Solo,RSK KANKER,RS Khusus,C,Swasta,RS Privat,Jawa Tengah,Kota Surakarta,7.0,,1.0,,1.0,2.0,,,,1.0,1.0,,,1.0,,1.0,,,1.0,1.0,,1.0,,2.0,,2.0,20.0,11,47.83,,,,,,,,,,,,,,,,,,,,,,,,,,0,,,,,,,,,0,0,
3372253,RS Bhayangkara Surakarta,RSU,RS Umum,D,POLRI,RS Publik,Jawa Tengah,Kota Surakarta,6.0,2.0,2.0,,1.0,1.0,,,,,2.0,,,1.0,,,,,,,,2.0,,,,,14.0,6,26.09,,,,,,,,,,,,,,,,,,,,,,,,,,0,,,,,,,,,0,0,
3373016,RS Umum Daerah Kota Salatiga,RSU,RS Umum,B,Pemkot,RS Publik,Jawa Tengah,Kota Salatiga,22.0,5.0,4.0,3.0,4.0,4.0,,,3.0,,4.0,,,4.0,,1.0,,1.0,2.0,3.0,,2.0,,17.0,1.0,11.0,80.0,14,60.87,0.0,1.0,0.0,1.0,0.0,1.0,1.0,0.0,0.0,0.0,0.0,1.0,,0.0,1.0,0.0,1.0,0.0,0.0,1.0,1.0,False,8.0,8.0,95.0,1,,,,,Sudah kerjasama BPJS,,Sudah kerjasama BPJS,,2,2,100.0
3373020,RS Umum Tk. IV 04.07.03 dr. Asmir,RSU,RS Umum,C,TNI,RS Publik,Jawa Tengah,Kota Salatiga,20.0,5.0,3.0,3.0,2.0,2.0,,,3.0,,3.0,,,2.0,,2.0,,,3.0,1.0,,2.0,,12.0,,9.0,64.0,12,52.17,,,,,,,,,,,,,,,,,,,,,,,,,,0,,,,,,,Sudah kerjasama BPJS,,1,1,100.0
3373042,RS Paru Dr. Ario Wirawan,RSK PARU,RS Khusus,A,Kemkes,RS Publik,Jawa Tengah,Kota Salatiga,16.0,,3.0,,2.0,2.0,,,,,3.0,,,2.0,,4.0,,1.0,1.0,1.0,,1.0,,18.0,1.0,14.0,64.0,12,52.17,,,,,,,,,,,,,,,,,,,,,,,,,,0,Sudah kerjasama BPJS,,Sudah kerjasama BPJS,Sudah kerjasama BPJS,Sudah kerjasama BPJS,Sudah kerjasama BPJS,,,5,5,100.0
3373090,RS Umum Puri Asih,RSU,RS Umum,C,Swasta,RS Privat,Jawa Tengah,Kota Salatiga,15.0,2.0,5.0,3.0,2.0,3.0,,,3.0,,5.0,,,2.0,,2.0,,,1.0,1.0,,3.0,,6.0,,4.0,47.0,12,52.17,,,,,,,,,,,,,,,,,,,,,,,,,,0,,,,,,,Sudah kerjasama BPJS,,1,1,100.0
3373091,RS Umum Sejahtera Bhakti,RSU,RS Umum,D,Swasta,RS Privat,Jawa Tengah,Kota Salatiga,3.0,1.0,1.0,,,1.0,,,,,1.0,,,,,,,,,,,,,,,,6.0,4,17.39,,,,,,,,,,,,,,,,,,,,,,,,,,0,,,,,,,,,0,0,
3373092,RS Ibu dan Anak Hermina Mutiara Bunda,RSIA,RS Khusus,C,Swasta,RS Privat,Jawa Tengah,Kota Salatiga,9.0,1.0,4.0,5.0,4.0,2.0,,,5.0,,4.0,,,4.0,,1.0,,,1.0,,,4.0,,4.0,,2.0,37.0,11,47.83,,,,,,,,,,,,,,,,,,,,,,,,,,0,,,,,,,,,0,0,
3322072,RS Ibu dan Anak Plamongan Indah,RSIA,RS Khusus,C,Swasta,RS Privat,Jawa Tengah,Kota Semarang,4.0,,1.0,3.0,2.0,,,,3.0,,1.0,,,2.0,,,,,1.0,1.0,,2.0,,,,,14.0,7,30.43,,,,,,,,,,,,,,,,,,,,,,,,,,0,,,,,,,Sudah kerjasama BPJS,,1,1,100.0
3374010,RS Umum Pusat Dr. Kariadi,RSU,RS Umum,A,Kemkes,RS Publik,Jawa Tengah,Kota Semarang,289.0,5.0,50.0,24.0,34.0,20.0,,,24.0,,50.0,,,34.0,,1.0,,9.0,9.0,13.0,4.0,22.0,2.0,105.0,10.0,70.0,667.0,16,69.57,1.0,2.0,0.0,2.0,2.0,0.0,4.0,1.0,,1.0,3.0,1.0,,3.0,1.0,0.0,,,1.0,,1.0,False,22.0,12.0,75.0,1,Sudah kerjasama BPJS,,Sudah kerjasama BPJS,Sudah kerjasama BPJS,Sudah kerjasama BPJS,Sudah kerjasama BPJS,Sudah kerjasama BPJS,Belum kerjasama BPJS,7,6,85.71
3374021,RS Umum St. Elisabeth Semarang,RSU,RS Umum,B,Swasta Non Profit,RS Publik,Jawa Tengah,Kota Semarang,38.0,4.0,7.0,5.0,5.0,5.0,4.0,3.0,5.0,1.0,7.0,2.0,2.0,5.0,1.0,3.0,,1.0,2.0,4.0,1.0,8.0,,35.0,1.0,13.0,145.0,21,91.3,,,,,,,,,,,,,,,,,,,,,,,,,,0,Belum kerjasama BPJS,,Belum kerjasama BPJS,,Sudah kerjasama BPJS,Sudah kerjasama BPJS,Sudah kerjasama BPJS,,5,3,60.0
3374032,RS Umum William Booth,RSU,RS Umum,C,Swasta Non Profit,RS Publik,Jawa Tengah,Kota Semarang,7.0,4.0,5.0,2.0,2.0,3.0,,,2.0,,5.0,,,2.0,,,,,1.0,1.0,,2.0,,8.0,,4.0,39.0,11,47.83,,,,,,,,,,,,,,,,,,,,,,,,,,0,,,,,,,,,0,0,
3374043,RS Umum Telogorejo Semarang,RSU,RS Umum,B,Swasta Non Profit,RS Publik,Jawa Tengah,Kota Semarang,33.0,5.0,25.0,14.0,12.0,7.0,,,14.0,,25.0,,,12.0,,5.0,,2.0,1.0,3.0,,9.0,,33.0,2.0,18.0,169.0,14,60.87,,,,,,,,,,,,,,,,,,,,,,,,,,0,Belum kerjasama BPJS,Belum kerjasama BPJS,Sudah kerjasama BPJS,Sudah kerjasama BPJS,Sudah kerjasama BPJS,Sudah kerjasama BPJS,Sudah kerjasama BPJS,,7,5,71.43
3374054,RS Umum Permata Medika ,RSU,RS Umum,C,Swasta,RS Privat,Jawa Tengah,Kota Semarang,20.0,4.0,5.0,7.0,5.0,5.0,,,7.0,,5.0,,,5.0,,1.0,,,2.0,2.0,,3.0,,1.0,,6.0,61.0,12,52.17,,,,,,,,,,,,,,,,,,,,,,,,,,0,,,,,,,Sudah kerjasama BPJS,,1,1,100.0
3374065,RS Umum Tk.III Bhakti Wira Tamtama Smg,RSU,RS Umum,C,TNI,RS Publik,Jawa Tengah,Kota Semarang,50.0,3.0,4.0,4.0,3.0,2.0,,,4.0,,4.0,,,3.0,,,,,1.0,3.0,,5.0,,12.0,,7.0,94.0,11,47.83,,,,,,,,,,,,,,,,,,,,,,,,,,0,,,,,,,Sudah kerjasama BPJS,,1,1,100.0
3374076,RS Umum Sultan Agung Semarang,RSU,RS Umum,B,Swasta Non Profit,RS Publik,Jawa Tengah,Kota Semarang,33.0,3.0,9.0,10.0,5.0,7.0,,1.0,10.0,,9.0,,,5.0,,2.0,,2.0,1.0,4.0,1.0,8.0,,26.0,1.0,7.0,120.0,16,69.57,,,,,,,,,,,,,,,,,,,,,,,,,,0,Belum kerjasama BPJS,,Belum kerjasama BPJS,Sudah kerjasama BPJS,,Sudah kerjasama BPJS,Sudah kerjasama BPJS,,5,3,60.0
3374080,RS Roemani Muhammadiyah Semarang,RSU,RS Umum,C,Swasta Non Profit,RS Publik,Jawa Tengah,Kota Semarang,31.0,3.0,14.0,9.0,12.0,6.0,,,9.0,,14.0,,,12.0,,1.0,,1.0,2.0,3.0,,8.0,,19.0,1.0,11.0,121.0,14,60.87,,,,,,,,,,,,,,,,,,,,,,,,,,0,,,,,,Sudah kerjasama BPJS,Sudah kerjasama BPJS,,2,2,100.0
3374091,RS Umum Bhayangkara Semarang ,RSU,RS Umum,C,POLRI,RS Publik,Jawa Tengah,Kota Semarang,22.0,2.0,7.0,,4.0,2.0,,,,,7.0,,,4.0,,1.0,,,,2.0,,,,15.0,1.0,9.0,65.0,10,43.48,,,,,,,,,,,,,,,,,,,,,,,,,,0,,,,,,,Sudah kerjasama BPJS,,1,1,100.0
3374112,RS Umum Panti Wilasa Citarum,RSU,RS Umum,C,Swasta Non Profit,RS Publik,Jawa Tengah,Kota Semarang,48.0,5.0,12.0,7.0,8.0,5.0,2.0,,7.0,,12.0,,,8.0,,1.0,,,1.0,2.0,,7.0,,13.0,,7.0,118.0,13,56.52,,,,,,,,,,,,,,,,,,,,,,,,,,0,Belum kerjasama BPJS,,,,,,Sudah kerjasama BPJS,,2,1,50.0
3374123,RS Jiwa Daerah  Dr. Amino Gondohutomo,RSK Jiwa,RS Khusus,A,Pemprop,RS Publik,Jawa Tengah,Kota Semarang,27.0,3.0,1.0,3.0,2.0,1.0,,,3.0,,1.0,,,2.0,,,,,1.0,1.0,,4.0,,13.0,,7.0,63.0,11,47.83,,,,,,,,,,,,,,,,,,,,,,,,,,0,,,,,,,Sudah kerjasama BPJS,,1,1,100.0
3374134,RS Umum Daerah Tugurejo Semarang,RSU,RS Umum,B,Pemprop,RS Publik,Jawa Tengah,Kota Semarang,30.0,4.0,7.0,5.0,6.0,5.0,1.0,2.0,5.0,,7.0,,,6.0,,1.0,,2.0,1.0,3.0,2.0,4.0,,35.0,3.0,18.0,129.0,17,73.91,,,,,,,,,,,,,,,,,,,,,,,,,,0,Sudah kerjasama BPJS,,Sudah kerjasama BPJS,Sudah kerjasama BPJS,,Sudah kerjasama BPJS,Sudah kerjasama BPJS,,5,5,100.0
3374145,RS Umum Hermina Pandanaran,RSU,RS Umum,C,Swasta,RS Privat,Jawa Tengah,Kota Semarang,14.0,5.0,7.0,11.0,16.0,3.0,1.0,1.0,11.0,,7.0,,,16.0,,1.0,,1.0,1.0,3.0,,5.0,,14.0,1.0,7.0,91.0,16,69.57,,,,,,,,,,,,,,,,,,,,,,,,,,0,Belum kerjasama BPJS,,Sudah kerjasama BPJS,,,Sudah kerjasama BPJS,Sudah kerjasama BPJS,,4,3,75.0
3374203,RS Umum Bhayangkara Akpol Semarang ,RSU,RS Umum,C,POLRI,RS Publik,Jawa Tengah,Kota Semarang,13.0,1.0,1.0,,,2.0,,,,,1.0,,,,,,,,,,,2.0,,1.0,,,20.0,6,26.09,,,,,,,,,,,,,,,,,,,,,,,,,,0,,,,,,,Sudah kerjasama BPJS,,1,1,100.0
3374240,RS Panti Wilasa ,RSU,RS Umum,C,Swasta Non Profit,RS Publik,Jawa Tengah,Kota Semarang,21.0,5.0,9.0,11.0,5.0,3.0,3.0,,11.0,,9.0,1.0,1.0,5.0,,2.0,,1.0,1.0,3.0,,6.0,,20.0,1.0,8.0,101.0,17,73.91,,,,,,,,,,,,,,,,,,,,,,,,,,0,,,,,,,Sudah kerjasama BPJS,,1,1,100.0
3374273,RS Ibu dan Anak Anugerah,RSIA,RS Khusus,C,Swasta,RS Privat,Jawa Tengah,Kota Semarang,4.0,,2.0,2.0,3.0,2.0,,,2.0,,2.0,,,3.0,,,,,,1.0,,1.0,,,,,15.0,7,30.43,,,,,,,,,,,,,,,,,,,,,,,,,,0,,,,,,,,,0,0,
3374284,RS Ibu dan Anak Bunda Semarang,RSIA,RS Khusus,C,Swasta Non Profit,RS Publik,Jawa Tengah,Kota Semarang,6.0,,1.0,9.0,4.0,,,,9.0,,1.0,,,4.0,,,,,,,,4.0,,4.0,,,28.0,6,26.09,,,,,,,,,,,,,,,,,,,,,,,,,,0,,,,,,,,,0,0,
3374316,RS Ibu dan Anak Gunung Sawo,RSIA,RS Khusus,C,Swasta Non Profit,RS Publik,Jawa Tengah,Kota Semarang,5.0,,1.0,6.0,5.0,,,,6.0,,1.0,,,5.0,,,,,1.0,1.0,,3.0,,4.0,,1.0,27.0,9,39.13,,,,,,,,,,,,,,,,,,,,,,,,,,0,,,,,,,,,0,0,
3374331,RS Umum Banyumanik,RSU,RS Umum,D,Swasta,RS Privat,Jawa Tengah,Kota Semarang,10.0,1.0,2.0,3.0,2.0,2.0,,,3.0,,2.0,,,2.0,,,,,1.0,1.0,,3.0,,7.0,,2.0,34.0,11,47.83,,,,,,,,,,,,,,,,,,,,,,,,,,0,,,,,,,Sudah kerjasama BPJS,,1,1,100.0
3374342,RS Daerah KRMT Wongsonegoro,RSU,RS Umum,B,Pemkot,RS Publik,Jawa Tengah,Kota Semarang,45.0,3.0,11.0,4.0,8.0,3.0,1.0,,4.0,,11.0,,,8.0,,2.0,,1.0,1.0,4.0,,9.0,,35.0,1.0,15.0,143.0,15,65.22,0.0,1.0,0.0,0.0,0.0,0.0,4.0,0.0,,0.0,0.0,1.0,,0.0,1.0,0.0,,,0.0,,1.0,False,7.0,4.0,75.0,1,Sudah kerjasama BPJS,,Sudah kerjasama BPJS,Sudah kerjasama BPJS,Sudah kerjasama BPJS,Sudah kerjasama BPJS,Sudah kerjasama BPJS,,6,6,100.0
3374353,RS Ibu dan Anak Kusuma Pradja,RSIA,RS Khusus,C,Swasta,RS Privat,Jawa Tengah,Kota Semarang,7.0,,,5.0,4.0,,,,5.0,,,,,4.0,,,,,,1.0,,3.0,,3.0,,,23.0,6,26.09,,,,,,,,,,,,,,,,,,,,,,,,,,0,,,,,,,,,0,0,
3374365,RS Umum Hermina Banyumanik Semarang,RSU,RS Umum,C,Swasta,RS Privat,Jawa Tengah,Kota Semarang,23.0,3.0,8.0,9.0,11.0,5.0,1.0,1.0,9.0,,8.0,,,11.0,,1.0,,,1.0,3.0,,7.0,,8.0,,5.0,86.0,14,60.87,,,,,,,,,,,,,,,,,,,,,,,,,,0,Belum kerjasama BPJS,,,,,,Sudah kerjasama BPJS,,2,1,50.0
3374366,RS Khusus Bedah Columbia Asia Semarang,RSK BEDAH,RS Khusus,A,Swasta,RS Privat,Jawa Tengah,Kota Semarang,17.0,3.0,10.0,4.0,9.0,4.0,2.0,1.0,4.0,,10.0,,1.0,9.0,,3.0,,2.0,1.0,2.0,,7.0,,10.0,1.0,9.0,86.0,17,73.91,,,,,,,,,,,,,,,,,,,,,,,,,,0,Belum kerjasama BPJS,,,,,Sudah kerjasama BPJS,Sudah kerjasama BPJS,,3,2,66.67
3374367,RS Umum Nasional Diponegoro,RSU,RS Umum,C,Kementerian Lain,RS Publik,Jawa Tengah,Kota Semarang,27.0,3.0,10.0,4.0,12.0,5.0,,2.0,4.0,,10.0,,,12.0,,,,1.0,3.0,5.0,,4.0,,13.0,1.0,6.0,96.0,14,60.87,,,,,,,,,,,,,,,,,,,,,,,,,,0,Sudah kerjasama BPJS,,,,,Sudah kerjasama BPJS,Sudah kerjasama BPJS,,3,3,100.0
3374369,RS Ibu dan Anak Ananda Pasar Ace,RSIA,RS Khusus,C,Swasta,RS Privat,Jawa Tengah,Kota Semarang,3.0,,1.0,2.0,1.0,,,,2.0,,1.0,,,1.0,,,,,,,,1.0,,2.0,,,10.0,6,26.09,,,,,,,,,,,,,,,,,,,,,,,,,,0,,,,,,,,,0,0,
3374371,RS Ibu dan Anak Siloam Semarang,RSIA,RS Khusus,C,Swasta,RS Privat,Jawa Tengah,Kota Semarang,12.0,2.0,3.0,2.0,4.0,2.0,,,2.0,,3.0,,,4.0,,,,,3.0,1.0,,1.0,,3.0,,1.0,34.0,11,47.83,,,,,,,,,,,,,,,,,,,,,,,,,,0,,,,,,,,,0,0,
3374372,RS Islam Gigi dan Mulut Sultan Agung,RSK GM,RS Khusus,B,Swasta,RS Privat,Jawa Tengah,Kota Semarang,1.0,209.0,,,,,,,,,,,,,,,,,,,,2.0,,,,1.0,213.0,4,17.39,,,,,,,,,,,,,,,,,,,,,,,,,,0,,,,,,,,,0,0,
3374373,RS Gigi dan Mulut Unimus,RSK GM,RS Khusus,C,Swasta,RS Privat,Jawa Tengah,Kota Semarang,5.0,17.0,1.0,,,,,,,,1.0,,,,,,,,,,,,,,,2.0,25.0,4,17.39,,,,,,,,,,,,,,,,,,,,,,,,,,0,,,,,,,,,0,0,
3374374,RS Umum Banyumanik 2,RSU,RS Umum,C,Swasta,RS Privat,Jawa Tengah,Kota Semarang,8.0,1.0,4.0,3.0,2.0,3.0,,,3.0,,4.0,,,2.0,,1.0,,,1.0,1.0,,3.0,,5.0,,4.0,36.0,12,52.17,,,,,,,,,,,,,,,,,,,,,,,,,,0,,,,,,,Sudah kerjasama BPJS,,1,1,100.0
3374375,RS Mata JEC-Candi Semarang,RSK Mata,RS Khusus,C,Swasta,RS Privat,Jawa Tengah,Kota Semarang,6.0,,,,,,,,,,,,,,,,,,,,,1.0,,2.0,,,9.0,3,13.04,,,,,,,,,,,,,,,,,,,,,,,,,,0,,,,,,,,,0,0,
3374387,RS Primaya Kota Semarang,RSU,RS Umum,C,Swasta,RS Privat,Jawa Tengah,Kota Semarang,17.0,,4.0,4.0,5.0,2.0,,,4.0,,4.0,,,5.0,,2.0,,,1.0,2.0,,2.0,,5.0,,5.0,49.0,11,47.83,,,,,,,,,,,,,,,,,,,,,,,,,,0,,,,,,,Sudah kerjasama BPJS,,1,1,100.0
3374388,RS Keluarga Sehat III Semarang,RSU,RS Umum,C,Kementerian Lain,RS Publik,Jawa Tengah,Kota Semarang,11.0,1.0,1.0,2.0,2.0,3.0,,,2.0,,1.0,,,2.0,,1.0,,,1.0,1.0,,3.0,,7.0,,5.0,38.0,12,52.17,,,,,,,,,,,,,,,,,,,,,,,,,,0,,,,,,,,,0,0,
3326049,RS Umum Daerah Bendan Kota Pekalongan,RSU,RS Umum,C,Pemkot,RS Publik,Jawa Tengah,Kota Pekalongan,,,,,,,,,,,,,,,,,,,,,,,,,,,,0,0.0,0.0,0.0,0.0,1.0,1.0,1.0,0.0,0.0,0.0,0.0,0.0,0.0,,2.0,1.0,0.0,0.0,0.0,0.0,5.0,1.0,False,11.0,6.0,95.0,1,,,,Sudah kerjasama BPJS,,,Sudah kerjasama BPJS,,2,2,100.0
3375022,RS Umum Budi Rahayu,RSU,RS Umum,C,Swasta Non Profit,RS Publik,Jawa Tengah,Kota Pekalongan,20.0,2.0,4.0,3.0,3.0,2.0,,,3.0,,4.0,,,3.0,,1.0,,,1.0,1.0,,3.0,,16.0,1.0,5.0,62.0,13,56.52,,,,,,,,,,,,,,,,,,,,,,,,,,0,,,,Sudah kerjasama BPJS,,,Sudah kerjasama BPJS,,2,2,100.0
3375033,RS Umum Siti Khodijah,RSU,RS Umum,C,Swasta Non Profit,RS Publik,Jawa Tengah,Kota Pekalongan,29.0,5.0,3.0,3.0,5.0,3.0,,,3.0,,3.0,,,5.0,,,,,1.0,2.0,,2.0,,13.0,,9.0,75.0,11,47.83,,,,,,,,,,,,,,,,,,,,,,,,,,0,,,,,,,,,0,0,
3375071,RS Umum Karomah Holistic,RSU,RS Umum,D,Swasta,RS Privat,Jawa Tengah,Kota Pekalongan,7.0,1.0,1.0,1.0,1.0,1.0,,,1.0,,1.0,,,1.0,,,,,,,,1.0,,5.0,,4.0,22.0,9,39.13,,,,,,,,,,,,,,,,,,,,,,,,,,0,,,,,,,,,0,0,
3375072,RS Umum Anugerah Pekalongan,RSU,RS Umum,D,Swasta,RS Privat,Jawa Tengah,Kota Pekalongan,,,,,,,,,,,,,,,,,,,,,,,,,,,,0,0.0,,,,,,,,,,,,,,,,,,,,,,,,,,0,,,,,Sudah kerjasama BPJS,,,,1,1,100.0
3375073,RS Umum H. A. Zaky Djunaid,RSU,RS Umum,D,Swasta,RS Privat,Jawa Tengah,Kota Pekalongan,17.0,1.0,2.0,2.0,2.0,1.0,,,2.0,,2.0,,,2.0,,,,,1.0,1.0,,1.0,,5.0,,4.0,37.0,11,47.83,,,,,,,,,,,,,,,,,,,,,,,,,,0,,,,,,,Sudah kerjasama BPJS,,1,1,100.0
3375074,RS Umum  ARO,RSU,RS Umum,D,Swasta,RS Privat,Jawa Tengah,Kota Pekalongan,5.0,1.0,2.0,1.0,1.0,2.0,1.0,,1.0,,2.0,,,1.0,,,,,,1.0,,2.0,,1.0,,2.0,19.0,11,47.83,,,,,,,,,,,,,,,,,,,,,,,,,,0,,,,,,,,,0,0,
3375075,RS Umum Hermina Pekalongan,RSU,RS Umum,D,Swasta,RS Privat,Jawa Tengah,Kota Pekalongan,18.0,3.0,3.0,4.0,5.0,2.0,,,4.0,,3.0,,,5.0,,,,,1.0,1.0,,3.0,,6.0,,4.0,50.0,11,47.83,,,,,,,,,,,,,,,,,,,,,,,,,,0,,,,,,,Sudah kerjasama BPJS,,1,1,100.0
3328042,RS Umum Mitra Keluarga Tegal,RSU,RS Umum,C,Swasta,RS Privat,Jawa Tengah,Kota Tegal,15.0,5.0,4.0,4.0,4.0,2.0,,,4.0,,4.0,,,4.0,,1.0,,,1.0,2.0,,4.0,,11.0,,8.0,61.0,12,52.17,,,,,,,,,,,,,,,,,,,,,,,,,,0,,,,Sudah kerjasama BPJS,,,Sudah kerjasama BPJS,,2,2,100.0
3376012,RS Umum Daerah Kardinah ,RSU,RS Umum,B,Pemkot,RS Publik,Jawa Tengah,Kota Tegal,25.0,3.0,4.0,4.0,3.0,3.0,1.0,,4.0,,4.0,,,3.0,,2.0,,1.0,2.0,1.0,,2.0,,31.0,1.0,16.0,99.0,15,65.22,0.0,1.0,0.0,1.0,1.0,1.0,0.0,0.0,0.0,1.0,0.0,1.0,,0.0,1.0,0.0,0.0,0.0,0.0,6.0,1.0,False,13.0,8.0,95.0,1,,,,Sudah kerjasama BPJS,Sudah kerjasama BPJS,Sudah kerjasama BPJS,Sudah kerjasama BPJS,,4,4,100.0
3376082,RS Umum Islam Harapan Anda,RSU,RS Umum,B,Swasta Non Profit,RS Publik,Jawa Tengah,Kota Tegal,14.0,3.0,9.0,4.0,5.0,6.0,,,4.0,,9.0,,,5.0,,1.0,,1.0,1.0,1.0,,3.0,,20.0,1.0,7.0,76.0,14,60.87,,,,,,,,,,,,,,,,,,,,,,,,,,0,Belum kerjasama BPJS,,Sudah kerjasama BPJS,Sudah kerjasama BPJS,Sudah kerjasama BPJS,Sudah kerjasama BPJS,Sudah kerjasama BPJS,,6,5,83.33
3376093,RS Ibu dan Anak Kasih Ibu Tegal,RSIA,RS Khusus,C,Swasta Non Profit,RS Publik,Jawa Tengah,Kota Tegal,4.0,1.0,1.0,2.0,1.0,,,,2.0,,1.0,,,1.0,,,,,,,,1.0,,2.0,,,12.0,7,30.43,,,,,,,,,,,,,,,,,,,,,,,,,,0,,,,,,,,,0,0,
3401015,RS Umum Daerah Wates,RSU,RS Umum,B,Pemkab,RS Publik,DI Yogyakarta,Kulon Progo,13.0,,3.0,4.0,2.0,3.0,1.0,,4.0,,3.0,,,2.0,,1.0,,,2.0,2.0,,3.0,,20.0,,7.0,61.0,12,52.17,0.0,0.0,1.0,0.0,0.0,0.0,0.0,0.0,,0.0,0.0,1.0,,0.0,0.0,1.0,,,0.0,,1.0,False,3.0,3.0,75.0,1,,,,,Sudah kerjasama BPJS,,Sudah kerjasama BPJS,,2,2,100.0
3401026,RSU Santo Yusup Boro,RSU,RS Umum,D,Swasta Non Profit,RS Publik,DI Yogyakarta,Kulon Progo,9.0,1.0,1.0,1.0,1.0,2.0,,,1.0,,1.0,,,1.0,,,,,,,,1.0,,2.0,,1.0,19.0,9,39.13,,,,,,,,,,,,,,,,,,,,,,,,,,0,,,,,,,,,0,0,
3401037,RS Umum Rizki Amalia Medika,RSU,RS Umum,D,Swasta Non Profit,RS Publik,DI Yogyakarta,Kulon Progo,8.0,2.0,3.0,2.0,1.0,2.0,,,2.0,,3.0,,,1.0,,1.0,,,,1.0,,1.0,,5.0,,6.0,32.0,11,47.83,,,,,,,,,,,,,,,,,,,,,,,,,,0,,,,,,,,,0,0,
3401048,RS Umum Kharisma Paramedika,RSU,RS Umum,D,Swasta,RS Privat,DI Yogyakarta,Kulon Progo,10.0,,1.0,1.0,1.0,,,,1.0,,1.0,,,1.0,,,,,,1.0,,1.0,,2.0,,2.0,19.0,8,34.78,,,,,,,,,,,,,,,,,,,,,,,,,,0,,,,,,,,,0,0,
3401050,RS Umum PKU Muhammadiyah Nanggulan,RSU,RS Umum,D,Swasta Non Profit,RS Publik,DI Yogyakarta,Kulon Progo,7.0,1.0,3.0,1.0,1.0,1.0,,,1.0,,3.0,,,1.0,,,,,,1.0,,1.0,,2.0,,1.0,19.0,10,43.48,,,,,,,,,,,,,,,,,,,,,,,,,,0,,,,,,,,,0,0,
3401051,RS Umum Rizki Amalia,RSU,RS Umum,D,Swasta,RS Privat,DI Yogyakarta,Kulon Progo,6.0,1.0,2.0,,1.0,2.0,,,,,2.0,,,1.0,,,,,,1.0,,1.0,,4.0,,4.0,22.0,9,39.13,,,,,,,,,,,,,,,,,,,,,,,,,,0,,,,,,,,,0,0,
3401052,RS Umum Daerah Nyi Ageng Serang,RSU,RS Umum,C,Pemkab,RS Publik,DI Yogyakarta,Kulon Progo,14.0,7.0,2.0,3.0,2.0,2.0,,,3.0,,2.0,,,2.0,,,,,1.0,1.0,,2.0,,10.0,,9.0,53.0,11,47.83,,,,,,,,,,,,,,,,,,,,,,,,,,0,,,,,,,Sudah kerjasama BPJS,,1,1,100.0
3401053,RS Umum Pura Raharja Medika,RSU,RS Umum,D,Swasta,RS Privat,DI Yogyakarta,Kulon Progo,8.0,,1.0,1.0,1.0,2.0,,,1.0,,1.0,,,1.0,,,,,,1.0,,1.0,,3.0,,3.0,21.0,9,39.13,,,,,,,,,,,,,,,,,,,,,,,,,,0,,,,,,,,,0,0,
3401058,RS Umum Queen Latifa,RSU,RS Umum,D,Swasta,RS Privat,DI Yogyakarta,Kulon Progo,3.0,,1.0,1.0,1.0,2.0,,,1.0,,1.0,,,1.0,,,,,1.0,,,,,3.0,,1.0,13.0,8,34.78,,,,,,,,,,,,,,,,,,,,,,,,,,0,,,,,,,Sudah kerjasama BPJS,,1,1,100.0
3402016,RS Umum Daerah Panembahan Senopati,RSU,RS Umum,B,Pemkab,RS Publik,DI Yogyakarta,Bantul,29.0,7.0,6.0,4.0,4.0,2.0,,,4.0,,6.0,,,4.0,,1.0,,2.0,4.0,2.0,,2.0,,31.0,,15.0,109.0,13,56.52,0.0,1.0,0.0,0.0,2.0,0.0,1.0,0.0,,2.0,0.0,1.0,,0.0,1.0,1.0,,,0.0,,1.0,False,9.0,7.0,75.0,1,,Belum kerjasama BPJS,Belum kerjasama BPJS,Belum kerjasama BPJS,Sudah kerjasama BPJS,Belum kerjasama BPJS,Sudah kerjasama BPJS,,6,2,33.33
3402020,RS Umum Santa Elisabeth,RSU,RS Umum,D,Swasta Non Profit,RS Publik,DI Yogyakarta,Bantul,10.0,3.0,4.0,1.0,3.0,3.0,,,1.0,,4.0,,,3.0,,,,,1.0,2.0,,2.0,,6.0,,6.0,41.0,11,47.83,,,,,,,,,,,,,,,,,,,,,,,,,,0,,,,,,,Sudah kerjasama BPJS,,1,1,100.0
3402031,RSU PKU Muhammadiyah Bantul,RSU,RS Umum,C,Swasta Non Profit,RS Publik,DI Yogyakarta,Bantul,22.0,3.0,6.0,4.0,3.0,3.0,,,4.0,,6.0,,,3.0,,2.0,,,1.0,3.0,,3.0,,17.0,,12.0,79.0,12,52.17,,,,,,,,,,,,,,,,,,,,,,,,,,0,,,,Belum kerjasama BPJS,,,,,1,0,0.0
3402042,RS Ibu Anak Ummi Khasanah,RSIA,RS Khusus,C,Swasta Non Profit,RS Publik,DI Yogyakarta,Bantul,3.0,,,2.0,2.0,,,,2.0,,,,,2.0,,,,,,1.0,,2.0,,2.0,,,12.0,6,26.09,,,,,,,,,,,,,,,,,,,,,,,,,,0,,,,,,,,,0,0,
3402053,RS Umum Nur Hidayah,RSU,RS Umum,D,Swasta Non Profit,RS Publik,DI Yogyakarta,Bantul,7.0,,4.0,1.0,2.0,5.0,,,1.0,,4.0,,,2.0,,1.0,,,1.0,1.0,,3.0,,4.0,,3.0,32.0,11,47.83,,,,,,,,,,,,,,,,,,,,,,,,,,0,,,,,,,Sudah kerjasama BPJS,,1,1,100.0
3402064,RS Umum Rachma Husada ,RSU,RS Umum,C,Swasta Non Profit,RS Publik,DI Yogyakarta,Bantul,7.0,1.0,2.0,3.0,2.0,2.0,,,3.0,,2.0,,,2.0,,,,,1.0,1.0,,1.0,,5.0,,4.0,29.0,11,47.83,,,,,,,,,,,,,,,,,,,,,,,,,,0,,,,,,,,,0,0,
3402075,RS Umum Permata Husada,RSU,RS Umum,D,Swasta Non Profit,RS Publik,DI Yogyakarta,Bantul,8.0,,2.0,,1.0,1.0,,,,,2.0,,,1.0,,,,,1.0,1.0,,1.0,,3.0,,4.0,22.0,9,39.13,,,,,,,,,,,,,,,,,,,,,,,,,,0,,,,,,,Sudah kerjasama BPJS,,1,1,100.0
3402076,RS Khusus Bedah Ring Road Selatan,RSK BEDAH,RS Khusus,C,Swasta,RS Privat,DI Yogyakarta,Bantul,8.0,,1.0,,,1.0,,,,,1.0,,,,,,,,1.0,1.0,,1.0,,4.0,,4.0,21.0,8,34.78,,,,,,,,,,,,,,,,,,,,,,,,,,0,,,,,,,Sudah kerjasama BPJS,,1,1,100.0
3402077,RS Umum Griya Mahardika Yogyakarta,RSU,RS Umum,D,Swasta,RS Privat,DI Yogyakarta,Bantul,6.0,1.0,4.0,1.0,2.0,1.0,,,1.0,,4.0,,,2.0,,1.0,,,,1.0,,1.0,,4.0,,1.0,23.0,11,47.83,,,,,,,,,,,,,,,,,,,,,,,,,,0,,,,,,,Sudah kerjasama BPJS,,1,1,100.0
3402080,RS Khusus Ibu dan Anak Kahyangan,RSIA,RS Khusus,C,Swasta,RS Privat,DI Yogyakarta,Bantul,3.0,,,1.0,1.0,,,,1.0,,,,,1.0,,,,,1.0,,,1.0,,2.0,,,9.0,6,26.09,,,,,,,,,,,,,,,,,,,,,,,,,,0,,,,,,,,,0,0,
3402081,RS Bedah Adelia,RSK BEDAH,RS Khusus,C,Swasta,RS Privat,DI Yogyakarta,Bantul,4.0,,,,,1.0,,,,,,,,,,,,,,,,1.0,,1.0,,1.0,8.0,5,21.74,,,,,,,,,,,,,,,,,,,,,,,,,,0,,,,,,,,,0,0,
3402084,RS Universitas Islam Indonesia,RSU,RS Umum,C,Swasta,RS Privat,DI Yogyakarta,Bantul,16.0,4.0,4.0,6.0,7.0,4.0,,,6.0,,4.0,,,7.0,,,,1.0,1.0,2.0,,3.0,,4.0,,5.0,57.0,12,52.17,,,,,,,,,,,,,,,,,,,,,,,,,,0,,,,Belum kerjasama BPJS,,,Sudah kerjasama BPJS,,2,1,50.0
3402086,RS Rajawali Citra ,RSU,RS Umum,D,Swasta Non Profit,RS Publik,DI Yogyakarta,Bantul,11.0,3.0,3.0,2.0,2.0,1.0,,,2.0,,3.0,,,2.0,,,,,1.0,2.0,,1.0,,6.0,,5.0,37.0,11,47.83,,,,,,,,,,,,,,,,,,,,,,,,,,0,,,,,,,Sudah kerjasama BPJS,,1,1,100.0
3402097,RS Umum Daerah Saras Adyatma,RSU,RS Umum,D,Pemkab,RS Publik,DI Yogyakarta,Bantul,9.0,,1.0,1.0,1.0,1.0,,,1.0,,1.0,,,1.0,,,,,,,,1.0,,5.0,,1.0,20.0,8,34.78,,,,,,,,,,,,,,,,,,,,,,,,,,0,,,,,,,Sudah kerjasama BPJS,,1,1,100.0
3471074,RSPAU Dr.  Suhardi Harjolukito,RSU,RS Umum,B,TNI,RS Publik,DI Yogyakarta,Bantul,36.0,6.0,6.0,4.0,3.0,3.0,1.0,1.0,4.0,1.0,6.0,,,3.0,,1.0,,1.0,2.0,3.0,,2.0,,25.0,2.0,17.0,114.0,17,73.91,,,,,,,,,,,,,,,,,,,,,,,,,,0,Sudah kerjasama BPJS,,Sudah kerjasama BPJS,Belum kerjasama BPJS,Sudah kerjasama BPJS,Belum kerjasama BPJS,Sudah kerjasama BPJS,,6,4,66.67
3471121,RS Paru Respira,RSK PARU,RS Khusus,C,Pemprop,RS Publik,DI Yogyakarta,Bantul,10.0,,2.0,,1.0,1.0,,,,,2.0,,,1.0,,4.0,,,1.0,1.0,,,,10.0,1.0,9.0,40.0,10,43.48,,,,,,,,,,,,,,,,,,,,,,,,,,0,,Belum kerjasama BPJS,,,,,Sudah kerjasama BPJS,,2,1,50.0
3403010,RS Umum Daerah Wonosari,RSU,RS Umum,C,Pemkab,RS Publik,DI Yogyakarta,Gunung Kidul,16.0,1.0,3.0,3.0,2.0,2.0,,,3.0,,3.0,,,2.0,,1.0,,,2.0,1.0,,2.0,,16.0,,8.0,57.0,12,52.17,0.0,0.0,0.0,0.0,0.0,0.0,0.0,0.0,,0.0,0.0,1.0,,0.0,0.0,1.0,,,0.0,,1.0,False,2.0,2.0,75.0,1,,,,,,,Sudah kerjasama BPJS,,1,1,100.0
3403021,RS Umum Nur Rohmah,RSU,RS Umum,D,Swasta Non Profit,RS Publik,DI Yogyakarta,Gunung Kidul,8.0,1.0,2.0,1.0,2.0,2.0,,,1.0,,2.0,,,2.0,,,,,1.0,1.0,,2.0,,6.0,,3.0,29.0,11,47.83,,,,,,,,,,,,,,,,,,,,,,,,,,0,,,,,,,Sudah kerjasama BPJS,,1,1,100.0
3403022,RS Umum Pelita Husada ,RSU,RS Umum,D,Swasta,RS Privat,DI Yogyakarta,Gunung Kidul,5.0,1.0,1.0,2.0,1.0,1.0,,,2.0,,1.0,,,1.0,,,,,1.0,1.0,,1.0,,5.0,,3.0,22.0,11,47.83,,,,,,,,,,,,,,,,,,,,,,,,,,0,,,,,,,,,0,0,
3403023,RS Umum Panti Rahayu,RSU,RS Umum,C,Swasta,RS Privat,DI Yogyakarta,Gunung Kidul,11.0,3.0,4.0,2.0,3.0,3.0,,,2.0,,4.0,,,3.0,,2.0,,,1.0,3.0,,4.0,,10.0,,6.0,52.0,12,52.17,,,,,,,,,,,,,,,,,,,,,,,,,,0,,,,,,,Sudah kerjasama BPJS,,1,1,100.0
3403024,RS Umum PKU Muhammadiyah Wonosari,RSU,RS Umum,D,Swasta Non Profit,RS Publik,DI Yogyakarta,Gunung Kidul,7.0,,2.0,2.0,1.0,2.0,,,2.0,,2.0,,,1.0,,,,,,1.0,,1.0,,4.0,,3.0,23.0,9,39.13,,,,,,,,,,,,,,,,,,,,,,,,,,0,,,,,,,Sudah kerjasama BPJS,,1,1,100.0
3403025,RS Bethesda Wonosari,RSU,RS Umum,D,Swasta Non Profit,RS Publik,DI Yogyakarta,Gunung Kidul,9.0,,3.0,1.0,3.0,1.0,,,1.0,,3.0,,,3.0,,1.0,,,,2.0,,1.0,,3.0,,2.0,26.0,10,43.48,,,,,,,,,,,,,,,,,,,,,,,,,,0,,,,,,,,,0,0,
3403026,RS Ibu dan anak Allaudya,RSIA,RS Khusus,C,Swasta,RS Privat,DI Yogyakarta,Gunung Kidul,,,,1.0,,,,,1.0,,,,,,,,,,,,,,,,,,1.0,1,4.35,,,,,,,,,,,,,,,,,,,,,,,,,,0,,,,,,,,,0,0,
3403027,RS Umum Daerah Saptosari,RSU,RS Umum,D,Pemkab,RS Publik,DI Yogyakarta,Gunung Kidul,7.0,1.0,2.0,1.0,1.0,1.0,,,1.0,,2.0,,,1.0,,,,,1.0,1.0,,2.0,,8.0,,5.0,30.0,11,47.83,,,,,,,,,,,,,,,,,,,,,,,,,,0,,,,,,,Sudah kerjasama BPJS,,1,1,100.0
3403038,RS Islam Gunungkidul,RSU,RS Umum,D,Swasta,RS Privat,DI Yogyakarta,Gunung Kidul,,,,,,,,,,,,,,,,,,,,,,,,2.0,,1.0,3.0,2,8.7,,,,,,,,,,,,,,,,,,,,,,,,,,0,,,,,,,Sudah kerjasama BPJS,,1,1,100.0
3404011,RS Umum Daerah Sleman,RSU,RS Umum,B,Pemkab,RS Publik,DI Yogyakarta,Sleman,22.0,,5.0,3.0,4.0,3.0,,,3.0,,5.0,1.0,,4.0,,1.0,,1.0,2.0,2.0,,3.0,,17.0,1.0,15.0,80.0,14,60.87,0.0,1.0,0.0,0.0,0.0,0.0,1.0,0.0,0.0,1.0,0.0,0.0,,0.0,1.0,1.0,1.0,0.0,0.0,9.0,2.0,True,15.0,7.0,95.0,1,Sudah kerjasama BPJS,,Belum kerjasama BPJS,Belum kerjasama BPJS,Sudah kerjasama BPJS,,Sudah kerjasama BPJS,,5,3,60.0
3404015,RSUP Dr. Sardjito,RSU,RS Umum,A,Kemkes,RS Publik,DI Yogyakarta,Sleman,1228.0,1.0,9.0,11.0,11.0,6.0,4.0,6.0,11.0,4.0,9.0,5.0,5.0,11.0,4.0,2.0,,2.0,8.0,8.0,2.0,8.0,,67.0,11.0,70.0,1472.0,21,91.3,1.0,2.0,2.0,2.0,1.0,0.0,3.0,1.0,,1.0,3.0,1.0,,1.0,2.0,1.0,,,1.0,,1.0,False,22.0,14.0,75.0,1,Sudah kerjasama BPJS,,Belum kerjasama BPJS,Belum kerjasama BPJS,Sudah kerjasama BPJS,Belum kerjasama BPJS,Sudah kerjasama BPJS,Belum kerjasama BPJS,7,3,42.86
3404022,RS Jiwa Grhasia,RSK Jiwa,RS Khusus,A,Pemprop,RS Publik,DI Yogyakarta,Sleman,13.0,1.0,1.0,,1.0,,,,,,1.0,,,1.0,,,,,1.0,1.0,,,,11.0,,3.0,32.0,8,34.78,,,,,,,,,,,,,,,,,,,,,,,,,,0,,,,,,,Sudah kerjasama BPJS,,1,1,100.0
3404033,Charitas Hospital Klepu,RSU,RS Umum,D,Swasta Non Profit,RS Publik,DI Yogyakarta,Sleman,7.0,1.0,2.0,,2.0,2.0,,,,,2.0,,,2.0,,,,,1.0,1.0,,1.0,,6.0,,2.0,25.0,10,43.48,,,,,,,,,,,,,,,,,,,,,,,,,,0,,,,,,,Belum kerjasama BPJS,,1,0,0.0
3404045,RS Queen Latifa,RSU,RS Umum,D,Swasta,RS Privat,DI Yogyakarta,Sleman,20.0,,3.0,1.0,6.0,2.0,,,1.0,,3.0,,,6.0,,,,,1.0,1.0,,1.0,,4.0,,,39.0,9,39.13,,,,,,,,,,,,,,,,,,,,,,,,,,0,,,,,,,,,0,0,
3404056,RS Jih,RSU,RS Umum,B,Swasta,RS Privat,DI Yogyakarta,Sleman,24.0,10.0,22.0,11.0,18.0,10.0,,,11.0,,22.0,,,18.0,,4.0,,3.0,2.0,6.0,1.0,4.0,,32.0,,11.0,158.0,14,60.87,,,,,,,,,,,,,,,,,,,,,,,,,,0,,,,,,,,,0,0,
3404070,RS Khusus Bedah An-Nur,RSK BEDAH,RS Khusus,C,Swasta Non Profit,RS Publik,DI Yogyakarta,Sleman,5.0,,2.0,,,1.0,,,,,2.0,,,,,,,,1.0,1.0,,3.0,,5.0,,4.0,22.0,8,34.78,,,,,,,,,,,,,,,,,,,,,,,,,,0,,,,,,,,,0,0,
3404081,RS Umum Condong Catur ,RSU,RS Umum,D,Swasta,RS Privat,DI Yogyakarta,Sleman,17.0,3.0,3.0,2.0,2.0,2.0,,,2.0,,3.0,,,2.0,,,,,1.0,1.0,,1.0,,8.0,,4.0,44.0,11,47.83,,,,,,,,,,,,,,,,,,,,,,,,,,0,,,,,,,Belum kerjasama BPJS,,1,0,0.0
3404092,RS Umum Puri Husada Yogyakarta ,RSU,RS Umum,D,Swasta,RS Privat,DI Yogyakarta,Sleman,14.0,1.0,2.0,,1.0,1.0,,,,,2.0,,,1.0,,,,,1.0,1.0,,1.0,,4.0,,2.0,28.0,10,43.48,,,,,,,,,,,,,,,,,,,,,,,,,,0,,,,,,,,,0,0,
3404102,RS Umum Panti Rini,RSU,RS Umum,C,Swasta Non Profit,RS Publik,DI Yogyakarta,Sleman,13.0,1.0,5.0,1.0,2.0,3.0,,,1.0,,5.0,,,2.0,,,,,1.0,1.0,,4.0,,7.0,,4.0,42.0,11,47.83,,,,,,,,,,,,,,,,,,,,,,,,,,0,,,,,,,,,0,0,
3404124,RS Umum Panti Nugroho,RSU,RS Umum,D,Swasta Non Profit,RS Publik,DI Yogyakarta,Sleman,17.0,2.0,3.0,2.0,3.0,2.0,,,2.0,,3.0,,,3.0,,1.0,,,,1.0,,4.0,,7.0,,6.0,48.0,11,47.83,,,,,,,,,,,,,,,,,,,,,,,,,,0,,,,,,,,,0,0,
3404146,RS Islam Yayasan PDHI,RSU,RS Umum,C,Swasta Non Profit,RS Publik,DI Yogyakarta,Sleman,19.0,3.0,5.0,3.0,4.0,4.0,,,3.0,,5.0,,,4.0,,3.0,,,1.0,2.0,,3.0,,7.0,1.0,9.0,64.0,13,56.52,,,,,,,,,,,,,,,,,,,,,,,,,,0,,,,,,,Sudah kerjasama BPJS,,1,1,100.0
3404157,RS Umum Sakina Idaman,RSU,RS Umum,C,Swasta Non Profit,RS Publik,DI Yogyakarta,Sleman,3.0,,3.0,3.0,2.0,1.0,,,3.0,,3.0,,,2.0,,,,,1.0,1.0,,2.0,,4.0,,2.0,22.0,10,43.48,,,,,,,,,,,,,,,,,,,,,,,,,,0,,,,,,,,,0,0,
3404168,RS Umum Daerah Prambanan,RSU,RS Umum,C,Pemkab,RS Publik,DI Yogyakarta,Sleman,22.0,1.0,3.0,3.0,2.0,3.0,,,3.0,,3.0,,,2.0,,1.0,,,1.0,1.0,,2.0,,11.0,,10.0,60.0,12,52.17,,,,,,,,,,,,,,,,,,,,,,,,,,0,,,,,,,,,0,0,
3404179,RS Umum Mitra Paramedika,RSU,RS Umum,D,Swasta Non Profit,RS Publik,DI Yogyakarta,Sleman,9.0,1.0,2.0,1.0,2.0,3.0,,,1.0,,2.0,,,2.0,,,,,1.0,1.0,,1.0,,7.0,,5.0,33.0,11,47.83,,,,,,,,,,,,,,,,,,,,,,,,,,0,,,,,,,Sudah kerjasama BPJS,,1,1,100.0
3404180,RS Ibu Anak Arvita Bunda,RSIA,RS Khusus,C,Swasta Non Profit,RS Publik,DI Yogyakarta,Sleman,8.0,,2.0,2.0,1.0,,,,2.0,,2.0,,,1.0,,,,,,1.0,,,,3.0,,1.0,18.0,7,30.43,,,,,,,,,,,,,,,,,,,,,,,,,,0,,,,,,,,,0,0,
3404181,RS At-Turots Al-Islamy,RSU,RS Umum,D,Swasta Non Profit,RS Publik,DI Yogyakarta,Sleman,6.0,1.0,3.0,1.0,2.0,2.0,,,1.0,,3.0,,,2.0,,,,,1.0,1.0,,1.0,,4.0,,5.0,27.0,11,47.83,,,,,,,,,,,,,,,,,,,,,,,,,,0,,,,,,,Sudah kerjasama BPJS,,1,1,100.0
3404182,RS Umum Gramedika 10,RSU,RS Umum,D,Swasta,RS Privat,DI Yogyakarta,Sleman,7.0,,,,1.0,,,,,,,,,1.0,,,,,1.0,1.0,,,,3.0,,2.0,15.0,6,26.09,,,,,,,,,,,,,,,,,,,,,,,,,,0,,,,,,,,,0,0,
3404183,RS Umum PKU Muhammadiyah Gamping,RSU,RS Umum,B,Swasta Non Profit,RS Publik,DI Yogyakarta,Sleman,35.0,,7.0,5.0,4.0,4.0,1.0,1.0,5.0,,7.0,,,4.0,,3.0,,,2.0,4.0,1.0,6.0,,12.0,,9.0,94.0,14,60.87,,,,,,,,,,,,,,,,,,,,,,,,,,0,,,,,,,Sudah kerjasama BPJS,,1,1,100.0
3404184,RS Umum Bhayangkara POLDA DIY,RSU,RS Umum,D,POLRI,RS Publik,DI Yogyakarta,Sleman,11.0,1.0,5.0,2.0,3.0,1.0,,,2.0,,5.0,,,3.0,,,,,1.0,1.0,,1.0,,11.0,,7.0,44.0,11,47.83,,,,,,,,,,,,,,,,,,,,,,,,,,0,,,,,,,Sudah kerjasama BPJS,,1,1,100.0
3404185,RS Khusus Bedah Sinduadi,RSK BEDAH,RS Khusus,C,Swasta,RS Privat,DI Yogyakarta,Sleman,7.0,1.0,1.0,,2.0,2.0,1.0,,,,1.0,,,2.0,,,,,,1.0,,,,4.0,,1.0,20.0,9,39.13,,,,,,,,,,,,,,,,,,,,,,,,,,0,,,,,,,,,0,0,
3404187,RS Khusus Ibu Anak Sadewa,RSIA,RS Khusus,C,Swasta,RS Privat,DI Yogyakarta,Sleman,17.0,4.0,1.0,12.0,7.0,,,,12.0,,1.0,,,7.0,,,,,1.0,2.0,,2.0,,9.0,,4.0,59.0,10,43.48,,,,,,,,,,,,,,,,,,,,,,,,,,0,,,,,,,Sudah kerjasama BPJS,,1,1,100.0
3404189,RS Akademik Universitas Gadjah Mada,RSU,RS Umum,B,Kementerian Lain,RS Publik,DI Yogyakarta,Sleman,48.0,3.0,8.0,5.0,4.0,3.0,1.0,2.0,5.0,,8.0,1.0,,4.0,,3.0,,2.0,2.0,5.0,,4.0,,35.0,1.0,20.0,147.0,17,73.91,,,,,,,,,,,,,,,,,,,,,,,,,,0,Sudah kerjasama BPJS,Belum kerjasama BPJS,Belum kerjasama BPJS,Belum kerjasama BPJS,,Belum kerjasama BPJS,Belum kerjasama BPJS,,6,1,16.67
3404190,RS Umum Mitra Sehat,RSU,RS Umum,D,Swasta,RS Privat,DI Yogyakarta,Sleman,7.0,1.0,2.0,2.0,,1.0,,,2.0,,2.0,,,,,,,,1.0,1.0,,1.0,,4.0,,2.0,22.0,10,43.48,,,,,,,,,,,,,,,,,,,,,,,,,,0,,,,,,,,,0,0,
3404191,RS Universitas Ahmad Dahlan,RSU,RS Umum,D,Swasta,RS Privat,DI Yogyakarta,Sleman,9.0,,4.0,1.0,1.0,1.0,,,1.0,,4.0,,,1.0,,,,,1.0,1.0,,1.0,,5.0,,6.0,30.0,10,43.48,,,,,,,,,,,,,,,,,,,,,,,,,,0,,,,,,,Sudah kerjasama BPJS,,1,1,100.0
3404193,RS Umum Hermina Yogya,RSU,RS Umum,C,Swasta,RS Privat,DI Yogyakarta,Sleman,27.0,1.0,6.0,7.0,13.0,4.0,,,7.0,,6.0,,,13.0,,2.0,,,1.0,2.0,,4.0,,10.0,1.0,6.0,84.0,13,56.52,,,,,,,,,,,,,,,,,,,,,,,,,,0,,,,,,,Belum kerjasama BPJS,,1,0,0.0
3404196,RS Umum Bunga Bangsa Medika,RSU,RS Umum,D,Swasta,RS Privat,DI Yogyakarta,Sleman,7.0,,,1.0,,1.0,,,1.0,,,,,,,,,,,,,,,,,,9.0,3,13.04,,,,,,,,,,,,,,,,,,,,,,,,,,0,,,,,,,,,0,0,
3471362,RS Gigi dan Mulut UGM Prof. Soedomo,RSK GM,RS Khusus,B,BUMN,RS Privat,DI Yogyakarta,Sleman,3.0,161.0,1.0,,1.0,,,,,,1.0,,,1.0,,,,,1.0,,,1.0,,,,5.0,173.0,7,30.43,,,,,,,,,,,,,,,,,,,,,,,,,,0,,,,,,,,,0,0,
3471026,RS Islam Hidayatullah Yogyakarta,RSU,RS Umum,D,Swasta Non Profit,RS Publik,DI Yogyakarta,Kota Yogyakarta,6.0,,2.0,2.0,1.0,2.0,,,2.0,,2.0,,,1.0,,,,,,1.0,,3.0,,7.0,,5.0,29.0,9,39.13,,,,,,,,,,,,,,,,,,,,,,,,,,0,,,,,,,,,0,0,
3471030,RS Tk. III 04.06.03 Dr. Soetarto,RSU,RS Umum,C,TNI,RS Publik,DI Yogyakarta,Kota Yogyakarta,25.0,11.0,4.0,2.0,2.0,3.0,,,2.0,,4.0,,,2.0,,1.0,,,2.0,3.0,,4.0,,9.0,1.0,6.0,73.0,13,56.52,,,,,,,,,,,,,,,,,,,,,,,,,,0,,,,,,,Sudah kerjasama BPJS,,1,1,100.0
3471041,RS PKU Muhammadiyah Yogyakarta,RSU,RS Umum,B,Swasta Non Profit,RS Publik,DI Yogyakarta,Kota Yogyakarta,35.0,,9.0,5.0,2.0,3.0,,,5.0,,9.0,,,2.0,,3.0,,,2.0,2.0,1.0,4.0,,14.0,,8.0,88.0,12,52.17,,,,,,,,,,,,,,,,,,,,,,,,,,0,,,Sudah kerjasama BPJS,,,,Sudah kerjasama BPJS,,2,2,100.0
3471052,RS Umum Panti Rapih,RSU,RS Umum,B,Swasta Non Profit,RS Publik,DI Yogyakarta,Kota Yogyakarta,35.0,1.0,8.0,5.0,7.0,7.0,3.0,2.0,5.0,1.0,8.0,3.0,3.0,7.0,1.0,3.0,,4.0,3.0,4.0,,7.0,,36.0,1.0,14.0,148.0,20,86.96,,,,,,,,,,,,,,,,,,,,,,,,,,0,Sudah kerjasama BPJS,,Sudah kerjasama BPJS,Belum kerjasama BPJS,,Belum kerjasama BPJS,Sudah kerjasama BPJS,,5,3,60.0
3471063,RS Bethesda Yogyakarta,RSU,RS Umum,B,Swasta Non Profit,RS Publik,DI Yogyakarta,Kota Yogyakarta,22.0,4.0,4.0,5.0,4.0,4.0,2.0,2.0,5.0,1.0,4.0,1.0,1.0,4.0,2.0,3.0,,3.0,3.0,3.0,,4.0,1.0,23.0,2.0,9.0,103.0,21,91.3,,,,,,,,,,,,,,,,,,,,,,,,,,0,Sudah kerjasama BPJS,Belum kerjasama BPJS,Sudah kerjasama BPJS,Belum kerjasama BPJS,Sudah kerjasama BPJS,Belum kerjasama BPJS,Belum kerjasama BPJS,,7,3,42.86
3471085,RS Khusus Jiwa Puri Nirmala,RSK Jiwa,RS Khusus,C,Swasta Non Profit,RS Publik,DI Yogyakarta,Kota Yogyakarta,4.0,,,,,,,,,,,,,,,,,,,,,,,,,,4.0,1,4.35,,,,,,,,,,,,,,,,,,,,,,,,,,0,,,,,,,,,0,0,
3471096,RS  Mata Dr. Yap,RSK Mata,RS Khusus,B,Swasta Non Profit,RS Publik,DI Yogyakarta,Kota Yogyakarta,8.0,,1.0,,,,,,,,1.0,,,,,,,,1.0,,,2.0,,4.0,,,16.0,5,21.74,,,,,,,,,,,,,,,,,,,,,,,,,,0,,,,,,,Sudah kerjasama BPJS,,1,1,100.0
3471107,RS Khusus Ibu dan Anak  PKU Muhammadiyah Kotagede ,RSIA,RS Khusus,C,Swasta Non Profit,RS Publik,DI Yogyakarta,Kota Yogyakarta,9.0,2.0,2.0,3.0,3.0,1.0,,,3.0,,2.0,,,3.0,,,,,1.0,1.0,,1.0,,5.0,,1.0,29.0,11,47.83,,,,,,,,,,,,,,,,,,,,,,,,,,0,,,,,,,Sudah kerjasama BPJS,,1,1,100.0
3471234,RS Umum Daerah Kota Yogyakarta,RSU,RS Umum,B,Pemkot,RS Publik,DI Yogyakarta,Kota Yogyakarta,15.0,,3.0,3.0,4.0,3.0,1.0,,3.0,,3.0,1.0,,4.0,,,,1.0,3.0,2.0,,4.0,,21.0,2.0,10.0,73.0,14,60.87,0.0,1.0,0.0,0.0,0.0,0.0,1.0,0.0,,1.0,0.0,1.0,,0.0,0.0,1.0,,,0.0,,1.0,False,5.0,5.0,75.0,1,,,Sudah kerjasama BPJS,Belum kerjasama BPJS,Sudah kerjasama BPJS,Belum kerjasama BPJS,Sudah kerjasama BPJS,,5,3,60.0
3471282,RS Ludira Husada Tama,RSU,RS Umum,D,Swasta Non Profit,RS Publik,DI Yogyakarta,Kota Yogyakarta,33.0,1.0,7.0,,2.0,3.0,,,,,7.0,,,2.0,,,,,,2.0,,1.0,,7.0,,6.0,62.0,9,39.13,,,,,,,,,,,,,,,,,,,,,,,,,,0,,,,,,,Sudah kerjasama BPJS,,1,1,100.0
3471325,RS Khusus Ibu dan Anak Permata Bunda,RSIA,RS Khusus,C,Swasta Non Profit,RS Publik,DI Yogyakarta,Kota Yogyakarta,4.0,2.0,1.0,1.0,2.0,,,,1.0,,1.0,,,2.0,,,,,,,,1.0,,,,,11.0,6,26.09,,,,,,,,,,,,,,,,,,,,,,,,,,0,,,,,,,,,0,0,
3471336,RS Bethesda Lempuyangwangi,RSU,RS Umum,D,Swasta Non Profit,RS Publik,DI Yogyakarta,Kota Yogyakarta,15.0,1.0,4.0,3.0,4.0,3.0,,,3.0,,4.0,,,4.0,,1.0,,,1.0,3.0,,2.0,,6.0,,4.0,47.0,12,52.17,,,,,,,,,,,,,,,,,,,,,,,,,,0,,,,,,,Belum kerjasama BPJS,,1,0,0.0
3471373,RS Happy Land Medical Centre,RSU,RS Umum,C,Swasta,RS Privat,DI Yogyakarta,Kota Yogyakarta,15.0,1.0,6.0,9.0,6.0,3.0,,,9.0,,6.0,,,6.0,,,,,1.0,1.0,,1.0,,7.0,,4.0,54.0,11,47.83,,,,,,,,,,,,,,,,,,,,,,,,,,0,,,,,,,Belum kerjasama BPJS,,1,0,0.0
3471374,RS Gigi dan Mulut Universitas Muhammadiyah Yogyakarta,RSK GM,RS Khusus,B,Swasta,RS Privat,DI Yogyakarta,Kota Yogyakarta,3.0,25.0,,,,,,,,,,,,,,,,,,,,1.0,,,,3.0,32.0,4,17.39,,,,,,,,,,,,,,,,,,,,,,,,,,0,,,,,,,,,0,0,
3471377,RS Pratama Kota Yogyakarta,RSU,RS Umum,D,Pemkot,RS Publik,DI Yogyakarta,Kota Yogyakarta,11.0,,3.0,3.0,2.0,1.0,,,3.0,,3.0,,,2.0,,,,,1.0,1.0,,1.0,,10.0,1.0,9.0,43.0,11,47.83,,,,,,,,,,,,,,,,,,,,,,,,,,0,,,,,,,Sudah kerjasama BPJS,,1,1,100.0
3471379,RS Khusus Ibu dan Anak Rachmi,RSIA,RS Khusus,C,Swasta,RS Privat,DI Yogyakarta,Kota Yogyakarta,4.0,,,5.0,3.0,,,,5.0,,,,,3.0,,,,,1.0,,,2.0,,7.0,,,22.0,6,26.09,,,,,,,,,,,,,,,,,,,,,,,,,,0,,,,,,,,,0,0,
3471380,RS Siloam Yogyakarta,RSU,RS Umum,C,Swasta,RS Privat,DI Yogyakarta,Kota Yogyakarta,14.0,1.0,6.0,4.0,3.0,3.0,,,4.0,,6.0,,,3.0,,2.0,,3.0,2.0,4.0,1.0,2.0,,8.0,,5.0,58.0,14,60.87,,,,,,,,,,,,,,,,,,,,,,,,,,0,,Belum kerjasama BPJS,,Belum kerjasama BPJS,,Belum kerjasama BPJS,Sudah kerjasama BPJS,,4,1,25.0
3471381,RS AMC Muhammadiyah,RSU,RS Umum,D,Swasta,RS Privat,DI Yogyakarta,Kota Yogyakarta,12.0,,3.0,5.0,2.0,2.0,,,5.0,,3.0,,,2.0,,1.0,,2.0,2.0,2.0,,2.0,,4.0,,2.0,39.0,12,52.17,,,,,,,,,,,,,,,,,,,,,,,,,,0,,,,,,,,,0,0,
3501016,RS Umum Daerah  dr. Darsono,RSU,RS Umum,C,Pemkab,RS Publik,Jawa Timur,Pacitan,13.0,4.0,3.0,2.0,3.0,2.0,,,2.0,,3.0,,,3.0,,1.0,,1.0,2.0,2.0,,1.0,,16.0,,10.0,60.0,13,56.52,0.0,0.0,0.0,0.0,0.0,0.0,0.0,0.0,0.0,0.0,0.0,0.0,,0.0,0.0,0.0,0.0,0.0,0.0,13.0,1.0,False,13.0,1.0,95.0,1,,,,,,Sudah kerjasama BPJS,Sudah kerjasama BPJS,,2,2,100.0
3501017,RSU Agung Mulia,RSU,RS Umum,D,Swasta,RS Privat,Jawa Timur,Pacitan,5.0,,1.0,2.0,2.0,1.0,,,2.0,,1.0,,,2.0,,1.0,,,,1.0,,2.0,,1.0,,1.0,17.0,10,43.48,,,,,,,,,,,,,,,,,,,,,,,,,,0,,,,,,,,,0,0,
3501019,RS Umum Medical Mandiri Pacitan,RSU,RS Umum,D,Swasta,RS Privat,Jawa Timur,Pacitan,5.0,,1.0,1.0,1.0,1.0,,,1.0,,1.0,,,1.0,,,,,,1.0,,1.0,,1.0,,2.0,14.0,9,39.13,,,,,,,,,,,,,,,,,,,,,,,,,,0,,,,,,,,,0,0,
3502010,RS Umum Daerah Dr. Harjono S. Kabupaten Ponorogo,RSU,RS Umum,B,Pemkab,RS Publik,Jawa Timur,Ponorogo,56.0,5.0,2.0,3.0,3.0,2.0,,,3.0,,2.0,,,3.0,,2.0,,1.0,2.0,1.0,,3.0,,20.0,,10.0,110.0,13,56.52,0.0,0.0,1.0,0.0,0.0,0.0,0.0,0.0,0.0,0.0,0.0,0.0,,0.0,0.0,0.0,0.0,0.0,0.0,3.0,1.0,False,4.0,2.0,95.0,1,,,,Sudah kerjasama BPJS,,Sudah kerjasama BPJS,Sudah kerjasama BPJS,,3,3,100.0
3502112,RS Umum Aisyiyah Ponorogo,RSU,RS Umum,C,Swasta,RS Privat,Jawa Timur,Ponorogo,23.0,4.0,3.0,2.0,1.0,2.0,,,2.0,,3.0,,,1.0,,2.0,,1.0,1.0,2.0,,2.0,,8.0,,3.0,54.0,13,56.52,,,,,,,,,,,,,,,,,,,,,,,,,,0,,,,,,Sudah kerjasama BPJS,Sudah kerjasama BPJS,,2,2,100.0
3502123,RS Umum Darmayu Ponorogo,RSU,RS Umum,C,Swasta,RS Privat,Jawa Timur,Ponorogo,,,,,,,,,,,,,,,,,,,,,,,,,,,,0,0.0,,,,,,,,,,,,,,,,,,,,,,,,,,0,,,,,,,Sudah kerjasama BPJS,,1,1,100.0
3502134,RS Umum Muhammadiyah Ponorogo,RSU,RS Umum,C,Swasta,RS Privat,Jawa Timur,Ponorogo,11.0,2.0,3.0,3.0,2.0,2.0,,,3.0,,3.0,,,2.0,,2.0,,1.0,1.0,1.0,,3.0,,15.0,,4.0,50.0,13,56.52,,,,,,,,,,,,,,,,,,,,,,,,,,0,,,,,,Sudah kerjasama BPJS,Sudah kerjasama BPJS,,2,2,100.0
3502145,RS Griya Waluya,RSU,RS Umum,D,Swasta,RS Privat,Jawa Timur,Ponorogo,5.0,1.0,1.0,1.0,,,,,1.0,,1.0,,,,,,,,,,,1.0,,2.0,,,11.0,6,26.09,,,,,,,,,,,,,,,,,,,,,,,,,,0,,,,,,,,,0,0,
3502146,RS Umum Muslimat Ponorogo,RSU,RS Umum,C,Swasta,RS Privat,Jawa Timur,Ponorogo,9.0,3.0,2.0,3.0,2.0,3.0,,,3.0,,2.0,,,2.0,,1.0,,,1.0,1.0,,3.0,,10.0,,3.0,41.0,12,52.17,,,,,,,,,,,,,,,,,,,,,,,,,,0,,,,,,,,,0,0,
3502157,RS Yasyfin Darussalam Gontor,RSU,RS Umum,D,Swasta,RS Privat,Jawa Timur,Ponorogo,8.0,2.0,1.0,1.0,,1.0,,,1.0,,1.0,,,,,,,,1.0,,,,,3.0,1.0,1.0,19.0,9,39.13,,,,,,,,,,,,,,,,,,,,,,,,,,0,,,,,,,Sudah kerjasama BPJS,,1,1,100.0
3502158,RS Umum Daerah Bantarangin,RSU,RS Umum,Belum Ditetapkan,Pemkab,RS Publik,Jawa Timur,Ponorogo,,,,,,,,,,,,,,,,,,,,,,,,,,,,0,0.0,,,,,,,,,,,,,,,,,,,,,,,,,,0,,,,,,,,,0,0,
3503011,RS Umum Daerah dr. Soedomo Trenggalek,RSU,RS Umum,C,Pemkab,RS Publik,Jawa Timur,Trenggalek,17.0,2.0,2.0,3.0,2.0,3.0,,,3.0,,2.0,,,2.0,,2.0,,1.0,2.0,1.0,,2.0,,35.0,1.0,10.0,83.0,14,60.87,0.0,1.0,0.0,0.0,0.0,0.0,0.0,0.0,0.0,0.0,0.0,1.0,,0.0,0.0,0.0,1.0,0.0,0.0,0.0,1.0,False,3.0,3.0,95.0,1,,,,,,,Sudah kerjasama BPJS,,1,1,100.0
3503022,RS Umum Budi Asih Trenggalek,RSU,RS Umum,D,Swasta Non Profit,RS Publik,Jawa Timur,Trenggalek,9.0,,2.0,1.0,1.0,2.0,,,1.0,,2.0,,,1.0,,1.0,,,,1.0,,2.0,,5.0,,1.0,25.0,10,43.48,,,,,,,,,,,,,,,,,,,,,,,,,,0,,,,,,,,,0,0,
3503045,RS Ibu dan Anak HST,RSIA,RS Khusus,C,Swasta,RS Privat,Jawa Timur,Trenggalek,2.0,,1.0,2.0,1.0,1.0,,,2.0,,1.0,,,1.0,,,,,,,,1.0,,1.0,,,9.0,7,30.43,,,,,,,,,,,,,,,,,,,,,,,,,,0,,,,,,,,,0,0,
3503062,RS Umum Daerah Panggul,RSU,RS Umum,D,Pemkab,RS Publik,Jawa Timur,Trenggalek,,,,,,,,,,,,,,,,,,,,,,,,,,,,0,0.0,,,,,,,,,,,,,,,,,,,,,,,,,,0,,,,,,,,,0,0,
3504012,RS Umum Daerah Dr. Iskak Tulungagung,RSU,RS Umum,B,Pemkab,RS Publik,Jawa Timur,Tulungagung,41.0,2.0,4.0,4.0,4.0,6.0,,,4.0,,4.0,,1.0,4.0,,3.0,,1.0,2.0,3.0,,4.0,,40.0,1.0,17.0,133.0,15,65.22,0.0,1.0,1.0,0.0,0.0,0.0,1.0,0.0,,1.0,0.0,1.0,,1.0,1.0,0.0,,,0.0,,1.0,False,7.0,7.0,75.0,1,Sudah kerjasama BPJS,,Sudah kerjasama BPJS,Sudah kerjasama BPJS,,Sudah kerjasama BPJS,Sudah kerjasama BPJS,,5,5,100.0
3504045,RS Umum Islam Orpeha,RSU,RS Umum,C,Swasta,RS Privat,Jawa Timur,Tulungagung,8.0,1.0,4.0,2.0,1.0,3.0,,,2.0,,4.0,,,1.0,,1.0,,,1.0,1.0,,1.0,,4.0,,1.0,28.0,12,52.17,,,,,,,,,,,,,,,,,,,,,,,,,,0,,,,,,,Sudah kerjasama BPJS,,1,1,100.0
3504056,RS Umum Era Medika ,RSU,RS Umum,C,Swasta,RS Privat,Jawa Timur,Tulungagung,9.0,1.0,2.0,2.0,1.0,1.0,,,2.0,,2.0,,,1.0,,1.0,,,1.0,1.0,,1.0,,7.0,,2.0,29.0,12,52.17,,,,,,,,,,,,,,,,,,,,,,,,,,0,,,,,,,Sudah kerjasama BPJS,,1,1,100.0
3504057,RS Ibu dan Anak Fauziah ,RSIA,RS Khusus,C,Swasta,RS Privat,Jawa Timur,Tulungagung,8.0,,,2.0,2.0,,,,2.0,,,,,2.0,,,,,,,,1.0,,5.0,,,18.0,5,21.74,,,,,,,,,,,,,,,,,,,,,,,,,,0,,,,,,,,,0,0,
3504068,RS Umum Bhayangkara Tulungagung,RSU,RS Umum,C,POLRI,RS Publik,Jawa Timur,Tulungagung,11.0,1.0,5.0,1.0,1.0,,,,1.0,,5.0,,,1.0,,,,,,1.0,,1.0,,8.0,,2.0,31.0,9,39.13,,,,,,,,,,,,,,,,,,,,,,,,,,0,,,,,,,Sudah kerjasama BPJS,,1,1,100.0
3504069,RS Umum Satiti Prima Husada,RSU,RS Umum,D,Swasta,RS Privat,Jawa Timur,Tulungagung,8.0,1.0,1.0,1.0,1.0,1.0,,,1.0,,1.0,,,1.0,,,,,,,,1.0,,3.0,,1.0,18.0,9,39.13,,,,,,,,,,,,,,,,,,,,,,,,,,0,,,,,,,,,0,0,
3504070,RS Umum Islam  Madinah,RSU,RS Umum,D,Swasta,RS Privat,Jawa Timur,Tulungagung,10.0,1.0,2.0,2.0,2.0,1.0,,,2.0,,2.0,,,2.0,,1.0,,,1.0,1.0,,1.0,,5.0,,1.0,28.0,12,52.17,,,,,,,,,,,,,,,,,,,,,,,,,,0,,,,,,,Sudah kerjasama BPJS,,1,1,100.0
3504071,RS Umum Muhammadiyah Bandung,RSU,RS Umum,D,Swasta Non Profit,RS Publik,Jawa Timur,Tulungagung,12.0,1.0,1.0,1.0,1.0,1.0,,,1.0,,1.0,,,1.0,,1.0,,,1.0,1.0,,1.0,,7.0,,2.0,30.0,12,52.17,,,,,,,,,,,,,,,,,,,,,,,,,,0,,,,,,,Sudah kerjasama BPJS,,1,1,100.0
3504073,RS Putra Waspada Tulungagung,RSU,RS Umum,C,Swasta,RS Privat,Jawa Timur,Tulungagung,8.0,1.0,2.0,2.0,1.0,2.0,,,2.0,,2.0,,,1.0,,1.0,,,1.0,1.0,,4.0,,5.0,,3.0,31.0,12,52.17,,,,,,,,,,,,,,,,,,,,,,,,,,0,,,,,,,Sudah kerjasama BPJS,,1,1,100.0
3504074,RS Ibu dan Anak Amanda,RSIA,RS Khusus,C,Swasta,RS Privat,Jawa Timur,Tulungagung,3.0,,,2.0,2.0,,,,2.0,,,,,2.0,,,,,,,,1.0,,4.0,,,12.0,5,21.74,,,,,,,,,,,,,,,,,,,,,,,,,,0,,,,,,,,,0,0,
3504078,RS Ibu dan Anak Trisna Medika,RSIA,RS Khusus,C,Swasta,RS Privat,Jawa Timur,Tulungagung,5.0,,,2.0,2.0,,,,2.0,,,,,2.0,,,,,,,,1.0,,4.0,,,14.0,5,21.74,,,,,,,,,,,,,,,,,,,,,,,,,,0,,,,,,,,,0,0,
3504081,RS Umum Prima Medika,RSU,RS Umum,D,Swasta,RS Privat,Jawa Timur,Tulungagung,7.0,1.0,2.0,2.0,1.0,2.0,,,2.0,,2.0,,,1.0,,1.0,,,,,,1.0,,3.0,,1.0,21.0,10,43.48,,,,,,,,,,,,,,,,,,,,,,,,,,0,,,,,,,,,0,0,
3504087,RS Umum Daerah Campurdarat,RSU,RS Umum,D,Pemkab,RS Publik,Jawa Timur,Tulungagung,7.0,1.0,2.0,1.0,1.0,1.0,,,1.0,,2.0,,,1.0,,1.0,,,,,,1.0,,6.0,,2.0,23.0,10,43.48,,,,,,,,,,,,,,,,,,,,,,,,,,0,,,,,,,,,0,0,
3505013,RS Umum Daerah Ngudi Waluyo Wlingi,RSU,RS Umum,B,Pemkab,RS Publik,Jawa Timur,Blitar,43.0,3.0,4.0,2.0,3.0,3.0,,,2.0,,4.0,,,3.0,,1.0,,1.0,2.0,2.0,,2.0,,19.0,1.0,9.0,95.0,14,60.87,0.0,0.0,0.0,0.0,0.0,0.0,0.0,0.0,,0.0,0.0,1.0,,0.0,0.0,0.0,,,0.0,,1.0,False,1.0,1.0,75.0,1,,,,,Sudah kerjasama BPJS,Sudah kerjasama BPJS,Sudah kerjasama BPJS,,3,3,100.0
3505024,RS Umum Aulia Blitar,RSU,RS Umum,D,Swasta,RS Privat,Jawa Timur,Blitar,13.0,1.0,1.0,2.0,1.0,2.0,,,2.0,,1.0,,,1.0,,1.0,,,1.0,1.0,,2.0,,5.0,,2.0,32.0,12,52.17,,,,,,,,,,,,,,,,,,,,,,,,,,0,,,,,,,Sudah kerjasama BPJS,,1,1,100.0
3505035,RS Umum Ananda,RSU,RS Umum,D,Swasta,RS Privat,Jawa Timur,Blitar,16.0,2.0,3.0,2.0,2.0,2.0,,,2.0,,3.0,,,2.0,,1.0,,,1.0,1.0,,2.0,,5.0,,1.0,38.0,12,52.17,,,,,,,,,,,,,,,,,,,,,,,,,,0,,,,,,,,,0,0,
3505041,RS Umum Al-Ittihad,RSU,RS Umum,D,Swasta,RS Privat,Jawa Timur,Blitar,9.0,1.0,3.0,2.0,1.0,3.0,,,2.0,,3.0,,,1.0,,,,,1.0,1.0,,2.0,,5.0,,2.0,30.0,11,47.83,,,,,,,,,,,,,,,,,,,,,,,,,,0,,,,,,,,,0,0,
3505043,RS Umum Medika Utama,RSU,RS Umum,C,Swasta,RS Privat,Jawa Timur,Blitar,4.0,2.0,3.0,2.0,2.0,,,,2.0,,3.0,,,2.0,,2.0,,,1.0,1.0,,2.0,,4.0,1.0,3.0,27.0,12,52.17,,,,,,,,,,,,,,,,,,,,,,,,,,0,,,,,,,Sudah kerjasama BPJS,,1,1,100.0
3505044,RS Umum Wava Husada Kesamben,RSU,RS Umum,D,Swasta,RS Privat,Jawa Timur,Blitar,7.0,2.0,1.0,2.0,2.0,1.0,,,2.0,,1.0,,,2.0,,1.0,,,1.0,1.0,,1.0,,3.0,,1.0,23.0,12,52.17,,,,,,,,,,,,,,,,,,,,,,,,,,0,,,,,,,Sudah kerjasama BPJS,,1,1,100.0
3505045,RS Umum Daerah Srengat Kab. Blitar,RSU,RS Umum,C,Pemkab,RS Publik,Jawa Timur,Blitar,14.0,2.0,3.0,1.0,1.0,2.0,,,1.0,,3.0,,,1.0,,1.0,,,1.0,1.0,,2.0,,15.0,1.0,7.0,51.0,13,56.52,,,,,,,,,,,,,,,,,,,,,,,,,,0,,Sudah kerjasama BPJS,,,,,Sudah kerjasama BPJS,,2,2,100.0
3505054,RS Umum An-Nisaa,RSU,RS Umum,D,Swasta,RS Privat,Jawa Timur,Blitar,10.0,1.0,2.0,1.0,2.0,1.0,,,1.0,,2.0,,,2.0,,2.0,,,1.0,1.0,,1.0,,5.0,,2.0,29.0,12,52.17,,,,,,,,,,,,,,,,,,,,,,,,,,0,,,,,,,Sudah kerjasama BPJS,,1,1,100.0
3506014,RS Umum Daerah Kabupaten Kediri,RSU,RS Umum,B,Pemkab,RS Publik,Jawa Timur,Kediri,19.0,3.0,4.0,3.0,2.0,3.0,,,3.0,,4.0,,,2.0,,1.0,,2.0,1.0,1.0,,2.0,,23.0,,9.0,73.0,13,56.52,0.0,0.0,1.0,0.0,0.0,0.0,0.0,0.0,,0.0,0.0,1.0,,0.0,0.0,0.0,,,0.0,,1.0,False,2.0,2.0,75.0,1,,,,,Sudah kerjasama BPJS,Sudah kerjasama BPJS,Sudah kerjasama BPJS,,3,3,100.0
3506025,RS Toeloengredjo,RSU,RS Umum,C,Swasta,RS Privat,Jawa Timur,Kediri,22.0,2.0,4.0,2.0,2.0,3.0,,,2.0,,4.0,,,2.0,,3.0,,1.0,1.0,1.0,,2.0,,11.0,,5.0,59.0,13,56.52,,,,,,,,,,,,,,,,,,,,,,,,,,0,,,,,,Sudah kerjasama BPJS,Sudah kerjasama BPJS,,2,2,100.0
3506036,RS Umum Amelia,RSU,RS Umum,D,Swasta,RS Privat,Jawa Timur,Kediri,7.0,1.0,2.0,4.0,2.0,2.0,,,4.0,,2.0,,,2.0,,1.0,,1.0,1.0,1.0,,2.0,,8.0,,2.0,34.0,13,56.52,,,,,,,,,,,,,,,,,,,,,,,,,,0,,,,,,Sudah kerjasama BPJS,Sudah kerjasama BPJS,,2,2,100.0
3506047,RS Umum Muhammadiyah Surya Melati ,RSU,RS Umum,D,Swasta,RS Privat,Jawa Timur,Kediri,11.0,2.0,2.0,,1.0,1.0,,,,,2.0,,,1.0,,,,,1.0,1.0,,1.0,,5.0,,,25.0,9,39.13,,,,,,,,,,,,,,,,,,,,,,,,,,0,,,,,,,Sudah kerjasama BPJS,,1,1,100.0
3506058,RS Umum Arga Husada,RSU,RS Umum,D,Swasta Non Profit,RS Publik,Jawa Timur,Kediri,8.0,,2.0,1.0,1.0,2.0,,,1.0,,2.0,,,1.0,,1.0,,,1.0,,,2.0,,,,,18.0,8,34.78,,,,,,,,,,,,,,,,,,,,,,,,,,0,,,,,,,,,0,0,
3506059,RS Muhammadiyah Siti Khodijah,RSU,RS Umum,D,Swasta,RS Privat,Jawa Timur,Kediri,17.0,3.0,2.0,2.0,2.0,2.0,,,2.0,,2.0,,,2.0,,1.0,,,1.0,1.0,,2.0,,7.0,,3.0,43.0,12,52.17,,,,,,,,,,,,,,,,,,,,,,,,,,0,,,,,,,Sudah kerjasama BPJS,,1,1,100.0
3506060,RS Ibu dan Anak Kasih Bunda,RSIA,RS Khusus,C,Swasta,RS Privat,Jawa Timur,Kediri,1.0,,,2.0,2.0,,,,2.0,,,,,2.0,,,,,,,,1.0,,,,,6.0,4,17.39,,,,,,,,,,,,,,,,,,,,,,,,,,0,,,,,,,,,0,0,
3506062,RS Umum  Aura Syifa,RSU,RS Umum,C,Swasta,RS Privat,Jawa Timur,Kediri,6.0,3.0,2.0,3.0,2.0,2.0,,,3.0,,2.0,,,2.0,,1.0,,,1.0,1.0,,1.0,,13.0,,3.0,38.0,12,52.17,,,,,,,,,,,,,,,,,,,,,,,,,,0,,,,,,,Sudah kerjasama BPJS,,1,1,100.0
3506063,RS Umum  Wilujeng,RSU,RS Umum,D,Swasta,RS Privat,Jawa Timur,Kediri,9.0,,2.0,2.0,1.0,1.0,,,2.0,,2.0,,,1.0,,,,,1.0,1.0,,1.0,,6.0,,1.0,25.0,10,43.48,,,,,,,,,,,,,,,,,,,,,,,,,,0,,,,,,,Sudah kerjasama BPJS,,1,1,100.0
3506064,RS Ibu dan Anak Permata Hati Pare Kediri,RSIA,RS Khusus,C,Swasta,RS Privat,Jawa Timur,Kediri,5.0,1.0,,1.0,1.0,,,,1.0,,,,,1.0,,,,,,,,1.0,,2.0,,,11.0,6,26.09,,,,,,,,,,,,,,,,,,,,,,,,,,0,,,,,,,,,0,0,
3506066,RS Umum Daerah Simpang Lima Gumul Kediri,RSU,RS Umum,C,Pemkab,RS Publik,Jawa Timur,Kediri,20.0,2.0,2.0,4.0,3.0,2.0,,,4.0,,2.0,,,3.0,,1.0,,1.0,1.0,1.0,,2.0,,15.0,1.0,6.0,61.0,14,60.87,,,,,,,,,,,,,,,,,,,,,,,,,,0,,,,Sudah kerjasama BPJS,,Sudah kerjasama BPJS,Sudah kerjasama BPJS,,3,3,100.0
3507015,RS Bala Keselamatan Bokor,RSU,RS Umum,D,Swasta,RS Privat,Jawa Timur,Malang,9.0,,3.0,,1.0,1.0,,,,,3.0,,,1.0,,1.0,,,1.0,1.0,,1.0,,5.0,,5.0,28.0,10,43.48,,,,,,,,,,,,,,,,,,,,,,,,,,0,,,,,,,Sudah kerjasama BPJS,,1,1,100.0
3507026,RS Jiwa Dr. Radjiman Wediodiningrat Lawang,RSK Jiwa,RS Khusus,A,Kemkes,RS Publik,Jawa Timur,Malang,21.0,1.0,2.0,,,1.0,,,,,2.0,,,,,1.0,,,2.0,1.0,,1.0,,11.0,1.0,7.0,49.0,11,47.83,,,,,,,,,,,,,,,,,,,,,,,,,,0,,,,,,,Sudah kerjasama BPJS,,1,1,100.0
3507052,RS Umum Daerah Kanjuruhan Kepanjen Kab. Malang,RSU,RS Umum,B,Pemkab,RS Publik,Jawa Timur,Malang,19.0,3.0,5.0,4.0,3.0,3.0,1.0,,4.0,,5.0,,,3.0,,2.0,,,2.0,3.0,,4.0,,27.0,1.0,11.0,88.0,14,60.87,0.0,1.0,0.0,0.0,2.0,0.0,1.0,0.0,,0.0,0.0,1.0,,1.0,1.0,0.0,,,0.0,,1.0,False,7.0,6.0,75.0,1,,,,Sudah kerjasama BPJS,Sudah kerjasama BPJS,Sudah kerjasama BPJS,Sudah kerjasama BPJS,,4,4,100.0
3507070,RS Marsudi Waluyo,RSU,RS Umum,D,Swasta Non Profit,RS Publik,Jawa Timur,Malang,31.0,1.0,4.0,1.0,1.0,2.0,,,1.0,,4.0,,,1.0,,1.0,,,1.0,1.0,,2.0,,5.0,,3.0,53.0,12,52.17,,,,,,,,,,,,,,,,,,,,,,,,,,0,,,,,,,Sudah kerjasama BPJS,,1,1,100.0
3507085,RS Umum Daerah Lawang ,RSU,RS Umum,C,Pemkab,RS Publik,Jawa Timur,Malang,11.0,2.0,2.0,2.0,2.0,2.0,,,2.0,,2.0,,,2.0,,1.0,,,1.0,2.0,,2.0,,8.0,,8.0,43.0,12,52.17,,,,,,,,,,,,,,,,,,,,,,,,,,0,,,,Sudah kerjasama BPJS,,,,,1,1,100.0
3507096,RS Umum Wava Husada ,RSU,RS Umum,B,Swasta,RS Privat,Jawa Timur,Malang,35.0,7.0,5.0,5.0,3.0,5.0,2.0,,5.0,,5.0,,,3.0,,2.0,,1.0,2.0,2.0,,3.0,,21.0,,10.0,103.0,14,60.87,,,,,,,,,,,,,,,,,,,,,,,,,,0,,,,,,Sudah kerjasama BPJS,Sudah kerjasama BPJS,,2,2,100.0
3507098,RS Mitra Delima,RSU,RS Umum,C,Swasta,RS Privat,Jawa Timur,Malang,12.0,3.0,2.0,2.0,2.0,2.0,,,2.0,,2.0,,,2.0,,2.0,,1.0,1.0,1.0,,2.0,,6.0,,5.0,41.0,13,56.52,,,,,,,,,,,,,,,,,,,,,,,,,,0,,,,,,Sudah kerjasama BPJS,Sudah kerjasama BPJS,,2,2,100.0
3507099,RS Prasetya Husada,RSU,RS Umum,C,Swasta,RS Privat,Jawa Timur,Malang,8.0,2.0,2.0,1.0,3.0,2.0,,,1.0,,2.0,,,3.0,,1.0,,,1.0,2.0,,4.0,,4.0,,3.0,33.0,12,52.17,,,,,,,,,,,,,,,,,,,,,,,,,,0,,,,,,,,,0,0,
3507100,RS Siti Miriam,RSU,RS Umum,D,Swasta,RS Privat,Jawa Timur,Malang,6.0,3.0,,1.0,2.0,,,,1.0,,,,,2.0,,,,,1.0,,,,,2.0,,2.0,17.0,7,30.43,,,,,,,,,,,,,,,,,,,,,,,,,,0,,,,,,,,,0,0,
3507102,RS Angkatan Udara dr. Mohammad Moenir,RSU,RS Umum,D,TNI,RS Publik,Jawa Timur,Malang,13.0,5.0,1.0,1.0,1.0,1.0,,,1.0,,1.0,,,1.0,,1.0,,,,1.0,,3.0,,5.0,,7.0,39.0,11,47.83,,,,,,,,,,,,,,,,,,,,,,,,,,0,,,,,,,Sudah kerjasama BPJS,,1,1,100.0
3507104,RS Prima Husada,RSU,RS Umum,C,Swasta,RS Privat,Jawa Timur,Malang,24.0,1.0,3.0,2.0,3.0,3.0,,,2.0,,3.0,,,3.0,,4.0,,1.0,1.0,2.0,,2.0,,10.0,,6.0,62.0,13,56.52,,,,,,,,,,,,,,,,,,,,,,,,,,0,,,,,,Sudah kerjasama BPJS,Sudah kerjasama BPJS,,2,2,100.0
3507105,RS Lawang Medika,RSU,RS Umum,D,Swasta,RS Privat,Jawa Timur,Malang,10.0,2.0,2.0,3.0,2.0,1.0,,,3.0,,2.0,,,2.0,,,,1.0,1.0,1.0,,1.0,,7.0,,3.0,34.0,12,52.17,,,,,,,,,,,,,,,,,,,,,,,,,,0,,,,,,Sudah kerjasama BPJS,Sudah kerjasama BPJS,,2,2,100.0
3507107,RS Ben Mari,RSU,RS Umum,D,Swasta,RS Privat,Jawa Timur,Malang,9.0,1.0,2.0,3.0,3.0,2.0,,,3.0,,2.0,,,3.0,,1.0,,1.0,1.0,1.0,,2.0,,1.0,,1.0,28.0,13,56.52,,,,,,,,,,,,,,,,,,,,,,,,,,0,,,,,,Sudah kerjasama BPJS,,,1,1,100.0
3507108,RS Umum Universitas Muhammadiyah Malang,RSU,RS Umum,C,Swasta,RS Privat,Jawa Timur,Malang,17.0,4.0,9.0,4.0,6.0,1.0,,,4.0,,9.0,,,6.0,,3.0,,1.0,2.0,4.0,,4.0,,8.0,,10.0,73.0,13,56.52,,,,,,,,,,,,,,,,,,,,,,,,,,0,,,,,,Sudah kerjasama BPJS,Sudah kerjasama BPJS,,2,2,100.0
3507116,RS Umum Salsabila Husada,RSU,RS Umum,D,Swasta,RS Privat,Jawa Timur,Malang,7.0,,1.0,1.0,1.0,,,,1.0,,1.0,,,1.0,,,,,1.0,,,1.0,,1.0,,1.0,14.0,8,34.78,,,,,,,,,,,,,,,,,,,,,,,,,,0,,,,,,,,,0,0,
3507117,RS Umum Pindad,RSU,RS Umum,C,Swasta,RS Privat,Jawa Timur,Malang,13.0,2.0,4.0,3.0,2.0,2.0,,,3.0,,4.0,,,2.0,,8.0,,1.0,1.0,2.0,,,,2.0,,1.0,41.0,12,52.17,,,,,,,,,,,,,,,,,,,,,,,,,,0,,,,,,Sudah kerjasama BPJS,Sudah kerjasama BPJS,,2,2,100.0
3507119,RS Umum Wajak Husada,RSU,RS Umum,D,Swasta,RS Privat,Jawa Timur,Malang,6.0,3.0,2.0,2.0,1.0,2.0,,,2.0,,2.0,,,1.0,,,,,,1.0,,1.0,,2.0,,5.0,25.0,10,43.48,,,,,,,,,,,,,,,,,,,,,,,,,,0,,,,,,,,,0,0,
3507204,RS Umum Islam Gondang Legi,RSU,RS Umum,C,Swasta,RS Privat,Jawa Timur,Malang,10.0,1.0,2.0,2.0,2.0,2.0,,,2.0,,2.0,,,2.0,,3.0,,,1.0,2.0,,1.0,,9.0,,6.0,41.0,12,52.17,,,,,,,,,,,,,,,,,,,,,,,,,,0,,,,,,,Sudah kerjasama BPJS,,1,1,100.0
3507230,RS Sumber Sentosa,RSU,RS Umum,D,Swasta,RS Privat,Jawa Timur,Malang,9.0,2.0,3.0,1.0,1.0,1.0,,,1.0,,3.0,,,1.0,,1.0,,,2.0,1.0,,1.0,,1.0,,1.0,24.0,12,52.17,,,,,,,,,,,,,,,,,,,,,,,,,,0,,,,,,,Sudah kerjasama BPJS,,1,1,100.0
3507241,RS Umum Islam Madinah Kasembon,RSU,RS Umum,D,Swasta,RS Privat,Jawa Timur,Malang,10.0,1.0,2.0,2.0,2.0,2.0,,,2.0,,2.0,,,2.0,,1.0,,,1.0,1.0,,1.0,,4.0,,1.0,28.0,12,52.17,,,,,,,,,,,,,,,,,,,,,,,,,,0,,,,,,,Sudah kerjasama BPJS,,1,1,100.0
3507248,RS Bedah Hasta Husada,RSK BEDAH,RS Khusus,C,Swasta,RS Privat,Jawa Timur,Malang,6.0,,2.0,1.0,2.0,2.0,,,1.0,,2.0,,,2.0,,1.0,,1.0,,1.0,,1.0,,12.0,,6.0,35.0,11,47.83,,,,,,,,,,,,,,,,,,,,,,,,,,0,,,,,,Sudah kerjasama BPJS,Sudah kerjasama BPJS,,2,2,100.0
3507259,RS Enggal Dangan,RSU,RS Umum,D,Swasta,RS Privat,Jawa Timur,Malang,,,,,,,,,,,,,,,,,,,,,,,,,,,,0,0.0,,,,,,,,,,,,,,,,,,,,,,,,,,0,,,,,,,,,0,0,
3507260,RS Umum Daerah Ngantang,RSU,RS Umum,D,Pemkab,RS Publik,Jawa Timur,Malang,,,,,,,,,,,,,,,,,,,,,,,,,,,,0,0.0,,,,,,,,,,,,,,,,,,,,,,,,,,0,,,,,,,,,0,0,
3573256,RS Bantuan 05.08.04 Lawang,RSU,RS Umum,D,TNI,RS Publik,Jawa Timur,Malang,7.0,1.0,2.0,1.0,1.0,1.0,,,1.0,,2.0,,,1.0,,,,,1.0,,,1.0,,,,1.0,16.0,9,39.13,,,,,,,,,,,,,,,,,,,,,,,,,,0,,,,,,,,,0,0,
3508016,RS Daerah Dr. Haryoto Kabupaten Lumajang,RSU,RS Umum,B,Pemkab,RS Publik,Jawa Timur,Lumajang,21.0,11.0,5.0,3.0,3.0,3.0,,,3.0,,5.0,,,3.0,,2.0,,1.0,2.0,2.0,,2.0,,28.0,,11.0,94.0,13,56.52,0.0,0.0,1.0,0.0,0.0,0.0,0.0,0.0,,0.0,0.0,0.0,,0.0,0.0,0.0,,,0.0,,1.0,False,1.0,1.0,75.0,1,,,,Sudah kerjasama BPJS,Sudah kerjasama BPJS,Sudah kerjasama BPJS,Sudah kerjasama BPJS,,4,4,100.0
3508053,RS Wijaya Kusuma,RSU,RS Umum,C,Swasta,RS Privat,Jawa Timur,Lumajang,12.0,1.0,4.0,3.0,3.0,2.0,,,3.0,,4.0,,,3.0,,2.0,,1.0,1.0,2.0,,3.0,,9.0,1.0,4.0,48.0,14,60.87,,,,,,,,,,,,,,,,,,,,,,,,,,0,,,,,,Sudah kerjasama BPJS,Sudah kerjasama BPJS,,2,2,100.0
3508054,RS Bhayangkara Lumajang ,RSU,RS Umum,C,POLRI,RS Publik,Jawa Timur,Lumajang,19.0,1.0,2.0,2.0,2.0,2.0,,,2.0,,2.0,,,2.0,,1.0,,1.0,1.0,1.0,,2.0,,7.0,,5.0,46.0,13,56.52,,,,,,,,,,,,,,,,,,,,,,,,,,0,,,,,,Sudah kerjasama BPJS,,,1,1,100.0
3508055,RS Djatiroto,RSU,RS Umum,C,BUMN,RS Privat,Jawa Timur,Lumajang,7.0,,6.0,2.0,2.0,2.0,,,2.0,,6.0,,,2.0,,1.0,,,1.0,2.0,,1.0,,6.0,,3.0,33.0,11,47.83,,,,,,,,,,,,,,,,,,,,,,,,,,0,,,,,,,Sudah kerjasama BPJS,,1,1,100.0
3508056,RS Islam Lumajang,RSU,RS Umum,C,Swasta,RS Privat,Jawa Timur,Lumajang,10.0,,3.0,4.0,2.0,1.0,,,4.0,,3.0,,,2.0,,1.0,,,1.0,1.0,,1.0,,8.0,,5.0,37.0,11,47.83,,,,,,,,,,,,,,,,,,,,,,,,,,0,,,,,Sudah kerjasama BPJS,,Sudah kerjasama BPJS,,2,2,100.0
3508058,RS Umum Daerah Pasirian Kabupaten Lumajang,RSU,RS Umum,C,Pemkab,RS Publik,Jawa Timur,Lumajang,7.0,1.0,2.0,2.0,1.0,2.0,,,2.0,,2.0,,,1.0,,1.0,,,,1.0,,2.0,,6.0,,4.0,29.0,11,47.83,,,,,,,,,,,,,,,,,,,,,,,,,,0,,,,,,,Sudah kerjasama BPJS,,1,1,100.0
3508060,RS Umum Muhammadiyah Lumajang,RSU,RS Umum,D,Swasta Non Profit,RS Publik,Jawa Timur,Lumajang,9.0,2.0,2.0,2.0,,2.0,,,2.0,,2.0,,,,,1.0,,,,,,2.0,,2.0,,2.0,24.0,9,39.13,,,,,,,,,,,,,,,,,,,,,,,,,,0,,,,,,,,,0,0,
3508071,RS NU Permata,RSU,RS Umum,D,Swasta Non Profit,RS Publik,Jawa Timur,Lumajang,5.0,,1.0,1.0,1.0,1.0,,,1.0,,1.0,,,1.0,,,,,,,,1.0,,4.0,,,14.0,7,30.43,,,,,,,,,,,,,,,,,,,,,,,,,,0,,,,,,,,,0,0,
3509010,RS Umum Daerah Dr. Soebandi,RSU,RS Umum,B,Pemkab,RS Publik,Jawa Timur,Jember,29.0,5.0,6.0,4.0,4.0,5.0,,1.0,4.0,,6.0,,,4.0,,3.0,,1.0,2.0,4.0,,5.0,,25.0,1.0,13.0,108.0,15,65.22,0.0,1.0,0.0,0.0,1.0,0.0,1.0,0.0,,1.0,0.0,1.0,,1.0,0.0,0.0,,,0.0,,1.0,False,6.0,6.0,75.0,1,Sudah kerjasama BPJS,,Sudah kerjasama BPJS,Sudah kerjasama BPJS,Sudah kerjasama BPJS,Sudah kerjasama BPJS,Sudah kerjasama BPJS,,6,6,100.0
3509021,RS Perkebunan PTPN X (Persero) Jember,RSU,RS Umum,C,BUMN,RS Privat,Jawa Timur,Jember,12.0,2.0,6.0,6.0,4.0,6.0,,,6.0,,6.0,,,4.0,,4.0,,1.0,1.0,4.0,,3.0,,15.0,,7.0,71.0,13,56.52,,,,,,,,,,,,,,,,,,,,,,,,,,0,,,,Sudah kerjasama BPJS,,Sudah kerjasama BPJS,Sudah kerjasama BPJS,,3,3,100.0
3509032,RS Tk. III Baladhika Husada Jember,RSU,RS Umum,C,TNI,RS Publik,Jawa Timur,Jember,12.0,,5.0,3.0,3.0,2.0,,,3.0,,5.0,,,3.0,,2.0,,1.0,1.0,3.0,1.0,3.0,,9.0,,7.0,52.0,13,56.52,,,,,,,,,,,,,,,,,,,,,,,,,,0,Sudah kerjasama BPJS,,Sudah kerjasama BPJS,Sudah kerjasama BPJS,,Sudah kerjasama BPJS,Sudah kerjasama BPJS,,5,5,100.0
3509043,RS Paru Jember,RSK PARU,RS Khusus,B,Pemprop,RS Publik,Jawa Timur,Jember,12.0,,2.0,1.0,1.0,2.0,,,1.0,,2.0,,,1.0,,3.0,,,1.0,1.0,,3.0,,8.0,1.0,8.0,43.0,12,52.17,,,,,,,,,,,,,,,,,,,,,,,,,,0,,,,Sudah kerjasama BPJS,,,Sudah kerjasama BPJS,,2,2,100.0
3509101,RS Utama Husada Jember,RSU,RS Umum,D,Swasta,RS Privat,Jawa Timur,Jember,8.0,,1.0,1.0,,,,,1.0,,1.0,,,,,,,,,,,2.0,,,,,12.0,4,17.39,,,,,,,,,,,,,,,,,,,,,,,,,,0,,,,,,,,,0,0,
3509112,RS Gigi dan Mulut Universitas Jember,RSK GM,RS Khusus,C,Kementerian Lain,RS Publik,Jawa Timur,Jember,3.0,39.0,,,,,,,,,,,,,,,,,1.0,,,1.0,,4.0,,3.0,51.0,6,26.09,,,,,,,,,,,,,,,,,,,,,,,,,,0,,,,,,,,,0,0,
3509123,RS Daerah Kalisat Jember,RSU,RS Umum,C,Pemkab,RS Publik,Jawa Timur,Jember,14.0,2.0,2.0,2.0,2.0,2.0,,,2.0,,2.0,,,2.0,,,,,2.0,1.0,,2.0,,11.0,,6.0,46.0,11,47.83,,,,,,,,,,,,,,,,,,,,,,,,,,0,,,,,,,Sudah kerjasama BPJS,,1,1,100.0
3509134,RS Daerah Balung Jember,RSU,RS Umum,C,Pemkab,RS Publik,Jawa Timur,Jember,36.0,2.0,4.0,2.0,2.0,3.0,,,2.0,,4.0,,,2.0,,1.0,,,1.0,1.0,,2.0,,11.0,1.0,8.0,74.0,13,56.52,,,,,,,,,,,,,,,,,,,,,,,,,,0,,,,,,,Sudah kerjasama BPJS,,1,1,100.0
3509135,RS Bina Sehat Jember,RSU,RS Umum,C,Swasta,RS Privat,Jawa Timur,Jember,26.0,5.0,5.0,4.0,3.0,4.0,,,4.0,,5.0,,,3.0,,3.0,,1.0,1.0,2.0,,5.0,,13.0,1.0,6.0,79.0,14,60.87,,,,,,,,,,,,,,,,,,,,,,,,,,0,,,,,,Sudah kerjasama BPJS,Sudah kerjasama BPJS,,2,2,100.0
3509136,RS Umum Citra Husada Jember,RSU,RS Umum,C,Swasta,RS Privat,Jawa Timur,Jember,28.0,2.0,3.0,2.0,3.0,2.0,,1.0,2.0,,3.0,,,3.0,,2.0,,1.0,,1.0,,2.0,,9.0,,4.0,60.0,13,56.52,,,,,,,,,,,,,,,,,,,,,,,,,,0,,,,,,,,,0,0,
3509137,RS Umum Srikandi IBI Jember,RSU,RS Umum,C,Swasta Non Profit,RS Publik,Jawa Timur,Jember,9.0,1.0,1.0,3.0,1.0,,,,3.0,,1.0,,,1.0,,,,,,,,4.0,,,,,19.0,6,26.09,,,,,,,,,,,,,,,,,,,,,,,,,,0,,,,,,,,,0,0,
3509138,RS Kaliwates Jember,RSU,RS Umum,C,Swasta,RS Privat,Jawa Timur,Jember,27.0,4.0,4.0,6.0,3.0,3.0,,,6.0,,4.0,,,3.0,,2.0,,1.0,2.0,2.0,,3.0,,10.0,,7.0,74.0,13,56.52,,,,,,,,,,,,,,,,,,,,,,,,,,0,,,,,,Sudah kerjasama BPJS,Sudah kerjasama BPJS,,2,2,100.0
3509140,RS Siloam Jember,RSU,RS Umum,C,Swasta,RS Privat,Jawa Timur,Jember,9.0,3.0,2.0,1.0,2.0,2.0,,,1.0,,2.0,,,2.0,,2.0,,,1.0,2.0,,3.0,,9.0,,3.0,39.0,12,52.17,,,,,,,,,,,,,,,,,,,,,,,,,,0,,,,,Sudah kerjasama BPJS,,Sudah kerjasama BPJS,,2,2,100.0
3509151,RS Umum Universitas Muhammadiyah Jember,RSU,RS Umum,C,Swasta,RS Privat,Jawa Timur,Jember,,,,,,,,,,,,,,,,,,,,,,,,,,,,0,0.0,,,,,,,,,,,,,,,,,,,,,,,,,,0,,,,,,,,,0,0,
3510010,RS Umum Daerah Blambangan,RSU,RS Umum,B,Pemkab,RS Publik,Jawa Timur,Banyuwangi,18.0,3.0,4.0,3.0,3.0,2.0,,1.0,3.0,,4.0,,,3.0,,2.0,,1.0,1.0,2.0,,2.0,,17.0,1.0,8.0,68.0,15,65.22,0.0,1.0,1.0,0.0,0.0,0.0,2.0,0.0,,0.0,0.0,1.0,,1.0,0.0,0.0,,,0.0,,1.0,False,6.0,5.0,75.0,1,Sudah kerjasama BPJS,,,Sudah kerjasama BPJS,Sudah kerjasama BPJS,Sudah kerjasama BPJS,Sudah kerjasama BPJS,,5,5,100.0
3510021,RS Umum Bhakti Husada,RSU,RS Umum,C,Swasta,RS Privat,Jawa Timur,Banyuwangi,10.0,1.0,2.0,1.0,,1.0,,,1.0,,2.0,,,,,1.0,,,1.0,1.0,,1.0,,5.0,,5.0,29.0,11,47.83,,,,,,,,,,,,,,,,,,,,,,,,,,0,,,,,,,Sudah kerjasama BPJS,,1,1,100.0
3510043,RS Umum Daerah Genteng,RSU,RS Umum,C,Pemkab,RS Publik,Jawa Timur,Banyuwangi,12.0,5.0,2.0,3.0,2.0,3.0,,,3.0,,2.0,,,2.0,,2.0,,1.0,1.0,2.0,,4.0,,16.0,,8.0,61.0,13,56.52,,,,,,,,,,,,,,,,,,,,,,,,,,0,,,,,,Sudah kerjasama BPJS,Sudah kerjasama BPJS,,2,2,100.0
3510054,RS Islam Fatimah,RSU,RS Umum,C,Swasta,RS Privat,Jawa Timur,Banyuwangi,12.0,2.0,3.0,3.0,2.0,2.0,,,3.0,,3.0,,,2.0,,1.0,,,1.0,1.0,,1.0,,6.0,,3.0,37.0,12,52.17,,,,,,,,,,,,,,,,,,,,,,,,,,0,,,,,,Sudah kerjasama BPJS,Sudah kerjasama BPJS,,2,2,100.0
3510076,RS Yasmin,RSU,RS Umum,C,Swasta,RS Privat,Jawa Timur,Banyuwangi,14.0,2.0,3.0,2.0,2.0,3.0,,,2.0,,3.0,,,2.0,,1.0,,,1.0,1.0,,3.0,,9.0,1.0,4.0,46.0,13,56.52,,,,,,,,,,,,,,,,,,,,,,,,,,0,,,,,,,Sudah kerjasama BPJS,,1,1,100.0
3510102,RS Nahdlatul Ulama Banyuwangi,RSU,RS Umum,C,Swasta,RS Privat,Jawa Timur,Banyuwangi,8.0,2.0,2.0,1.0,2.0,2.0,,,1.0,,2.0,,,2.0,,,,,1.0,1.0,,2.0,,5.0,,3.0,29.0,11,47.83,,,,,,,,,,,,,,,,,,,,,,,,,,0,,,,,,,Sudah kerjasama BPJS,,1,1,100.0
3510103,RS Al Huda ,RSU,RS Umum,C,Swasta,RS Privat,Jawa Timur,Banyuwangi,10.0,2.0,2.0,5.0,2.0,3.0,,,5.0,,2.0,,,2.0,,1.0,,1.0,1.0,2.0,,3.0,,8.0,1.0,9.0,50.0,14,60.87,,,,,,,,,,,,,,,,,,,,,,,,,,0,,,,,,Sudah kerjasama BPJS,Sudah kerjasama BPJS,,2,2,100.0
3510104,RS Umum PKU Muhammadiyah Rogojampi,RSU,RS Umum,D,Swasta,RS Privat,Jawa Timur,Banyuwangi,9.0,1.0,1.0,3.0,1.0,1.0,,,3.0,,1.0,,,1.0,,1.0,,,1.0,1.0,,1.0,,3.0,,3.0,26.0,12,52.17,,,,,,,,,,,,,,,,,,,,,,,,,,0,,,,,,,,,0,0,
3510105,RS Umum Bakti Mulia Banyuwangi,RSU,RS Umum,D,Swasta,RS Privat,Jawa Timur,Banyuwangi,,,,,,,,,,,,,,,,,,,,,,,,,,,,0,0.0,,,,,,,,,,,,,,,,,,,,,,,,,,0,,,,,,,,,0,0,
3510106,RS Graha Medika,RSU,RS Umum,C,Swasta,RS Privat,Jawa Timur,Banyuwangi,11.0,1.0,2.0,2.0,2.0,2.0,,,2.0,,2.0,,,2.0,,1.0,,1.0,1.0,1.0,,2.0,,8.0,,4.0,38.0,13,56.52,,,,,,,,,,,,,,,,,,,,,,,,,,0,,,,,,Sudah kerjasama BPJS,,,1,1,100.0
3510107,RS Umum Abdhi Famili,RSU,RS Umum,D,Swasta,RS Privat,Jawa Timur,Banyuwangi,6.0,1.0,2.0,3.0,1.0,1.0,,,3.0,,2.0,,,1.0,,,,,1.0,1.0,,2.0,,2.0,,,20.0,10,43.48,,,,,,,,,,,,,,,,,,,,,,,,,,0,,,,,,,,,0,0,
3510108,RS Al-Rohmah Banyuwangi,RSU,RS Umum,D,Swasta,RS Privat,Jawa Timur,Banyuwangi,7.0,1.0,2.0,1.0,1.0,1.0,,,1.0,,2.0,,,1.0,,,,,1.0,1.0,,1.0,,4.0,,2.0,22.0,11,47.83,,,,,,,,,,,,,,,,,,,,,,,,,,0,,,,,,,,,0,0,
3510109,RS Umum Rahayu Medika,RSU,RS Umum,D,Swasta,RS Privat,Jawa Timur,Banyuwangi,9.0,,1.0,2.0,1.0,1.0,,,2.0,,1.0,,,1.0,,,,,,,,1.0,,2.0,,1.0,18.0,8,34.78,,,,,,,,,,,,,,,,,,,,,,,,,,0,,,,,,,,,0,0,
3511011,RS Umum dr. H.Koesnadi Bondowoso,RSU,RS Umum,B,Pemkab,RS Publik,Jawa Timur,Bondowoso,16.0,,3.0,4.0,3.0,2.0,,1.0,4.0,,3.0,,,3.0,,1.0,,1.0,1.0,2.0,,2.0,,17.0,1.0,15.0,69.0,14,60.87,0.0,1.0,1.0,1.0,0.0,0.0,1.0,0.0,0.0,0.0,0.0,1.0,,0.0,0.0,0.0,0.0,0.0,0.0,4.0,1.0,False,9.0,6.0,95.0,1,Sudah kerjasama BPJS,,Sudah kerjasama BPJS,Sudah kerjasama BPJS,Sudah kerjasama BPJS,Sudah kerjasama BPJS,Sudah kerjasama BPJS,,6,6,100.0
3511012,RS Bhayangkara Bondowoso ,RSU,RS Umum,C,POLRI,RS Publik,Jawa Timur,Bondowoso,12.0,1.0,2.0,2.0,2.0,2.0,,,2.0,,2.0,,,2.0,,1.0,,1.0,1.0,1.0,,2.0,,7.0,,3.0,37.0,13,56.52,,,,,,,,,,,,,,,,,,,,,,,,,,0,Sudah kerjasama BPJS,,Sudah kerjasama BPJS,,,,Sudah kerjasama BPJS,,3,3,100.0
3511013,RS Mitra Medika Bondowoso,RSU,RS Umum,C,Swasta,RS Privat,Jawa Timur,Bondowoso,8.0,3.0,2.0,3.0,3.0,2.0,,,3.0,,2.0,,,3.0,,,,1.0,,1.0,,2.0,,4.0,,3.0,32.0,11,47.83,,,,,,,,,,,,,,,,,,,,,,,,,,0,,,,,,,,,0,0,
3512012,RS Umum Daerah dr. Abdoer Rahem Situbondo,RSU,RS Umum,C,Pemkab,RS Publik,Jawa Timur,Situbondo,19.0,3.0,4.0,4.0,2.0,3.0,,,4.0,,4.0,,,2.0,,,,1.0,1.0,1.0,,3.0,,24.0,1.0,6.0,72.0,13,56.52,0.0,0.0,1.0,0.0,0.0,0.0,0.0,0.0,0.0,0.0,0.0,0.0,,0.0,0.0,0.0,0.0,0.0,0.0,4.0,1.0,False,5.0,2.0,95.0,1,,,,Sudah kerjasama BPJS,,Sudah kerjasama BPJS,Sudah kerjasama BPJS,,3,3,100.0
3512034,RS Elizabeth,RSU,RS Umum,C,Swasta,RS Privat,Jawa Timur,Situbondo,8.0,1.0,1.0,,2.0,,,,,,1.0,,,2.0,,,,,,,,,,4.0,,1.0,17.0,6,26.09,,,,,,,,,,,,,,,,,,,,,,,,,,0,,,,,,Sudah kerjasama BPJS,Sudah kerjasama BPJS,,2,2,100.0
3512036,RS Umum Daerah Besuki Kabupaten Situbondo,RSU,RS Umum,D,Pemkab,RS Publik,Jawa Timur,Situbondo,9.0,,2.0,2.0,1.0,2.0,,,2.0,,2.0,,,1.0,,,,,,1.0,,1.0,,6.0,,2.0,26.0,9,39.13,,,,,,,,,,,,,,,,,,,,,,,,,,0,,,,,,,Sudah kerjasama BPJS,,1,1,100.0
3512037,RS Umum Daerah Asembagus Kabupaten Situbondo,RSU,RS Umum,D,Pemkab,RS Publik,Jawa Timur,Situbondo,11.0,2.0,2.0,2.0,1.0,1.0,,,2.0,,2.0,,,1.0,,,,,1.0,1.0,,1.0,,6.0,,1.0,29.0,11,47.83,,,,,,,,,,,,,,,,,,,,,,,,,,0,,,,,,,Sudah kerjasama BPJS,,1,1,100.0
3512038,RS Umum Mitra Sehat Kabupaten Situbondo,RSU,RS Umum,D,Swasta,RS Privat,Jawa Timur,Situbondo,10.0,1.0,2.0,3.0,1.0,1.0,,,3.0,,2.0,,,1.0,,,,1.0,,1.0,,1.0,,2.0,,3.0,26.0,11,47.83,,,,,,,,,,,,,,,,,,,,,,,,,,0,,,,,,Sudah kerjasama BPJS,Sudah kerjasama BPJS,,2,2,100.0
3512039,RS Ibu dan Anak Jatimed,RSIA,RS Khusus,C,Swasta,RS Privat,Jawa Timur,Situbondo,5.0,,,1.0,,,,,1.0,,,,,,,,,,,,,1.0,,1.0,,,8.0,4,17.39,,,,,,,,,,,,,,,,,,,,,,,,,,0,,,,,,,,,0,0,
3512050,RS Ibu dan Anak Karinda Husada ,RSIA,RS Khusus,C,Swasta,RS Privat,Jawa Timur,Situbondo,1.0,,,1.0,1.0,,,,1.0,,,,,1.0,,,,,,,,,,1.0,,,4.0,4,17.39,,,,,,,,,,,,,,,,,,,,,,,,,,0,,,,,,,,,0,0,
3512051,RS Mata Situbondo,RSK Mata,RS Khusus,C,Swasta,RS Privat,Jawa Timur,Situbondo,,,,,,,,,,,,,,,,,,,,,,,,,,,,0,0.0,,,,,,,,,,,,,,,,,,,,,,,,,,0,,,,Sudah kerjasama BPJS,,,,,1,1,100.0
3512052,RS Umum Mulia Medical Center,RSU,RS Umum,D,Swasta,RS Privat,Jawa Timur,Situbondo,5.0,,,1.0,1.0,,,,1.0,,,,,1.0,,,,,,,,,,1.0,,,8.0,4,17.39,,,,,,,,,,,,,,,,,,,,,,,,,,0,,,,,,,,,0,0,
3513013,RS Umum Daerah Waluyo Jati Kraksaan,RSU,RS Umum,B,Pemkab,RS Publik,Jawa Timur,Probolinggo,10.0,1.0,2.0,3.0,3.0,2.0,,,3.0,,2.0,,,3.0,,1.0,,1.0,1.0,2.0,,2.0,,17.0,,7.0,52.0,13,56.52,0.0,1.0,0.0,0.0,0.0,0.0,0.0,0.0,,0.0,0.0,0.0,,0.0,0.0,0.0,,,0.0,,1.0,False,1.0,1.0,75.0,1,,,,,,Sudah kerjasama BPJS,Sudah kerjasama BPJS,,2,2,100.0
3513024,RS Graha Sehat,RSU,RS Umum,C,Swasta,RS Privat,Jawa Timur,Probolinggo,8.0,2.0,2.0,3.0,2.0,2.0,,,3.0,,2.0,,,2.0,,1.0,,1.0,1.0,1.0,,1.0,,1.0,,3.0,28.0,13,56.52,,,,,,,,,,,,,,,,,,,,,,,,,,0,,,,,,Sudah kerjasama BPJS,Sudah kerjasama BPJS,,2,2,100.0
3513025,RS Ibu dan Anak Fatimah Kraksaan,RSIA,RS Khusus,C,Swasta,RS Privat,Jawa Timur,Probolinggo,5.0,2.0,1.0,2.0,2.0,,,,2.0,,1.0,,,2.0,,,,,,1.0,,2.0,,2.0,,,17.0,8,34.78,,,,,,,,,,,,,,,,,,,,,,,,,,0,,,,,,,,,0,0,
3513026,RS Umum  Wonolangan,RSU,RS Umum,C,Swasta,RS Privat,Jawa Timur,Probolinggo,9.0,1.0,3.0,2.0,1.0,2.0,,,2.0,,3.0,,,1.0,,2.0,,1.0,,1.0,,1.0,,6.0,,3.0,32.0,12,52.17,,,,,,,,,,,,,,,,,,,,,,,,,,0,,,,,,Sudah kerjasama BPJS,Sudah kerjasama BPJS,,2,2,100.0
3513027,RS Rizani,RSU,RS Umum,C,Swasta,RS Privat,Jawa Timur,Probolinggo,8.0,2.0,2.0,2.0,2.0,2.0,,,2.0,,2.0,,,2.0,,1.0,,,1.0,1.0,,1.0,,1.0,,4.0,27.0,12,52.17,,,,,,,,,,,,,,,,,,,,,,,,,,0,,,,,,Sudah kerjasama BPJS,Sudah kerjasama BPJS,,2,2,100.0
3513067,RS Umum Daerah Tongas ,RSU,RS Umum,C,Pemkab,RS Publik,Jawa Timur,Probolinggo,10.0,1.0,3.0,2.0,2.0,1.0,,,2.0,,3.0,,,2.0,,,,,1.0,1.0,,1.0,,8.0,,3.0,33.0,11,47.83,,,,,,,,,,,,,,,,,,,,,,,,,,0,,,,,,,Sudah kerjasama BPJS,,1,1,100.0
3514025,RS Islam Masyithoh Bangil,RSU,RS Umum,D,Swasta,RS Privat,Jawa Timur,Pasuruan,7.0,2.0,,1.0,1.0,,,,1.0,,,,,1.0,,,,,,,,,,,,,11.0,4,17.39,,,,,,,,,,,,,,,,,,,,,,,,,,0,,,,,,Sudah kerjasama BPJS,Sudah kerjasama BPJS,,2,2,100.0
3514036,RS Umum Daerah Bangil,RSU,RS Umum,B,Pemkab,RS Publik,Jawa Timur,Pasuruan,29.0,2.0,5.0,5.0,4.0,4.0,1.0,,5.0,,5.0,,,4.0,,3.0,,2.0,2.0,3.0,,2.0,,26.0,1.0,18.0,107.0,15,65.22,0.0,0.0,1.0,0.0,0.0,0.0,1.0,0.0,,0.0,0.0,1.0,,1.0,0.0,0.0,,,0.0,,1.0,False,4.0,4.0,75.0,1,,,Sudah kerjasama BPJS,Sudah kerjasama BPJS,,Sudah kerjasama BPJS,Sudah kerjasama BPJS,,4,4,100.0
3514052,RS Umum Bhayangkara Pusdik Brimob ,RSU,RS Umum,D,POLRI,RS Publik,Jawa Timur,Pasuruan,10.0,2.0,2.0,1.0,1.0,2.0,,,1.0,,2.0,,,1.0,,1.0,,,,1.0,,1.0,,6.0,1.0,1.0,29.0,12,52.17,,,,,,,,,,,,,,,,,,,,,,,,,,0,,,,,,,,,0,0,
3514053,RS Mitra Sehat Medika ,RSU,RS Umum,D,Swasta,RS Privat,Jawa Timur,Pasuruan,9.0,3.0,1.0,2.0,1.0,1.0,,,2.0,,1.0,,,1.0,,,,,,,,,,9.0,,4.0,30.0,8,34.78,,,,,,,,,,,,,,,,,,,,,,,,,,0,,,,,,Sudah kerjasama BPJS,Sudah kerjasama BPJS,,2,2,100.0
3514054,RS Sahabat,RSU,RS Umum,D,Swasta,RS Privat,Jawa Timur,Pasuruan,5.0,,2.0,2.0,1.0,2.0,,,2.0,,2.0,,,1.0,,,,,,1.0,,2.0,,6.0,,2.0,23.0,9,39.13,,,,,,,,,,,,,,,,,,,,,,,,,,0,,,,,,,,,0,0,
3514058,RS Umum Daerah Grati,RSU,RS Umum,C,Pemkab,RS Publik,Jawa Timur,Pasuruan,14.0,2.0,2.0,1.0,2.0,2.0,,,1.0,,2.0,,,2.0,,1.0,,,1.0,,,2.0,,7.0,1.0,9.0,44.0,12,52.17,,,,,,,,,,,,,,,,,,,,,,,,,,0,,,,,,Sudah kerjasama BPJS,,,1,1,100.0
3514059,RS Prima Husada,RSU,RS Umum,C,Swasta,RS Privat,Jawa Timur,Pasuruan,10.0,3.0,4.0,3.0,3.0,3.0,,,3.0,,4.0,,,3.0,,2.0,,1.0,1.0,2.0,,3.0,,11.0,,4.0,50.0,13,56.52,,,,,,,,,,,,,,,,,,,,,,,,,,0,,,,,,Sudah kerjasama BPJS,Sudah kerjasama BPJS,,2,2,100.0
3514060,RS Mata Pasuruan,RSK Mata,RS Khusus,C,Swasta,RS Privat,Jawa Timur,Pasuruan,2.0,,,,,,,,,,,,,,,,,,,,,,,,,,2.0,1,4.35,,,,,,,,,,,,,,,,,,,,,,,,,,0,,,,,,,,,0,0,
3575016,RS Asih Abyakta,RSU,RS Umum,D,Swasta,RS Privat,Jawa Timur,Pasuruan,7.0,1.0,3.0,2.0,2.0,2.0,,,2.0,,3.0,,,2.0,,1.0,,1.0,1.0,,,1.0,,5.0,,1.0,27.0,12,52.17,,,,,,,,,,,,,,,,,,,,,,,,,,0,,,,,,Sudah kerjasama BPJS,Sudah kerjasama BPJS,,2,2,100.0
3515015,RS Umum Daerah Sidoarjo,RSU,RS Umum,A,Pemkab,RS Publik,Jawa Timur,Sidoarjo,27.0,1.0,10.0,2.0,5.0,4.0,1.0,1.0,2.0,,10.0,,,5.0,,4.0,,2.0,2.0,5.0,1.0,4.0,,40.0,3.0,21.0,133.0,17,73.91,1.0,1.0,1.0,1.0,1.0,0.0,1.0,0.0,,1.0,1.0,0.0,,2.0,1.0,0.0,,,0.0,,1.0,False,11.0,10.0,75.0,1,Sudah kerjasama BPJS,,Sudah kerjasama BPJS,Sudah kerjasama BPJS,,Sudah kerjasama BPJS,Sudah kerjasama BPJS,Belum kerjasama BPJS,6,5,83.33
3515026,RS Umum Siti Khodijah Muhammadiyah Cabang Sepanjan,RSU,RS Umum,B,Swasta,RS Privat,Jawa Timur,Sidoarjo,17.0,2.0,6.0,6.0,4.0,4.0,1.0,1.0,6.0,,6.0,,,4.0,,3.0,,1.0,2.0,3.0,,4.0,,15.0,1.0,11.0,81.0,16,69.57,,,,,,,,,,,,,,,,,,,,,,,,,,0,Sudah kerjasama BPJS,Sudah kerjasama BPJS,Sudah kerjasama BPJS,Sudah kerjasama BPJS,,,Sudah kerjasama BPJS,,5,5,100.0
3515030,RS Umum  Pusdik Polri Porong ,RSU,RS Umum,C,POLRI,RS Publik,Jawa Timur,Sidoarjo,13.0,2.0,3.0,2.0,3.0,2.0,,,2.0,,3.0,,,3.0,,2.0,,,1.0,1.0,,3.0,,9.0,,4.0,45.0,12,52.17,,,,,,,,,,,,,,,,,,,,,,,,,,0,,,,,,,Sudah kerjasama BPJS,,1,1,100.0
3515096,RS Umum Delta Surya,RSU,RS Umum,C,Swasta,RS Privat,Jawa Timur,Sidoarjo,14.0,3.0,6.0,6.0,6.0,3.0,,,6.0,,6.0,,,6.0,,2.0,,1.0,1.0,2.0,,4.0,,13.0,1.0,6.0,68.0,14,60.87,,,,,,,,,,,,,,,,,,,,,,,,,,0,,,,,,Sudah kerjasama BPJS,Sudah kerjasama BPJS,,2,2,100.0
3515106,RS Islam Siti Hajar Sidoarjo,RSU,RS Umum,B,Swasta,RS Privat,Jawa Timur,Sidoarjo,22.0,5.0,7.0,3.0,3.0,4.0,1.0,1.0,3.0,,7.0,,,3.0,,3.0,,2.0,2.0,2.0,,3.0,,24.0,1.0,11.0,94.0,16,69.57,,,,,,,,,,,,,,,,,,,,,,,,,,0,Sudah kerjasama BPJS,,Sudah kerjasama BPJS,Sudah kerjasama BPJS,,Sudah kerjasama BPJS,Sudah kerjasama BPJS,,5,5,100.0
3515110,RS Umum Jasem,RSU,RS Umum,D,Swasta,RS Privat,Jawa Timur,Sidoarjo,11.0,2.0,3.0,3.0,3.0,3.0,,,3.0,,3.0,,,3.0,,,,,1.0,1.0,,2.0,,7.0,,1.0,37.0,11,47.83,,,,,,,,,,,,,,,,,,,,,,,,,,0,,,,,,,,,0,0,
3515121,RS Umum Anwar Medika ,RSU,RS Umum,C,Swasta Non Profit,RS Publik,Jawa Timur,Sidoarjo,20.0,1.0,5.0,3.0,4.0,3.0,,,3.0,,5.0,,,4.0,,3.0,,1.0,2.0,2.0,,3.0,,26.0,,9.0,82.0,13,56.52,,,,,,,,,,,,,,,,,,,,,,,,,,0,,,,,Sudah kerjasama BPJS,Sudah kerjasama BPJS,Sudah kerjasama BPJS,,3,3,100.0
3515122,RS Umum Mitra Keluarga Waru,RSU,RS Umum,B,Swasta,RS Privat,Jawa Timur,Sidoarjo,18.0,,9.0,6.0,6.0,4.0,,,6.0,,9.0,,1.0,6.0,,4.0,,1.0,1.0,3.0,,3.0,,22.0,2.0,6.0,86.0,14,60.87,,,,,,,,,,,,,,,,,,,,,,,,,,0,Sudah kerjasama BPJS,Sudah kerjasama BPJS,,,,,,,2,2,100.0
3515123,RS Umum Usada ,RSU,RS Umum,D,Swasta,RS Privat,Jawa Timur,Sidoarjo,7.0,,1.0,1.0,1.0,1.0,,,1.0,,1.0,,,1.0,,,,,1.0,1.0,,,,5.0,,1.0,19.0,9,39.13,,,,,,,,,,,,,,,,,,,,,,,,,,0,,,,,,,Sudah kerjasama BPJS,,1,1,100.0
3515125,RS Ibu dan Anak Kirana,RSIA,RS Khusus,C,Swasta,RS Privat,Jawa Timur,Sidoarjo,7.0,1.0,,4.0,2.0,,,,4.0,,,,,2.0,,,,,,,,,,3.0,,,17.0,5,21.74,,,,,,,,,,,,,,,,,,,,,,,,,,0,,,,,,,,,0,0,
3515126,RS Umum Al-Islam H. M. Mawardi,RSU,RS Umum,C,Swasta Non Profit,RS Publik,Jawa Timur,Sidoarjo,9.0,1.0,3.0,3.0,3.0,3.0,,,3.0,,3.0,,,3.0,,1.0,,,1.0,2.0,,1.0,,13.0,,4.0,44.0,12,52.17,,,,,,,,,,,,,,,,,,,,,,,,,,0,,,,,,,Sudah kerjasama BPJS,,1,1,100.0
3515127,RS Umum Assakinah Medika,RSU,RS Umum,D,Swasta,RS Privat,Jawa Timur,Sidoarjo,3.0,1.0,1.0,1.0,,,,,1.0,,1.0,,,,,,,,1.0,,,,,2.0,,,9.0,6,26.09,,,,,,,,,,,,,,,,,,,,,,,,,,0,,,,,,,,,0,0,
3515129,RS Ibu dan Anak Soerya,RSIA,RS Khusus,C,Swasta,RS Privat,Jawa Timur,Sidoarjo,4.0,,2.0,4.0,4.0,,,,4.0,,2.0,,,4.0,,,,,1.0,,,3.0,,4.0,,2.0,24.0,8,34.78,,,,,,,,,,,,,,,,,,,,,,,,,,0,,,,,,,,,0,0,
3515130,RS Umum Prima Husada,RSU,RS Umum,D,Swasta,RS Privat,Jawa Timur,Sidoarjo,8.0,1.0,2.0,5.0,2.0,1.0,,,5.0,,2.0,,,2.0,,,,,1.0,1.0,,2.0,,4.0,,,27.0,10,43.48,,,,,,,,,,,,,,,,,,,,,,,,,,0,,,,,,,,,0,0,
3515131,RS Umum Citra Medika,RSU,RS Umum,C,Swasta,RS Privat,Jawa Timur,Sidoarjo,9.0,,3.0,3.0,2.0,2.0,,,3.0,,3.0,,,2.0,,2.0,,,1.0,1.0,,2.0,,8.0,1.0,4.0,38.0,12,52.17,,,,,,,,,,,,,,,,,,,,,,,,,,0,,,,,,,Sudah kerjasama BPJS,,1,1,100.0
3515132,RS Umum Rahman Rahim,RSU,RS Umum,D,Swasta,RS Privat,Jawa Timur,Sidoarjo,9.0,1.0,2.0,3.0,2.0,2.0,,,3.0,,2.0,,,2.0,,1.0,,,1.0,1.0,,1.0,,9.0,,2.0,34.0,12,52.17,,,,,,,,,,,,,,,,,,,,,,,,,,0,,,,,,,Sudah kerjasama BPJS,,1,1,100.0
3515133,RS Ibu dan Anak Metro Hospitals Sidoarjo,RSIA,RS Khusus,C,Swasta,RS Privat,Jawa Timur,Sidoarjo,6.0,,1.0,4.0,3.0,,,,4.0,,1.0,,,3.0,,,,,1.0,1.0,,2.0,,1.0,,,19.0,8,34.78,,,,,,,,,,,,,,,,,,,,,,,,,,0,,,,,,,,,0,0,
3515134,RS Ibu dan Anak Buah Delima,RSIA,RS Khusus,C,Swasta Non Profit,RS Publik,Jawa Timur,Sidoarjo,1.0,1.0,,2.0,1.0,,,,2.0,,,,,1.0,,,,,,,,,,1.0,,,6.0,5,21.74,,,,,,,,,,,,,,,,,,,,,,,,,,0,,,,,,,,,0,0,
3515135,RS Bantuan 05.08.03 Sidoarjo,RSU,RS Umum,D,TNI,RS Publik,Jawa Timur,Sidoarjo,9.0,2.0,3.0,4.0,1.0,4.0,,,4.0,,3.0,,,1.0,,,,,1.0,1.0,,2.0,,4.0,,1.0,32.0,11,47.83,,,,,,,,,,,,,,,,,,,,,,,,,,0,,,,,,,Sudah kerjasama BPJS,,1,1,100.0
3515136,RS Mata Fatma,RSK Mata,RS Khusus,C,Swasta,RS Privat,Jawa Timur,Sidoarjo,1.0,,,,,,,,,,,,,,,,,,1.0,,,1.0,,3.0,,,6.0,4,17.39,,,,,,,,,,,,,,,,,,,,,,,,,,0,,,,,,,Sudah kerjasama BPJS,,1,1,100.0
3515137,RS Ibu dan Anak Pondok Tjandra,RSIA,RS Khusus,C,Swasta,RS Privat,Jawa Timur,Sidoarjo,4.0,1.0,1.0,3.0,2.0,,,,3.0,,1.0,,,2.0,,,,,1.0,1.0,,1.0,,1.0,,2.0,17.0,10,43.48,,,,,,,,,,,,,,,,,,,,,,,,,,0,,,,,,,Sudah kerjasama BPJS,,1,1,100.0
3515138,RS Umum Aisyiyah Siti Fatimah,RSU,RS Umum,D,Swasta Non Profit,RS Publik,Jawa Timur,Sidoarjo,8.0,,2.0,1.0,2.0,2.0,,,1.0,,2.0,,,2.0,,1.0,,1.0,1.0,2.0,,1.0,,4.0,,3.0,28.0,12,52.17,,,,,,,,,,,,,,,,,,,,,,,,,,0,,,,,,,Sudah kerjasama BPJS,,1,1,100.0
3515140,RS Arafah Anwar Medika Sukodono,RSU,RS Umum,D,Swasta,RS Privat,Jawa Timur,Sidoarjo,9.0,1.0,2.0,3.0,1.0,2.0,,,3.0,,2.0,,,1.0,,1.0,,,1.0,1.0,,2.0,,5.0,,3.0,31.0,12,52.17,,,,,,,,,,,,,,,,,,,,,,,,,,0,,,,,,,Sudah kerjasama BPJS,,1,1,100.0
3515141,RS Umum Bunda,RSU,RS Umum,C,Swasta,RS Privat,Jawa Timur,Sidoarjo,11.0,,1.0,3.0,1.0,3.0,,,3.0,,1.0,,,1.0,,,,,,1.0,,1.0,,8.0,,1.0,30.0,9,39.13,,,,,,,,,,,,,,,,,,,,,,,,,,0,,,,,,,,,0,0,
3515142,RS Umum Aminah,RSU,RS Umum,D,Swasta,RS Privat,Jawa Timur,Sidoarjo,8.0,,1.0,1.0,1.0,1.0,,,1.0,,1.0,,,1.0,,1.0,,,1.0,1.0,,1.0,,3.0,,2.0,21.0,11,47.83,,,,,,,,,,,,,,,,,,,,,,,,,,0,,,,,,,Sudah kerjasama BPJS,,1,1,100.0
3515143,RS Umum Mitra Sehat Mandiri Sidoarjo,RSU,RS Umum,D,Swasta,RS Privat,Jawa Timur,Sidoarjo,,,,,,,,,,,,,,,,,,,,,,,,,,,,0,0.0,,,,,,,,,,,,,,,,,,,,,,,,,,0,,,,,,,Sudah kerjasama BPJS,,1,1,100.0
3515144,RS Sheila Medika,RSU,RS Umum,D,Swasta,RS Privat,Jawa Timur,Sidoarjo,3.0,,,,,,,,,,,,,,,,,,1.0,1.0,,,,2.0,,1.0,8.0,5,21.74,,,,,,,,,,,,,,,,,,,,,,,,,,0,,,,,,,Sudah kerjasama BPJS,,1,1,100.0
3515145,RS Mitra Keluarga Pondok Tjandra,RSU,RS Umum,C,Swasta,RS Privat,Jawa Timur,Sidoarjo,13.0,2.0,7.0,4.0,4.0,5.0,,,4.0,,7.0,,,4.0,,2.0,,,1.0,3.0,,2.0,,11.0,1.0,4.0,59.0,13,56.52,,,,,,,,,,,,,,,,,,,,,,,,,,0,,,,,,,,,0,0,
3515146,RS Pusura Candi,RSU,RS Umum,D,Swasta,RS Privat,Jawa Timur,Sidoarjo,2.0,3.0,2.0,1.0,1.0,1.0,,,1.0,,2.0,,,1.0,,,,,1.0,1.0,,1.0,,3.0,,1.0,17.0,11,47.83,,,,,,,,,,,,,,,,,,,,,,,,,,0,,,,,,,Sudah kerjasama BPJS,,1,1,100.0
3515157,RS Umum Daerah Sidoarjo Barat,RSU,RS Umum,C,Pemkab,RS Publik,Jawa Timur,Sidoarjo,12.0,2.0,3.0,2.0,2.0,1.0,,,2.0,,3.0,,,2.0,,,,,1.0,,,1.0,,9.0,,7.0,40.0,10,43.48,,,,,,,,,,,,,,,,,,,,,,,,,,0,,,,,,,Sudah kerjasama BPJS,,1,1,100.0
3515158,RS Ibu dan Anak Pondok Jati,RSIA,RS Khusus,C,Swasta,RS Privat,Jawa Timur,Sidoarjo,4.0,,2.0,2.0,2.0,,,,2.0,,2.0,,,2.0,,,,,,,,1.0,,2.0,,,13.0,6,26.09,,,,,,,,,,,,,,,,,,,,,,,,,,0,,,,,,,,,0,0,
3516016,RS Umum Daerah Sumberglagah,RSU,RS Umum,C,Pemprop,RS Publik,Jawa Timur,Mojokerto,13.0,1.0,2.0,2.0,,2.0,,,2.0,,2.0,,,,,,,,1.0,1.0,,2.0,,12.0,1.0,8.0,45.0,11,47.83,,,,,,,,,,,,,,,,,,,,,,,,,,0,,,,,,,Sudah kerjasama BPJS,,1,1,100.0
3516020,RS Umum Daerah Prof. Dr. Soekandar,RSU,RS Umum,B,Pemkab,RS Publik,Jawa Timur,Mojokerto,,,,,,,,,,,,,,,,,,,,,,,,,,,,0,0.0,0.0,1.0,0.0,0.0,0.0,0.0,1.0,0.0,,0.0,0.0,0.0,,0.0,0.0,0.0,,,0.0,,1.0,False,2.0,2.0,75.0,1,Sudah kerjasama BPJS,,Sudah kerjasama BPJS,,,Sudah kerjasama BPJS,Sudah kerjasama BPJS,,4,4,100.0
3516032,RS Sido Waras,RSU,RS Umum,C,Swasta,RS Privat,Jawa Timur,Mojokerto,10.0,1.0,4.0,3.0,2.0,2.0,,,3.0,,4.0,,,2.0,,1.0,,,1.0,2.0,,1.0,,12.0,1.0,4.0,44.0,13,56.52,,,,,,,,,,,,,,,,,,,,,,,,,,0,,,,,,,Sudah kerjasama BPJS,,1,1,100.0
3516033,RS Islam Arofah,RSU,RS Umum,D,Swasta,RS Privat,Jawa Timur,Mojokerto,7.0,,2.0,2.0,1.0,1.0,,,2.0,,2.0,,,1.0,,,,,,,,1.0,,,,1.0,15.0,7,30.43,,,,,,,,,,,,,,,,,,,,,,,,,,0,,,,,,,,,0,0,
3516034,RS Dharma Husada,RSU,RS Umum,D,Swasta,RS Privat,Jawa Timur,Mojokerto,8.0,1.0,1.0,2.0,1.0,2.0,,,2.0,,1.0,,,1.0,,,,,,,,2.0,,,,2.0,19.0,8,34.78,,,,,,,,,,,,,,,,,,,,,,,,,,0,,,,,,,,,0,0,
3516036,RS Mutiara Hati Mojokerto,RSU,RS Umum,D,Swasta,RS Privat,Jawa Timur,Mojokerto,6.0,1.0,1.0,3.0,3.0,2.0,,,3.0,,1.0,,,3.0,,,,,,1.0,,2.0,,5.0,,,24.0,9,39.13,,,,,,,,,,,,,,,,,,,,,,,,,,0,,,,,,,,,0,0,
3516037,RS Umum Kartini  ,RSU,RS Umum,D,Swasta Non Profit,RS Publik,Jawa Timur,Mojokerto,8.0,1.0,3.0,3.0,2.0,3.0,,,3.0,,3.0,,,2.0,,1.0,,,1.0,1.0,,1.0,,5.0,,4.0,33.0,12,52.17,,,,,,,,,,,,,,,,,,,,,,,,,,0,,,,,,,,,0,0,
3516039,RS Umum Dian Husada,RSU,RS Umum,D,Swasta,RS Privat,Jawa Timur,Mojokerto,10.0,1.0,2.0,1.0,2.0,3.0,,,1.0,,2.0,,,2.0,,,,1.0,,1.0,,1.0,,7.0,,3.0,32.0,11,47.83,,,,,,,,,,,,,,,,,,,,,,,,,,0,,,,,,,,,0,0,
3516062,RS Islam Sakinah,RSU,RS Umum,C,Swasta,RS Privat,Jawa Timur,Mojokerto,,,,,,,,,,,,,,,,,,,,,,,,,,,,0,0.0,,,,,,,,,,,,,,,,,,,,,,,,,,0,,,,,,Sudah kerjasama BPJS,Sudah kerjasama BPJS,,2,2,100.0
3516073,RS Umum Daerah Raden Achmad Basoeni,RSU,RS Umum,C,Pemkab,RS Publik,Jawa Timur,Mojokerto,18.0,2.0,2.0,3.0,2.0,2.0,,,3.0,,2.0,,,2.0,,1.0,,1.0,1.0,1.0,,2.0,,15.0,1.0,7.0,58.0,14,60.87,,,,,,,,,,,,,,,,,,,,,,,,,,0,,,,,,Sudah kerjasama BPJS,Sudah kerjasama BPJS,,2,2,100.0
3516075,RS Mawaddah Medika,RSU,RS Umum,C,Swasta,RS Privat,Jawa Timur,Mojokerto,15.0,1.0,3.0,2.0,1.0,2.0,,,2.0,,3.0,,,1.0,,1.0,,,1.0,1.0,,2.0,,9.0,,5.0,43.0,12,52.17,,,,,,,,,,,,,,,,,,,,,,,,,,0,,,,,,,,,0,0,
3517010,RS Umum Daerah Kab. Jombang,RSU,RS Umum,B,Pemkab,RS Publik,Jawa Timur,Jombang,27.0,2.0,6.0,3.0,6.0,3.0,,,3.0,,6.0,,,6.0,,3.0,,2.0,2.0,2.0,,5.0,,33.0,1.0,11.0,106.0,14,60.87,0.0,1.0,0.0,0.0,0.0,0.0,0.0,0.0,,0.0,0.0,1.0,,1.0,0.0,0.0,,,0.0,,1.0,False,3.0,3.0,75.0,1,,,,Sudah kerjasama BPJS,Sudah kerjasama BPJS,Sudah kerjasama BPJS,Sudah kerjasama BPJS,,4,4,100.0
3517021,RS Kristen Mojowarno,RSU,RS Umum,C,Swasta Non Profit,RS Publik,Jawa Timur,Jombang,9.0,1.0,3.0,2.0,2.0,2.0,,,2.0,,3.0,,,2.0,,1.0,,1.0,1.0,1.0,,1.0,,3.0,,6.0,33.0,13,56.52,,,,,,,,,,,,,,,,,,,,,,,,,,0,,,,,,,Sudah kerjasama BPJS,,1,1,100.0
3517025,RS Airlangga Jombang,RSU,RS Umum,D,Swasta,RS Privat,Jawa Timur,Jombang,6.0,3.0,1.0,1.0,2.0,1.0,,,1.0,,1.0,,,2.0,,,,,1.0,,,1.0,,2.0,,,18.0,9,39.13,,,,,,,,,,,,,,,,,,,,,,,,,,0,,,,,,,,,0,0,
3517043,RS Ibu dan Anak Muslimat Jombang,RSIA,RS Khusus,C,Swasta,RS Privat,Jawa Timur,Jombang,6.0,,1.0,4.0,5.0,,,,4.0,,1.0,,,5.0,,,,,1.0,1.0,,2.0,,6.0,,1.0,27.0,9,39.13,,,,,,,,,,,,,,,,,,,,,,,,,,0,,,,,,,Sudah kerjasama BPJS,,1,1,100.0
3517076,RS Umum Islam Jombang,RSU,RS Umum,D,Swasta,RS Privat,Jawa Timur,Jombang,9.0,1.0,2.0,2.0,2.0,2.0,,,2.0,,2.0,,,2.0,,1.0,,,1.0,1.0,,2.0,,10.0,1.0,4.0,38.0,13,56.52,,,,,,,,,,,,,,,,,,,,,,,,,,0,,,,,,,Sudah kerjasama BPJS,,1,1,100.0
3517087,RS Unipdu Medika Jombang,RSU,RS Umum,D,Swasta,RS Privat,Jawa Timur,Jombang,6.0,,2.0,,1.0,,,,,,2.0,,,1.0,,,,,,,,1.0,,5.0,,,15.0,5,21.74,,,,,,,,,,,,,,,,,,,,,,,,,,0,,,,,,,,,0,0,
3517089,RS Umum Daerah Ploso,RSU,RS Umum,D,Pemkab,RS Publik,Jawa Timur,Jombang,12.0,3.0,3.0,2.0,3.0,2.0,,,2.0,,3.0,,,3.0,,1.0,,1.0,2.0,1.0,,2.0,,8.0,1.0,4.0,45.0,14,60.87,,,,,,,,,,,,,,,,,,,,,,,,,,0,,,,,,Sudah kerjasama BPJS,Sudah kerjasama BPJS,,2,2,100.0
3517091,RS Umum dr. Moedjito Dwidjosiswojo,RSU,RS Umum,D,Swasta,RS Privat,Jawa Timur,Jombang,9.0,1.0,2.0,1.0,,2.0,,,1.0,,2.0,,,,,,,,1.0,1.0,,1.0,,5.0,,2.0,25.0,10,43.48,,,,,,,,,,,,,,,,,,,,,,,,,,0,,,,Sudah kerjasama BPJS,,,Sudah kerjasama BPJS,,2,2,100.0
3517092,RS Muhammadiyah Jombang,RSU,RS Umum,D,Swasta Non Profit,RS Publik,Jawa Timur,Jombang,7.0,3.0,2.0,1.0,2.0,,,,1.0,,2.0,,,2.0,,,,,1.0,1.0,,1.0,,5.0,,1.0,24.0,10,43.48,,,,,,,,,,,,,,,,,,,,,,,,,,0,,,,,,,,,0,0,
3517093,RS Al-Aziz,RSU,RS Umum,D,Swasta Non Profit,RS Publik,Jawa Timur,Jombang,10.0,1.0,2.0,1.0,1.0,2.0,,,1.0,,2.0,,,1.0,,,,1.0,,1.0,,2.0,,7.0,,1.0,29.0,11,47.83,,,,,,,,,,,,,,,,,,,,,,,,,,0,,,,,,,,,0,0,
3517094,RS Umum Nadhlatul Ulama Jombang,RSU,RS Umum,D,Swasta,RS Privat,Jawa Timur,Jombang,15.0,2.0,2.0,1.0,2.0,3.0,,,1.0,,2.0,,,2.0,,1.0,,,,1.0,,1.0,,6.0,,4.0,38.0,11,47.83,,,,,,,,,,,,,,,,,,,,,,,,,,0,,,,,,,,,0,0,
3517095,RS Umum Pelengkap Medical Center,RSU,RS Umum,D,Swasta,RS Privat,Jawa Timur,Jombang,12.0,1.0,3.0,4.0,2.0,3.0,,,4.0,,3.0,,,2.0,,2.0,,,1.0,1.0,,2.0,,,,,31.0,10,43.48,,,,,,,,,,,,,,,,,,,,,,,,,,0,,,,,,,Sudah kerjasama BPJS,,1,1,100.0
3517098,RS Bedah Surya Dharma Husada,RSK BEDAH,RS Khusus,C,Swasta,RS Privat,Jawa Timur,Jombang,5.0,,1.0,,,2.0,,,,,1.0,,,,,,,,,,,1.0,,,,,9.0,4,17.39,,,,,,,,,,,,,,,,,,,,,,,,,,0,,,,,,,,,0,0,
3517109,RS Umum PKU Muhammadiyah Mojoagung,RSU,RS Umum,D,Swasta Non Profit,RS Publik,Jawa Timur,Jombang,8.0,3.0,2.0,1.0,2.0,3.0,,,1.0,,2.0,,,2.0,,1.0,,1.0,1.0,1.0,,1.0,,7.0,,5.0,36.0,13,56.52,,,,,,,,,,,,,,,,,,,,,,,,,,0,,,,,,Sudah kerjasama BPJS,Sudah kerjasama BPJS,,2,2,100.0
3517111,RS Hasyim Asy'ari,RSU,RS Umum,D,Swasta,RS Privat,Jawa Timur,Jombang,,,,,,,,,,,,,,,,,,,,,,,,,,,,0,0.0,,,,,,,,,,,,,,,,,,,,,,,,,,0,,,,,,,Sudah kerjasama BPJS,,1,1,100.0
3518011,RS Umum Daerah Nganjuk,RSU,RS Umum,B,Pemkab,RS Publik,Jawa Timur,Nganjuk,18.0,2.0,5.0,3.0,3.0,3.0,,,3.0,,5.0,,,3.0,,1.0,,1.0,1.0,2.0,,2.0,,22.0,1.0,12.0,76.0,14,60.87,0.0,0.0,1.0,0.0,0.0,0.0,1.0,0.0,,0.0,0.0,1.0,,0.0,0.0,0.0,,,0.0,,1.0,False,3.0,3.0,75.0,1,Sudah kerjasama BPJS,,Sudah kerjasama BPJS,Sudah kerjasama BPJS,Sudah kerjasama BPJS,Sudah kerjasama BPJS,Sudah kerjasama BPJS,,6,6,100.0
3518022,RS Daerah Kertosono,RSU,RS Umum,C,Pemkab,RS Publik,Jawa Timur,Nganjuk,12.0,3.0,1.0,3.0,3.0,3.0,,,3.0,,1.0,,,3.0,,1.0,,,1.0,,,2.0,,13.0,,9.0,51.0,11,47.83,,,,,,,,,,,,,,,,,,,,,,,,,,0,,,,,,,Sudah kerjasama BPJS,,1,1,100.0
3518045,RS Umum Bhayangkara Tk. III Nganjuk,RSU,RS Umum,C,POLRI,RS Publik,Jawa Timur,Nganjuk,14.0,1.0,2.0,3.0,3.0,1.0,,,3.0,,2.0,,,3.0,,,,,1.0,,,2.0,,6.0,,3.0,36.0,10,43.48,,,,,,,,,,,,,,,,,,,,,,,,,,0,,,,,,,Sudah kerjasama BPJS,,1,1,100.0
3518046,RS Islam Aisyiyah Nganjuk,RSU,RS Umum,D,Swasta Non Profit,RS Publik,Jawa Timur,Nganjuk,11.0,1.0,3.0,3.0,1.0,1.0,,,3.0,,3.0,,,1.0,,1.0,,,1.0,,,1.0,,8.0,,2.0,33.0,11,47.83,,,,,,,,,,,,,,,,,,,,,,,,,,0,,,,,,,Sudah kerjasama BPJS,,1,1,100.0
3518047,RS Ibu dan Anak Alf Subtin,RSIA,RS Khusus,C,Swasta,RS Privat,Jawa Timur,Nganjuk,3.0,2.0,,2.0,1.0,,,,2.0,,,,,1.0,,,,,,,,2.0,,4.0,,,14.0,6,26.09,,,,,,,,,,,,,,,,,,,,,,,,,,0,,,,,,,,,0,0,
3519012,RS Umum Dungus,RSU,RS Umum,C,Pemprop,RS Publik,Jawa Timur,Madiun,,,,,,,,,,,,,,,,,,,,,,,,,,,,0,0.0,,,,,,,,,,,,,,,,,,,,,,,,,,0,,,,,,,Sudah kerjasama BPJS,,1,1,100.0
3519023,RS Umum Daerah Caruban,RSU,RS Umum,C,Pemkab,RS Publik,Jawa Timur,Madiun,16.0,,4.0,2.0,3.0,2.0,,,2.0,,4.0,,,3.0,,1.0,,1.0,1.0,1.0,,1.0,,11.0,,7.0,50.0,12,52.17,0.0,0.0,0.0,0.0,0.0,0.0,0.0,0.0,0.0,0.0,0.0,0.0,,0.0,0.0,1.0,1.0,0.0,0.0,1.0,1.0,False,3.0,3.0,95.0,1,,,,,,,,,0,0,
3519024,RS Umum Daerah Dolopo,RSU,RS Umum,C,Pemkab,RS Publik,Jawa Timur,Madiun,27.0,4.0,2.0,1.0,1.0,1.0,,,1.0,,2.0,,,1.0,,1.0,,,1.0,1.0,,2.0,,9.0,,9.0,59.0,12,52.17,,,,,,,,,,,,,,,,,,,,,,,,,,0,,,,,,,Sudah kerjasama BPJS,,1,1,100.0
3520012,RS Umum Daerah dr. Sayidiman Magetan,RSU,RS Umum,C,Pemkab,RS Publik,Jawa Timur,Magetan,23.0,2.0,3.0,3.0,3.0,2.0,,,3.0,,3.0,,,3.0,,3.0,,,2.0,1.0,,2.0,,19.0,1.0,9.0,73.0,13,56.52,0.0,0.0,0.0,0.0,0.0,0.0,0.0,0.0,1.0,0.0,0.0,1.0,,0.0,0.0,0.0,0.0,0.0,0.0,1.0,1.0,False,3.0,3.0,95.0,1,,,,,,,Sudah kerjasama BPJS,,1,1,100.0
3520013,RS Umum Bhakti Persada,RSU,RS Umum,D,Swasta,RS Privat,Jawa Timur,Magetan,8.0,,,1.0,2.0,,,,1.0,,,,,2.0,,,,,,,,1.0,,2.0,,,14.0,5,21.74,,,,,,,,,,,,,,,,,,,,,,,,,,0,,,,,,,,,0,0,
3520014,RS Ibu dan Anak Sekar Wangi,RSIA,RS Khusus,C,Swasta,RS Privat,Jawa Timur,Magetan,6.0,,,1.0,1.0,,,,1.0,,,,,1.0,,,,,,,,2.0,,2.0,,,12.0,5,21.74,,,,,,,,,,,,,,,,,,,,,,,,,,0,,,,,,,,,0,0,
3520015,RS Ibu dan Anak Samudra Husada,RSIA,RS Khusus,C,Swasta,RS Privat,Jawa Timur,Magetan,6.0,,,3.0,1.0,1.0,,,3.0,,,,,1.0,,,,,,,,2.0,,3.0,,,16.0,6,26.09,,,,,,,,,,,,,,,,,,,,,,,,,,0,,,,,,,,,0,0,
3520016,RS Ibu dan Anak Melati Magetan,RSIA,RS Khusus,C,Swasta,RS Privat,Jawa Timur,Magetan,2.0,,,2.0,2.0,,,,2.0,,,,,2.0,,,,,,,,2.0,,4.0,,,12.0,5,21.74,,,,,,,,,,,,,,,,,,,,,,,,,,0,,,,,,,,,0,0,
3520041,RS Angkatan Udara dr. Efram Harsana,RSU,RS Umum,C,TNI,RS Publik,Jawa Timur,Magetan,23.0,4.0,2.0,1.0,1.0,2.0,,,1.0,,2.0,,,1.0,,1.0,,1.0,1.0,2.0,,1.0,,9.0,1.0,4.0,53.0,14,60.87,,,,,,,,,,,,,,,,,,,,,,,,,,0,,,,,,Sudah kerjasama BPJS,Sudah kerjasama BPJS,,2,2,100.0
3520017S,RS Darurat Ki Mageti,RS Darurat,RS Khusus,Belum Ditetapkan,Pemkab,RS Publik,Jawa Timur,Magetan,,,,,,,,,,,,,,,,,,,,,,,,,,,,0,0.0,,,,,,,,,,,,,,,,,,,,,,,,,,0,,,,,,,,,0,0,
3521013,RS Umum Daerah Dr. Soeroto Ngawi,RSU,RS Umum,C,Pemkab,RS Publik,Jawa Timur,Ngawi,24.0,2.0,3.0,3.0,2.0,3.0,,,3.0,,3.0,,,2.0,,2.0,,1.0,1.0,2.0,,2.0,,17.0,1.0,12.0,75.0,14,60.87,0.0,0.0,0.0,0.0,0.0,0.0,0.0,0.0,1.0,0.0,0.0,0.0,,1.0,0.0,0.0,1.0,0.0,0.0,1.0,1.0,False,4.0,4.0,95.0,1,,,,Sudah kerjasama BPJS,,Sudah kerjasama BPJS,Sudah kerjasama BPJS,,3,3,100.0
3521014,RS Umum Widodo,RSU,RS Umum,C,Swasta,RS Privat,Jawa Timur,Ngawi,11.0,3.0,3.0,3.0,2.0,3.0,,,3.0,,3.0,,,2.0,,2.0,,,1.0,3.0,,3.0,,14.0,,7.0,55.0,12,52.17,,,,,,,,,,,,,,,,,,,,,,,,,,0,,,,,,,Sudah kerjasama BPJS,,1,1,100.0
3521015,RS Umum At-Tin Husada,RSU,RS Umum,C,Swasta,RS Privat,Jawa Timur,Ngawi,11.0,5.0,3.0,3.0,2.0,2.0,,,3.0,,3.0,,,2.0,,1.0,,,1.0,1.0,,1.0,,12.0,1.0,7.0,50.0,13,56.52,,,,,,,,,,,,,,,,,,,,,,,,,,0,,,,,,,Sudah kerjasama BPJS,,1,1,100.0
3521027,RS Umum Daerah Geneng,RSU,RS Umum,D,Pemkab,RS Publik,Jawa Timur,Ngawi,,,,,,,,,,,,,,,,,,,,,,,,,,,,0,0.0,,,,,,,,,,,,,,,,,,,,,,,,,,0,,,,,,,Sudah kerjasama BPJS,,1,1,100.0
3521028,RS Umum Daerah Mantingan,RSU,RS Umum,D,Pemkab,RS Publik,Jawa Timur,Ngawi,,,,,,,,,,,,,,,,,,,,,,,,,,,,0,0.0,,,,,,,,,,,,,,,,,,,,,,,,,,0,,,,,,,Sudah kerjasama BPJS,,1,1,100.0
3522014,RS Umum Daerah Dr. R. Sosodoro Djatikoesoemo,RSU,RS Umum,B,Pemkab,RS Publik,Jawa Timur,Bojonegoro,25.0,2.0,5.0,2.0,3.0,3.0,,,2.0,,5.0,,,3.0,,2.0,,1.0,1.0,3.0,,3.0,,24.0,1.0,13.0,88.0,14,60.87,0.0,0.0,1.0,1.0,0.0,1.0,0.0,0.0,0.0,0.0,0.0,1.0,,0.0,0.0,0.0,1.0,0.0,0.0,1.0,1.0,False,6.0,6.0,95.0,1,,,,Sudah kerjasama BPJS,,Sudah kerjasama BPJS,Sudah kerjasama BPJS,,3,3,100.0
3522025,RS Umum Aisyiyah Bojonegoro,RSU,RS Umum,C,Swasta,RS Privat,Jawa Timur,Bojonegoro,23.0,2.0,2.0,3.0,3.0,2.0,,,3.0,,2.0,,,3.0,,2.0,,,1.0,1.0,,4.0,,11.0,,5.0,59.0,12,52.17,,,,,,,,,,,,,,,,,,,,,,,,,,0,,,,,,Sudah kerjasama BPJS,Sudah kerjasama BPJS,,2,2,100.0
3522036,RS Umum Muhamadiyah Sumberejo,RSU,RS Umum,D,Swasta Non Profit,RS Publik,Jawa Timur,Bojonegoro,10.0,1.0,3.0,2.0,2.0,2.0,,,2.0,,3.0,,,2.0,,1.0,,,,1.0,,5.0,,6.0,,2.0,35.0,11,47.83,,,,,,,,,,,,,,,,,,,,,,,,,,0,,,,,,,,,0,0,
3522047,RS Umum Daerah Sumberrejo,RSU,RS Umum,D,Pemkab,RS Publik,Jawa Timur,Bojonegoro,12.0,1.0,1.0,1.0,2.0,2.0,,,1.0,,1.0,,,2.0,,1.0,,1.0,1.0,1.0,,,,8.0,1.0,6.0,38.0,13,56.52,,,,,,,,,,,,,,,,,,,,,,,,,,0,,,,,,Sudah kerjasama BPJS,Sudah kerjasama BPJS,,2,2,100.0
3522058,RS umum Daerah Padangan,RSU,RS Umum,C,Pemkab,RS Publik,Jawa Timur,Bojonegoro,6.0,1.0,1.0,2.0,2.0,2.0,,,2.0,,1.0,,,2.0,,,,,1.0,1.0,,2.0,,8.0,1.0,4.0,31.0,12,52.17,,,,,,,,,,,,,,,,,,,,,,,,,,0,,,,Sudah kerjasama BPJS,,,Sudah kerjasama BPJS,,2,2,100.0
3522059,RS Bhayangkara Wahyu Tutuko Bojonegoro ,RSU,RS Umum,C,POLRI,RS Publik,Jawa Timur,Bojonegoro,9.0,2.0,2.0,3.0,2.0,1.0,,,3.0,,2.0,,,2.0,,1.0,,,,1.0,,2.0,,8.0,,5.0,36.0,11,47.83,,,,,,,,,,,,,,,,,,,,,,,,,,0,,,,,,,,,0,0,
3522060,RS Umum Muhammadiyah Kalitidu,RSU,RS Umum,D,Swasta,RS Privat,Jawa Timur,Bojonegoro,9.0,2.0,2.0,2.0,1.0,1.0,,,2.0,,2.0,,,1.0,,,,,1.0,1.0,,2.0,,1.0,,1.0,23.0,11,47.83,,,,,,,,,,,,,,,,,,,,,,,,,,0,,,,,,,,,0,0,
3522061,RS Umum Ibnu Sina Bojonegoro,RSU,RS Umum,D,Swasta,RS Privat,Jawa Timur,Bojonegoro,10.0,1.0,1.0,2.0,1.0,1.0,,,2.0,,1.0,,,1.0,,,,,1.0,,,1.0,,2.0,,3.0,23.0,10,43.48,,,,,,,,,,,,,,,,,,,,,,,,,,0,,,,,,,,,0,0,
3522062,RS Muslimat NU Muna Anggita Bojonegoro,RSU,RS Umum,D,Swasta Non Profit,RS Publik,Jawa Timur,Bojonegoro,6.0,3.0,1.0,2.0,,1.0,,,2.0,,1.0,,,,,,,,,,,1.0,,1.0,,,15.0,7,30.43,,,,,,,,,,,,,,,,,,,,,,,,,,0,,,,,,,,,0,0,
3522064,RS Ibu dan Anak Fatma,RSIA,RS Khusus,C,Swasta,RS Privat,Jawa Timur,Bojonegoro,13.0,,,5.0,4.0,,,,5.0,,,,,4.0,,,,,1.0,,,2.0,,4.0,,,29.0,6,26.09,,,,,,,,,,,,,,,,,,,,,,,,,,0,,,,,,,Sudah kerjasama BPJS,,1,1,100.0
3522075,RS Umum Daerah Kepohbaru,RSU,RS Umum,D,Pemkab,RS Publik,Jawa Timur,Bojonegoro,3.0,1.0,,,1.0,,,,,,,,,1.0,,,,,,,,,,1.0,,1.0,7.0,5,21.74,,,,,,,,,,,,,,,,,,,,,,,,,,0,,,,,,,,,0,0,
3523015,RS Umum Daerah Dr. R. Koesma Tuban,RSU,RS Umum,B,Pemkab,RS Publik,Jawa Timur,Tuban,,,,,,,,,,,,,,,,,,,,,,,,,,,,0,0.0,0.0,1.0,0.0,0.0,0.0,0.0,0.0,0.0,,0.0,0.0,1.0,,1.0,0.0,0.0,,,0.0,,1.0,False,3.0,3.0,75.0,1,,,,Sudah kerjasama BPJS,Sudah kerjasama BPJS,Sudah kerjasama BPJS,Sudah kerjasama BPJS,,4,4,100.0
3523041,RS Medika Mulia Tuban,RSU,RS Umum,C,Swasta Non Profit,RS Publik,Jawa Timur,Tuban,11.0,3.0,2.0,3.0,3.0,3.0,,,3.0,,2.0,,,3.0,,1.0,,,1.0,2.0,,2.0,,10.0,,3.0,44.0,12,52.17,,,,,,,,,,,,,,,,,,,,,,,,,,0,,,,Sudah kerjasama BPJS,,,,,1,1,100.0
3523052,RS Muhammadiyah Tuban,RSU,RS Umum,D,Swasta,RS Privat,Jawa Timur,Tuban,8.0,2.0,1.0,3.0,3.0,1.0,,,3.0,,1.0,,,3.0,,,,,1.0,1.0,,1.0,,6.0,,2.0,29.0,11,47.83,,,,,,,,,,,,,,,,,,,,,,,,,,0,,,,,,,,,0,0,
3523053,RS Nahdlatul Ulama Tuban,RSU,RS Umum,C,Swasta,RS Privat,Jawa Timur,Tuban,22.0,7.0,3.0,4.0,3.0,4.0,,,4.0,,3.0,,,3.0,,1.0,,1.0,1.0,2.0,,2.0,,8.0,,7.0,65.0,13,56.52,,,,,,,,,,,,,,,,,,,,,,,,,,0,,,,,,,,,0,0,
3523055,RS Umum Daerah R. Ali Manshur,RSU,RS Umum,D,Pemkab,RS Publik,Jawa Timur,Tuban,5.0,1.0,2.0,1.0,1.0,,,,1.0,,2.0,,,1.0,,,,,,2.0,,2.0,,4.0,,2.0,20.0,9,39.13,,,,,,,,,,,,,,,,,,,,,,,,,,0,,,,,,,Sudah kerjasama BPJS,,1,1,100.0
3523056,RS Graha Husada,RSU,RS Umum,D,Swasta,RS Privat,Jawa Timur,Tuban,4.0,1.0,2.0,1.0,2.0,1.0,,,1.0,,2.0,,,2.0,,,,,,,,1.0,,3.0,,2.0,17.0,9,39.13,,,,,,,,,,,,,,,,,,,,,,,,,,0,,,,,,,,,0,0,
3512035,RS Umum Fatimah Lamongan,RSU,RS Umum,C,Swasta,RS Privat,Jawa Timur,Lamongan,6.0,1.0,1.0,3.0,1.0,1.0,,,3.0,,1.0,,,1.0,,1.0,,,1.0,1.0,,1.0,,4.0,,1.0,22.0,12,52.17,,,,,,,,,,,,,,,,,,,,,,,,,,0,,,,,,,Sudah kerjasama BPJS,,1,1,100.0
3524016,RS Umum Daerah Dr. Soegiri Lamongan,RSU,RS Umum,B,Pemkab,RS Publik,Jawa Timur,Lamongan,,,,,,,,,,,,,,,,,,,,,,,,,,,,0,0.0,0.0,1.0,0.0,0.0,0.0,0.0,0.0,0.0,,0.0,0.0,1.0,,6.0,0.0,0.0,,,0.0,,1.0,False,8.0,3.0,75.0,1,,,,Sudah kerjasama BPJS,,Sudah kerjasama BPJS,Sudah kerjasama BPJS,,3,3,100.0
3524020,RS Islam Nashrul Ummah,RSU,RS Umum,C,Swasta,RS Privat,Jawa Timur,Lamongan,20.0,1.0,2.0,3.0,3.0,2.0,,,3.0,,2.0,,,3.0,,1.0,,,1.0,1.0,,1.0,,5.0,,4.0,44.0,12,52.17,,,,,,,,,,,,,,,,,,,,,,,,,,0,,,,Sudah kerjasama BPJS,,,Sudah kerjasama BPJS,,2,2,100.0
3524031,RS Umum Muhammadiyah Lamongan,RSU,RS Umum,B,Swasta,RS Privat,Jawa Timur,Lamongan,31.0,3.0,4.0,2.0,2.0,3.0,,,2.0,,4.0,,,2.0,,2.0,,1.0,2.0,6.0,1.0,5.0,,20.0,,8.0,90.0,14,60.87,,,,,,,,,,,,,,,,,,,,,,,,,,0,,,,Sudah kerjasama BPJS,,Sudah kerjasama BPJS,Sudah kerjasama BPJS,,3,3,100.0
3524042,RS Umum Daerah Ngimbang,RSU,RS Umum,C,Pemkab,RS Publik,Jawa Timur,Lamongan,8.0,3.0,2.0,2.0,2.0,2.0,,,2.0,,2.0,,,2.0,,1.0,,,1.0,1.0,,2.0,,13.0,1.0,5.0,43.0,13,56.52,,,,,,,,,,,,,,,,,,,,,,,,,,0,,,,,,,Sudah kerjasama BPJS,,1,1,100.0
3524043,RS Bedah Mitra Sehat,RSK BEDAH,RS Khusus,C,Swasta,RS Privat,Jawa Timur,Lamongan,6.0,1.0,1.0,,,2.0,,,,,1.0,,,,,,,,1.0,,,,,1.0,,1.0,13.0,7,30.43,,,,,,,,,,,,,,,,,,,,,,,,,,0,,,,,,,Sudah kerjasama BPJS,,1,1,100.0
3524044,RS Abdurrahman Syamsuri (Arsy),RSU,RS Umum,D,Swasta Non Profit,RS Publik,Jawa Timur,Lamongan,9.0,,2.0,3.0,2.0,1.0,,,3.0,,2.0,,,2.0,,1.0,,,1.0,1.0,,2.0,,7.0,,2.0,31.0,11,47.83,,,,,,,,,,,,,,,,,,,,,,,,,,0,,,,,,,Sudah kerjasama BPJS,,1,1,100.0
3524045,RS Umum dr. Suyudi,RSU,RS Umum,C,Swasta,RS Privat,Jawa Timur,Lamongan,20.0,1.0,4.0,2.0,1.0,2.0,,,2.0,,4.0,,,1.0,,1.0,,,1.0,1.0,,1.0,,5.0,,3.0,42.0,12,52.17,,,,,,,,,,,,,,,,,,,,,,,,,,0,,,,,,,Sudah kerjasama BPJS,,1,1,100.0
3524046,RS Umum Intan Medika,RSU,RS Umum,C,Swasta,RS Privat,Jawa Timur,Lamongan,8.0,1.0,3.0,1.0,2.0,2.0,,,1.0,,3.0,,,2.0,,1.0,,,1.0,1.0,,3.0,,4.0,,2.0,29.0,12,52.17,,,,,,,,,,,,,,,,,,,,,,,,,,0,,,,,,,Sudah kerjasama BPJS,,1,1,100.0
3524047,RS Muhammadiyah Babat,RSU,RS Umum,D,Swasta,RS Privat,Jawa Timur,Lamongan,8.0,2.0,2.0,1.0,1.0,2.0,,,1.0,,2.0,,,1.0,,1.0,,,1.0,1.0,,2.0,,5.0,,,26.0,11,47.83,,,,,,,,,,,,,,,,,,,,,,,,,,0,,,,,,,,,0,0,
3524048,RS Umum Citra Medika Lamongan,RSU,RS Umum,D,Swasta,RS Privat,Jawa Timur,Lamongan,9.0,,2.0,2.0,2.0,1.0,,,2.0,,2.0,,,2.0,,,,,,,,1.0,,1.0,,2.0,20.0,8,34.78,,,,,,,,,,,,,,,,,,,,,,,,,,0,,,,,,,,,0,0,
3524049,RS Umum Muhammadiyah Babat,RSU,RS Umum,C,Swasta,RS Privat,Jawa Timur,Lamongan,7.0,3.0,1.0,2.0,1.0,1.0,,,2.0,,1.0,,,1.0,,1.0,,1.0,1.0,1.0,,2.0,,5.0,,3.0,29.0,13,56.52,,,,,,,,,,,,,,,,,,,,,,,,,,0,,,,,,,Sudah kerjasama BPJS,,1,1,100.0
3524050,RS Umum Permata Bunda,RSU,RS Umum,D,Swasta,RS Privat,Jawa Timur,Lamongan,3.0,,,1.0,1.0,1.0,,,1.0,,,,,1.0,,,,,,,,,,,,,6.0,4,17.39,,,,,,,,,,,,,,,,,,,,,,,,,,0,,,,,,,,,0,0,
3524052,RS Umum Daerah Karangkembang,RSU,RS Umum,D,Pemkab,RS Publik,Jawa Timur,Lamongan,6.0,2.0,1.0,1.0,1.0,1.0,,,1.0,,1.0,,,1.0,,,,,,1.0,,1.0,,4.0,,2.0,20.0,10,43.48,,,,,,,,,,,,,,,,,,,,,,,,,,0,,,,,,,,,0,0,
3524056,RS Muhammadiyah Kalikapas Lamongan,RSU,RS Umum,D,Swasta Non Profit,RS Publik,Jawa Timur,Lamongan,10.0,1.0,1.0,1.0,1.0,1.0,,,1.0,,1.0,,,1.0,,,,,1.0,3.0,,2.0,,2.0,,3.0,26.0,11,47.83,,,,,,,,,,,,,,,,,,,,,,,,,,0,,,,,,Sudah kerjasama BPJS,Sudah kerjasama BPJS,,2,2,100.0
3524072,RS Permata Hati Lamongan,RSU,RS Umum,D,Swasta,RS Privat,Jawa Timur,Lamongan,6.0,1.0,1.0,,,,,,,,1.0,,,,,2.0,,,1.0,1.0,,1.0,,,,,13.0,7,30.43,,,,,,,,,,,,,,,,,,,,,,,,,,0,,,,Sudah kerjasama BPJS,,,,,1,1,100.0
3524073,RS Nahdlatul Ulama Babat,RSU,RS Umum,D,Swasta,RS Privat,Jawa Timur,Lamongan,6.0,,1.0,2.0,1.0,2.0,,,2.0,,1.0,,,1.0,,1.0,,,,,,2.0,,1.0,,,16.0,8,34.78,,,,,,,,,,,,,,,,,,,,,,,,,,0,,,,,,,,,0,0,
3524074,RS An-Noor Medika Lamongan,RSU,RS Umum,D,Swasta,RS Privat,Jawa Timur,Lamongan,,,,,,,,,,,,,,,,,,,,,,,,,,,,0,0.0,,,,,,,,,,,,,,,,,,,,,,,,,,0,,,,,,,,,0,0,
3524075,RS Mata KMU Lamongan,RSK Mata,RS Khusus,C,Swasta,RS Privat,Jawa Timur,Lamongan,,,,,,,,,,,,,,,,,,,,,,,,,,,,0,0.0,,,,,,,,,,,,,,,,,,,,,,,,,,0,,,,,,,,,0,0,
3525010,RS Umum Daerah Ibnu Sina Kab. Gresik,RSU,RS Umum,B,Pemkab,RS Publik,Jawa Timur,Gresik,34.0,1.0,8.0,3.0,4.0,2.0,1.0,,3.0,,8.0,,,4.0,,2.0,,1.0,2.0,2.0,,3.0,,33.0,1.0,12.0,109.0,15,65.22,0.0,1.0,1.0,1.0,0.0,0.0,1.0,0.0,,0.0,1.0,1.0,,1.0,0.0,0.0,,,0.0,,1.0,False,7.0,7.0,75.0,1,Sudah kerjasama BPJS,,,Sudah kerjasama BPJS,Sudah kerjasama BPJS,Sudah kerjasama BPJS,Sudah kerjasama BPJS,,5,5,100.0
3525021,RS Semen Gresik,RSU,RS Umum,B,Swasta,RS Privat,Jawa Timur,Gresik,39.0,6.0,8.0,3.0,4.0,3.0,,,3.0,,8.0,,,4.0,,3.0,,,2.0,2.0,,3.0,,,,9.0,82.0,11,47.83,,,,,,,,,,,,,,,,,,,,,,,,,,0,Sudah kerjasama BPJS,,Sudah kerjasama BPJS,Sudah kerjasama BPJS,Sudah kerjasama BPJS,Sudah kerjasama BPJS,Sudah kerjasama BPJS,,6,6,100.0
3525043,RS Umum Nyai Ageng Pinatih Gresik,RSU,RS Umum,C,Swasta,RS Privat,Jawa Timur,Gresik,6.0,3.0,3.0,3.0,2.0,1.0,,,3.0,,3.0,,,2.0,,1.0,,,1.0,1.0,,1.0,,5.0,,,27.0,11,47.83,,,,,,,,,,,,,,,,,,,,,,,,,,0,,,,,,,,,0,0,
3525076,RS Petrokimia Gresik,RSU,RS Umum,C,Swasta,RS Privat,Jawa Timur,Gresik,,,,,,,,,,,,,,,,,,,,,,,,,,,,0,0.0,,,,,,,,,,,,,,,,,,,,,,,,,,0,Sudah kerjasama BPJS,,Sudah kerjasama BPJS,,,Sudah kerjasama BPJS,Sudah kerjasama BPJS,,4,4,100.0
3525087,RS Denisa,RSU,RS Umum,D,Swasta,RS Privat,Jawa Timur,Gresik,7.0,2.0,1.0,2.0,2.0,2.0,,,2.0,,1.0,,,2.0,,,,,1.0,1.0,,1.0,,3.0,,2.0,24.0,11,47.83,,,,,,,,,,,,,,,,,,,,,,,,,,0,,,,,,,Sudah kerjasama BPJS,,1,1,100.0
3525088,RS Muhammadiyah Gresik,RSU,RS Umum,C,Swasta Non Profit,RS Publik,Jawa Timur,Gresik,13.0,2.0,2.0,5.0,3.0,2.0,,,5.0,,2.0,,,3.0,,2.0,,,1.0,1.0,,2.0,,9.0,,2.0,44.0,12,52.17,,,,,,,,,,,,,,,,,,,,,,,,,,0,,,,,,,Sudah kerjasama BPJS,,1,1,100.0
3525089,RS Umum Mabarrot MWC NU,RSU,RS Umum,D,Swasta,RS Privat,Jawa Timur,Gresik,8.0,,2.0,2.0,1.0,1.0,,,2.0,,2.0,,,1.0,,,,,,1.0,,1.0,,8.0,,,24.0,8,34.78,,,,,,,,,,,,,,,,,,,,,,,,,,0,,,,,,,,,0,0,
3525090,RS Umum Wates Husada,RSU,RS Umum,D,Swasta,RS Privat,Jawa Timur,Gresik,6.0,1.0,2.0,2.0,2.0,2.0,,,2.0,,2.0,,,2.0,,1.0,,,1.0,1.0,,1.0,,3.0,,2.0,24.0,12,52.17,,,,,,,,,,,,,,,,,,,,,,,,,,0,,,,,,,Sudah kerjasama BPJS,,1,1,100.0
3525091,RS Umum Wali Songo I,RSU,RS Umum,D,Swasta,RS Privat,Jawa Timur,Gresik,7.0,1.0,1.0,2.0,1.0,1.0,,,2.0,,1.0,,,1.0,,3.0,,,2.0,1.0,,,,3.0,,3.0,25.0,11,47.83,,,,,,,,,,,,,,,,,,,,,,,,,,0,,,,,,,Sudah kerjasama BPJS,,1,1,100.0
3525092,RS Grha Husada Gresik ,RSU,RS Umum,D,Swasta,RS Privat,Jawa Timur,Gresik,13.0,1.0,3.0,,2.0,1.0,,,,,3.0,,,2.0,,1.0,,,1.0,1.0,,1.0,,6.0,,3.0,33.0,11,47.83,,,,,,,,,,,,,,,,,,,,,,,,,,0,,,,,,,,,0,0,
3525093,RS Fathma Medika,RSU,RS Umum,C,Swasta,RS Privat,Jawa Timur,Gresik,26.0,2.0,3.0,4.0,3.0,2.0,,,4.0,,3.0,,,3.0,,2.0,,,1.0,1.0,,1.0,,16.0,,5.0,66.0,12,52.17,,,,,,,,,,,,,,,,,,,,,,,,,,0,,,,,,,Sudah kerjasama BPJS,,1,1,100.0
3525095,RS PKU Muhammadiyah Sekapuk,RSU,RS Umum,D,Swasta,RS Privat,Jawa Timur,Gresik,7.0,2.0,1.0,2.0,1.0,1.0,,,2.0,,1.0,,,1.0,,1.0,,,1.0,1.0,,1.0,,5.0,,3.0,26.0,12,52.17,,,,,,,,,,,,,,,,,,,,,,,,,,0,,,,,,,Sudah kerjasama BPJS,,1,1,100.0
3525096,RS Petrokimia Gresik Driyorejo,RSU,RS Umum,C,Swasta,RS Privat,Jawa Timur,Gresik,17.0,1.0,3.0,3.0,2.0,2.0,,,3.0,,3.0,,,2.0,,1.0,,,1.0,1.0,,2.0,,4.0,,4.0,41.0,12,52.17,,,,,,,,,,,,,,,,,,,,,,,,,,0,,,,,,,Sudah kerjasama BPJS,,1,1,100.0
3525097,RS Surya Medika,RSU,RS Umum,D,Swasta,RS Privat,Jawa Timur,Gresik,5.0,1.0,2.0,2.0,2.0,2.0,,,2.0,,2.0,,,2.0,,1.0,,,1.0,1.0,,1.0,,3.0,,5.0,26.0,12,52.17,,,,,,,,,,,,,,,,,,,,,,,,,,0,,,,,,,Sudah kerjasama BPJS,,1,1,100.0
3525098,RS Umum Islam Cahaya Giri Gresik,RSU,RS Umum,D,Swasta,RS Privat,Jawa Timur,Gresik,7.0,1.0,2.0,,1.0,,,,,,2.0,,,1.0,,,,,,,,1.0,,5.0,,1.0,18.0,7,30.43,,,,,,,,,,,,,,,,,,,,,,,,,,0,,,,,,,,,0,0,
3525099,RS Umum Rachmi Dewi ,RSU,RS Umum,D,Swasta,RS Privat,Jawa Timur,Gresik,9.0,2.0,,2.0,2.0,1.0,,,2.0,,,,,2.0,,,,,1.0,,1.0,,,2.0,,1.0,21.0,9,39.13,,,,,,,,,,,,,,,,,,,,,,,,,,0,,,,,,,Sudah kerjasama BPJS,,1,1,100.0
3525101,RS Umum Daerah Umar Mas'ud Bawean,RSU,RS Umum,D,Pemkab,RS Publik,Jawa Timur,Gresik,5.0,10.0,1.0,1.0,,1.0,,,1.0,,1.0,,,,,,,,,,,1.0,,5.0,,2.0,26.0,8,34.78,,,,,,,,,,,,,,,,,,,,,,,,,,0,,,,,,,,,0,0,
3525102,RS Umum Randegansari Husada,RSU,RS Umum,D,Swasta,RS Privat,Jawa Timur,Gresik,9.0,1.0,1.0,1.0,,,,,1.0,,1.0,,,,,1.0,,,1.0,,,,,3.0,,1.0,18.0,8,34.78,,,,,,,,,,,,,,,,,,,,,,,,,,0,,,,,,,Sudah kerjasama BPJS,,1,1,100.0
3525104,RS Ibu dan Anak Khodijah,RSIA,RS Khusus,C,Swasta,RS Privat,Jawa Timur,Gresik,3.0,1.0,,1.0,1.0,,,,1.0,,,,,1.0,,,,,,,,1.0,,1.0,,,8.0,6,26.09,,,,,,,,,,,,,,,,,,,,,,,,,,0,,,,,,,,,0,0,
3525105,RS Eka Husada,RSU,RS Umum,C,Swasta,RS Privat,Jawa Timur,Gresik,6.0,,3.0,1.0,1.0,,,,1.0,,3.0,,,1.0,,1.0,,,,1.0,,1.0,,,,3.0,17.0,8,34.78,,,,,,,,,,,,,,,,,,,,,,,,,,0,,,,,,Sudah kerjasama BPJS,Sudah kerjasama BPJS,,2,2,100.0
3526011,RS Umum Daerah Syarifah Ambami Rato Ebu,RSU,RS Umum,B,Pemkab,RS Publik,Jawa Timur,Bangkalan,31.0,2.0,4.0,5.0,2.0,3.0,,,5.0,,4.0,,,2.0,,1.0,,3.0,2.0,3.0,,3.0,,28.0,1.0,8.0,96.0,14,60.87,0.0,0.0,0.0,1.0,0.0,1.0,1.0,0.0,0.0,0.0,0.0,1.0,,0.0,0.0,0.0,0.0,0.0,0.0,0.0,1.0,False,4.0,4.0,95.0,1,,,,Sudah kerjasama BPJS,Sudah kerjasama BPJS,Sudah kerjasama BPJS,Sudah kerjasama BPJS,,4,4,100.0
3526027,RS Umum Lukas,RSU,RS Umum,D,Swasta,RS Privat,Jawa Timur,Bangkalan,3.0,,,,,,,,,,,,,,,,,,,,,,,2.0,,,5.0,2,8.7,,,,,,,,,,,,,,,,,,,,,,,,,,0,,,,,,,,,0,0,
3526029,RS Umum Anna Medika Madura,RSU,RS Umum,D,Swasta,RS Privat,Jawa Timur,Bangkalan,5.0,1.0,,,,,,,,,,,,,,,,,,,,,,3.0,,,9.0,3,13.04,,,,,,,,,,,,,,,,,,,,,,,,,,0,,,,,,,Sudah kerjasama BPJS,,1,1,100.0
3526030,RS Ibu dan Anak Aisyiyah,RSIA,RS Khusus,C,Swasta Non Profit,RS Publik,Jawa Timur,Bangkalan,,,,,,,,,,,,,,,,,,,,,,,,,,,,0,0.0,,,,,,,,,,,,,,,,,,,,,,,,,,0,,,,,,,,,0,0,
3526031,RS Ibu Dan Anak Hikmah Sawi,RSIA,RS Khusus,C,Swasta,RS Privat,Jawa Timur,Bangkalan,,,,1.0,,,,,1.0,,,,,,,,,,,,,,,,,,1.0,1,4.35,,,,,,,,,,,,,,,,,,,,,,,,,,0,,,,,,,,,0,0,
3526032,RS Khusus Bedah Al Ishaqiy,RSK BEDAH,RS Khusus,C,Swasta,RS Privat,Jawa Timur,Bangkalan,2.0,,,,,1.0,,,,,,,,,,,,,,,,1.0,,,,,4.0,3,13.04,,,,,,,,,,,,,,,,,,,,,,,,,,0,,,,,,,,,0,0,
3526045,RS Ibu dan Anak Glamour Husada Kebun,RSIA,RS Khusus,C,Swasta,RS Privat,Jawa Timur,Bangkalan,3.0,,,1.0,2.0,,,,1.0,,,,,2.0,,,,,,,,,,3.0,,,9.0,4,17.39,,,,,,,,,,,,,,,,,,,,,,,,,,0,,,,,,,,,0,0,
3527012,RS Umum Daerah dr. Mohammad Zyn Kab. Sampang,RSU,RS Umum,B,Pemkab,RS Publik,Jawa Timur,Sampang,17.0,2.0,3.0,5.0,3.0,2.0,,,5.0,,3.0,,,3.0,,1.0,,1.0,1.0,2.0,,1.0,,18.0,,8.0,64.0,13,56.52,0.0,1.0,0.0,0.0,0.0,0.0,0.0,0.0,0.0,0.0,0.0,0.0,,0.0,1.0,0.0,1.0,0.0,0.0,2.0,1.0,False,5.0,4.0,95.0,1,,Sudah kerjasama BPJS,,,,Sudah kerjasama BPJS,Sudah kerjasama BPJS,,3,3,100.0
3527013,RS Nindhita,RSU,RS Umum,D,Swasta,RS Privat,Jawa Timur,Sampang,3.0,,1.0,,1.0,2.0,,,,,1.0,,,1.0,,,,,1.0,1.0,,1.0,,,,,10.0,7,30.43,,,,,,,,,,,,,,,,,,,,,,,,,,0,,,,,,,,,0,0,
3527014,RS Umum Daerah Ketapang,RSU,RS Umum,D,Pemkab,RS Publik,Jawa Timur,Sampang,9.0,1.0,1.0,1.0,1.0,1.0,,,1.0,,1.0,,,1.0,,,,,,1.0,,1.0,,4.0,,2.0,22.0,10,43.48,,,,,,,,,,,,,,,,,,,,,,,,,,0,,,,,,,,,0,0,
3528013,RS Umum Daerah Dr. H. Slamet Martodirdjo Pamekasan,RSU,RS Umum,B,Pemkab,RS Publik,Jawa Timur,Pamekasan,15.0,1.0,3.0,2.0,1.0,4.0,,,2.0,,3.0,,,1.0,,1.0,,1.0,2.0,2.0,,2.0,,21.0,1.0,12.0,68.0,14,60.87,0.0,1.0,1.0,0.0,0.0,0.0,1.0,0.0,,0.0,0.0,0.0,,0.0,0.0,0.0,,,0.0,,1.0,False,3.0,3.0,75.0,1,,Sudah kerjasama BPJS,,Sudah kerjasama BPJS,,Sudah kerjasama BPJS,Sudah kerjasama BPJS,,4,4,100.0
3528024,RS Umum Larasati Pamekasan,RSU,RS Umum,D,Swasta,RS Privat,Jawa Timur,Pamekasan,13.0,1.0,2.0,2.0,1.0,1.0,,,2.0,,2.0,,,1.0,,1.0,,1.0,,1.0,,2.0,,6.0,,1.0,32.0,12,52.17,,,,,,,,,,,,,,,,,,,,,,,,,,0,,,,,,Sudah kerjasama BPJS,,,1,1,100.0
3528025,RS Umum Asyifa Husada Pamekasan,RSU,RS Umum,D,Swasta,RS Privat,Jawa Timur,Pamekasan,8.0,1.0,2.0,1.0,1.0,2.0,,,1.0,,2.0,,,1.0,,,,1.0,1.0,,,1.0,,4.0,,1.0,23.0,11,47.83,,,,,,,,,,,,,,,,,,,,,,,,,,0,,,,,,,,,0,0,
3528026,RS Ibu dan Anak Mukti Husada,RSIA,RS Khusus,C,Swasta,RS Privat,Jawa Timur,Pamekasan,4.0,,,1.0,,1.0,,,1.0,,,,,,,,,1.0,,,,1.0,,,,,8.0,5,21.74,,,,,,,,,,,,,,,,,,,,,,,,,,0,,,,,,,,,0,0,
3528027,RS Umum Daerah Mohammad Noer Pamekasan,RSU,RS Umum,C,Pemprop,RS Publik,Jawa Timur,Pamekasan,16.0,1.0,3.0,3.0,2.0,2.0,,,3.0,,3.0,,,2.0,,2.0,,1.0,1.0,1.0,,2.0,,17.0,2.0,12.0,65.0,14,60.87,,,,,,,,,,,,,,,,,,,,,,,,,,0,,,,,,Sudah kerjasama BPJS,Sudah kerjasama BPJS,,2,2,100.0
3528028,RS Umum Daerah Waru Pamekasan,RSU,RS Umum,D,Pemkab,RS Publik,Jawa Timur,Pamekasan,13.0,1.0,2.0,1.0,,1.0,,,1.0,,2.0,,,,,1.0,,,,,,1.0,,9.0,,3.0,32.0,9,39.13,,,,,,,,,,,,,,,,,,,,,,,,,,0,,,,,,,,,0,0,
3528029,RS Umum Kusuma Hospital,RSU,RS Umum,D,Swasta,RS Privat,Jawa Timur,Pamekasan,10.0,2.0,1.0,2.0,1.0,1.0,,,2.0,,1.0,,,1.0,,1.0,,,,1.0,,1.0,,3.0,,2.0,25.0,11,47.83,,,,,,,,,,,,,,,,,,,,,,,,,,0,,,,,,,,,0,0,
3528040,RS Ibu dan Anak Siti Aisyah Pamekasan,RSIA,RS Khusus,C,Swasta Non Profit,RS Publik,Jawa Timur,Pamekasan,5.0,,,1.0,1.0,1.0,,,1.0,,,,,1.0,,,,,,,,1.0,,4.0,,,13.0,6,26.09,,,,,,,,,,,,,,,,,,,,,,,,,,0,,,,,,,,,0,0,
3529014,RS Umum Daerah dr. H. Moh. Anwar ,RSU,RS Umum,C,Pemkab,RS Publik,Jawa Timur,Sumenep,20.0,2.0,3.0,3.0,3.0,2.0,,,3.0,,3.0,,,3.0,,2.0,,1.0,1.0,2.0,,1.0,,15.0,,5.0,60.0,13,56.52,0.0,0.0,1.0,0.0,0.0,0.0,0.0,0.0,0.0,0.0,0.0,1.0,,0.0,0.0,0.0,1.0,0.0,0.0,1.0,1.0,False,4.0,4.0,95.0,1,Sudah kerjasama BPJS,,Sudah kerjasama BPJS,,Sudah kerjasama BPJS,Sudah kerjasama BPJS,Sudah kerjasama BPJS,,5,5,100.0
3529025,RS Islam Garam Kalianget,RSU,RS Umum,C,Swasta Non Profit,RS Publik,Jawa Timur,Sumenep,15.0,1.0,2.0,1.0,2.0,,,,1.0,,2.0,,,2.0,,2.0,,,1.0,2.0,,1.0,,7.0,,3.0,37.0,11,47.83,,,,,,,,,,,,,,,,,,,,,,,,,,0,,,,,,Sudah kerjasama BPJS,Sudah kerjasama BPJS,,2,2,100.0
3529026,RS Ibu dan Anak Esto Ebhu,RSIA,RS Khusus,C,Swasta,RS Privat,Jawa Timur,Sumenep,2.0,,,2.0,,,,,2.0,,,,,,,,,,,,,1.0,,1.0,,1.0,7.0,5,21.74,,,,,,,,,,,,,,,,,,,,,,,,,,0,,,,,,,,,0,0,
3529029,RS Umum Sumekar,RSU,RS Umum,D,Swasta,RS Privat,Jawa Timur,Sumenep,7.0,1.0,1.0,2.0,2.0,1.0,,,2.0,,1.0,,,2.0,,1.0,,,,,,1.0,,3.0,,,19.0,9,39.13,,,,,,,,,,,,,,,,,,,,,,,,,,0,,,,,,,,,0,0,
3529040,RS Umum Daerah Abuya Kangean,RSU,RS Umum,D,Pemkab,RS Publik,Jawa Timur,Sumenep,4.0,2.0,,,,1.0,,,,,,,,,,,,,,,,1.0,,7.0,,3.0,18.0,6,26.09,,,,,,,,,,,,,,,,,,,,,,,,,,0,,,,,,,,,0,0,
3506065,RS Gigi Mulut IIK Bhakti Wiyata,RSK GM,RS Khusus,C,Swasta,RS Privat,Jawa Timur,Kota Kediri,,,,,,,,,,,,,,,,,,,,,,,,,,,,0,0.0,,,,,,,,,,,,,,,,,,,,,,,,,,0,,,,,,,,,0,0,
3571016,RS Umum Daerah Gambiran,RSU,RS Umum,B,Pemkot,RS Publik,Jawa Timur,Kota Kediri,20.0,2.0,5.0,2.0,3.0,2.0,,,2.0,,5.0,,,3.0,,3.0,,1.0,2.0,3.0,,3.0,,32.0,1.0,12.0,91.0,14,60.87,0.0,1.0,0.0,0.0,0.0,0.0,1.0,1.0,0.0,0.0,0.0,1.0,,3.0,1.0,0.0,1.0,0.0,0.0,7.0,1.0,False,16.0,8.0,95.0,1,,,,Sudah kerjasama BPJS,Sudah kerjasama BPJS,Sudah kerjasama BPJS,Sudah kerjasama BPJS,,4,4,100.0
3571020,RS TK. IV 05.07.02 Kediri,RSU,RS Umum,C,TNI,RS Publik,Jawa Timur,Kota Kediri,7.0,,3.0,2.0,2.0,2.0,,,2.0,,3.0,,,2.0,,1.0,,,1.0,,,1.0,,9.0,,1.0,29.0,10,43.48,,,,,,,,,,,,,,,,,,,,,,,,,,0,,,,,,,Sudah kerjasama BPJS,,1,1,100.0
3571031,RS Umum Bhayangkara Kediri,RSU,RS Umum,B,POLRI,RS Publik,Jawa Timur,Kota Kediri,11.0,1.0,4.0,3.0,3.0,2.0,,,3.0,,4.0,,,3.0,,2.0,,,1.0,2.0,1.0,3.0,,29.0,,10.0,72.0,13,56.52,,,,,,,,,,,,,,,,,,,,,,,,,,0,Sudah kerjasama BPJS,,Sudah kerjasama BPJS,,Sudah kerjasama BPJS,Sudah kerjasama BPJS,Sudah kerjasama BPJS,,5,5,100.0
3571042,RS Baptis Kediri,RSU,RS Umum,B,Swasta Non Profit,RS Publik,Jawa Timur,Kota Kediri,24.0,3.0,4.0,2.0,3.0,2.0,,,2.0,,4.0,,,3.0,,,,1.0,2.0,1.0,,2.0,,16.0,1.0,7.0,68.0,13,56.52,,,,,,,,,,,,,,,,,,,,,,,,,,0,,,,,,Sudah kerjasama BPJS,Sudah kerjasama BPJS,,2,2,100.0
3571053,RS Umum Daha Husada,RSU,RS Umum,D,Pemprop,RS Publik,Jawa Timur,Kota Kediri,22.0,1.0,2.0,1.0,2.0,1.0,,,1.0,,2.0,,,2.0,,,,,1.0,1.0,,2.0,,9.0,,4.0,46.0,11,47.83,,,,,,,,,,,,,,,,,,,,,,,,,,0,,,,,,,Sudah kerjasama BPJS,,1,1,100.0
3571111,RS Ibu dan Anak Nirmala Kediri,RSIA,RS Khusus,C,Swasta,RS Privat,Jawa Timur,Kota Kediri,8.0,1.0,1.0,2.0,2.0,1.0,,,2.0,,1.0,,,2.0,,,,,1.0,,,1.0,,5.0,,,22.0,9,39.13,,,,,,,,,,,,,,,,,,,,,,,,,,0,,,,,,,,,0,0,
3571122,RS Muhammadiyah Ahmad Dahlan,RSU,RS Umum,C,Swasta Non Profit,RS Publik,Jawa Timur,Kota Kediri,17.0,3.0,3.0,3.0,2.0,2.0,,,3.0,,3.0,,,2.0,,1.0,,1.0,1.0,2.0,,2.0,,18.0,,5.0,60.0,13,56.52,,,,,,,,,,,,,,,,,,,,,,,,,,0,,,,,,Sudah kerjasama BPJS,Sudah kerjasama BPJS,,2,2,100.0
3571145,RS Ibu dan Anak Citra Keluarga,RSIA,RS Khusus,C,Swasta,RS Privat,Jawa Timur,Kota Kediri,5.0,,,3.0,2.0,1.0,,,3.0,,,,,2.0,,,,,,,,2.0,,2.0,,,15.0,6,26.09,,,,,,,,,,,,,,,,,,,,,,,,,,0,,,,,,,,,0,0,
3571146,RS Umum Lirboyo,RSU,RS Umum,D,Swasta,RS Privat,Jawa Timur,Kota Kediri,11.0,1.0,2.0,1.0,1.0,1.0,,,1.0,,2.0,,,1.0,,2.0,,,1.0,1.0,,1.0,,6.0,,2.0,30.0,12,52.17,,,,,,,,,,,,,,,,,,,,,,,,,,0,,,,,,,Sudah kerjasama BPJS,,1,1,100.0
3571147,RS Umum Ratih,RSU,RS Umum,D,Swasta,RS Privat,Jawa Timur,Kota Kediri,,,,,,,,,,,,,,,,,,,,,,,,,,,,0,0.0,,,,,,,,,,,,,,,,,,,,,,,,,,0,,,,,,,,,0,0,
3571148,RS Ibu dan Anak Melinda,RSIA,RS Khusus,C,Swasta,RS Privat,Jawa Timur,Kota Kediri,4.0,,,2.0,1.0,,,,2.0,,,,,1.0,,,,,,,,1.0,,1.0,,,9.0,5,21.74,,,,,,,,,,,,,,,,,,,,,,,,,,0,,,,,,,,,0,0,
3571150,RS Umum Daerah Kilisuci,RSU,RS Umum,C,Pemkot,RS Publik,Jawa Timur,Kota Kediri,15.0,53.0,1.0,1.0,1.0,1.0,,,1.0,,1.0,,,1.0,,,,,1.0,,,2.0,,12.0,1.0,6.0,94.0,11,47.83,,,,,,,,,,,,,,,,,,,,,,,,,,0,,,,,,,,,0,0,
3572010,RS Umum Daerah Mardi Waluyo,RSU,RS Umum,B,Pemkot,RS Publik,Jawa Timur,Kota Blitar,14.0,2.0,4.0,4.0,3.0,3.0,,,4.0,,4.0,,,3.0,,2.0,,1.0,2.0,2.0,,2.0,,19.0,1.0,11.0,70.0,14,60.87,0.0,1.0,0.0,0.0,1.0,0.0,0.0,0.0,0.0,0.0,0.0,1.0,,0.0,0.0,0.0,0.0,0.0,0.0,3.0,1.0,False,6.0,4.0,95.0,1,,,,,Sudah kerjasama BPJS,Sudah kerjasama BPJS,Sudah kerjasama BPJS,,3,3,100.0
3572021,RS Katolik Budi Rahayu,RSU,RS Umum,C,Swasta Non Profit,RS Publik,Jawa Timur,Kota Blitar,8.0,3.0,4.0,3.0,2.0,3.0,,,3.0,,4.0,,,2.0,,1.0,,,,1.0,,2.0,,5.0,1.0,2.0,35.0,12,52.17,,,,,,,,,,,,,,,,,,,,,,,,,,0,,,,,,,Sudah kerjasama BPJS,,1,1,100.0
3572043,RS Umum Syuhada Haji,RSU,RS Umum,D,Swasta,RS Privat,Jawa Timur,Kota Blitar,8.0,2.0,3.0,3.0,2.0,2.0,,,3.0,,3.0,,,2.0,,1.0,,,1.0,1.0,,2.0,,6.0,,2.0,33.0,12,52.17,,,,,,,,,,,,,,,,,,,,,,,,,,0,,,,,,,,,0,0,
3572065,RS Umum Aminah Blitar,RSU,RS Umum,C,Swasta Non Profit,RS Publik,Jawa Timur,Kota Blitar,8.0,1.0,4.0,3.0,3.0,3.0,,,3.0,,4.0,,,3.0,,1.0,,1.0,1.0,1.0,,2.0,,14.0,,5.0,47.0,13,56.52,,,,,,,,,,,,,,,,,,,,,,,,,,0,,,,,,Sudah kerjasama BPJS,Sudah kerjasama BPJS,,2,2,100.0
3572072,RS Ibu dan Anak Tanjungsari,RSIA,RS Khusus,C,Swasta,RS Privat,Jawa Timur,Kota Blitar,4.0,1.0,,1.0,1.0,,,,1.0,,,,,1.0,,,,,,,,1.0,,1.0,,,9.0,6,26.09,,,,,,,,,,,,,,,,,,,,,,,,,,0,,,,,,,,,0,0,
3572073,RS Islam Aminah,RSU,RS Umum,C,Swasta Non Profit,RS Publik,Jawa Timur,Kota Blitar,11.0,2.0,3.0,5.0,3.0,2.0,,,5.0,,3.0,,,3.0,,1.0,,1.0,1.0,1.0,,2.0,,10.0,,3.0,45.0,13,56.52,,,,,,,,,,,,,,,,,,,,,,,,,,0,,,,,,,Sudah kerjasama BPJS,,1,1,100.0
3573011,RS Umum Daerah Dr. Saiful Anwar,RSU,RS Umum,A,Pemprop,RS Publik,Jawa Timur,Kota Malang,61.0,3.0,29.0,16.0,28.0,8.0,,,16.0,,29.0,,,28.0,,11.0,,9.0,14.0,11.0,2.0,16.0,,72.0,4.0,56.0,340.0,15,65.22,1.0,3.0,3.0,1.0,1.0,0.0,1.0,0.0,,1.0,1.0,1.0,,1.0,0.0,0.0,,,0.0,,1.0,False,14.0,10.0,75.0,1,Sudah kerjasama BPJS,,Sudah kerjasama BPJS,Sudah kerjasama BPJS,Sudah kerjasama BPJS,Sudah kerjasama BPJS,Sudah kerjasama BPJS,Belum kerjasama BPJS,7,6,85.71
3573022,RS Tk. II Dr. Soepraoen,RSU,RS Umum,B,TNI,RS Publik,Jawa Timur,Kota Malang,26.0,1.0,3.0,1.0,1.0,1.0,,1.0,1.0,,3.0,,,1.0,,1.0,,2.0,2.0,2.0,,2.0,,13.0,1.0,8.0,65.0,15,65.22,,,,,,,,,,,,,,,,,,,,,,,,,,0,Sudah kerjasama BPJS,,Sudah kerjasama BPJS,,Sudah kerjasama BPJS,Sudah kerjasama BPJS,Sudah kerjasama BPJS,,5,5,100.0
3573044,RS Umum Panti Nirmala,RSU,RS Umum,B,Swasta,RS Privat,Jawa Timur,Kota Malang,16.0,4.0,9.0,2.0,6.0,6.0,,1.0,2.0,,9.0,,,6.0,,7.0,,2.0,2.0,6.0,1.0,3.0,,15.0,,10.0,90.0,15,65.22,,,,,,,,,,,,,,,,,,,,,,,,,,0,Sudah kerjasama BPJS,,Sudah kerjasama BPJS,Sudah kerjasama BPJS,,Sudah kerjasama BPJS,Sudah kerjasama BPJS,,5,5,100.0
3573055,RS Umum Panti Waluya Sawahan Malang,RSU,RS Umum,B,Swasta,RS Privat,Jawa Timur,Kota Malang,23.0,4.0,11.0,3.0,4.0,4.0,,,3.0,,11.0,,,4.0,,7.0,,1.0,3.0,3.0,,3.0,,11.0,1.0,7.0,85.0,14,60.87,,,,,,,,,,,,,,,,,,,,,,,,,,0,Sudah kerjasama BPJS,,,,,Sudah kerjasama BPJS,Sudah kerjasama BPJS,,3,3,100.0
3573066,RS Umum Lavalette Malang,RSU,RS Umum,B,Swasta,RS Privat,Jawa Timur,Kota Malang,16.0,4.0,8.0,5.0,9.0,4.0,1.0,1.0,5.0,1.0,8.0,,,9.0,,2.0,,1.0,1.0,4.0,4.0,6.0,,12.0,2.0,12.0,93.0,18,78.26,,,,,,,,,,,,,,,,,,,,,,,,,,0,Sudah kerjasama BPJS,,Sudah kerjasama BPJS,Sudah kerjasama BPJS,,Sudah kerjasama BPJS,Sudah kerjasama BPJS,,5,5,100.0
3573097,RS Ibu dan Anak Husada Bunda,RSIA,RS Khusus,C,Swasta,RS Privat,Jawa Timur,Kota Malang,11.0,1.0,1.0,2.0,3.0,1.0,,,2.0,,1.0,,,3.0,,,,,1.0,,,1.0,,2.0,,,23.0,9,39.13,,,,,,,,,,,,,,,,,,,,,,,,,,0,,,,,,,,,0,0,
3573135,RS Ibu dan Anak Muhammadiyah Malang,RSIA,RS Khusus,C,Swasta,RS Privat,Jawa Timur,Kota Malang,9.0,,1.0,2.0,3.0,1.0,,,2.0,,1.0,,,3.0,,,,,1.0,,,1.0,,4.0,,,22.0,8,34.78,,,,,,,,,,,,,,,,,,,,,,,,,,0,,,,,,,Sudah kerjasama BPJS,,1,1,100.0
3573215,RS Umum Islam Aisyiyah Malang,RSU,RS Umum,C,Swasta,RS Privat,Jawa Timur,Kota Malang,17.0,2.0,5.0,3.0,5.0,4.0,,,3.0,,5.0,1.0,,5.0,,4.0,,,1.0,4.0,,3.0,,13.0,1.0,10.0,73.0,14,60.87,,,,,,,,,,,,,,,,,,,,,,,,,,0,,,Sudah kerjasama BPJS,,,,Sudah kerjasama BPJS,,2,2,100.0
3573226,RS Islam Malang,RSU,RS Umum,C,Swasta,RS Privat,Jawa Timur,Kota Malang,20.0,11.0,4.0,2.0,4.0,3.0,,,2.0,,4.0,,,4.0,,1.0,,1.0,2.0,3.0,,2.0,,9.0,1.0,6.0,69.0,14,60.87,,,,,,,,,,,,,,,,,,,,,,,,,,0,,,,,,,Sudah kerjasama BPJS,,1,1,100.0
3573243,RS Ibu dan Anak Mardi Waloeja Kauman Malang,RSIA,RS Khusus,C,Swasta,RS Privat,Jawa Timur,Kota Malang,3.0,,1.0,3.0,2.0,1.0,,,3.0,,1.0,,,2.0,,,,,1.0,,,1.0,,,,,12.0,7,30.43,,,,,,,,,,,,,,,,,,,,,,,,,,0,,,,,,,Sudah kerjasama BPJS,,1,1,100.0
3573244,RS Ibu dan Anak Puri,RSIA,RS Khusus,C,Swasta,RS Privat,Jawa Timur,Kota Malang,8.0,1.0,1.0,5.0,3.0,2.0,,,5.0,,1.0,,,3.0,,,,,1.0,,,2.0,,,,,23.0,8,34.78,,,,,,,,,,,,,,,,,,,,,,,,,,0,,,,,,,Sudah kerjasama BPJS,,1,1,100.0
3573246,RS Umum Hermina Tangkubanprahu,RSU,RS Umum,C,Swasta,RS Privat,Jawa Timur,Kota Malang,27.0,2.0,4.0,8.0,11.0,4.0,,,8.0,,4.0,,,11.0,,3.0,,1.0,1.0,2.0,1.0,4.0,,8.0,,6.0,82.0,14,60.87,,,,,,,,,,,,,,,,,,,,,,,,,,0,Sudah kerjasama BPJS,,,,,,Sudah kerjasama BPJS,,2,2,100.0
3573247,RS Ibu dan Anak Permata Hati,RSIA,RS Khusus,C,Swasta,RS Privat,Jawa Timur,Kota Malang,5.0,1.0,,1.0,1.0,,,,1.0,,,,,1.0,,,,,,,,1.0,,1.0,,,10.0,6,26.09,,,,,,,,,,,,,,,,,,,,,,,,,,0,,,,,,,,,0,0,
3573249,RS Umum Permata Bunda,RSU,RS Umum,D,Swasta,RS Privat,Jawa Timur,Kota Malang,4.0,2.0,2.0,3.0,4.0,2.0,,,3.0,,2.0,,,4.0,,,,1.0,1.0,1.0,,1.0,,1.0,,2.0,24.0,12,52.17,,,,,,,,,,,,,,,,,,,,,,,,,,0,,,,,,,Sudah kerjasama BPJS,,1,1,100.0
3573250,RS Ibu dan Anak Puri Bunda,RSIA,RS Khusus,C,Swasta,RS Privat,Jawa Timur,Kota Malang,10.0,,2.0,7.0,3.0,,,,7.0,,2.0,,,3.0,,,,,1.0,1.0,,3.0,,6.0,,5.0,38.0,9,39.13,,,,,,,,,,,,,,,,,,,,,,,,,,0,,,,,,,Sudah kerjasama BPJS,,1,1,100.0
3573251,RS Ibu dan Anak Mardi Waloeja Rampal Malang,RSIA,RS Khusus,C,Swasta,RS Privat,Jawa Timur,Kota Malang,,,,,,,,,,,,,,,,,,,,,,,,,,,,0,0.0,,,,,,,,,,,,,,,,,,,,,,,,,,0,,,,,,,,,0,0,
3573252,RS Ibu dan Anak Mutiara Bunda,RSIA,RS Khusus,C,Swasta,RS Privat,Jawa Timur,Kota Malang,5.0,,1.0,9.0,5.0,2.0,,,9.0,,1.0,,,5.0,,,,,,,,2.0,,4.0,,,28.0,7,30.43,,,,,,,,,,,,,,,,,,,,,,,,,,0,,,,,,,,,0,0,
3573253,RS Ibu dan Anak Melati Husada,RSIA,RS Khusus,C,Swasta,RS Privat,Jawa Timur,Kota Malang,24.0,,,12.0,2.0,,,,12.0,,,,,2.0,,,,,,,,1.0,,1.0,,,40.0,5,21.74,,,,,,,,,,,,,,,,,,,,,,,,,,0,,,,,,,Sudah kerjasama BPJS,,1,1,100.0
3573254,RS Ibu dan Anak Galeri Candra Malang,RSIA,RS Khusus,C,Swasta,RS Privat,Jawa Timur,Kota Malang,12.0,3.0,1.0,3.0,3.0,,,,3.0,,1.0,,,3.0,,,,,,,,1.0,,,,,23.0,6,26.09,,,,,,,,,,,,,,,,,,,,,,,,,,0,,,,,,,,,0,0,
3573257,RS Umum Persada Hospital,RSU,RS Umum,B,Swasta,RS Privat,Jawa Timur,Kota Malang,46.0,3.0,9.0,6.0,9.0,10.0,,,6.0,,9.0,,,9.0,,2.0,,2.0,2.0,5.0,,6.0,,20.0,,6.0,126.0,13,56.52,,,,,,,,,,,,,,,,,,,,,,,,,,0,Sudah kerjasama BPJS,,Sudah kerjasama BPJS,Sudah kerjasama BPJS,,Sudah kerjasama BPJS,Sudah kerjasama BPJS,,5,5,100.0
3573258,RS Umum Daerah Kota Malang,RSU,RS Umum,C,Pemkot,RS Publik,Jawa Timur,Kota Malang,20.0,,2.0,2.0,3.0,1.0,,,2.0,,2.0,,,3.0,,1.0,,1.0,1.0,1.0,,2.0,,13.0,,7.0,54.0,12,52.17,0.0,0.0,0.0,0.0,0.0,0.0,0.0,0.0,0.0,0.0,0.0,0.0,,0.0,0.0,0.0,1.0,0.0,0.0,1.0,1.0,False,2.0,2.0,95.0,1,,,,,,Sudah kerjasama BPJS,Sudah kerjasama BPJS,,2,2,100.0
3573260,RS Ibu dan Anak Refa husada,RSIA,RS Khusus,C,Swasta,RS Privat,Jawa Timur,Kota Malang,10.0,2.0,1.0,1.0,1.0,1.0,,,1.0,,1.0,,,1.0,,,,,,,,1.0,,2.0,,1.0,20.0,9,39.13,,,,,,,,,,,,,,,,,,,,,,,,,,0,,,,,,,,,0,0,
3573261,RS Bhirawa Bhakti,RSU,RS Umum,D,TNI,RS Publik,Jawa Timur,Kota Malang,6.0,1.0,3.0,1.0,1.0,2.0,,,1.0,,3.0,,,1.0,,,,,1.0,,,1.0,,2.0,,,18.0,9,39.13,,,,,,,,,,,,,,,,,,,,,,,,,,0,,,,,,,,,0,0,
3573262,RS Universitas Brawijaya,RSU,RS Umum,C,Kementerian Lain,RS Publik,Jawa Timur,Kota Malang,15.0,4.0,6.0,6.0,4.0,2.0,,1.0,6.0,,6.0,,,4.0,,2.0,,,1.0,2.0,,2.0,,9.0,,6.0,60.0,13,56.52,,,,,,,,,,,,,,,,,,,,,,,,,,0,Sudah kerjasama BPJS,,,,,,Sudah kerjasama BPJS,,2,2,100.0
3573264,RS Ibu dan Anak Melati Children Hospital,RSIA,RS Khusus,C,Swasta,RS Privat,Jawa Timur,Kota Malang,5.0,,1.0,1.0,3.0,,,,1.0,,1.0,,,3.0,,,,,,,,1.0,,,,1.0,12.0,6,26.09,,,,,,,,,,,,,,,,,,,,,,,,,,0,,,,,,,,,0,0,
3573276,RS Umum BRI Medika Malang,RSU,RS Umum,D,Swasta,RS Privat,Jawa Timur,Kota Malang,,,,,,,,,,,,,,,,,,,,,,,,,,,,0,0.0,,,,,,,,,,,,,,,,,,,,,,,,,,0,,,,,,,,,0,0,
3574012,RS Umum Daerah dr. Mohamad Saleh Kota Probolinggo,RSU,RS Umum,B,Pemkot,RS Publik,Jawa Timur,Kota Probolinggo,17.0,2.0,3.0,2.0,4.0,2.0,,1.0,2.0,,3.0,,,4.0,,1.0,,,1.0,2.0,,2.0,,7.0,1.0,8.0,53.0,14,60.87,0.0,1.0,0.0,0.0,0.0,0.0,0.0,0.0,0.0,0.0,0.0,0.0,,1.0,0.0,0.0,1.0,0.0,0.0,6.0,1.0,False,9.0,4.0,95.0,1,Sudah kerjasama BPJS,,,Sudah kerjasama BPJS,,Sudah kerjasama BPJS,Sudah kerjasama BPJS,,4,4,100.0
3574023,RS Umum Dharma Husada,RSU,RS Umum,D,Swasta,RS Privat,Jawa Timur,Kota Probolinggo,8.0,1.0,1.0,1.0,1.0,2.0,,,1.0,,1.0,,,1.0,,,,,1.0,1.0,,1.0,,4.0,,1.0,22.0,11,47.83,,,,,,,,,,,,,,,,,,,,,,,,,,0,,,,,,,Sudah kerjasama BPJS,,1,1,100.0
3574068,RS Ibu dan Anak Amanah,RSIA,RS Khusus,C,Swasta,RS Privat,Jawa Timur,Kota Probolinggo,13.0,2.0,,3.0,1.0,2.0,,,3.0,,,,,1.0,,,,,1.0,,,1.0,,5.0,,,28.0,8,34.78,,,,,,,,,,,,,,,,,,,,,,,,,,0,,,,,,,,,0,0,
3574069,RS Ibu dan Anak Muhammadiyah Kota Probolinggo,RSIA,RS Khusus,C,Swasta,RS Privat,Jawa Timur,Kota Probolinggo,11.0,,,4.0,3.0,,,,4.0,,,,,3.0,,,,,,,,1.0,,5.0,,,24.0,5,21.74,,,,,,,,,,,,,,,,,,,,,,,,,,0,,,,,,,,,0,0,
3574080,RS Umum Daerah Ar Rozy,RSU,RS Umum,Belum Ditetapkan,Pemkab,RS Publik,Jawa Timur,Kota Probolinggo,,,,,,,,,,,,,,,,,,,,,,,,,,,,0,0.0,,,,,,,,,,,,,,,,,,,,,,,,,,0,,,,,,,,,0,0,
3514057,RS Graha Sehat Medika,RSU,RS Umum,D,Swasta,RS Privat,Jawa Timur,Kota Pasuruan,16.0,2.0,1.0,2.0,1.0,2.0,,,2.0,,1.0,,,1.0,,,,,,1.0,,1.0,,2.0,,2.0,30.0,10,43.48,,,,,,,,,,,,,,,,,,,,,,,,,,0,,,,,,,Sudah kerjasama BPJS,,1,1,100.0
3575013,RS Umum Daerah Dr. R. Soedarsono Kota Pasuruan,RSU,RS Umum,C,Pemkot,RS Publik,Jawa Timur,Kota Pasuruan,20.0,5.0,4.0,3.0,3.0,4.0,,,3.0,,4.0,,,3.0,,2.0,,,1.0,2.0,,2.0,,16.0,,8.0,70.0,12,52.17,0.0,0.0,0.0,1.0,0.0,0.0,0.0,0.0,0.0,0.0,0.0,1.0,,0.0,0.0,0.0,0.0,0.0,0.0,4.0,1.0,False,6.0,3.0,95.0,1,,,,,Sudah kerjasama BPJS,,Sudah kerjasama BPJS,,2,2,100.0
3576014,RSUD dr. Wahidin Sudiro Husodo Kota Mojokerto,RSU,RS Umum,B,Pemkot,RS Publik,Jawa Timur,Kota Mojokerto,17.0,4.0,5.0,3.0,4.0,4.0,,1.0,3.0,,5.0,,,4.0,,2.0,,1.0,2.0,2.0,,3.0,,29.0,1.0,11.0,89.0,15,65.22,0.0,1.0,0.0,0.0,0.0,0.0,1.0,0.0,0.0,0.0,0.0,1.0,,0.0,0.0,0.0,1.0,0.0,0.0,4.0,1.0,False,8.0,5.0,95.0,1,Sudah kerjasama BPJS,,Sudah kerjasama BPJS,Sudah kerjasama BPJS,Sudah kerjasama BPJS,Sudah kerjasama BPJS,Sudah kerjasama BPJS,,6,6,100.0
3576036,RS Gatoel,RSU,RS Umum,C,Swasta,RS Privat,Jawa Timur,Kota Mojokerto,27.0,3.0,3.0,2.0,3.0,3.0,,,2.0,,3.0,,,3.0,,2.0,,,1.0,1.0,1.0,2.0,,12.0,,7.0,67.0,13,56.52,,,,,,,,,,,,,,,,,,,,,,,,,,0,Sudah kerjasama BPJS,,Sudah kerjasama BPJS,,,,Sudah kerjasama BPJS,,3,3,100.0
3576040,RS Reksa Waluya,RSU,RS Umum,C,Swasta Non Profit,RS Publik,Jawa Timur,Kota Mojokerto,8.0,1.0,3.0,1.0,2.0,2.0,,,1.0,,3.0,,,2.0,,1.0,,,1.0,1.0,,2.0,,5.0,,2.0,29.0,12,52.17,,,,,,,,,,,,,,,,,,,,,,,,,,0,,,,,,,Sudah kerjasama BPJS,,1,1,100.0
3576051,RS Islam Hasanah Muhammadiyah ,RSU,RS Umum,C,Swasta Non Profit,RS Publik,Jawa Timur,Kota Mojokerto,20.0,,2.0,2.0,2.0,2.0,,,2.0,,2.0,,,2.0,,,,,1.0,1.0,,1.0,,6.0,,4.0,41.0,10,43.48,,,,,,,,,,,,,,,,,,,,,,,,,,0,,,,,,,Sudah kerjasama BPJS,,1,1,100.0
3576074,RS Kamar Medika,RSU,RS Umum,D,Swasta,RS Privat,Jawa Timur,Kota Mojokerto,14.0,2.0,2.0,2.0,1.0,2.0,,,2.0,,2.0,,,1.0,,1.0,,,1.0,1.0,,1.0,,4.0,,1.0,32.0,12,52.17,,,,,,,,,,,,,,,,,,,,,,,,,,0,,,,,,,,,0,0,
3576076,RS Emma,RSU,RS Umum,C,Swasta Non Profit,RS Publik,Jawa Timur,Kota Mojokerto,18.0,3.0,2.0,2.0,2.0,2.0,,,2.0,,2.0,,,2.0,,1.0,,,1.0,1.0,,1.0,,4.0,,2.0,39.0,12,52.17,,,,,,,,,,,,,,,,,,,,,,,,,,0,,,,,,,,,0,0,
3519026,RS Paru Manguharjo Madiun,RSK PARU,RS Khusus,C,Pemprop,RS Publik,Jawa Timur,Kota Madiun,8.0,1.0,1.0,1.0,1.0,1.0,,,1.0,,1.0,,,1.0,,2.0,,,1.0,1.0,,1.0,,8.0,,5.0,31.0,12,52.17,,,,,,,,,,,,,,,,,,,,,,,,,,0,,Sudah kerjasama BPJS,,,,,Sudah kerjasama BPJS,,2,2,100.0
3577015,RS Umum Daerah Dr. Soedono Madiun,RSU,RS Umum,B,Pemprop,RS Publik,Jawa Timur,Kota Madiun,33.0,2.0,8.0,3.0,2.0,3.0,,,3.0,,8.0,,,2.0,,1.0,,2.0,2.0,2.0,,3.0,,35.0,,21.0,117.0,13,56.52,0.0,1.0,2.0,0.0,0.0,0.0,1.0,0.0,,0.0,0.0,1.0,,1.0,0.0,0.0,,,0.0,,1.0,False,6.0,5.0,75.0,1,,,Sudah kerjasama BPJS,Sudah kerjasama BPJS,Sudah kerjasama BPJS,Sudah kerjasama BPJS,Sudah kerjasama BPJS,,5,5,100.0
3577026,RS Umum Santa Clara,RSU,RS Umum,C,Swasta,RS Privat,Jawa Timur,Kota Madiun,9.0,3.0,3.0,3.0,2.0,3.0,,,3.0,,3.0,,,2.0,,2.0,,,1.0,1.0,,1.0,,8.0,,3.0,39.0,12,52.17,,,,,,,,,,,,,,,,,,,,,,,,,,0,,,,,,,Sudah kerjasama BPJS,,1,1,100.0
3577030,RS Umum TNI AD Tk. IV 05.04.01 Kota Madiun,RSU,RS Umum,D,TNI,RS Publik,Jawa Timur,Kota Madiun,7.0,2.0,1.0,1.0,1.0,1.0,,,1.0,,1.0,,,1.0,,1.0,,,1.0,1.0,,,,5.0,,2.0,23.0,11,47.83,,,,,,,,,,,,,,,,,,,,,,,,,,0,,,,,,Sudah kerjasama BPJS,Sudah kerjasama BPJS,,2,2,100.0
3577052,RS Ibu dan Anak Al Hasanah,RSIA,RS Khusus,C,Swasta,RS Privat,Jawa Timur,Kota Madiun,3.0,,,3.0,2.0,,,,3.0,,,,,2.0,,,,,,,,2.0,,3.0,,,13.0,5,21.74,,,,,,,,,,,,,,,,,,,,,,,,,,0,,,,,,,,,0,0,
3577074,RS Umum Islam Siti Aisyah,RSU,RS Umum,C,Swasta,RS Privat,Jawa Timur,Kota Madiun,11.0,2.0,3.0,3.0,1.0,3.0,,,3.0,,3.0,,,1.0,,3.0,,1.0,1.0,2.0,,3.0,,12.0,,4.0,49.0,13,56.52,,,,,,,,,,,,,,,,,,,,,,,,,,0,,,,,,Sudah kerjasama BPJS,Sudah kerjasama BPJS,,2,2,100.0
3577085,RS Umum Daerah Kota Madiun,RSU,RS Umum,C,Pemkot,RS Publik,Jawa Timur,Kota Madiun,18.0,1.0,2.0,2.0,2.0,3.0,,,2.0,,2.0,,,2.0,,1.0,,1.0,1.0,1.0,,1.0,,16.0,,9.0,58.0,13,56.52,,,,,,,,,,,,,,,,,,,,,,,,,,0,,,,Sudah kerjasama BPJS,Sudah kerjasama BPJS,Sudah kerjasama BPJS,Sudah kerjasama BPJS,,4,4,100.0
3577086,RS Umum Griya Husada Madiun,RSU,RS Umum,C,Swasta,RS Privat,Jawa Timur,Kota Madiun,9.0,3.0,4.0,5.0,4.0,4.0,,,5.0,,4.0,,,4.0,,1.0,,,1.0,2.0,,2.0,,7.0,,3.0,45.0,12,52.17,,,,,,,,,,,,,,,,,,,,,,,,,,0,,,,,,,Sudah kerjasama BPJS,,1,1,100.0
3577098,RS Umum Darmayu Madiun,RSU,RS Umum,C,Swasta,RS Privat,Jawa Timur,Kota Madiun,,,,,,,,,,,,,,,,,,,,,,,,,,,,0,0.0,,,,,,,,,,,,,,,,,,,,,,,,,,0,,,,,,,,,0,0,
3578016,RS Umum Daerah Dr. Soetomo,RSU,RS Umum,A,Pemprop,RS Publik,Jawa Timur,Kota Surabaya,2062.0,4.0,61.0,43.0,66.0,27.0,,,43.0,,61.0,,,66.0,,17.0,,12.0,20.0,23.0,5.0,42.0,2.0,165.0,4.0,75.0,2628.0,16,69.57,1.0,3.0,0.0,1.0,1.0,0.0,1.0,1.0,,5.0,3.0,1.0,,5.0,1.0,0.0,,,1.0,,1.0,False,24.0,12.0,75.0,1,Sudah kerjasama BPJS,,Sudah kerjasama BPJS,,Sudah kerjasama BPJS,Sudah kerjasama BPJS,Sudah kerjasama BPJS,Belum kerjasama BPJS,6,5,83.33
3578020,RSPAL dr. Ramelan,RSU,RS Umum,A,TNI,RS Publik,Jawa Timur,Kota Surabaya,72.0,11.0,20.0,12.0,11.0,13.0,1.0,,12.0,,20.0,,,11.0,,8.0,,4.0,6.0,9.0,1.0,10.0,,53.0,1.0,37.0,269.0,16,69.57,,,,,,,,,,,,,,,,,,,,,,,,,,0,Sudah kerjasama BPJS,,Sudah kerjasama BPJS,Sudah kerjasama BPJS,Sudah kerjasama BPJS,Sudah kerjasama BPJS,Sudah kerjasama BPJS,,6,6,100.0
3578031,RS William Booth Surabaya,RSU,RS Umum,C,Swasta Non Profit,RS Publik,Jawa Timur,Kota Surabaya,12.0,2.0,4.0,4.0,3.0,3.0,,,4.0,,4.0,,,3.0,,3.0,,,1.0,1.0,,4.0,,12.0,1.0,5.0,55.0,13,56.52,,,,,,,,,,,,,,,,,,,,,,,,,,0,,,,,,,Sudah kerjasama BPJS,,1,1,100.0
3578042,RS Katolik St. Vincentius a Paulo,RSU,RS Umum,B,Swasta Non Profit,RS Publik,Jawa Timur,Kota Surabaya,30.0,6.0,28.0,8.0,12.0,4.0,5.0,,8.0,,28.0,,,12.0,,4.0,,4.0,2.0,5.0,,8.0,,22.0,,17.0,155.0,14,60.87,,,,,,,,,,,,,,,,,,,,,,,,,,0,,,,,,,,,0,0,
3578053,RS Darmo,RSU,RS Umum,C,Swasta Non Profit,RS Publik,Jawa Timur,Kota Surabaya,11.0,1.0,19.0,7.0,7.0,12.0,,,7.0,,19.0,,,7.0,,4.0,,3.0,1.0,4.0,,7.0,,9.0,,6.0,91.0,13,56.52,,,,,,,,,,,,,,,,,,,,,,,,,,0,,,,,,,,,0,0,
3578064,RS Adi Husada Undaan,RSU,RS Umum,B,Swasta,RS Privat,Jawa Timur,Kota Surabaya,24.0,3.0,9.0,5.0,8.0,6.0,3.0,,5.0,1.0,9.0,1.0,,8.0,,5.0,,,4.0,6.0,5.0,10.0,,30.0,1.0,17.0,138.0,17,73.91,,,,,,,,,,,,,,,,,,,,,,,,,,0,,,,,,,,,0,0,
3578086,RS Primasatya Husada Citra (PHC) Surabaya,RSU,RS Umum,B,Swasta,RS Privat,Jawa Timur,Kota Surabaya,14.0,3.0,8.0,8.0,7.0,6.0,,,8.0,,8.0,,,7.0,,3.0,,1.0,1.0,4.0,,14.0,,28.0,,11.0,108.0,13,56.52,,,,,,,,,,,,,,,,,,,,,,,,,,0,Sudah kerjasama BPJS,,Sudah kerjasama BPJS,Sudah kerjasama BPJS,,,,,3,3,100.0
3578090,RS TNI AL Dr. Oepomo,RSU,RS Umum,D,TNI,RS Publik,Jawa Timur,Kota Surabaya,7.0,1.0,2.0,1.0,,1.0,,,1.0,,2.0,,,,,,,,,,,1.0,,3.0,,2.0,18.0,8,34.78,,,,,,,,,,,,,,,,,,,,,,,,,,0,,,,,,,Sudah kerjasama BPJS,,1,1,100.0
3578100,RS Umum Adi Husada Kapasari,RSU,RS Umum,C,Swasta Non Profit,RS Publik,Jawa Timur,Kota Surabaya,,,,,,,,,,,,,,,,,,,,,,,,,,,,0,0.0,,,,,,,,,,,,,,,,,,,,,,,,,,0,,,,,,,Sudah kerjasama BPJS,,1,1,100.0
3578111,RS Islam Surabaya,RSU,RS Umum,B,Swasta,RS Privat,Jawa Timur,Kota Surabaya,22.0,3.0,11.0,3.0,3.0,4.0,1.0,,3.0,,11.0,,,3.0,,4.0,,4.0,1.0,1.0,,6.0,,15.0,1.0,16.0,95.0,15,65.22,,,,,,,,,,,,,,,,,,,,,,,,,,0,,,,,,Sudah kerjasama BPJS,Sudah kerjasama BPJS,,2,2,100.0
3578122,RS Umum Tk. III Brawijaya,RSU,RS Umum,C,TNI,RS Publik,Jawa Timur,Kota Surabaya,13.0,6.0,6.0,4.0,3.0,4.0,,,4.0,,6.0,,,3.0,,2.0,,2.0,1.0,2.0,,1.0,,9.0,,3.0,56.0,13,56.52,,,,,,,,,,,,,,,,,,,,,,,,,,0,,,,,Sudah kerjasama BPJS,,Sudah kerjasama BPJS,,2,2,100.0
3578144,RS Marinir Ewa Pangalila Gunungsari,RSU,RS Umum,C,TNI,RS Publik,Jawa Timur,Kota Surabaya,35.0,1.0,3.0,1.0,2.0,1.0,,,1.0,,3.0,,,2.0,,,,,3.0,1.0,,1.0,,7.0,,,55.0,10,43.48,,,,,,,,,,,,,,,,,,,,,,,,,,0,,,,,,,Sudah kerjasama BPJS,,1,1,100.0
3578166,RS Soemitro Lanud Moeljono Surabaya,RSU,RS Umum,D,TNI,RS Publik,Jawa Timur,Kota Surabaya,2.0,3.0,3.0,3.0,2.0,1.0,,,3.0,,3.0,,,2.0,,1.0,,,1.0,1.0,,1.0,,6.0,,1.0,25.0,12,52.17,,,,,,,,,,,,,,,,,,,,,,,,,,0,,,,,,,Sudah kerjasama BPJS,,1,1,100.0
3578192,RS Jiwa Menur,RSK Jiwa,RS Khusus,A,Pemprop,RS Publik,Jawa Timur,Kota Surabaya,23.0,2.0,3.0,1.0,1.0,,,,1.0,,3.0,,,1.0,,,,,1.0,,,1.0,,12.0,,6.0,50.0,9,39.13,,,,,,,,,,,,,,,,,,,,,,,,,,0,,,,,,,,,0,0,
3578202,RS Mata Undaan,RSK Mata,RS Khusus,B,Swasta Non Profit,RS Publik,Jawa Timur,Kota Surabaya,4.0,,2.0,,,,,,,,2.0,,,,,,,,1.0,,,3.0,,1.0,,1.0,12.0,6,26.09,,,,,,,,,,,,,,,,,,,,,,,,,,0,,,,,,,Sudah kerjasama BPJS,,1,1,100.0
3578213,RS Umum Daerah Bhakti Dharma Husada,RSU,RS Umum,B,Pemkot,RS Publik,Jawa Timur,Kota Surabaya,26.0,3.0,4.0,4.0,3.0,3.0,,,4.0,,4.0,,,3.0,,2.0,,1.0,3.0,2.0,,3.0,,24.0,1.0,12.0,91.0,14,60.87,,,,,,,,,,,,,,,,,,,,,,,,,,0,Sudah kerjasama BPJS,,,,Sudah kerjasama BPJS,Sudah kerjasama BPJS,Sudah kerjasama BPJS,,4,4,100.0
3578224,RS Umum Islam Surabaya Jemursari ,RSU,RS Umum,B,Swasta,RS Privat,Jawa Timur,Kota Surabaya,25.0,3.0,11.0,10.0,6.0,9.0,,,10.0,,11.0,,1.0,6.0,,4.0,,2.0,1.0,5.0,,4.0,,32.0,1.0,13.0,127.0,15,65.22,,,,,,,,,,,,,,,,,,,,,,,,,,0,Sudah kerjasama BPJS,,,,Sudah kerjasama BPJS,Sudah kerjasama BPJS,Sudah kerjasama BPJS,,4,4,100.0
3578235,RS Bunda ,RSU,RS Umum,D,Swasta,RS Privat,Jawa Timur,Kota Surabaya,7.0,,2.0,3.0,2.0,2.0,,,3.0,,2.0,,,2.0,,1.0,,,1.0,,,1.0,,6.0,,1.0,26.0,10,43.48,,,,,,,,,,,,,,,,,,,,,,,,,,0,,,,,,,Sudah kerjasama BPJS,,1,1,100.0
3578246,RS Muji Rahayu,RSU,RS Umum,D,Swasta,RS Privat,Jawa Timur,Kota Surabaya,5.0,,2.0,3.0,2.0,2.0,,,3.0,,2.0,,,2.0,,,,1.0,1.0,1.0,,1.0,,8.0,,2.0,28.0,11,47.83,,,,,,,,,,,,,,,,,,,,,,,,,,0,,,,,,,Sudah kerjasama BPJS,,1,1,100.0
3578261,RS Ibu dan Anak IBI Surabaya,RSIA,RS Khusus,C,Swasta Non Profit,RS Publik,Jawa Timur,Kota Surabaya,2.0,,1.0,4.0,2.0,,,,4.0,,1.0,,,2.0,,,,,1.0,,,1.0,,2.0,,,13.0,7,30.43,,,,,,,,,,,,,,,,,,,,,,,,,,0,,,,,,,,,0,0,
3578322,RS Umum Daerah Husada Prima,RSU,RS Umum,C,Pemprop,RS Publik,Jawa Timur,Kota Surabaya,13.0,1.0,3.0,2.0,1.0,3.0,,,2.0,,3.0,,,1.0,,4.0,,,2.0,1.0,,1.0,,20.0,,10.0,61.0,12,52.17,,,,,,,,,,,,,,,,,,,,,,,,,,0,,,,,,,Sudah kerjasama BPJS,,1,1,100.0
3578443,RS Umum Siloam Hospitals Surabaya,RSU,RS Umum,B,Swasta,RS Privat,Jawa Timur,Kota Surabaya,18.0,4.0,14.0,7.0,12.0,5.0,3.0,1.0,7.0,,14.0,1.0,,12.0,,5.0,,2.0,1.0,7.0,,9.0,,28.0,1.0,15.0,133.0,17,73.91,,,,,,,,,,,,,,,,,,,,,,,,,,0,Sudah kerjasama BPJS,,Sudah kerjasama BPJS,,Sudah kerjasama BPJS,,Sudah kerjasama BPJS,,4,4,100.0
3578476,RS Al Irsyad Surabaya,RSU,RS Umum,C,Swasta Non Profit,RS Publik,Jawa Timur,Kota Surabaya,18.0,3.0,7.0,6.0,4.0,2.0,,,6.0,,7.0,,,4.0,,2.0,,,1.0,3.0,,1.0,,13.0,1.0,5.0,66.0,13,56.52,,,,,,,,,,,,,,,,,,,,,,,,,,0,,,,,,,,,0,0,
3578523,RS Umum Daerah Haji Provinsi Jawa Timur,RSU,RS Umum,B,Pemprop,RS Publik,Jawa Timur,Kota Surabaya,28.0,2.0,7.0,7.0,6.0,3.0,,,7.0,,7.0,,,6.0,,3.0,,2.0,3.0,4.0,,5.0,,39.0,,19.0,128.0,13,56.52,0.0,1.0,0.0,0.0,0.0,0.0,1.0,0.0,,1.0,0.0,1.0,,1.0,1.0,0.0,,,0.0,,1.0,False,6.0,6.0,75.0,1,,,Sudah kerjasama BPJS,,Sudah kerjasama BPJS,Sudah kerjasama BPJS,Sudah kerjasama BPJS,,4,4,100.0
3578556,RS Premier Surabaya,RSU,RS Umum,B,Swasta,RS Privat,Jawa Timur,Kota Surabaya,34.0,3.0,16.0,9.0,17.0,3.0,,,9.0,,16.0,,,17.0,,4.0,,,,6.0,,9.0,,40.0,,12.0,153.0,11,47.83,,,,,,,,,,,,,,,,,,,,,,,,,,0,,,,,,,,,0,0,
3578560,RS Husada Utama Surabaya,RSU,RS Umum,B,Swasta,RS Privat,Jawa Timur,Kota Surabaya,16.0,2.0,12.0,9.0,7.0,4.0,,,9.0,,12.0,,,7.0,,3.0,,,2.0,2.0,,3.0,,15.0,1.0,9.0,85.0,13,56.52,,,,,,,,,,,,,,,,,,,,,,,,,,0,Sudah kerjasama BPJS,,Sudah kerjasama BPJS,Sudah kerjasama BPJS,Sudah kerjasama BPJS,,,,4,4,100.0
3578571,RS Umum Daerah dr. Mohamad Soewandhie,RSU,RS Umum,B,Pemkot,RS Publik,Jawa Timur,Kota Surabaya,30.0,2.0,9.0,4.0,6.0,5.0,,,4.0,,9.0,,,6.0,,3.0,,2.0,2.0,4.0,1.0,4.0,,42.0,2.0,24.0,140.0,15,65.22,,,,,,,,,,,,,,,,,,,,,,,,,,0,Sudah kerjasama BPJS,,Sudah kerjasama BPJS,Sudah kerjasama BPJS,Sudah kerjasama BPJS,Sudah kerjasama BPJS,Sudah kerjasama BPJS,Belum kerjasama BPJS,7,6,85.71
3578582,RS Umum  Mitra Keluarga Surabaya,RSU,RS Umum,B,Swasta,RS Privat,Jawa Timur,Kota Surabaya,18.0,3.0,14.0,10.0,7.0,8.0,,,10.0,,14.0,,,7.0,,3.0,,1.0,1.0,5.0,,5.0,,21.0,1.0,7.0,104.0,14,60.87,,,,,,,,,,,,,,,,,,,,,,,,,,0,,,,,,,,,0,0,
3578593,RS Ibu dan Anak Pura Raharja,RSIA,RS Khusus,C,Swasta Non Profit,RS Publik,Jawa Timur,Kota Surabaya,7.0,,2.0,6.0,6.0,1.0,,,6.0,,2.0,,,6.0,,,,,1.0,1.0,,2.0,,1.0,,,27.0,9,39.13,,,,,,,,,,,,,,,,,,,,,,,,,,0,,,,,,,Sudah kerjasama BPJS,,1,1,100.0
3578603,RS Gotong Royong,RSU,RS Umum,C,Swasta Non Profit,RS Publik,Jawa Timur,Kota Surabaya,29.0,2.0,7.0,5.0,2.0,2.0,,,5.0,,7.0,,,2.0,,2.0,,2.0,2.0,3.0,,2.0,,13.0,1.0,6.0,78.0,14,60.87,,,,,,,,,,,,,,,,,,,,,,,,,,0,,,,,,Sudah kerjasama BPJS,Sudah kerjasama BPJS,,2,2,100.0
3578614,RS Bhakti Rahayu,RSU,RS Umum,C,Swasta,RS Privat,Jawa Timur,Kota Surabaya,7.0,,4.0,5.0,2.0,2.0,,,5.0,,4.0,,,2.0,,2.0,,1.0,1.0,1.0,,1.0,,6.0,,3.0,35.0,12,52.17,,,,,,,,,,,,,,,,,,,,,,,,,,0,,,,,,Sudah kerjasama BPJS,Sudah kerjasama BPJS,,2,2,100.0
3578625,RS Gigi dan Mulut FKG Universitas Airlangga,RSK GM,RS Khusus,B,Kementerian Lain,RS Publik,Jawa Timur,Kota Surabaya,13.0,488.0,,,,,,,,,,,,,,,,,,,,,,,,,501.0,2,8.7,,,,,,,,,,,,,,,,,,,,,,,,,,0,,,,,,,Sudah kerjasama BPJS,,1,1,100.0
3578731,RS Gigi dan Mulut Nala Husada,RSK GM,RS Khusus,B,Swasta Non Profit,RS Publik,Jawa Timur,Kota Surabaya,5.0,25.0,,,,,,,,,,,,,,,,,1.0,,,,,,,1.0,32.0,4,17.39,,,,,,,,,,,,,,,,,,,,,,,,,,0,,,,,,,,,0,0,
3578742,RS Islam Darus Syifa,RSU,RS Umum,C,Swasta Non Profit,RS Publik,Jawa Timur,Kota Surabaya,17.0,4.0,3.0,3.0,4.0,3.0,,,3.0,,3.0,,,4.0,,3.0,,1.0,1.0,1.0,,3.0,,10.0,1.0,7.0,61.0,14,60.87,,,,,,,,,,,,,,,,,,,,,,,,,,0,,,,,Sudah kerjasama BPJS,Sudah kerjasama BPJS,Sudah kerjasama BPJS,,3,3,100.0
3578753,RS Onkologi,RSK KANKER,RS Khusus,C,Swasta,RS Privat,Jawa Timur,Kota Surabaya,4.0,,1.0,2.0,,4.0,,,2.0,,1.0,,,,,,,3.0,1.0,4.0,,4.0,,,,2.0,25.0,9,39.13,,,,,,,,,,,,,,,,,,,,,,,,,,0,,,,,,,,,0,0,
3578764,RS Bhayangkara TK II HS. Samsoeri Mertojoso,RSU,RS Umum,B,POLRI,RS Publik,Jawa Timur,Kota Surabaya,32.0,2.0,7.0,7.0,3.0,3.0,,,7.0,,7.0,,,3.0,,3.0,,1.0,1.0,3.0,,4.0,,9.0,,10.0,85.0,13,56.52,,,,,,,,,,,,,,,,,,,,,,,,,,0,,,,Sudah kerjasama BPJS,Sudah kerjasama BPJS,Sudah kerjasama BPJS,Sudah kerjasama BPJS,,4,4,100.0
3578766,RS Wiyung Sejahtera,RSU,RS Umum,C,Swasta,RS Privat,Jawa Timur,Kota Surabaya,15.0,3.0,3.0,3.0,4.0,2.0,,,3.0,,3.0,,,4.0,,1.0,,,1.0,2.0,,2.0,,8.0,,5.0,49.0,12,52.17,,,,,,,,,,,,,,,,,,,,,,,,,,0,,,,,,,Sudah kerjasama BPJS,,1,1,100.0
3578767,RS Ibu dan Anak Cempaka Putih Permata,RSIA,RS Khusus,C,Swasta,RS Privat,Jawa Timur,Kota Surabaya,5.0,1.0,1.0,4.0,2.0,1.0,,,4.0,,1.0,,,2.0,,,,,1.0,,,1.0,,,,,16.0,8,34.78,,,,,,,,,,,,,,,,,,,,,,,,,,0,,,,,,,,,0,0,
3578768,RS Ibu dan Anak Lombok Dua Dua Lontar,RSIA,RS Khusus,C,Swasta,RS Privat,Jawa Timur,Kota Surabaya,5.0,,1.0,5.0,5.0,1.0,,,5.0,,1.0,,,5.0,,,,,1.0,,,3.0,,1.0,,,22.0,8,34.78,,,,,,,,,,,,,,,,,,,,,,,,,,0,,,,,,,Sudah kerjasama BPJS,,1,1,100.0
3578769,RS Ibu dan Anak Kendangsari Merr,RSIA,RS Khusus,C,Swasta,RS Privat,Jawa Timur,Kota Surabaya,15.0,,6.0,18.0,15.0,1.0,,,18.0,,6.0,,,15.0,,,,,2.0,,,4.0,,6.0,,,67.0,8,34.78,,,,,,,,,,,,,,,,,,,,,,,,,,0,,,,,,,,,0,0,
3578770,RS Wijaya Surabaya,RSU,RS Umum,D,Swasta Non Profit,RS Publik,Jawa Timur,Kota Surabaya,5.0,1.0,1.0,1.0,1.0,1.0,,,1.0,,1.0,,,1.0,,1.0,,,1.0,1.0,,1.0,,,1.0,2.0,17.0,12,52.17,,,,,,,,,,,,,,,,,,,,,,,,,,0,,,,,,,,,0,0,
3578771,RS Ibu dan Anak Putri Surabaya,RSIA,RS Khusus,C,Swasta,RS Privat,Jawa Timur,Kota Surabaya,14.0,1.0,2.0,11.0,8.0,,,,11.0,,2.0,,,8.0,,,,,2.0,1.0,,3.0,,3.0,,1.0,46.0,10,43.48,,,,,,,,,,,,,,,,,,,,,,,,,,0,,,,,,,Sudah kerjasama BPJS,,1,1,100.0
3578772,RS Manyar Medical Centre,RSU,RS Umum,C,Swasta,RS Privat,Jawa Timur,Kota Surabaya,10.0,2.0,6.0,5.0,5.0,4.0,,,5.0,,6.0,,,5.0,,2.0,,1.0,1.0,2.0,,5.0,,10.0,,6.0,59.0,13,56.52,,,,,,,,,,,,,,,,,,,,,,,,,,0,,,,,,,Sudah kerjasama BPJS,,1,1,100.0
3578773,RS Ibu dan Anak Bantuan 05.08.05 Surabaya,RSIA,RS Khusus,C,TNI,RS Publik,Jawa Timur,Kota Surabaya,4.0,4.0,,4.0,3.0,,,,4.0,,,,,3.0,,,,,,,,,,6.0,,1.0,22.0,6,26.09,,,,,,,,,,,,,,,,,,,,,,,,,,0,,,,,,,,,0,0,
3578774,RS Ibu dan Anak Nur Ummi Numbi,RSIA,RS Khusus,C,Swasta,RS Privat,Jawa Timur,Kota Surabaya,6.0,2.0,,2.0,3.0,,,,2.0,,,,,3.0,,,,,1.0,,,1.0,,1.0,,,16.0,7,30.43,,,,,,,,,,,,,,,,,,,,,,,,,,0,,,,,,,Sudah kerjasama BPJS,,1,1,100.0
3578777,RS Universitas Airlangga ,RSU,RS Umum,B,Kementerian Lain,RS Publik,Jawa Timur,Kota Surabaya,28.0,5.0,18.0,10.0,8.0,6.0,,,10.0,,18.0,,,8.0,,9.0,,5.0,3.0,2.0,,11.0,,27.0,1.0,18.0,151.0,14,60.87,,,,,,,,,,,,,,,,,,,,,,,,,,0,Sudah kerjasama BPJS,,Sudah kerjasama BPJS,Sudah kerjasama BPJS,,Sudah kerjasama BPJS,Sudah kerjasama BPJS,,5,5,100.0
3578778,RS National Hospital,RSU,RS Umum,B,Swasta,RS Privat,Jawa Timur,Kota Surabaya,24.0,5.0,17.0,10.0,7.0,11.0,,,10.0,,17.0,,,7.0,,6.0,,,3.0,3.0,,10.0,,17.0,,14.0,127.0,12,52.17,,,,,,,,,,,,,,,,,,,,,,,,,,0,,,,,,,,,0,0,
3578779,RS Ibu dan Anak Lombok Dua Dua,RSIA,RS Khusus,C,Swasta,RS Privat,Jawa Timur,Kota Surabaya,2.0,,,16.0,3.0,,,,16.0,,,,,3.0,,,,,1.0,1.0,,2.0,,1.0,,,26.0,7,30.43,,,,,,,,,,,,,,,,,,,,,,,,,,0,,,,,,,,,0,0,
3578780,RS Orthopedi dan Traumatologi Surabaya,RSK Orthopedi,RS Khusus,C,Swasta,RS Privat,Jawa Timur,Kota Surabaya,7.0,,2.0,,1.0,,,,,,2.0,,,1.0,,,,1.0,1.0,3.0,,4.0,,8.0,,10.0,37.0,9,39.13,,,,,,,,,,,,,,,,,,,,,,,,,,0,,,,,,,,,0,0,
3578781,RS Umum Royal Surabaya ,RSU,RS Umum,B,Swasta,RS Privat,Jawa Timur,Kota Surabaya,13.0,1.0,6.0,4.0,4.0,7.0,,,4.0,,6.0,,,4.0,,4.0,,1.0,2.0,2.0,,3.0,,13.0,1.0,6.0,67.0,14,60.87,,,,,,,,,,,,,,,,,,,,,,,,,,0,Sudah kerjasama BPJS,,,,,Sudah kerjasama BPJS,Sudah kerjasama BPJS,,3,3,100.0
3578782,RS Surabaya Medical Service,RSU,RS Umum,D,Swasta Non Profit,RS Publik,Jawa Timur,Kota Surabaya,4.0,1.0,,,1.0,,,,,,,,,1.0,,,,,1.0,,,,,1.0,,,8.0,5,21.74,,,,,,,,,,,,,,,,,,,,,,,,,,0,,,,,,,,,0,0,
3578784,RS Ibu dan Anak Perdana Medica,RSIA,RS Khusus,C,Swasta,RS Privat,Jawa Timur,Kota Surabaya,5.0,,,2.0,2.0,1.0,,,2.0,,,,,2.0,,,,,,,,1.0,,2.0,,,13.0,6,26.09,,,,,,,,,,,,,,,,,,,,,,,,,,0,,,,,,,,,0,0,
3578785,RS Mitra Keluarga Kenjeran,RSU,RS Umum,C,Swasta,RS Privat,Jawa Timur,Kota Surabaya,26.0,2.0,6.0,6.0,5.0,2.0,,,6.0,,6.0,,,5.0,,3.0,,,1.0,3.0,,7.0,,14.0,1.0,5.0,81.0,13,56.52,,,,,,,,,,,,,,,,,,,,,,,,,,0,Sudah kerjasama BPJS,,,,,Sudah kerjasama BPJS,Sudah kerjasama BPJS,,3,3,100.0
3578786,RS Mata Masyarakat Jawa Timur,RSK Mata,RS Khusus,B,Pemprop,RS Publik,Jawa Timur,Kota Surabaya,8.0,,3.0,,,,,,,,3.0,,,,,,,,1.0,,,1.0,,4.0,,1.0,18.0,6,26.09,,,,,,,,,,,,,,,,,,,,,,,,,,0,,,,,,,,,0,0,
3578789,RS Ibu dan Anak Kendangsari Surabaya,RSIA,RS Khusus,C,Swasta,RS Privat,Jawa Timur,Kota Surabaya,,,,,,,,,,,,,,,,,,,,,,,,,,,,0,0.0,,,,,,,,,,,,,,,,,,,,,,,,,,0,,,,,,,,,0,0,
3578791,RS Ibu dan Anak Graha Medika,RSIA,RS Khusus,C,Swasta,RS Privat,Jawa Timur,Kota Surabaya,6.0,,1.0,2.0,1.0,1.0,,,2.0,,1.0,,,1.0,,,,,1.0,,,2.0,,4.0,,,18.0,8,34.78,,,,,,,,,,,,,,,,,,,,,,,,,,0,,,,,,,Sudah kerjasama BPJS,,1,1,100.0
3578793,RS PKU Muhammadiyah Surabaya,RSU,RS Umum,D,Swasta Non Profit,RS Publik,Jawa Timur,Kota Surabaya,5.0,2.0,1.0,3.0,2.0,1.0,,,3.0,,1.0,,,2.0,,,,,1.0,1.0,,2.0,,5.0,,1.0,24.0,11,47.83,,,,,,,,,,,,,,,,,,,,,,,,,,0,,,,,,,,,0,0,
3578794,RS Ibu dan Anak Pusura Tegalsari,RSIA,RS Khusus,C,Swasta,RS Privat,Jawa Timur,Kota Surabaya,2.0,1.0,,2.0,1.0,1.0,,,2.0,,,,,1.0,,,,,,,,1.0,,,,,8.0,6,26.09,,,,,,,,,,,,,,,,,,,,,,,,,,0,,,,,,,,,0,0,
3578795,RS Ibu dan Anak Ferina,RSIA,RS Khusus,C,Swasta,RS Privat,Jawa Timur,Kota Surabaya,5.0,,,3.0,2.0,,,,3.0,,,,,2.0,,,,,1.0,,,2.0,,11.0,,,24.0,6,26.09,,,,,,,,,,,,,,,,,,,,,,,,,,0,,,,,,,,,0,0,
3578808,Mayapada Hospital Surabaya ,RSU,RS Umum,C,Swasta,RS Privat,Jawa Timur,Kota Surabaya,18.0,1.0,6.0,6.0,4.0,3.0,,1.0,6.0,,6.0,1.0,,4.0,,3.0,,,1.0,2.0,,4.0,,1.0,1.0,11.0,63.0,15,65.22,,,,,,,,,,,,,,,,,,,,,,,,,,0,,,,,,,Sudah kerjasama BPJS,,1,1,100.0
3578810,RS Ubaya,RSU,RS Umum,B,Swasta,RS Privat,Jawa Timur,Kota Surabaya,,,,,,,,,,,,,,,,,,,,,,,,,,,,0,0.0,,,,,,,,,,,,,,,,,,,,,,,,,,0,Sudah kerjasama BPJS,,,,,,,,1,1,100.0
3578812,RS Ibu dan Anak Adi Guna,RSIA,RS Khusus,C,Swasta,RS Privat,Jawa Timur,Kota Surabaya,4.0,,,4.0,2.0,,,,4.0,,,,,2.0,,,,,,,,1.0,,4.0,,,15.0,5,21.74,,,,,,,,,,,,,,,,,,,,,,,,,,0,,,,,,,,,0,0,
3578809S,RS Lapangan/ Darurat Wisma Opak Pangkalan Marinir ,RS Darurat,RS Khusus,Belum Ditetapkan,TNI,RS Publik,Jawa Timur,Kota Surabaya,,,,,,,,,,,,,,,,,,,,,,,,,,,,0,0.0,,,,,,,,,,,,,,,,,,,,,,,,,,0,,,,,,,,,0,0,
3579002,RS Umum dr. Etty Asharto Batu,RSU,RS Umum,D,Swasta,RS Privat,Jawa Timur,Kota Batu,8.0,3.0,1.0,1.0,2.0,1.0,,,1.0,,1.0,,,2.0,,1.0,,,1.0,1.0,,1.0,,3.0,,2.0,25.0,12,52.17,,,,,,,,,,,,,,,,,,,,,,,,,,0,,,,,,,Sudah kerjasama BPJS,,1,1,100.0
3579003,RS Bhayangkara Hasta Brata Batu ,RSU,RS Umum,C,POLRI,RS Publik,Jawa Timur,Kota Batu,11.0,1.0,2.0,2.0,2.0,1.0,,,2.0,,2.0,,,2.0,,1.0,,1.0,1.0,1.0,,1.0,,7.0,,2.0,33.0,13,56.52,,,,,,,,,,,,,,,,,,,,,,,,,,0,,,,,,,Sudah kerjasama BPJS,,1,1,100.0
3579004,RS Punten,RSU,RS Umum,D,Swasta,RS Privat,Jawa Timur,Kota Batu,7.0,1.0,,1.0,1.0,,,,1.0,,,,,1.0,,1.0,,,1.0,1.0,,1.0,,,,,14.0,8,34.78,,,,,,,,,,,,,,,,,,,,,,,,,,0,,,,,,,Sudah kerjasama BPJS,,1,1,100.0
3579005,RS Ibu dan Anak Haji,RSIA,RS Khusus,C,Swasta,RS Privat,Jawa Timur,Kota Batu,5.0,1.0,1.0,1.0,2.0,,,,1.0,,1.0,,,2.0,,,,,,,,1.0,,2.0,,,13.0,7,30.43,,,,,,,,,,,,,,,,,,,,,,,,,,0,,,,,,,,,0,0,
3579030,RS Umum Karsa Husada Kota Batu ,RSU,RS Umum,B,Pemprop,RS Publik,Jawa Timur,Kota Batu,20.0,2.0,4.0,4.0,3.0,2.0,,,4.0,,4.0,,,3.0,,3.0,,1.0,2.0,2.0,,3.0,,17.0,2.0,15.0,80.0,14,60.87,0.0,1.0,0.0,0.0,0.0,0.0,0.0,0.0,0.0,0.0,0.0,1.0,,0.0,1.0,1.0,1.0,0.0,0.0,12.0,1.0,False,17.0,6.0,95.0,1,,Sudah kerjasama BPJS,,Sudah kerjasama BPJS,Sudah kerjasama BPJS,Sudah kerjasama BPJS,Sudah kerjasama BPJS,,5,5,100.0
3579074,RS Baptis Batu,RSU,RS Umum,C,Swasta Non Profit,RS Publik,Jawa Timur,Kota Batu,9.0,2.0,2.0,1.0,2.0,2.0,,,1.0,,2.0,,,2.0,,1.0,,,1.0,2.0,,2.0,,6.0,,5.0,35.0,12,52.17,,,,,,,,,,,,,,,,,,,,,,,,,,0,,,,,,,Sudah kerjasama BPJS,,1,1,100.0
3601010,RS Umum Daerah Berkah Pandeglang,RSU,RS Umum,B,Pemkab,RS Publik,Banten,Pandeglang,37.0,6.0,5.0,4.0,2.0,3.0,,,4.0,,5.0,,,2.0,,2.0,,1.0,1.0,2.0,,2.0,,18.0,,3.0,86.0,13,56.52,0.0,1.0,1.0,0.0,0.0,0.0,0.0,0.0,,0.0,0.0,1.0,,1.0,0.0,1.0,,,0.0,,1.0,False,5.0,5.0,75.0,1,,,,,,Belum kerjasama BPJS,,,1,0,0.0
3601034,RS Ibu dan Anak Permata Ibunda,RSIA,RS Khusus,C,Swasta,RS Privat,Banten,Pandeglang,6.0,1.0,1.0,2.0,1.0,,,,2.0,,1.0,,,1.0,,,,,,,,1.0,,3.0,,,15.0,7,30.43,,,,,,,,,,,,,,,,,,,,,,,,,,0,,,,,,,,,0,0,
3601036,RS Umum Aulia Pandeglang,RSU,RS Umum,D,Pemkab,RS Publik,Banten,Pandeglang,10.0,2.0,,,1.0,,,,,,,,,1.0,,,,,,,,,,3.0,,2.0,18.0,5,21.74,,,,,,,,,,,,,,,,,,,,,,,,,,0,,,,,,,,,0,0,
3601037,RS Alinda Husada,RSU,RS Umum,D,Swasta,RS Privat,Banten,Pandeglang,4.0,,,,,,,,,,,,,,,,,,,,,1.0,,,,1.0,6.0,3,13.04,,,,,,,,,,,,,,,,,,,,,,,,,,0,,,,,,,,,0,0,
3601048,RS SHL,RSU,RS Umum,D,Swasta,RS Privat,Banten,Pandeglang,,,,,,,,,,,,,,,,,,,,,,,,,,,,0,0.0,,,,,,,,,,,,,,,,,,,,,,,,,,0,,,,,,,,,0,0,
3602011,RS Umum Daerah Dr. Adjidarmo,RSU,RS Umum,B,Pemkab,RS Publik,Banten,Lebak,49.0,3.0,3.0,3.0,2.0,6.0,,,3.0,,3.0,,,2.0,1.0,2.0,,,2.0,3.0,,2.0,,18.0,1.0,10.0,105.0,14,60.87,0.0,0.0,0.0,0.0,0.0,0.0,0.0,0.0,0.0,0.0,0.0,1.0,,0.0,0.0,1.0,0.0,0.0,0.0,0.0,1.0,False,2.0,2.0,95.0,1,,,,,,Belum kerjasama BPJS,Sudah kerjasama BPJS,,2,1,50.0
3602012,RS Kartini,RSU,RS Umum,C,Swasta,RS Privat,Banten,Lebak,41.0,2.0,3.0,2.0,2.0,3.0,,,2.0,,3.0,,,2.0,,2.0,,,1.0,3.0,,2.0,,8.0,,7.0,76.0,12,52.17,,,,,,,,,,,,,,,,,,,,,,,,,,0,,,,,,,Sudah kerjasama BPJS,,1,1,100.0
3602022,RS Misi Lebak,RSU,RS Umum,C,Swasta Non Profit,RS Publik,Banten,Lebak,14.0,1.0,2.0,2.0,2.0,2.0,,,2.0,,2.0,,,2.0,,1.0,,,1.0,,,2.0,,8.0,1.0,7.0,43.0,12,52.17,,,,,,,,,,,,,,,,,,,,,,,,,,0,,,,,,,Sudah kerjasama BPJS,,1,1,100.0
3602045,RS Umum Daerah Malingping,RSU,RS Umum,C,Pemprop,RS Publik,Banten,Lebak,15.0,1.0,2.0,2.0,2.0,2.0,,,2.0,,2.0,,,2.0,,2.0,,,1.0,2.0,,3.0,,1.0,,5.0,38.0,12,52.17,0.0,0.0,1.0,0.0,0.0,0.0,0.0,0.0,,0.0,0.0,1.0,,0.0,0.0,0.0,,,0.0,,1.0,False,2.0,2.0,75.0,1,,,,,Sudah kerjasama BPJS,,,,1,1,100.0
3603010,RS Umum Daerah Kabupaten Tangerang,RSU,RS Umum,B,Pemkab,RS Publik,Banten,Tangerang,40.0,4.0,7.0,11.0,8.0,3.0,1.0,1.0,11.0,,7.0,,,8.0,,3.0,,2.0,4.0,4.0,,8.0,,44.0,1.0,24.0,165.0,16,69.57,0.0,1.0,1.0,0.0,1.0,0.0,1.0,0.0,,1.0,0.0,6.0,,1.0,0.0,1.0,,,0.0,,1.0,False,13.0,8.0,75.0,1,Sudah kerjasama BPJS,,Sudah kerjasama BPJS,,Sudah kerjasama BPJS,Belum kerjasama BPJS,Sudah kerjasama BPJS,,5,4,80.0
3603023,RS Qadr,RSU,RS Umum,C,Swasta Non Profit,RS Publik,Banten,Tangerang,14.0,4.0,6.0,4.0,2.0,2.0,,,4.0,,6.0,,,2.0,,2.0,,,1.0,,,3.0,,10.0,,8.0,56.0,11,47.83,,,,,,,,,,,,,,,,,,,,,,,,,,0,,,,,,,Sudah kerjasama BPJS,,1,1,100.0
3603047,RS Selaras,RSU,RS Umum,D,Swasta,RS Privat,Banten,Tangerang,6.0,,1.0,,,,,,,,1.0,,,,,,,,,,,,,,,,7.0,2,8.7,,,,,,,,,,,,,,,,,,,,,,,,,,0,,,,,,,,,0,0,
3603104,RS Ibu dan Anak Selaras,RSIA,RS Khusus,C,Swasta,RS Privat,Banten,Tangerang,9.0,1.0,1.0,2.0,2.0,1.0,,,2.0,,1.0,,,2.0,,,,,1.0,1.0,,,,,,1.0,19.0,9,39.13,,,,,,,,,,,,,,,,,,,,,,,,,,0,,,,,,,Sudah kerjasama BPJS,,1,1,100.0
3603146,RS Ibu dan Anak Tiara,RSIA,RS Khusus,C,Swasta,RS Privat,Banten,Tangerang,13.0,,2.0,8.0,2.0,2.0,,,8.0,,2.0,,,2.0,,,,,3.0,1.0,,2.0,,2.0,,2.0,37.0,10,43.48,,,,,,,,,,,,,,,,,,,,,,,,,,0,,,,,,,Sudah kerjasama BPJS,,1,1,100.0
3603157,RS Umum Daerah Balaraja,RSU,RS Umum,B,Pemkab,RS Publik,Banten,Tangerang,40.0,6.0,4.0,5.0,3.0,4.0,,,5.0,,4.0,,,3.0,,2.0,,1.0,2.0,2.0,,4.0,,20.0,1.0,12.0,106.0,14,60.87,,,,,,,,,,,,,,,,,,,,,,,,,,0,,,,,,,,,0,0,
3603168,RS Suci Paramita,RSU,RS Umum,D,Swasta Non Profit,RS Publik,Banten,Tangerang,7.0,1.0,2.0,2.0,1.0,1.0,,,2.0,,2.0,,,1.0,,,,,,1.0,,1.0,,1.0,,,17.0,9,39.13,,,,,,,,,,,,,,,,,,,,,,,,,,0,,,,,,,Sudah kerjasama BPJS,,1,1,100.0
3603169,Metro Hospitals Cikupa,RSU,RS Umum,C,Swasta,RS Privat,Banten,Tangerang,13.0,,4.0,5.0,3.0,3.0,,,5.0,,4.0,,,3.0,,1.0,,,1.0,1.0,,2.0,,8.0,,6.0,47.0,11,47.83,,,,,,,,,,,,,,,,,,,,,,,,,,0,,,,,,,Sudah kerjasama BPJS,,1,1,100.0
3603172,RS St. Carolus Summarecon Serpong ,RSU,RS Umum,C,Swasta,RS Privat,Banten,Tangerang,20.0,3.0,5.0,7.0,7.0,2.0,,,7.0,,5.0,,,7.0,,,,1.0,3.0,2.0,,4.0,,17.0,2.0,11.0,84.0,13,56.52,,,,,,,,,,,,,,,,,,,,,,,,,,0,,,,,,,,,0,0,
3603173,RS Ibu dan Anak Harapan Mulia,RSIA,RS Khusus,C,Swasta,RS Privat,Banten,Tangerang,,,,,,,,,,,,,,,,,,,,,,,,,,,,0,0.0,,,,,,,,,,,,,,,,,,,,,,,,,,0,,,,,,,Sudah kerjasama BPJS,,1,1,100.0
3603175,RS Umum Murni Asih,RSU,RS Umum,C,Swasta,RS Privat,Banten,Tangerang,5.0,1.0,1.0,3.0,1.0,1.0,,,3.0,,1.0,,,1.0,,,,,1.0,2.0,,2.0,,2.0,,2.0,21.0,11,47.83,,,,,,,,,,,,,,,,,,,,,,,,,,0,,,,,,,,,0,0,
3603176,RS Umum Keluarga Kita,RSU,RS Umum,C,Swasta,RS Privat,Banten,Tangerang,18.0,1.0,3.0,3.0,3.0,3.0,,,3.0,,3.0,,,3.0,,1.0,,,1.0,1.0,,2.0,,6.0,,5.0,47.0,12,52.17,,,,,,,,,,,,,,,,,,,,,,,,,,0,,,,,,,Sudah kerjasama BPJS,,1,1,100.0
3603177,RS Permata Hati,RSU,RS Umum,C,Swasta,RS Privat,Banten,Tangerang,8.0,,2.0,2.0,1.0,1.0,,,2.0,,2.0,,,1.0,,,,,1.0,1.0,,1.0,,2.0,,,19.0,9,39.13,,,,,,,,,,,,,,,,,,,,,,,,,,0,,,,,,,,,0,0,
3603178,RS Ibu dan Anak Bunda Sejahtera,RSIA,RS Khusus,C,Swasta,RS Privat,Banten,Tangerang,7.0,,1.0,5.0,2.0,1.0,,,5.0,,1.0,,,2.0,,,,,1.0,1.0,,2.0,,1.0,,2.0,23.0,10,43.48,,,,,,,,,,,,,,,,,,,,,,,,,,0,,,,,,,Sudah kerjasama BPJS,,1,1,100.0
3603180,RS Ciputra ,RSU,RS Umum,B,Swasta,RS Privat,Banten,Tangerang,30.0,6.0,6.0,4.0,3.0,2.0,1.0,1.0,4.0,,6.0,,,3.0,1.0,3.0,,1.0,2.0,2.0,,5.0,,26.0,,9.0,102.0,16,69.57,,,,,,,,,,,,,,,,,,,,,,,,,,0,,,,Belum kerjasama BPJS,Sudah kerjasama BPJS,Belum kerjasama BPJS,Sudah kerjasama BPJS,,4,2,50.0
3603181,RS Bethsaida,RSU,RS Umum,B,Swasta,RS Privat,Banten,Tangerang,44.0,4.0,9.0,10.0,7.0,4.0,2.0,,10.0,,9.0,,1.0,7.0,,2.0,,,3.0,4.0,1.0,6.0,,14.0,,7.0,118.0,15,65.22,,,,,,,,,,,,,,,,,,,,,,,,,,0,,,,,,,,,0,0,
3603183,RS Umum BUN,RSU,RS Umum,C,Swasta,RS Privat,Banten,Tangerang,14.0,,2.0,3.0,2.0,1.0,,,3.0,,2.0,,,2.0,,1.0,,,1.0,2.0,,3.0,,7.0,,3.0,39.0,11,47.83,,,,,,,,,,,,,,,,,,,,,,,,,,0,,,,,,,Sudah kerjasama BPJS,,1,1,100.0
3603185,RS Umum Hermina Bitung,RSU,RS Umum,C,Swasta,RS Privat,Banten,Tangerang,25.0,,5.0,8.0,7.0,2.0,,,8.0,,5.0,,,7.0,,2.0,,,,,,17.0,,4.0,,1.0,71.0,9,39.13,,,,,,,,,,,,,,,,,,,,,,,,,,0,,,,,,,Sudah kerjasama BPJS,,1,1,100.0
3603189,RS UniMedika Sepatan,RSU,RS Umum,C,Swasta,RS Privat,Banten,Tangerang,6.0,1.0,2.0,4.0,2.0,2.0,,,4.0,,2.0,,,2.0,,,,,1.0,1.0,,1.0,,,,,20.0,9,39.13,,,,,,,,,,,,,,,,,,,,,,,,,,0,,,,,,,Sudah kerjasama BPJS,,1,1,100.0
3603190,RS Ibu dan Anak Ilanur,RSIA,RS Khusus,C,Swasta,RS Privat,Banten,Tangerang,6.0,1.0,1.0,2.0,2.0,,,,2.0,,1.0,,,2.0,,,,,1.0,1.0,,1.0,,1.0,,1.0,17.0,10,43.48,,,,,,,,,,,,,,,,,,,,,,,,,,0,,,,,,,Sudah kerjasama BPJS,,1,1,100.0
3603191,RS Umum Daerah Pakuhaji,RSU,RS Umum,C,Pemkab,RS Publik,Banten,Tangerang,18.0,6.0,3.0,3.0,3.0,2.0,,,3.0,,3.0,,,3.0,,1.0,,1.0,1.0,1.0,,3.0,,12.0,,6.0,60.0,13,56.52,,,,,,,,,,,,,,,,,,,,,,,,,,0,,,,,,Belum kerjasama BPJS,Sudah kerjasama BPJS,,2,1,50.0
3603192,RS Mitra Keluarga Gading Serpong,RSU,RS Umum,C,Swasta,RS Privat,Banten,Tangerang,17.0,4.0,6.0,3.0,2.0,3.0,,,3.0,,6.0,,,2.0,,3.0,,1.0,1.0,3.0,,2.0,,16.0,1.0,7.0,69.0,14,60.87,,,,,,,,,,,,,,,,,,,,,,,,,,0,,,,,,Belum kerjasama BPJS,Sudah kerjasama BPJS,,2,1,50.0
3603193,RS Siloam Hospitals Kelapa Dua,RSU,RS Umum,C,Swasta,RS Privat,Banten,Tangerang,15.0,2.0,9.0,5.0,4.0,3.0,,,5.0,,9.0,,,4.0,,4.0,,,1.0,3.0,,4.0,,7.0,,5.0,62.0,12,52.17,,,,,,,,,,,,,,,,,,,,,,,,,,0,,Belum kerjasama BPJS,,,,,Belum kerjasama BPJS,,2,0,0.0
3603195,RS Mentari,RSU,RS Umum,C,Swasta,RS Privat,Banten,Tangerang,7.0,,5.0,1.0,3.0,1.0,,,1.0,,5.0,,,3.0,,,,,1.0,1.0,,1.0,,6.0,,4.0,30.0,10,43.48,,,,,,,,,,,,,,,,,,,,,,,,,,0,,,,,,,,,0,0,
3603196,RS Umum Primaya Pasar Kemis,RSU,RS Umum,C,Swasta,RS Privat,Banten,Tangerang,9.0,,1.0,1.0,1.0,,,,1.0,,1.0,,,1.0,,,,,1.0,2.0,,3.0,,8.0,,3.0,29.0,9,39.13,,,,,,,,,,,,,,,,,,,,,,,,,,0,,,,,,,,,0,0,
3603210,RS Umum Daerah Tigaraksa,RSU,RS Umum,C,Kementerian Lain,RS Publik,Banten,Tangerang,,,,,,,,,,,,,,,,,,,,,,,,,,,,0,0.0,,,,,,,,,,,,,,,,,,,,,,,,,,0,,,,,,,,,0,0,
3671054,RS Siloam Hospitals Lippo Village,RSU,RS Umum,B,Swasta,RS Privat,Banten,Tangerang,505.0,3.0,35.0,9.0,15.0,8.0,,,9.0,,35.0,,,15.0,,5.0,,3.0,2.0,3.0,,9.0,,38.0,1.0,23.0,659.0,14,60.87,,,,,,,,,,,,,,,,,,,,,,,,,,0,Sudah kerjasama BPJS,,Sudah kerjasama BPJS,Belum kerjasama BPJS,Sudah kerjasama BPJS,Belum kerjasama BPJS,Belum kerjasama BPJS,,6,3,50.0
3671179,RS Mitra Husada,RSU,RS Umum,C,Swasta,RS Privat,Banten,Tangerang,15.0,,3.0,4.0,2.0,3.0,,,4.0,,3.0,,,2.0,,1.0,,,1.0,1.0,,3.0,,2.0,,,35.0,10,43.48,,,,,,,,,,,,,,,,,,,,,,,,,,0,,,,,,,Sudah kerjasama BPJS,,1,1,100.0
3604002,RS Hermina Ciruas,RSU,RS Umum,C,Swasta,RS Privat,Banten,Serang,40.0,5.0,7.0,7.0,7.0,3.0,,,7.0,,7.0,,,7.0,,2.0,,,1.0,1.0,,6.0,,14.0,,7.0,100.0,12,52.17,,,,,,,,,,,,,,,,,,,,,,,,,,0,,,,,,,Sudah kerjasama BPJS,,1,1,100.0
3604013,RS Umum Daerah dr. Drajat Prawiranegara ,RSU,RS Umum,B,Pemkab,RS Publik,Banten,Serang,32.0,3.0,4.0,6.0,4.0,3.0,,,6.0,,4.0,,,4.0,,3.0,,1.0,3.0,3.0,,4.0,,21.0,,13.0,100.0,13,56.52,0.0,1.0,0.0,0.0,0.0,0.0,0.0,0.0,,0.0,0.0,1.0,,1.0,0.0,1.0,,,0.0,,1.0,False,4.0,4.0,75.0,1,,,,Belum kerjasama BPJS,Sudah kerjasama BPJS,Belum kerjasama BPJS,Sudah kerjasama BPJS,,4,2,50.0
3604047,RS Kurnia Serang,RSU,RS Umum,C,Swasta,RS Privat,Banten,Serang,17.0,3.0,3.0,3.0,2.0,3.0,,,3.0,,3.0,,,2.0,,1.0,,,1.0,1.0,,2.0,,8.0,,3.0,47.0,12,52.17,,,,,,,,,,,,,,,,,,,,,,,,,,0,,,,,,,Sudah kerjasama BPJS,,1,1,100.0
3604050,RS Permata Serdang,RSU,RS Umum,D,Swasta,RS Privat,Banten,Serang,8.0,4.0,2.0,2.0,4.0,2.0,,,2.0,,2.0,,,4.0,,,,,1.0,1.0,,1.0,,1.0,,,26.0,10,43.48,,,,,,,,,,,,,,,,,,,,,,,,,,0,,,,,,,,,0,0,
3604052,RS Otika Medika,RSU,RS Umum,D,Swasta,RS Privat,Banten,Serang,,,,,,,,,,,,,,,,,,,,,,,,,,,,0,0.0,,,,,,,,,,,,,,,,,,,,,,,,,,0,,,,,,,Sudah kerjasama BPJS,,1,1,100.0
3604054,RS Tonggak Husada,RSU,RS Umum,D,Swasta,RS Privat,Banten,Serang,3.0,,1.0,,,1.0,,,,,1.0,,,,,,,,,,,,,4.0,,,9.0,4,17.39,,,,,,,,,,,,,,,,,,,,,,,,,,0,,,,,,,,,0,0,
3603182,RS Medika Lestari,RSU,RS Umum,C,Swasta,RS Privat,Banten,Kota Tangerang,16.0,3.0,2.0,3.0,2.0,3.0,,,3.0,,2.0,,,2.0,,1.0,,,1.0,1.0,,1.0,,11.0,,6.0,50.0,12,52.17,,,,,,,,,,,,,,,,,,,,,,,,,,0,,,,,,,Sudah kerjasama BPJS,,1,1,100.0
3603186,RS Ibu dan Anak Assyifa ,RSIA,RS Khusus,C,Swasta,RS Privat,Banten,Kota Tangerang,5.0,1.0,1.0,3.0,3.0,,,,3.0,,1.0,,,3.0,,,,,1.0,1.0,,2.0,,2.0,,3.0,22.0,10,43.48,,,,,,,,,,,,,,,,,,,,,,,,,,0,,,,,,,Sudah kerjasama BPJS,,1,1,100.0
3603188,RS Bunda Sejati,RSU,RS Umum,D,Swasta,RS Privat,Banten,Kota Tangerang,9.0,,2.0,5.0,4.0,3.0,,,5.0,,2.0,,,4.0,,1.0,,,1.0,1.0,,2.0,,4.0,,5.0,37.0,11,47.83,,,,,,,,,,,,,,,,,,,,,,,,,,0,,,,,,,Sudah kerjasama BPJS,,1,1,100.0
3671021,RS Daan Mogot Kesdam Jaya,RSU,RS Umum,D,TNI,RS Publik,Banten,Kota Tangerang,8.0,2.0,1.0,3.0,3.0,1.0,,,3.0,,1.0,,,3.0,,,,,1.0,,,1.0,,3.0,,3.0,26.0,10,43.48,,,,,,,,,,,,,,,,,,,,,,,,,,0,,,,,,,,,0,0,
3671032,RSUP Dr. Sitanala Tangerang,RSU,RS Umum,B,Kemkes,RS Publik,Banten,Kota Tangerang,38.0,3.0,4.0,3.0,3.0,5.0,,,3.0,,4.0,,,3.0,,1.0,,1.0,1.0,2.0,,5.0,,18.0,1.0,10.0,95.0,14,60.87,0.0,1.0,0.0,0.0,0.0,0.0,0.0,0.0,,0.0,0.0,1.0,,0.0,1.0,0.0,,,0.0,,1.0,False,3.0,3.0,75.0,1,,,,,,Belum kerjasama BPJS,Sudah kerjasama BPJS,,2,1,50.0
3671043,RS Sari Asih Karawaci,RSU,RS Umum,C,Swasta,RS Privat,Banten,Kota Tangerang,16.0,5.0,4.0,5.0,5.0,5.0,,,5.0,,4.0,,,5.0,,2.0,,2.0,2.0,2.0,,5.0,,17.0,1.0,8.0,79.0,14,60.87,,,,,,,,,,,,,,,,,,,,,,,,,,0,,,,,,Belum kerjasama BPJS,Sudah kerjasama BPJS,,2,1,50.0
3671065,RS EMC Tangerang,RSU,RS Umum,B,Swasta,RS Privat,Banten,Kota Tangerang,30.0,3.0,9.0,6.0,7.0,3.0,2.0,,6.0,,9.0,1.0,1.0,7.0,,2.0,1.0,2.0,1.0,5.0,,6.0,,16.0,,13.0,108.0,17,73.91,,,,,,,,,,,,,,,,,,,,,,,,,,0,Sudah kerjasama BPJS,,Belum kerjasama BPJS,Belum kerjasama BPJS,,Belum kerjasama BPJS,Sudah kerjasama BPJS,,5,2,40.0
3671076,RS An-Nisa ,RSU,RS Umum,C,Swasta,RS Privat,Banten,Kota Tangerang,28.0,5.0,5.0,7.0,6.0,4.0,,,7.0,,5.0,,,6.0,,4.0,,2.0,2.0,3.0,,6.0,,33.0,1.0,12.0,118.0,14,60.87,,,,,,,,,,,,,,,,,,,,,,,,,,0,,,,,,Belum kerjasama BPJS,Sudah kerjasama BPJS,,2,1,50.0
3671080,RS Mayapada,RSU,RS Umum,B,Swasta,RS Privat,Banten,Kota Tangerang,34.0,8.0,7.0,8.0,7.0,4.0,3.0,1.0,8.0,1.0,7.0,3.0,1.0,7.0,,2.0,,1.0,2.0,4.0,1.0,2.0,,36.0,2.0,10.0,137.0,20,86.96,,,,,,,,,,,,,,,,,,,,,,,,,,0,Sudah kerjasama BPJS,,,Belum kerjasama BPJS,,Belum kerjasama BPJS,Sudah kerjasama BPJS,,4,2,50.0
3671082,RS Islam Sari Asih Ar-rahmah,RSU,RS Umum,C,Swasta Non Profit,RS Publik,Banten,Kota Tangerang,9.0,3.0,4.0,3.0,2.0,2.0,,,3.0,,4.0,,,2.0,,2.0,,,1.0,1.0,,3.0,,5.0,,5.0,40.0,12,52.17,,,,,,,,,,,,,,,,,,,,,,,,,,0,,,,,,,Sudah kerjasama BPJS,,1,1,100.0
3671124,RS Melati,RSU,RS Umum,C,Swasta,RS Privat,Banten,Kota Tangerang,15.0,2.0,3.0,5.0,3.0,3.0,,,5.0,,3.0,,,3.0,,1.0,,,1.0,1.0,,3.0,,9.0,,4.0,50.0,12,52.17,,,,,,,,,,,,,,,,,,,,,,,,,,0,,,,,,,,,0,0,
3671126,RS Murni Teguh Ciledug,RSU,RS Umum,C,Swasta,RS Privat,Banten,Kota Tangerang,18.0,4.0,4.0,6.0,2.0,4.0,,,6.0,,4.0,,,2.0,,2.0,,,1.0,2.0,,2.0,,14.0,,7.0,66.0,12,52.17,,,,,,,,,,,,,,,,,,,,,,,,,,0,Sudah kerjasama BPJS,,,Belum kerjasama BPJS,,Belum kerjasama BPJS,Sudah kerjasama BPJS,,4,2,50.0
3671135,RS Mulya,RSU,RS Umum,C,Swasta,RS Privat,Banten,Kota Tangerang,20.0,7.0,5.0,7.0,5.0,4.0,,,7.0,,5.0,,,5.0,,2.0,,,1.0,1.0,,4.0,,16.0,,5.0,77.0,12,52.17,,,,,,,,,,,,,,,,,,,,,,,,,,0,,,,,,,Sudah kerjasama BPJS,,1,1,100.0
3671136,RS Umum Hermina Tangerang,RSU,RS Umum,C,Swasta,RS Privat,Banten,Kota Tangerang,25.0,3.0,12.0,15.0,13.0,8.0,1.0,1.0,15.0,,12.0,,,13.0,,4.0,,1.0,1.0,4.0,,8.0,,24.0,,6.0,126.0,15,65.22,,,,,,,,,,,,,,,,,,,,,,,,,,0,Sudah kerjasama BPJS,,Sudah kerjasama BPJS,,,Belum kerjasama BPJS,Sudah kerjasama BPJS,,4,3,75.0
3671146,RS Umum Bhakti Asih,RSU,RS Umum,C,Swasta,RS Privat,Banten,Kota Tangerang,20.0,2.0,4.0,3.0,2.0,2.0,,,3.0,,4.0,,,2.0,,3.0,,1.0,1.0,2.0,,3.0,,6.0,,6.0,55.0,13,56.52,,,,,,,,,,,,,,,,,,,,,,,,,,0,,,,,,,Sudah kerjasama BPJS,,1,1,100.0
3671202,RS Hermina Ciledug,RSU,RS Umum,D,Swasta,RS Privat,Banten,Kota Tangerang,13.0,1.0,2.0,7.0,6.0,2.0,,,7.0,,2.0,,,6.0,,1.0,,,,,,2.0,,,,1.0,35.0,9,39.13,,,,,,,,,,,,,,,,,,,,,,,,,,0,,,,,,,Sudah kerjasama BPJS,,1,1,100.0
3671203,RS Primaya,RSU,RS Umum,B,Swasta,RS Privat,Banten,Kota Tangerang,27.0,2.0,5.0,9.0,4.0,3.0,1.0,1.0,9.0,,5.0,1.0,,4.0,,2.0,,1.0,1.0,4.0,1.0,3.0,,15.0,1.0,7.0,88.0,18,78.26,,,,,,,,,,,,,,,,,,,,,,,,,,0,Sudah kerjasama BPJS,,,,Sudah kerjasama BPJS,Belum kerjasama BPJS,Sudah kerjasama BPJS,,4,3,75.0
3671205,RS Sari Asih Ciledug,RSU,RS Umum,C,Swasta,RS Privat,Banten,Kota Tangerang,18.0,5.0,9.0,5.0,6.0,3.0,1.0,,5.0,,9.0,,,6.0,,2.0,,,2.0,3.0,,3.0,,16.0,1.0,8.0,82.0,14,60.87,,,,,,,,,,,,,,,,,,,,,,,,,,0,,,,Belum kerjasama BPJS,,Belum kerjasama BPJS,Sudah kerjasama BPJS,,3,1,33.33
3671207,RS Dinda,RSU,RS Umum,C,Swasta,RS Privat,Banten,Kota Tangerang,9.0,2.0,3.0,4.0,5.0,3.0,,,4.0,,3.0,,,5.0,,3.0,,,2.0,1.0,,3.0,,7.0,,4.0,46.0,12,52.17,,,,,,,,,,,,,,,,,,,,,,,,,,0,,,,,,,Sudah kerjasama BPJS,,1,1,100.0
3671208,RS Umum Daerah Kota Tangerang,RSU,RS Umum,C,Pemkot,RS Publik,Banten,Kota Tangerang,32.0,,7.0,3.0,4.0,3.0,,,3.0,,7.0,,,4.0,,4.0,,1.0,3.0,5.0,,5.0,,33.0,1.0,15.0,116.0,13,56.52,0.0,0.0,1.0,0.0,0.0,0.0,0.0,0.0,0.0,0.0,0.0,0.0,,1.0,0.0,1.0,0.0,0.0,0.0,6.0,1.0,False,9.0,4.0,95.0,1,,,,,,Belum kerjasama BPJS,Sudah kerjasama BPJS,,2,1,50.0
3671209,RS Sari Asih Sangiang,RSU,RS Umum,C,Swasta,RS Privat,Banten,Kota Tangerang,9.0,2.0,5.0,4.0,1.0,4.0,,,4.0,,5.0,,,1.0,,2.0,,,1.0,2.0,,3.0,,9.0,,6.0,48.0,12,52.17,,,,,,,,,,,,,,,,,,,,,,,,,,0,,,,,,,Sudah kerjasama BPJS,,1,1,100.0
3671210,Brawijaya Hospital Tangerang,RSU,RS Umum,C,Swasta,RS Privat,Banten,Kota Tangerang,15.0,4.0,4.0,13.0,8.0,4.0,,,13.0,,4.0,,,8.0,,1.0,,,,2.0,,4.0,,5.0,,4.0,64.0,11,47.83,,,,,,,,,,,,,,,,,,,,,,,,,,0,,,,,,,Sudah kerjasama BPJS,,1,1,100.0
3671211,RS Aqidah,RSU,RS Umum,D,Swasta,RS Privat,Banten,Kota Tangerang,8.0,2.0,3.0,3.0,4.0,1.0,,,3.0,,3.0,,,4.0,,1.0,,,1.0,1.0,,2.0,,4.0,,3.0,33.0,12,52.17,,,,,,,,,,,,,,,,,,,,,,,,,,0,,,,,,,Sudah kerjasama BPJS,,1,1,100.0
3671214,RS Tiara ,RSU,RS Umum,D,Swasta,RS Privat,Banten,Kota Tangerang,12.0,2.0,2.0,3.0,2.0,2.0,,,3.0,,2.0,,,2.0,,1.0,,,1.0,1.0,,1.0,,7.0,,4.0,38.0,12,52.17,,,,,,,,,,,,,,,,,,,,,,,,,,0,,,,,,,Sudah kerjasama BPJS,,1,1,100.0
3671217,RS Ibu dan Anak Karunia Bunda,RSIA,RS Khusus,C,Swasta,RS Privat,Banten,Kota Tangerang,6.0,,1.0,4.0,1.0,1.0,,,4.0,,1.0,,,1.0,,,,,1.0,1.0,,1.0,,2.0,,1.0,19.0,10,43.48,,,,,,,,,,,,,,,,,,,,,,,,,,0,,,,,,,Sudah kerjasama BPJS,,1,1,100.0
3671218,RS Ibu dan Anak PKU Muhammadiyah Cipondoh,RSIA,RS Khusus,C,Swasta Non Profit,RS Publik,Banten,Kota Tangerang,5.0,5.0,1.0,4.0,1.0,,,,4.0,,1.0,,,1.0,,,,,,1.0,,1.0,,1.0,,1.0,20.0,9,39.13,,,,,,,,,,,,,,,,,,,,,,,,,,0,,,,,,,Sudah kerjasama BPJS,,1,1,100.0
3671219,RS Ibu dan Anak Gebang Medika,RSIA,RS Khusus,C,Swasta,RS Privat,Banten,Kota Tangerang,8.0,,1.0,5.0,1.0,1.0,,,5.0,,1.0,,,1.0,,,,,1.0,2.0,,1.0,,3.0,,4.0,27.0,10,43.48,,,,,,,,,,,,,,,,,,,,,,,,,,0,,,,,,,Sudah kerjasama BPJS,,1,1,100.0
3671221,RS Ibu dan Anak Pratiwi,RSIA,RS Khusus,C,Swasta,RS Privat,Banten,Kota Tangerang,7.0,1.0,1.0,3.0,3.0,1.0,,,3.0,,1.0,,,3.0,,,,,1.0,1.0,,1.0,,5.0,,1.0,25.0,11,47.83,,,,,,,,,,,,,,,,,,,,,,,,,,0,,,,,,,Sudah kerjasama BPJS,,1,1,100.0
3671222,RS Ibu dan Anak Makiyah,RSIA,RS Khusus,C,Swasta,RS Privat,Banten,Kota Tangerang,4.0,,1.0,2.0,1.0,1.0,,,2.0,,1.0,,,1.0,,,,,,1.0,,1.0,,2.0,,3.0,16.0,9,39.13,,,,,,,,,,,,,,,,,,,,,,,,,,0,,,,,,,,,0,0,
3671223,RS Karang Tengah Medika,RSU,RS Umum,C,Swasta,RS Privat,Banten,Kota Tangerang,13.0,2.0,3.0,3.0,3.0,3.0,,,3.0,,3.0,,,3.0,,,,,1.0,1.0,,1.0,,10.0,,6.0,46.0,11,47.83,,,,,,,,,,,,,,,,,,,,,,,,,,0,,,,,,,Sudah kerjasama BPJS,,1,1,100.0
3671224,RS Sari Asih Cipondoh,RSU,RS Umum,C,Swasta,RS Privat,Banten,Kota Tangerang,13.0,3.0,3.0,3.0,4.0,2.0,,,3.0,,3.0,,,4.0,,2.0,,1.0,1.0,2.0,,2.0,,11.0,,8.0,55.0,13,56.52,,,,,,,,,,,,,,,,,,,,,,,,,,0,,,,,,Belum kerjasama BPJS,Sudah kerjasama BPJS,,2,1,50.0
3671225,RS Hermina Periuk Tangerang,RSU,RS Umum,C,Swasta,RS Privat,Banten,Kota Tangerang,13.0,,4.0,3.0,6.0,2.0,,,3.0,,4.0,,,6.0,,1.0,,,1.0,,,2.0,,,,,32.0,8,34.78,,,,,,,,,,,,,,,,,,,,,,,,,,0,,,,,,,Sudah kerjasama BPJS,,1,1,100.0
3671226,RS Mandaya Royal Puri,RSU,RS Umum,Belum Ditetapkan,Swasta,RS Privat,Banten,Kota Tangerang,9.0,,1.0,,1.0,3.0,,,,,1.0,,,1.0,,,,1.0,1.0,4.0,,4.0,2.0,17.0,2.0,10.0,55.0,12,52.17,,,,,,,,,,,,,,,,,,,,,,,,,,0,,,,,,,,,0,0,
3671241,RS Metro Hospitals M. Toha,RSU,RS Umum,B,Swasta,RS Privat,Banten,Kota Tangerang,,,,,,,,,,,,,,,,,,,,,,,,,,,,0,0.0,,,,,,,,,,,,,,,,,,,,,,,,,,0,,,,,,,Sudah kerjasama BPJS,,1,1,100.0
3672003,RS Ibu dan Anak Mutiara Bunda,RSIA,RS Khusus,C,Swasta,RS Privat,Banten,Kota Cilegon,8.0,2.0,1.0,1.0,1.0,,,,1.0,,1.0,,,1.0,,,,,,,,,,1.0,,1.0,15.0,7,30.43,,,,,,,,,,,,,,,,,,,,,,,,,,0,,,,,,,,,0,0,
3672011,RS Krakatau Medika,RSU,RS Umum,B,BUMN,RS Privat,Banten,Kota Cilegon,38.0,8.0,2.0,2.0,1.0,1.0,,,2.0,,2.0,,,1.0,,2.0,,1.0,,2.0,,3.0,,13.0,,7.0,80.0,12,52.17,,,,,,,,,,,,,,,,,,,,,,,,,,0,,,,,,,,,0,0,
3672022,RS Umum Daerah Kota Cilegon,RSU,RS Umum,B,Pemkot,RS Publik,Banten,Kota Cilegon,32.0,2.0,4.0,5.0,3.0,2.0,,,5.0,,4.0,,,3.0,,2.0,,1.0,1.0,1.0,,3.0,,29.0,1.0,11.0,97.0,14,60.87,0.0,1.0,1.0,0.0,0.0,0.0,0.0,0.0,,0.0,0.0,1.0,,0.0,0.0,0.0,,,0.0,,1.0,False,3.0,3.0,75.0,1,,,,Belum kerjasama BPJS,,Belum kerjasama BPJS,Belum kerjasama BPJS,,3,0,0.0
3672034,RS Kurnia,RSU,RS Umum,C,Swasta,RS Privat,Banten,Kota Cilegon,14.0,4.0,2.0,4.0,3.0,3.0,,,4.0,,2.0,,,3.0,,1.0,,,1.0,1.0,,2.0,,10.0,,4.0,49.0,12,52.17,,,,,,,,,,,,,,,,,,,,,,,,,,0,,,,,,,Sudah kerjasama BPJS,,1,1,100.0
3672040,RS Citra sundari,RSU,RS Umum,D,Swasta,RS Privat,Banten,Kota Cilegon,6.0,5.0,1.0,2.0,1.0,1.0,,,2.0,,1.0,,,1.0,,,,,1.0,1.0,,1.0,,3.0,,2.0,24.0,11,47.83,,,,,,,,,,,,,,,,,,,,,,,,,,0,,,,,,,,,0,0,
3672052,RS Umum Hermina Cilegon,RSU,RS Umum,C,Swasta,RS Privat,Banten,Kota Cilegon,10.0,1.0,2.0,4.0,5.0,2.0,,,4.0,,2.0,,,5.0,,,,,1.0,1.0,,1.0,,3.0,,2.0,32.0,11,47.83,,,,,,,,,,,,,,,,,,,,,,,,,,0,,,,,,,Sudah kerjasama BPJS,,1,1,100.0
3672053,RS Ibu dan Anak Kasih Insani,RSIA,RS Khusus,C,Swasta,RS Privat,Banten,Kota Cilegon,1.0,,,2.0,,,,,2.0,,,,,,,,,,,,,,,,,,3.0,2,8.7,,,,,,,,,,,,,,,,,,,,,,,,,,0,,,,,,,,,0,0,
3604024,RS Tk. IV Kencana Serang,RSU,RS Umum,C,TNI,RS Publik,Banten,Kota Serang,16.0,3.0,4.0,3.0,2.0,1.0,,,3.0,,4.0,,,2.0,,1.0,,,1.0,1.0,,1.0,,5.0,,1.0,39.0,12,52.17,,,,,,,,,,,,,,,,,,,,,,,,,,0,,,,,,,Sudah kerjasama BPJS,,1,1,100.0
3604035,RS Budiasih,RSU,RS Umum,C,Swasta,RS Privat,Banten,Kota Serang,12.0,5.0,3.0,7.0,3.0,2.0,,,7.0,,3.0,,,3.0,,2.0,,,1.0,1.0,,3.0,,8.0,,,47.0,11,47.83,,,,,,,,,,,,,,,,,,,,,,,,,,0,,,,,,,,,0,0,
3604046,RS Benggala,RSU,RS Umum,D,Swasta,RS Privat,Banten,Kota Serang,2.0,,,1.0,1.0,3.0,,,1.0,,,,,1.0,,,,,1.0,1.0,,3.0,,1.0,,,13.0,8,34.78,,,,,,,,,,,,,,,,,,,,,,,,,,0,,,,,,,,,0,0,
3604053,RS Bhayangkara Tk. IV Biddokkes Polda Banten,RSU,RS Umum,C,POLRI,RS Publik,Banten,Kota Serang,6.0,1.0,1.0,1.0,1.0,1.0,,,1.0,,1.0,,,1.0,,,,,1.0,1.0,,1.0,,6.0,,3.0,23.0,11,47.83,,,,,,,,,,,,,,,,,,,,,,,,,,0,,,,,,,Sudah kerjasama BPJS,,1,1,100.0
3673004,RS Umum Daerah Banten,RSU,RS Umum,B,Pemprop,RS Publik,Banten,Kota Serang,67.0,5.0,3.0,5.0,2.0,3.0,,,5.0,,3.0,,,2.0,,2.0,,,1.0,1.0,,5.0,,24.0,,16.0,134.0,12,52.17,0.0,1.0,1.0,0.0,1.0,0.0,2.0,1.0,,1.0,0.0,1.0,,2.0,1.0,0.0,,,0.0,,1.0,False,11.0,9.0,75.0,1,,,,Belum kerjasama BPJS,,Belum kerjasama BPJS,Belum kerjasama BPJS,,3,0,0.0
3673005,RS Umum Ibunda,RSU,RS Umum,D,Swasta,RS Privat,Banten,Kota Serang,4.0,,,3.0,2.0,1.0,,,3.0,,,,,2.0,,,,,1.0,1.0,,2.0,,1.0,,1.0,16.0,9,39.13,,,,,,,,,,,,,,,,,,,,,,,,,,0,,,,,,,Sudah kerjasama BPJS,,1,1,100.0
3673010,RS Fatimah,RSU,RS Umum,D,Swasta,RS Privat,Banten,Kota Serang,6.0,2.0,,5.0,3.0,1.0,,,5.0,,,,,3.0,,,,,,,,1.0,,2.0,,1.0,21.0,8,34.78,,,,,,,,,,,,,,,,,,,,,,,,,,0,,,,,,,,,0,0,
3673011,RS Mata Achmad Wardi BWI-DD,RSK Mata,RS Khusus,C,Swasta,RS Privat,Banten,Kota Serang,1.0,,,,,,,,,,,,,,,,,,,,,1.0,,,,,2.0,2,8.7,,,,,,,,,,,,,,,,,,,,,,,,,,0,,,,,,,,,0,0,
3673012,RS Umum Daerah Kota Serang,RSU,RS Umum,C,Pemkot,RS Publik,Banten,Kota Serang,12.0,1.0,1.0,4.0,2.0,2.0,,,4.0,,1.0,,,2.0,,,,,1.0,1.0,,1.0,,9.0,1.0,4.0,39.0,12,52.17,0.0,0.0,0.0,0.0,0.0,0.0,0.0,0.0,0.0,0.0,0.0,0.0,,0.0,0.0,1.0,0.0,0.0,0.0,3.0,1.0,False,4.0,2.0,95.0,1,,,,,,,,,0,0,
3673035,RS Ibu dan Anak Puri Garcia,RSIA,RS Khusus,C,Swasta,RS Privat,Banten,Kota Serang,,1.0,,3.0,2.0,1.0,,,3.0,,,,,2.0,,,,,,,,,,,,,7.0,4,17.39,,,,,,,,,,,,,,,,,,,,,,,,,,0,,,,,,,,,0,0,
3673036,RS Sari Asih Serang,RSU,RS Umum,B,Swasta,RS Privat,Banten,Kota Serang,14.0,5.0,6.0,4.0,4.0,4.0,,,4.0,1.0,6.0,,,4.0,,2.0,,2.0,2.0,3.0,,4.0,,9.0,,5.0,65.0,14,60.87,,,,,,,,,,,,,,,,,,,,,,,,,,0,,,,,,Belum kerjasama BPJS,Sudah kerjasama BPJS,,2,1,50.0
3673047,RS Andalucia,RSU,RS Umum,D,Swasta,RS Privat,Banten,Kota Serang,,,,,,,,,,,,,,,,,,,,,,,,,,,,0,0.0,,,,,,,,,,,,,,,,,,,,,,,,,,0,,,,,,,,,0,0,
3673048,RS CITRA ARAFIQ SERANG,RSU,RS Umum,C,Swasta,RS Privat,Banten,Kota Serang,,,,,,,,,,,,,,,,,,,,,,,,,,,,0,0.0,,,,,,,,,,,,,,,,,,,,,,,,,,0,,,,,,,,,0,0,
3603082,RS Ichsan Medical Center,RSU,RS Umum,C,Swasta,RS Privat,Banten,Kota Tangerang Selatan,8.0,,3.0,4.0,3.0,2.0,,,4.0,,3.0,,,3.0,,2.0,,,1.0,1.0,,3.0,,7.0,,7.0,41.0,11,47.83,,,,,,,,,,,,,,,,,,,,,,,,,,0,,,,,,,Sudah kerjasama BPJS,,1,1,100.0
3603093,RS Ibu dan Anak Permata Dalima,RSIA,RS Khusus,C,Swasta,RS Privat,Banten,Kota Tangerang Selatan,2.0,1.0,1.0,2.0,2.0,,,,2.0,,1.0,,,2.0,,,,,,,,2.0,,,,1.0,11.0,7,30.43,,,,,,,,,,,,,,,,,,,,,,,,,,0,,,,,,,Sudah kerjasama BPJS,,1,1,100.0
3603115,RS EMC Alam Sutera,RSU,RS Umum,B,Swasta,RS Privat,Banten,Kota Tangerang Selatan,26.0,4.0,6.0,9.0,6.0,4.0,3.0,1.0,9.0,,6.0,,,6.0,,1.0,,2.0,2.0,7.0,,7.0,,15.0,,8.0,101.0,15,65.22,,,,,,,,,,,,,,,,,,,,,,,,,,0,,Belum kerjasama BPJS,,,Sudah kerjasama BPJS,Belum kerjasama BPJS,Sudah kerjasama BPJS,,4,2,50.0
3671201,RS Khusus THT-Bedah KL Proklamasi BSD,RSK THT-KL,RS Khusus,C,Swasta,RS Privat,Banten,Kota Tangerang Selatan,9.0,2.0,,,,,,,,,,,,,,,,,,,,,,,,1.0,12.0,3,13.04,,,,,,,,,,,,,,,,,,,,,,,,,,0,,,,,,,,,0,0,
3671216,RS Rumah Indonesia Sehat,RSU,RS Umum,C,Swasta,RS Privat,Banten,Kota Tangerang Selatan,8.0,2.0,2.0,4.0,3.0,3.0,,,4.0,,2.0,,,3.0,,,,,1.0,1.0,,3.0,,7.0,,5.0,39.0,11,47.83,,,,,,,,,,,,,,,,,,,,,,,,,,0,,,,,,,Sudah kerjasama BPJS,,1,1,100.0
3674003,RS Ibu dan Anak Permata Sarana Husada,RSIA,RS Khusus,C,Swasta,RS Privat,Banten,Kota Tangerang Selatan,2.0,2.0,,6.0,3.0,1.0,,,6.0,,,,,3.0,,,,,1.0,1.0,,2.0,,3.0,,2.0,23.0,10,43.48,,,,,,,,,,,,,,,,,,,,,,,,,,0,,,,,,,Sudah kerjasama BPJS,,1,1,100.0
3674004,RS Permata Pamulang,RSU,RS Umum,C,Swasta,RS Privat,Banten,Kota Tangerang Selatan,15.0,9.0,2.0,7.0,7.0,5.0,,,7.0,,2.0,,,7.0,,2.0,,1.0,2.0,2.0,,2.0,,4.0,,7.0,65.0,13,56.52,,,,,,,,,,,,,,,,,,,,,,,,,,0,,,,Belum kerjasama BPJS,,,Sudah kerjasama BPJS,,2,1,50.0
3674005,RS Sari Asih Ciputat,RSU,RS Umum,C,Swasta,RS Privat,Banten,Kota Tangerang Selatan,15.0,3.0,5.0,3.0,4.0,2.0,,,3.0,,5.0,,,4.0,,4.0,,1.0,2.0,5.0,,2.0,,15.0,1.0,9.0,71.0,14,60.87,,,,,,,,,,,,,,,,,,,,,,,,,,0,,,,Belum kerjasama BPJS,,Belum kerjasama BPJS,Sudah kerjasama BPJS,,3,1,33.33
3674006,RS Syarif Hidayatullah,RSU,RS Umum,C,Kementerian Lain,RS Publik,Banten,Kota Tangerang Selatan,27.0,8.0,5.0,4.0,6.0,2.0,,,4.0,,5.0,,,6.0,,1.0,,1.0,1.0,3.0,,4.0,,10.0,1.0,5.0,78.0,14,60.87,,,,,,,,,,,,,,,,,,,,,,,,,,0,,,,,,,,,0,0,
3674007,RS Hermina Ciputat,RSU,RS Umum,C,Swasta,RS Privat,Banten,Kota Tangerang Selatan,31.0,4.0,6.0,11.0,12.0,3.0,,,11.0,,6.0,,,12.0,,1.0,,,,2.0,,4.0,,14.0,,7.0,95.0,11,47.83,,,,,,,,,,,,,,,,,,,,,,,,,,0,,,,,,Belum kerjasama BPJS,Sudah kerjasama BPJS,,2,1,50.0
3674008,RS Ibu dan Anak Bunda Ciputat,RSIA,RS Khusus,C,Swasta,RS Privat,Banten,Kota Tangerang Selatan,7.0,3.0,1.0,7.0,7.0,1.0,,,7.0,,1.0,,,7.0,,,,,2.0,1.0,,2.0,,20.0,,1.0,52.0,11,47.83,,,,,,,,,,,,,,,,,,,,,,,,,,0,,,,,,,,,0,0,
3674011,RS Ibu dan Anak Dhia,RSIA,RS Khusus,C,Swasta,RS Privat,Banten,Kota Tangerang Selatan,10.0,6.0,5.0,4.0,4.0,1.0,,,4.0,,5.0,,,4.0,,,,,,1.0,,2.0,,2.0,,2.0,37.0,10,43.48,,,,,,,,,,,,,,,,,,,,,,,,,,0,,,,,,,,,0,0,
3674013,RS Ibu dan Anak Buah Hati Pamulang,RSIA,RS Khusus,C,Swasta,RS Privat,Banten,Kota Tangerang Selatan,6.0,,1.0,3.0,7.0,1.0,,,3.0,,1.0,,,7.0,,,,,1.0,,,1.0,,4.0,,2.0,26.0,9,39.13,,,,,,,,,,,,,,,,,,,,,,,,,,0,,,,,,,Sudah kerjasama BPJS,,1,1,100.0
3674014,RS Hermina Serpong,RSU,RS Umum,C,Swasta,RS Privat,Banten,Kota Tangerang Selatan,14.0,1.0,4.0,4.0,5.0,2.0,,,4.0,,4.0,,,5.0,,2.0,,,,1.0,,3.0,,2.0,,5.0,43.0,11,47.83,,,,,,,,,,,,,,,,,,,,,,,,,,0,,,,,,,Sudah kerjasama BPJS,,1,1,100.0
3674015,RS Ibu dan Anak Vitalaya ,RSIA,RS Khusus,C,Swasta,RS Privat,Banten,Kota Tangerang Selatan,5.0,,1.0,6.0,3.0,1.0,,,6.0,,1.0,,,3.0,,,,,,1.0,,,,,,,17.0,6,26.09,,,,,,,,,,,,,,,,,,,,,,,,,,0,,,,,,,Sudah kerjasama BPJS,,1,1,100.0
3674016,RS Insan Permata,RSU,RS Umum,C,Swasta,RS Privat,Banten,Kota Tangerang Selatan,9.0,2.0,2.0,3.0,2.0,2.0,,,3.0,,2.0,,,2.0,,1.0,,,1.0,1.0,,3.0,,5.0,,4.0,35.0,12,52.17,,,,,,,,,,,,,,,,,,,,,,,,,,0,,,,,,,,,0,0,
3674018,RS Pondok Indah Bintaro Jaya,RSU,RS Umum,C,Swasta,RS Privat,Banten,Kota Tangerang Selatan,34.0,8.0,18.0,11.0,9.0,5.0,,,11.0,,18.0,1.0,,9.0,,4.0,,1.0,2.0,3.0,,5.0,,22.0,,14.0,137.0,14,60.87,,,,,,,,,,,,,,,,,,,,,,,,,,0,,,,,,,,,0,0,
3674019,RS Helsa Ciputat,RSU,RS Umum,C,Swasta,RS Privat,Banten,Kota Tangerang Selatan,8.0,2.0,1.0,1.0,1.0,1.0,,,1.0,,1.0,,,1.0,,,,,1.0,,,1.0,,4.0,1.0,4.0,25.0,11,47.83,,,,,,,,,,,,,,,,,,,,,,,,,,0,,,,,,,Sudah kerjasama BPJS,,1,1,100.0
3674020,RS Mitra Keluarga Bintaro,RSU,RS Umum,C,Swasta,RS Privat,Banten,Kota Tangerang Selatan,13.0,5.0,9.0,3.0,4.0,2.0,1.0,,3.0,1.0,9.0,,,4.0,,2.0,,,1.0,2.0,,1.0,,14.0,,7.0,65.0,14,60.87,,,,,,,,,,,,,,,,,,,,,,,,,,0,,,,,,,,,0,0,
3674021,RS Ibu dan Anak Bina Medika,RSIA,RS Khusus,C,Swasta,RS Privat,Banten,Kota Tangerang Selatan,16.0,,3.0,9.0,13.0,4.0,,,9.0,,3.0,,,13.0,,,,,1.0,1.0,,4.0,,13.0,,4.0,68.0,10,43.48,,,,,,,,,,,,,,,,,,,,,,,,,,0,,,,,,,,,0,0,
3674022,RS Umum Daerah Serpong Utara,RSU,RS Umum,C,Pemkot,RS Publik,Banten,Kota Tangerang Selatan,23.0,,2.0,2.0,2.0,2.0,,,2.0,,2.0,,,2.0,,1.0,,,2.0,1.0,,2.0,,18.0,,5.0,60.0,11,47.83,,,,,,,,,,,,,,,,,,,,,,,,,,0,,,,,,,Sudah kerjasama BPJS,,1,1,100.0
3674056,RS Islam Asshobirin,RSU,RS Umum,C,Swasta Non Profit,RS Publik,Banten,Kota Tangerang Selatan,11.0,3.0,2.0,2.0,3.0,1.0,,,2.0,,2.0,,,3.0,,,,,1.0,,,2.0,,4.0,,4.0,33.0,10,43.48,,,,,,,,,,,,,,,,,,,,,,,,,,0,,,,,,,Sudah kerjasama BPJS,,1,1,100.0
3674071,RS Khusus Jiwa Dharma Graha,RSK Jiwa,RS Khusus,C,Swasta Non Profit,RS Publik,Banten,Kota Tangerang Selatan,3.0,,,,,,,,,,,,,,,,,,,,,,,,,,3.0,1,4.35,,,,,,,,,,,,,,,,,,,,,,,,,,0,,,,,,,,,0,0,
3674102,RS Premier Bintaro,RSU,RS Umum,B,Swasta,RS Privat,Banten,Kota Tangerang Selatan,42.0,,12.0,9.0,8.0,4.0,3.0,2.0,9.0,,12.0,2.0,,8.0,,6.0,,2.0,2.0,5.0,,3.0,,4.0,,12.0,116.0,15,65.22,,,,,,,,,,,,,,,,,,,,,,,,,,0,,,,Belum kerjasama BPJS,Sudah kerjasama BPJS,Belum kerjasama BPJS,Sudah kerjasama BPJS,,4,2,50.0
3674113,RS Eka,RSU,RS Umum,B,Swasta,RS Privat,Banten,Kota Tangerang Selatan,57.0,4.0,11.0,8.0,7.0,6.0,1.0,1.0,8.0,,11.0,,,7.0,,2.0,,3.0,2.0,3.0,1.0,6.0,,9.0,1.0,17.0,139.0,17,73.91,,,,,,,,,,,,,,,,,,,,,,,,,,0,,,,,,,,,0,0,
3674157,RS Columbia Asia BSD,RSU,RS Umum,B,Swasta,RS Privat,Banten,Kota Tangerang Selatan,26.0,6.0,7.0,7.0,5.0,2.0,,,7.0,,7.0,,,5.0,,3.0,,,2.0,2.0,,2.0,,13.0,1.0,8.0,84.0,13,56.52,,,,,,,,,,,,,,,,,,,,,,,,,,0,,,,Belum kerjasama BPJS,Sudah kerjasama BPJS,,Sudah kerjasama BPJS,,3,2,66.67
3674168,RS Umum Daerah Kota Tangerang Selatan,RSU,RS Umum,C,Pemkot,RS Publik,Banten,Kota Tangerang Selatan,60.0,4.0,3.0,3.0,5.0,3.0,,,3.0,,3.0,,,5.0,,3.0,,1.0,3.0,2.0,,3.0,,30.0,1.0,14.0,135.0,14,60.87,0.0,1.0,0.0,0.0,0.0,0.0,1.0,0.0,0.0,0.0,0.0,0.0,,1.0,0.0,1.0,0.0,0.0,0.0,0.0,1.0,False,4.0,4.0,95.0,1,,,,,,,Sudah kerjasama BPJS,,1,1,100.0
3674171,RS Cinta Kasih,RSU,RS Umum,C,Swasta,RS Privat,Banten,Kota Tangerang Selatan,11.0,,2.0,3.0,3.0,1.0,,,3.0,,2.0,,,3.0,,,,,,1.0,,2.0,,1.0,,1.0,25.0,9,39.13,,,,,,,,,,,,,,,,,,,,,,,,,,0,,,,,,,Sudah kerjasama BPJS,,1,1,100.0
3674193,RS Buah Hati Ciputat,RSU,RS Umum,C,Swasta,RS Privat,Banten,Kota Tangerang Selatan,13.0,3.0,4.0,10.0,5.0,2.0,,,10.0,,4.0,,,5.0,,,,,1.0,1.0,,3.0,,4.0,,4.0,50.0,11,47.83,,,,,,,,,,,,,,,,,,,,,,,,,,0,,,,,,,Sudah kerjasama BPJS,,1,1,100.0
3674204,RS Umum Daerah Pondok Aren,RSU,RS Umum,C,Pemkot,RS Publik,Banten,Kota Tangerang Selatan,11.0,,,,2.0,,,,,,,,,2.0,,,,,2.0,1.0,,1.0,,8.0,,3.0,28.0,7,30.43,,,,,,,,,,,,,,,,,,,,,,,,,,0,,,,,,,,,0,0,
3674205,RS. Mitra Keluarga Pamulang,RSU,RS Umum,C,Swasta,RS Privat,Banten,Kota Tangerang Selatan,1.0,,,,,,,,,,,,,,,,,,,,,,,6.0,,5.0,12.0,3,13.04,,,,,,,,,,,,,,,,,,,,,,,,,,0,,,,,,,,,0,0,
5101016,RS Umum Daerah Negara,RSU,RS Umum,C,Pemkab,RS Publik,Bali,Jembrana,20.0,3.0,5.0,3.0,4.0,4.0,,,3.0,,5.0,,,4.0,,1.0,,,3.0,2.0,,3.0,,22.0,,8.0,78.0,12,52.17,0.0,0.0,0.0,0.0,0.0,0.0,0.0,0.0,0.0,0.0,0.0,0.0,,0.0,0.0,1.0,1.0,0.0,0.0,3.0,1.0,False,5.0,3.0,95.0,1,,,,,,Sudah kerjasama BPJS,Sudah kerjasama BPJS,,2,2,100.0
5101053,RS Umum Kertayasa,RSU,RS Umum,D,Swasta,RS Privat,Bali,Jembrana,7.0,1.0,1.0,,2.0,2.0,,,,,1.0,,,2.0,,,,,,1.0,,1.0,,,,1.0,16.0,8,34.78,,,,,,,,,,,,,,,,,,,,,,,,,,0,,,,,,,,,0,0,
5101054,RS Umum Bunda,RSU,RS Umum,C,Swasta,RS Privat,Bali,Jembrana,10.0,1.0,3.0,2.0,1.0,3.0,,,2.0,,3.0,,,1.0,,,,,1.0,1.0,,3.0,,2.0,,3.0,30.0,11,47.83,,,,,,,,,,,,,,,,,,,,,,,,,,0,,,,,,,Sudah kerjasama BPJS,,1,1,100.0
5101055,RS Umum Balimed Negara,RSU,RS Umum,C,Swasta,RS Privat,Bali,Jembrana,,,,,,,,,,,,,,,,,,,,,,,,,,,,0,0.0,,,,,,,,,,,,,,,,,,,,,,,,,,0,,,,,,Sudah kerjasama BPJS,Sudah kerjasama BPJS,,2,2,100.0
5102010,RS Umum Daerah Tabanan,RSU,RS Umum,B,Pemkab,RS Publik,Bali,Tabanan,50.0,5.0,3.0,4.0,5.0,4.0,,,4.0,,3.0,1.0,,5.0,,,,2.0,3.0,4.0,,4.0,,35.0,1.0,26.0,147.0,14,60.87,0.0,1.0,1.0,0.0,0.0,0.0,1.0,0.0,,1.0,0.0,1.0,,0.0,0.0,0.0,,,0.0,,1.0,False,5.0,5.0,75.0,1,,,Sudah kerjasama BPJS,,,,Sudah kerjasama BPJS,,2,2,100.0
5102021,RS Umum Dharma Kerti,RSU,RS Umum,D,Swasta,RS Privat,Bali,Tabanan,11.0,2.0,3.0,2.0,3.0,3.0,,,2.0,,3.0,,,3.0,,2.0,,,1.0,1.0,,1.0,,4.0,,2.0,35.0,12,52.17,,,,,,,,,,,,,,,,,,,,,,,,,,0,,,,,,,,,0,0,
5102043,RS Umum Bhakti Rahayu Tabanan,RSU,RS Umum,D,Swasta,RS Privat,Bali,Tabanan,9.0,,4.0,1.0,2.0,3.0,,,1.0,,4.0,,,2.0,,,,,1.0,1.0,,1.0,,3.0,,4.0,29.0,10,43.48,,,,,,,,,,,,,,,,,,,,,,,,,,0,,,,,,,Sudah kerjasama BPJS,,1,1,100.0
5102044,RS Umum Wisma Prashanti,RSU,RS Umum,C,Swasta,RS Privat,Bali,Tabanan,10.0,,5.0,1.0,3.0,2.0,,,1.0,,5.0,,,3.0,,,,,,,,2.0,,6.0,,2.0,31.0,8,34.78,,,,,,,,,,,,,,,,,,,,,,,,,,0,,,,,,,Sudah kerjasama BPJS,,1,1,100.0
5102046,RS Umum Kasih Ibu Tabanan,RSU,RS Umum,C,Swasta,RS Privat,Bali,Tabanan,11.0,2.0,6.0,4.0,6.0,4.0,,,4.0,,6.0,,,6.0,,1.0,,1.0,2.0,2.0,,4.0,,6.0,,7.0,56.0,13,56.52,,,,,,,,,,,,,,,,,,,,,,,,,,0,,,,,,,Sudah kerjasama BPJS,,1,1,100.0
5102047,RS Umum Daerah Singasana,RSU,RS Umum,C,Pemkab,RS Publik,Bali,Tabanan,16.0,5.0,3.0,2.0,2.0,3.0,,,2.0,,3.0,,,2.0,,1.0,,,1.0,1.0,,1.0,,11.0,,7.0,53.0,12,52.17,,,,,,,,,,,,,,,,,,,,,,,,,,0,,,,,,,,,0,0,
5102048,RS Umum Bali Holistik,RSU,RS Umum,D,Swasta,RS Privat,Bali,Tabanan,6.0,1.0,1.0,,,1.0,,,,,1.0,,,,,,,,,1.0,,1.0,,2.0,,1.0,14.0,8,34.78,,,,,,,,,,,,,,,,,,,,,,,,,,0,,,,,,,,,0,0,
5102049,RS Umum Semara Ratih,RSU,RS Umum,C,Swasta,RS Privat,Bali,Tabanan,9.0,1.0,3.0,1.0,1.0,1.0,,,1.0,,3.0,,,1.0,,,,,1.0,1.0,,1.0,,1.0,,2.0,22.0,11,47.83,,,,,,,,,,,,,,,,,,,,,,,,,,0,,,,,,,Sudah kerjasama BPJS,,1,1,100.0
5102051,RS Ibu dan Anak Cahaya Bunda,RSIA,RS Khusus,C,Swasta,RS Privat,Bali,Tabanan,7.0,,1.0,3.0,3.0,1.0,,,3.0,,1.0,,,3.0,,,,,,,,2.0,,4.0,,,21.0,7,30.43,,,,,,,,,,,,,,,,,,,,,,,,,,0,,,,,,,Sudah kerjasama BPJS,,1,1,100.0
5102052,RS Ibu dan Anak Puri Bunda Tabanan,RSIA,RS Khusus,C,Swasta,RS Privat,Bali,Tabanan,11.0,,1.0,5.0,4.0,1.0,,,5.0,,1.0,,,4.0,,,,,1.0,1.0,,3.0,,3.0,,,30.0,9,39.13,,,,,,,,,,,,,,,,,,,,,,,,,,0,,,,,,,Sudah kerjasama BPJS,,1,1,100.0
5103021,RS Khusus Bedah BIMC,RSK BEDAH,RS Khusus,C,Swasta,RS Privat,Bali,Badung,15.0,2.0,3.0,2.0,3.0,4.0,,,2.0,,3.0,,,3.0,,1.0,,,,3.0,,4.0,,7.0,,3.0,47.0,11,47.83,,,,,,,,,,,,,,,,,,,,,,,,,,0,,,,,,,,,0,0,
5103032,RS Daerah Mangusada,RSU,RS Umum,B,Pemkab,RS Publik,Bali,Badung,36.0,3.0,6.0,8.0,6.0,5.0,2.0,,8.0,,6.0,1.0,,6.0,,1.0,,3.0,3.0,2.0,,4.0,,29.0,,18.0,127.0,15,65.22,0.0,1.0,0.0,0.0,0.0,0.0,1.0,0.0,,1.0,0.0,1.0,,1.0,1.0,0.0,,,0.0,,1.0,False,6.0,6.0,75.0,1,Sudah kerjasama BPJS,,Sudah kerjasama BPJS,,,Sudah kerjasama BPJS,Sudah kerjasama BPJS,,4,4,100.0
5103033,RS Umum Kasih Ibu Kedonganan,RSU,RS Umum,C,Swasta Non Profit,RS Publik,Bali,Badung,14.0,5.0,2.0,3.0,4.0,4.0,,,3.0,,2.0,,,4.0,,1.0,,,,1.0,,4.0,,2.0,,5.0,45.0,11,47.83,,,,,,,,,,,,,,,,,,,,,,,,,,0,,,,,,,Sudah kerjasama BPJS,,1,1,100.0
5103034,RS Khusus Bedah BIMC Nusa Dua,RSK BEDAH,RS Khusus,B,Swasta,RS Privat,Bali,Badung,20.0,1.0,3.0,1.0,1.0,4.0,,,1.0,,3.0,,,1.0,,,,,1.0,2.0,,3.0,,,,5.0,41.0,10,43.48,,,,,,,,,,,,,,,,,,,,,,,,,,0,,,,,,,,,0,0,
5103035,RS Umum Siloam Bali,RSU,RS Umum,B,Swasta,RS Privat,Bali,Badung,30.0,4.0,6.0,5.0,7.0,5.0,1.0,1.0,5.0,,6.0,1.0,1.0,7.0,,2.0,,3.0,1.0,4.0,,6.0,,46.0,,7.0,130.0,17,73.91,,,,,,,,,,,,,,,,,,,,,,,,,,0,,,Sudah kerjasama BPJS,,Sudah kerjasama BPJS,,,,2,2,100.0
5103036,RS Umum Surya Husadha Nusa Dua,RSU,RS Umum,C,Swasta,RS Privat,Bali,Badung,,,,,,,,,,,,,,,,,,,,,,,,,,,,0,0.0,,,,,,,,,,,,,,,,,,,,,,,,,,0,,,,,,,Sudah kerjasama BPJS,,1,1,100.0
5103038,RS Bali Jimbaran,RSU,RS Umum,C,Swasta,RS Privat,Bali,Badung,24.0,1.0,4.0,8.0,5.0,3.0,,,8.0,,4.0,,,5.0,,1.0,,,,1.0,,3.0,,15.0,,4.0,69.0,11,47.83,,,,,,,,,,,,,,,,,,,,,,,,,,0,,Sudah kerjasama BPJS,,Sudah kerjasama BPJS,,,Sudah kerjasama BPJS,,3,3,100.0
5103040,RS Universitas Udayana,RSU,RS Umum,B,Kementerian Lain,RS Publik,Bali,Badung,12.0,6.0,5.0,4.0,4.0,2.0,,,4.0,,5.0,,,4.0,,1.0,,1.0,1.0,2.0,,5.0,,23.0,,6.0,72.0,13,56.52,,,,,,,,,,,,,,,,,,,,,,,,,,0,,,,,,Sudah kerjasama BPJS,Sudah kerjasama BPJS,,2,2,100.0
5103041,RS Umum Garba Med,RSU,RS Umum,C,Swasta,RS Privat,Bali,Badung,12.0,4.0,3.0,3.0,5.0,4.0,,,3.0,,3.0,,,5.0,,,,,,3.0,,2.0,,5.0,,2.0,43.0,10,43.48,,,,,,,,,,,,,,,,,,,,,,,,,,0,,,,,,,Sudah kerjasama BPJS,,1,1,100.0
5103052,RS Umum Murni Teguh Tuban Bali,RSU,RS Umum,C,Swasta,RS Privat,Bali,Badung,13.0,,4.0,3.0,6.0,4.0,,,3.0,,4.0,,,6.0,,1.0,,2.0,1.0,1.0,,3.0,,10.0,1.0,5.0,54.0,13,56.52,,,,,,,,,,,,,,,,,,,,,,,,,,0,Sudah kerjasama BPJS,,,,,Sudah kerjasama BPJS,Sudah kerjasama BPJS,,3,3,100.0
5103053,RS Windu Husada,RSU,RS Umum,C,Swasta,RS Privat,Bali,Badung,10.0,1.0,2.0,3.0,3.0,4.0,,,3.0,,2.0,,,3.0,,1.0,,,1.0,2.0,,1.0,,4.0,,2.0,34.0,12,52.17,,,,,,,,,,,,,,,,,,,,,,,,,,0,,,,,,Sudah kerjasama BPJS,Sudah kerjasama BPJS,,2,2,100.0
5104012,RS Umum Daerah Sanjiwani Gianyar,RSU,RS Umum,B,Pemkab,RS Publik,Bali,Gianyar,45.0,4.0,5.0,8.0,5.0,5.0,1.0,2.0,8.0,,5.0,,,5.0,,5.0,,2.0,1.0,2.0,,5.0,,34.0,,14.0,138.0,15,65.22,0.0,0.0,1.0,0.0,0.0,0.0,1.0,0.0,,0.0,0.0,1.0,2.0,0.0,0.0,0.0,,,0.0,,1.0,False,5.0,4.0,80.0,1,Sudah kerjasama BPJS,,Sudah kerjasama BPJS,Sudah kerjasama BPJS,Sudah kerjasama BPJS,Sudah kerjasama BPJS,Sudah kerjasama BPJS,,6,6,100.0
5104023,RS Umum Premagana,RSU,RS Umum,C,Swasta,RS Privat,Bali,Gianyar,8.0,2.0,4.0,12.0,3.0,3.0,,,12.0,,4.0,,,3.0,,,,,1.0,1.0,,6.0,,10.0,,5.0,55.0,11,47.83,,,,,,,,,,,,,,,,,,,,,,,,,,0,,,,,,,Sudah kerjasama BPJS,,1,1,100.0
5104034,RS Umum Ganesha,RSU,RS Umum,C,Swasta,RS Privat,Bali,Gianyar,17.0,4.0,6.0,4.0,3.0,6.0,,,4.0,,6.0,,,3.0,,2.0,,1.0,1.0,2.0,1.0,4.0,,9.0,,6.0,66.0,14,60.87,,,,,,,,,,,,,,,,,,,,,,,,,,0,Sudah kerjasama BPJS,,Sudah kerjasama BPJS,Sudah kerjasama BPJS,,Sudah kerjasama BPJS,Sudah kerjasama BPJS,,5,5,100.0
5104035,RS Umum Ari Canti,RSU,RS Umum,C,Swasta,RS Privat,Bali,Gianyar,26.0,3.0,6.0,7.0,4.0,3.0,1.0,,7.0,,6.0,,,4.0,,3.0,,,1.0,3.0,,5.0,,13.0,1.0,8.0,84.0,14,60.87,,,,,,,,,,,,,,,,,,,,,,,,,,0,Sudah kerjasama BPJS,,,,,,,,1,1,100.0
5104036,RS Umum Famili Husada,RSU,RS Umum,C,Swasta,RS Privat,Bali,Gianyar,,,,,,,,,,,,,,,,,,,,,,,,,,,,0,0.0,,,,,,,,,,,,,,,,,,,,,,,,,,0,,,,,,,,,0,0,
5104037,RS Umum Kasih Ibu Saba,RSU,RS Umum,C,Swasta,RS Privat,Bali,Gianyar,14.0,2.0,6.0,2.0,1.0,4.0,,,2.0,,6.0,,,1.0,,1.0,,,,1.0,,3.0,,,1.0,1.0,36.0,11,47.83,,,,,,,,,,,,,,,,,,,,,,,,,,0,,,,,,,,,0,0,
5104039,RS Umum Payangan,RSU,RS Umum,C,Pemkab,RS Publik,Bali,Gianyar,24.0,3.0,2.0,2.0,3.0,2.0,,,2.0,,2.0,,,3.0,,,,1.0,1.0,2.0,,2.0,,12.0,,6.0,60.0,12,52.17,,,,,,,,,,,,,,,,,,,,,,,,,,0,,,,,,,Sudah kerjasama BPJS,,1,1,100.0
5104050,RS Kenak Medika,RSU,RS Umum,D,Swasta,RS Privat,Bali,Gianyar,7.0,2.0,,,,,,,,,,,,,,,,,,,,,,,,,9.0,2,8.7,,,,,,,,,,,,,,,,,,,,,,,,,,0,,,,,,,,,0,0,
5105013,RS Umum Daerah Klungkung,RSU,RS Umum,B,Pemkab,RS Publik,Bali,Klungkung,38.0,5.0,6.0,6.0,6.0,4.0,1.0,,6.0,,6.0,,,6.0,,2.0,,2.0,2.0,1.0,,3.0,,20.0,,16.0,112.0,14,60.87,0.0,0.0,0.0,1.0,0.0,0.0,0.0,0.0,0.0,0.0,0.0,0.0,,0.0,0.0,1.0,1.0,0.0,0.0,1.0,1.0,False,4.0,4.0,95.0,1,,Sudah kerjasama BPJS,,Sudah kerjasama BPJS,,Sudah kerjasama BPJS,Sudah kerjasama BPJS,,4,4,100.0
5105014,RS Umum Permata Hati,RSU,RS Umum,D,Swasta,RS Privat,Bali,Klungkung,19.0,3.0,4.0,4.0,5.0,3.0,,,4.0,,4.0,,,5.0,,,,,1.0,1.0,,3.0,,6.0,,4.0,53.0,11,47.83,,,,,,,,,,,,,,,,,,,,,,,,,,0,,,,,,,,,0,0,
5105015,RS Umum Bintang,RSU,RS Umum,C,Swasta,RS Privat,Bali,Klungkung,13.0,1.0,4.0,4.0,4.0,3.0,,,4.0,,4.0,,,4.0,,2.0,,1.0,1.0,1.0,,3.0,,9.0,,5.0,51.0,13,56.52,,,,,,,,,,,,,,,,,,,,,,,,,,0,Sudah kerjasama BPJS,,,,,,,,1,1,100.0
5105016,RS Umum Daerah Gema Santi Nusa Penida,RSU,RS Umum,D,Pemkab,RS Publik,Bali,Klungkung,11.0,6.0,1.0,,1.0,1.0,,,,,1.0,,,1.0,,,,,,,,,,5.0,,9.0,34.0,7,30.43,,,,,,,,,,,,,,,,,,,,,,,,,,0,,,,,,,Sudah kerjasama BPJS,,1,1,100.0
5105017,RS Umum Grha Bhakti Medika,RSU,RS Umum,C,Swasta,RS Privat,Bali,Klungkung,7.0,1.0,5.0,2.0,2.0,3.0,,,2.0,,5.0,,,2.0,,,,,,,,,,6.0,,3.0,29.0,8,34.78,,,,,,,,,,,,,,,,,,,,,,,,,,0,,Sudah kerjasama BPJS,Sudah kerjasama BPJS,Sudah kerjasama BPJS,,Sudah kerjasama BPJS,Sudah kerjasama BPJS,,5,5,100.0
5106014,RS Umum Daerah Bangli,RSU,RS Umum,B,Pemkab,RS Publik,Bali,Bangli,40.0,6.0,5.0,6.0,7.0,4.0,,,6.0,,5.0,,,7.0,,1.0,,1.0,2.0,1.0,,2.0,,16.0,,13.0,104.0,13,56.52,0.0,0.0,0.0,0.0,0.0,0.0,0.0,0.0,0.0,0.0,0.0,0.0,,0.0,0.0,1.0,1.0,0.0,0.0,4.0,1.0,False,6.0,3.0,95.0,1,Sudah kerjasama BPJS,,,Sudah kerjasama BPJS,,Sudah kerjasama BPJS,Sudah kerjasama BPJS,,4,4,100.0
5106025,RS Jiwa Provinsi Bali,RSK Jiwa,RS Khusus,A,Pemprop,RS Publik,Bali,Bangli,30.0,2.0,1.0,,1.0,,,,,,1.0,,,1.0,,,,,1.0,1.0,,,,6.0,,6.0,48.0,8,34.78,,,,,,,,,,,,,,,,,,,,,,,,,,0,,,,,,,Sudah kerjasama BPJS,,1,1,100.0
5106026,RS Umum Bangli Medika Canti,RSU,RS Umum,C,Swasta,RS Privat,Bali,Bangli,16.0,2.0,6.0,4.0,4.0,2.0,,,4.0,,6.0,,,4.0,,,,,1.0,,,2.0,,5.0,,4.0,46.0,10,43.48,,,,,,,,,,,,,,,,,,,,,,,,,,0,,,,,Sudah kerjasama BPJS,,,,1,1,100.0
5107015,RS Umum Daerah Karangasem,RSU,RS Umum,C,Pemkab,RS Publik,Bali,Karangasem,35.0,6.0,3.0,7.0,3.0,3.0,,,7.0,,3.0,,,3.0,,,,1.0,1.0,1.0,,2.0,,22.0,,11.0,95.0,12,52.17,0.0,0.0,0.0,0.0,0.0,0.0,0.0,0.0,0.0,0.0,0.0,0.0,,0.0,0.0,1.0,1.0,0.0,0.0,9.0,1.0,False,11.0,3.0,95.0,1,,,,,,Sudah kerjasama BPJS,Sudah kerjasama BPJS,,2,2,100.0
5107017,RS Umum Balimed Karangasem,RSU,RS Umum,C,Swasta,RS Privat,Bali,Karangasem,,,,,,,,,,,,,,,,,,,,,,,,,,,,0,0.0,,,,,,,,,,,,,,,,,,,,,,,,,,0,,,,Sudah kerjasama BPJS,,,Sudah kerjasama BPJS,,2,2,100.0
5107018,RS Pratama Kubu,RSU,RS Umum,D PRATAMA,Pemkab,RS Publik,Bali,Karangasem,6.0,3.0,,,,,,,,,,,,,,,,,,,,,,2.0,,1.0,12.0,4,17.39,,,,,,,,,,,,,,,,,,,,,,,,,,0,,,,,,,,,0,0,
5108016,RS Umum Daerah Kab. Buleleng,RSU,RS Umum,B,Pemkab,RS Publik,Bali,Buleleng,26.0,2.0,4.0,5.0,4.0,6.0,,,5.0,,4.0,,,4.0,,3.0,,2.0,1.0,2.0,,5.0,,33.0,1.0,21.0,115.0,14,60.87,0.0,1.0,1.0,0.0,0.0,0.0,1.0,0.0,,0.0,0.0,1.0,,0.0,0.0,0.0,,,0.0,,1.0,False,4.0,4.0,75.0,1,Sudah kerjasama BPJS,,,,Sudah kerjasama BPJS,Sudah kerjasama BPJS,Sudah kerjasama BPJS,,4,4,100.0
5108020,RS Tk. IV Singaraja,RSU,RS Umum,D,TNI,RS Publik,Bali,Buleleng,13.0,2.0,2.0,3.0,2.0,2.0,,,3.0,,2.0,,,2.0,,,,,,,,2.0,,1.0,,1.0,28.0,9,39.13,,,,,,,,,,,,,,,,,,,,,,,,,,0,,,,,,,,,0,0,
5108031,RS Umum Kertha Usadha,RSU,RS Umum,C,Swasta Non Profit,RS Publik,Bali,Buleleng,22.0,1.0,7.0,3.0,5.0,4.0,1.0,,3.0,,7.0,,,5.0,,2.0,,1.0,1.0,3.0,1.0,4.0,,12.0,1.0,8.0,76.0,16,69.57,,,,,,,,,,,,,,,,,,,,,,,,,,0,Sudah kerjasama BPJS,,Sudah kerjasama BPJS,,,,Sudah kerjasama BPJS,,3,3,100.0
5108042,RS umum Karya Dharma Husada,RSU,RS Umum,C,Swasta Non Profit,RS Publik,Bali,Buleleng,7.0,,5.0,4.0,2.0,2.0,,,4.0,,5.0,,,2.0,,,,,1.0,,,2.0,,1.0,,1.0,25.0,9,39.13,,,,,,,,,,,,,,,,,,,,,,,,,,0,,,,,,,Sudah kerjasama BPJS,,1,1,100.0
5108064,RS Umum Parama Sidhi ,RSU,RS Umum,C,Swasta,RS Privat,Bali,Buleleng,12.0,1.0,4.0,4.0,4.0,3.0,,,4.0,,4.0,,,4.0,,1.0,,,1.0,1.0,,3.0,,6.0,1.0,2.0,43.0,13,56.52,,,,,,,,,,,,,,,,,,,,,,,,,,0,,,,,,,Sudah kerjasama BPJS,,1,1,100.0
5108075,RS Umum Shanti Graha,RSU,RS Umum,D,Swasta,RS Privat,Bali,Buleleng,4.0,,3.0,2.0,1.0,2.0,,,2.0,,3.0,,,1.0,,,,,1.0,,,2.0,,3.0,,1.0,19.0,9,39.13,,,,,,,,,,,,,,,,,,,,,,,,,,0,,,,,,,,,0,0,
5108077,RS Umum Daerah Tangguwisia,RSU,RS Umum,D,Pemkab,RS Publik,Bali,Buleleng,14.0,1.0,1.0,1.0,1.0,1.0,,,1.0,,1.0,,,1.0,,,,,,,,1.0,,3.0,,3.0,26.0,9,39.13,,,,,,,,,,,,,,,,,,,,,,,,,,0,,,,,,,,,0,0,
5108079,RS Umum Daerah Giri Emas,RSU,RS Umum,D,Pemkab,RS Publik,Bali,Buleleng,9.0,2.0,1.0,1.0,1.0,1.0,,,1.0,,1.0,,,1.0,,,,,1.0,,,1.0,,6.0,,4.0,27.0,10,43.48,,,,,,,,,,,,,,,,,,,,,,,,,,0,,,,,,,Sudah kerjasama BPJS,,1,1,100.0
5108080,RS Balimed Buleleng,RSU,RS Umum,C,Swasta,RS Privat,Bali,Buleleng,12.0,2.0,4.0,6.0,5.0,3.0,1.0,1.0,6.0,,4.0,,,5.0,,2.0,,1.0,1.0,2.0,,2.0,,9.0,1.0,4.0,56.0,16,69.57,,,,,,,,,,,,,,,,,,,,,,,,,,0,Sudah kerjasama BPJS,,,,,,,,1,1,100.0
5171016,RSUP Prof. Dr. I.G.N.G. Ngoerah,RSU,RS Umum,A,Kemkes,RS Publik,Bali,Kota Denpasar,1635.0,8.0,10.0,4.0,7.0,7.0,5.0,2.0,4.0,4.0,10.0,3.0,1.0,7.0,2.0,3.0,1.0,9.0,5.0,2.0,4.0,16.0,,60.0,6.0,53.0,1847.0,22,95.65,1.0,2.0,0.0,1.0,1.0,0.0,1.0,1.0,,1.0,1.0,1.0,,1.0,1.0,0.0,,1.0,0.0,,1.0,False,13.0,12.0,80.0,1,Sudah kerjasama BPJS,,Sudah kerjasama BPJS,Sudah kerjasama BPJS,,Sudah kerjasama BPJS,Sudah kerjasama BPJS,Sudah kerjasama BPJS,6,6,100.0
5171020,RS Umum Daerah Wangaya,RSU,RS Umum,B,Pemkot,RS Publik,Bali,Kota Denpasar,35.0,4.0,5.0,8.0,9.0,7.0,,,8.0,,5.0,,,9.0,,3.0,,1.0,1.0,3.0,,4.0,,24.0,,13.0,117.0,13,56.52,0.0,0.0,1.0,0.0,0.0,0.0,1.0,0.0,,0.0,0.0,1.0,,0.0,2.0,0.0,,,0.0,,1.0,False,5.0,4.0,75.0,1,,Belum kerjasama BPJS,,Belum kerjasama BPJS,,Sudah kerjasama BPJS,Sudah kerjasama BPJS,,4,2,50.0
5171031,RS TK. II Udayana,RSU,RS Umum,C,TNI,RS Publik,Bali,Kota Denpasar,23.0,5.0,4.0,4.0,3.0,3.0,,1.0,4.0,,4.0,,,3.0,,1.0,,1.0,1.0,1.0,,5.0,,19.0,1.0,5.0,77.0,15,65.22,,,,,,,,,,,,,,,,,,,,,,,,,,0,Sudah kerjasama BPJS,,,,,,,,1,1,100.0
5171053,RS Umum Manuaba,RSU,RS Umum,C,Swasta Non Profit,RS Publik,Bali,Kota Denpasar,7.0,2.0,2.0,1.0,3.0,2.0,,,1.0,,2.0,,,3.0,,,,,,,,2.0,,2.0,,3.0,24.0,9,39.13,,,,,,,,,,,,,,,,,,,,,,,,,,0,,,,,,,,,0,0,
5171064,RS Khusus Mata Bali Mandara,RSK Mata,RS Khusus,A,Pemprop,RS Publik,Bali,Kota Denpasar,17.0,,,,,,,,,,,,,,,,,,1.0,1.0,,2.0,,3.0,,1.0,25.0,6,26.09,,,,,,,,,,,,,,,,,,,,,,,,,,0,,,,,,,,,0,0,
5171086,RS Umum Surya Husadha,RSU,RS Umum,C,Swasta Non Profit,RS Publik,Bali,Kota Denpasar,16.0,5.0,6.0,4.0,9.0,5.0,2.0,,4.0,1.0,6.0,1.0,2.0,9.0,,3.0,,2.0,1.0,5.0,,4.0,,19.0,,8.0,93.0,17,73.91,,,,,,,,,,,,,,,,,,,,,,,,,,0,Sudah kerjasama BPJS,,,Sudah kerjasama BPJS,,,Sudah kerjasama BPJS,,3,3,100.0
5171097,RS Umum Bali Royal,RSU,RS Umum,C,Swasta,RS Privat,Bali,Kota Denpasar,26.0,7.0,11.0,21.0,11.0,7.0,1.0,,21.0,,11.0,,,11.0,,2.0,,2.0,1.0,3.0,,12.0,,14.0,1.0,8.0,127.0,15,65.22,,,,,,,,,,,,,,,,,,,,,,,,,,0,,,,,,,,,0,0,
5171111,RS Umum Kasih Ibu,RSU,RS Umum,C,Swasta Non Profit,RS Publik,Bali,Kota Denpasar,27.0,8.0,12.0,8.0,10.0,8.0,,,8.0,,12.0,,,10.0,,2.0,,1.0,1.0,2.0,,6.0,,11.0,,8.0,104.0,13,56.52,,,,,,,,,,,,,,,,,,,,,,,,,,0,,,,,,,,,0,0,
5171122,RS Umum Dharma Yadnya,RSU,RS Umum,C,Swasta Non Profit,RS Publik,Bali,Kota Denpasar,11.0,1.0,7.0,3.0,3.0,3.0,,,3.0,,7.0,,,3.0,,,,,1.0,1.0,,5.0,,9.0,,6.0,50.0,11,47.83,,,,,,,,,,,,,,,,,,,,,,,,,,0,,,,,,,Sudah kerjasama BPJS,,1,1,100.0
5171133,RS Umum Puri Raharja,RSU,RS Umum,C,Swasta Non Profit,RS Publik,Bali,Kota Denpasar,14.0,3.0,18.0,4.0,6.0,7.0,,,4.0,,18.0,,,6.0,,1.0,,,1.0,2.0,,6.0,,9.0,,4.0,75.0,12,52.17,,,,,,,,,,,,,,,,,,,,,,,,,,0,Sudah kerjasama BPJS,,Sudah kerjasama BPJS,Belum kerjasama BPJS,,Sudah kerjasama BPJS,Sudah kerjasama BPJS,,5,4,80.0
5171155,RS Umum Bhakti Rahayu,RSU,RS Umum,D,Swasta Non Profit,RS Publik,Bali,Kota Denpasar,16.0,,7.0,5.0,3.0,5.0,,,5.0,,7.0,,,3.0,,,,1.0,1.0,1.0,,7.0,,5.0,,2.0,53.0,11,47.83,,,,,,,,,,,,,,,,,,,,,,,,,,0,,,,,,,,,0,0,
5171166,RS Ibu dan Anak Harapan Bunda,RSIA,RS Khusus,C,Swasta,RS Privat,Bali,Kota Denpasar,3.0,,2.0,4.0,4.0,,,,4.0,,2.0,,,4.0,,,,,,,,3.0,,,,,16.0,5,21.74,,,,,,,,,,,,,,,,,,,,,,,,,,0,,,,,,,,,0,0,
5171181,RS Gigi dan Mulut Saraswati Denpasar,RSK GM,RS Khusus,B,Swasta Non Profit,RS Publik,Bali,Kota Denpasar,4.0,55.0,1.0,,,,,,,,1.0,,,,,,,,,,,1.0,,,,4.0,65.0,5,21.74,,,,,,,,,,,,,,,,,,,,,,,,,,0,,,,,,,,,0,0,
5171192,RS Umum Prima Medika,RSU,RS Umum,C,Swasta,RS Privat,Bali,Kota Denpasar,25.0,3.0,10.0,20.0,9.0,8.0,1.0,7.0,20.0,,10.0,,,9.0,,2.0,,2.0,1.0,3.0,1.0,13.0,,11.0,,11.0,127.0,16,69.57,,,,,,,,,,,,,,,,,,,,,,,,,,0,,,,,Sudah kerjasama BPJS,,Sudah kerjasama BPJS,,2,2,100.0
5171203,RS Umum Balimed,RSU,RS Umum,C,Swasta,RS Privat,Bali,Kota Denpasar,28.0,5.0,9.0,24.0,9.0,9.0,1.0,1.0,24.0,,9.0,1.0,,9.0,,1.0,,2.0,1.0,5.0,,7.0,,19.0,,10.0,132.0,16,69.57,,,,,,,,,,,,,,,,,,,,,,,,,,0,Sudah kerjasama BPJS,Sudah kerjasama BPJS,,Sudah kerjasama BPJS,,Sudah kerjasama BPJS,Sudah kerjasama BPJS,,5,5,100.0
5171215,RS Ibu dan Anak Puri Bunda,RSIA,RS Khusus,C,Swasta,RS Privat,Bali,Kota Denpasar,22.0,,2.0,33.0,13.0,,,,33.0,,2.0,,,13.0,,,,1.0,1.0,1.0,,8.0,,11.0,,,92.0,9,39.13,,,,,,,,,,,,,,,,,,,,,,,,,,0,,,,,,,Sudah kerjasama BPJS,,1,1,100.0
5171216,RS Bhayangkara Denpasar,RSU,RS Umum,C,POLRI,RS Publik,Bali,Kota Denpasar,21.0,2.0,3.0,2.0,2.0,1.0,,,2.0,,3.0,,,2.0,,,,,1.0,1.0,,2.0,,5.0,,6.0,46.0,11,47.83,,,,,,,,,,,,,,,,,,,,,,,,,,0,,,,,,,,,0,0,
5171217,RS Umum Surya Husadha,RSU,RS Umum,D,Swasta Non Profit,RS Publik,Bali,Kota Denpasar,9.0,5.0,6.0,5.0,5.0,5.0,,,5.0,,6.0,,,5.0,,2.0,,,1.0,2.0,,3.0,,8.0,,3.0,54.0,12,52.17,,,,,,,,,,,,,,,,,,,,,,,,,,0,,,,,,,Sudah kerjasama BPJS,,1,1,100.0
5171219,RS Khusus Ibu dan Anak Pucuk Permata Hati,RSIA,RS Khusus,C,Swasta,RS Privat,Bali,Kota Denpasar,4.0,,,5.0,3.0,,,,5.0,,,,,3.0,,,,,,,,4.0,,4.0,,,20.0,5,21.74,,,,,,,,,,,,,,,,,,,,,,,,,,0,,,,,,,,,0,0,
5171220,RS Umum Daerah Bali Mandara Provinsi Bali,RSU,RS Umum,B,Pemprop,RS Publik,Bali,Kota Denpasar,44.0,16.0,6.0,4.0,5.0,4.0,1.0,1.0,4.0,,6.0,,,5.0,,2.0,,2.0,2.0,4.0,2.0,6.0,1.0,39.0,2.0,29.0,170.0,18,78.26,1.0,1.0,0.0,1.0,0.0,0.0,1.0,0.0,,1.0,1.0,1.0,,1.0,1.0,0.0,,,1.0,,1.0,False,10.0,10.0,75.0,1,Sudah kerjasama BPJS,,Sudah kerjasama BPJS,Sudah kerjasama BPJS,Sudah kerjasama BPJS,Sudah kerjasama BPJS,Sudah kerjasama BPJS,Belum kerjasama BPJS,7,6,85.71
5171221,RS Khusus Mata Ramata,RSK Mata,RS Khusus,C,Swasta,RS Privat,Bali,Kota Denpasar,9.0,,,,,,,,,,,,,,,,,,,,,1.0,,,,,10.0,2,8.7,,,,,,,,,,,,,,,,,,,,,,,,,,0,,,,,,,,,0,0,
5171232,RS Ibu dan Anak Bunda Denpasar,RSIA,RS Khusus,C,Swasta,RS Privat,Bali,Kota Denpasar,,,,,,,,,,,,,,,,,,,,,,,,,,,,0,0.0,,,,,,,,,,,,,,,,,,,,,,,,,,0,,,,,,,,,0,0,
5201010,RS Umum Daerah Patut Patuh Patju,RSU,RS Umum,B,Pemkab,RS Publik,Nusa Tenggara Barat,Lombok Barat,25.0,1.0,3.0,3.0,3.0,3.0,,,3.0,,3.0,,,3.0,,1.0,,1.0,2.0,1.0,,3.0,,26.0,,8.0,80.0,13,56.52,0.0,0.0,0.0,0.0,0.0,0.0,0.0,0.0,,0.0,0.0,0.0,,0.0,0.0,0.0,,,0.0,,1.0,False,0.0,0.0,75.0,1,,,,,Sudah kerjasama BPJS,Sudah kerjasama BPJS,Sudah kerjasama BPJS,,3,3,100.0
5201012,RS Umum Daerah Awet Muda Narmada,RSU,RS Umum,C,Pemkab,RS Publik,Nusa Tenggara Barat,Lombok Barat,22.0,2.0,2.0,2.0,2.0,2.0,,,2.0,,2.0,,,2.0,,1.0,,,1.0,1.0,,2.0,,18.0,,10.0,65.0,12,52.17,,,,,,,,,,,,,,,,,,,,,,,,,,0,,,,,,,Sudah kerjasama BPJS,,1,1,100.0
5202011,RS Umum Praya,RSU,RS Umum,C,Pemkab,RS Publik,Nusa Tenggara Barat,Lombok Tengah,35.0,2.0,2.0,4.0,2.0,2.0,,,4.0,,2.0,,,2.0,,1.0,,1.0,1.0,1.0,,2.0,,34.0,1.0,17.0,105.0,14,60.87,0.0,0.0,0.0,0.0,0.0,0.0,0.0,0.0,,0.0,0.0,0.0,,0.0,0.0,0.0,,,0.0,,1.0,False,0.0,0.0,75.0,1,,,,,,Sudah kerjasama BPJS,Sudah kerjasama BPJS,,2,2,100.0
5202022,RS Islam Yatofa,RSU,RS Umum,D,Swasta Non Profit,RS Publik,Nusa Tenggara Barat,Lombok Tengah,12.0,,1.0,1.0,1.0,1.0,,,1.0,,1.0,,,1.0,,,,1.0,1.0,,,1.0,,12.0,,5.0,36.0,10,43.48,,,,,,,,,,,,,,,,,,,,,,,,,,0,,,,,,Sudah kerjasama BPJS,Sudah kerjasama BPJS,,2,2,100.0
5202023,RS Ibu dan Anak Bhumi Bunda,RSIA,RS Khusus,C,Swasta Non Profit,RS Publik,Nusa Tenggara Barat,Lombok Tengah,3.0,,,1.0,1.0,,,,1.0,,,,,1.0,,,,,,,,,,1.0,,,6.0,4,17.39,,,,,,,,,,,,,,,,,,,,,,,,,,0,,,,,,,,,0,0,
5202024,RS Cahaya Medika,RSU,RS Umum,D,Swasta,RS Privat,Nusa Tenggara Barat,Lombok Tengah,5.0,,,,,,,,,,,,,,,,,,,,,,,,,,5.0,1,4.35,,,,,,,,,,,,,,,,,,,,,,,,,,0,,,,,,,Sudah kerjasama BPJS,,1,1,100.0
5202035,RS Mandalika Provinsi Nusa Tenggara Barat,RSU,RS Umum,C,Pemprop,RS Publik,Nusa Tenggara Barat,Lombok Tengah,9.0,,1.0,1.0,1.0,,,,1.0,,1.0,,,1.0,,1.0,,,,1.0,,,,6.0,,6.0,26.0,8,34.78,,,,,,,,,,,,,,,,,,,,,,,,,,0,,,,,,,Sudah kerjasama BPJS,,1,1,100.0
5202036,RS Umum Adikarsa,RSU,RS Umum,D,Swasta,RS Privat,Nusa Tenggara Barat,Lombok Tengah,,,,,,,,,,,,,,,,,,,,,,,,,,,,0,0.0,,,,,,,,,,,,,,,,,,,,,,,,,,0,,,,,,,,,0,0,
5203012,RS Umum Daerah Dr. R. Soedjono Selong,RSU,RS Umum,B,Pemkab,RS Publik,Nusa Tenggara Barat,Lombok Timur,43.0,3.0,4.0,2.0,3.0,4.0,,,2.0,,4.0,,,3.0,,1.0,,1.0,1.0,2.0,,3.0,,42.0,,25.0,134.0,13,56.52,0.0,0.0,1.0,0.0,0.0,0.0,0.0,0.0,,0.0,0.0,0.0,,2.0,0.0,0.0,,,0.0,,1.0,False,3.0,2.0,75.0,1,,,,Sudah kerjasama BPJS,,Sudah kerjasama BPJS,Sudah kerjasama BPJS,,3,3,100.0
5203024,RS Islam Namira,RSU,RS Umum,C,Swasta,RS Privat,Nusa Tenggara Barat,Lombok Timur,11.0,1.0,2.0,1.0,2.0,2.0,,,1.0,,2.0,,,2.0,,,,,,1.0,,1.0,,7.0,,2.0,30.0,10,43.48,,,,,,,,,,,,,,,,,,,,,,,,,,0,,,,,,,,,0,0,
5203025,RS Lotim Medical Center,RSU,RS Umum,D,Swasta,RS Privat,Nusa Tenggara Barat,Lombok Timur,7.0,,2.0,2.0,3.0,4.0,,,2.0,,2.0,,,3.0,,,,1.0,1.0,1.0,,2.0,,4.0,,3.0,30.0,11,47.83,,,,,,,,,,,,,,,,,,,,,,,,,,0,,,,,,Sudah kerjasama BPJS,Sudah kerjasama BPJS,,2,2,100.0
5203027,RS Umum Daerah Lombok Timur,RSU,RS Umum,D,Pemkab,RS Publik,Nusa Tenggara Barat,Lombok Timur,11.0,2.0,2.0,1.0,1.0,1.0,,,1.0,,2.0,,,1.0,,,,,1.0,,,1.0,,13.0,,7.0,40.0,10,43.48,,,,,,,,,,,,,,,,,,,,,,,,,,0,,,,,,,Sudah kerjasama BPJS,,1,1,100.0
5203028,RS Islam S. Anggoro,RSU,RS Umum,D,Swasta,RS Privat,Nusa Tenggara Barat,Lombok Timur,7.0,,2.0,1.0,1.0,1.0,,,1.0,,2.0,,,1.0,,1.0,,,,1.0,,1.0,,5.0,,1.0,21.0,10,43.48,,,,,,,,,,,,,,,,,,,,,,,,,,0,,,,,,,,,0,0,
5203029,RS Ibu dan Anak Kuncup Bunga,RSIA,RS Khusus,C,Swasta,RS Privat,Nusa Tenggara Barat,Lombok Timur,4.0,,,2.0,,,,,2.0,,,,,,,,,,,,,,,1.0,,,7.0,3,13.04,,,,,,,,,,,,,,,,,,,,,,,,,,0,,,,,,,,,0,0,
5203030,RS Umum Daerah Patuh Karya,RSU,RS Umum,D,Pemkab,RS Publik,Nusa Tenggara Barat,Lombok Timur,10.0,,1.0,1.0,1.0,,,,1.0,,1.0,,,1.0,,,,,,,,1.0,,8.0,,6.0,28.0,7,30.43,,,,,,,,,,,,,,,,,,,,,,,,,,0,,,,,,,,,0,0,
5203041,RS Umum Daerah Selaparang,RSU,RS Umum,D PRATAMA,Pemkab,RS Publik,Nusa Tenggara Barat,Lombok Timur,,,,,,,,,,,,,,,,,,,,,,,,,,,,0,0.0,,,,,,,,,,,,,,,,,,,,,,,,,,0,,,,,,,,,0,0,
5203042,RS Ibu dan Anak Permata Hati Lombok Timur,RSIA,RS Khusus,C,Swasta,RS Privat,Nusa Tenggara Barat,Lombok Timur,7.0,,1.0,3.0,3.0,1.0,,,3.0,,1.0,,,3.0,,,,,,,,2.0,,1.0,,,18.0,7,30.43,,,,,,,,,,,,,,,,,,,,,,,,,,0,,,,,,,,,0,0,
5204013,RS Umum Sumbawa Besar,RSU,RS Umum,C,Pemkab,RS Publik,Nusa Tenggara Barat,Sumbawa,25.0,3.0,2.0,2.0,3.0,2.0,,,2.0,,2.0,,,3.0,,1.0,,1.0,1.0,2.0,,1.0,,22.0,1.0,13.0,79.0,14,60.87,0.0,0.0,1.0,0.0,1.0,0.0,0.0,1.0,0.0,0.0,0.0,1.0,,0.0,1.0,0.0,1.0,0.0,0.0,7.0,1.0,False,13.0,7.0,95.0,1,,,,,,Sudah kerjasama BPJS,Sudah kerjasama BPJS,,2,2,100.0
5206027,RS H. L. Manambai Abdulkadir,RSU,RS Umum,C,Pemprop,RS Publik,Nusa Tenggara Barat,Sumbawa,41.0,2.0,2.0,3.0,2.0,1.0,,,3.0,,2.0,,,2.0,,1.0,,1.0,2.0,1.0,,1.0,,32.0,,12.0,101.0,13,56.52,0.0,1.0,0.0,0.0,0.0,0.0,0.0,0.0,,0.0,0.0,1.0,,0.0,0.0,0.0,,,0.0,,1.0,False,2.0,2.0,75.0,1,,Sudah kerjasama BPJS,,,,,Sudah kerjasama BPJS,,2,2,100.0
5207004,RS Surya Medika PKU Muhammadiyah Sumbawa,RSU,RS Umum,D,Swasta Non Profit,RS Publik,Nusa Tenggara Barat,Sumbawa,11.0,2.0,2.0,1.0,2.0,1.0,,,1.0,,2.0,,,2.0,,,,,1.0,1.0,,2.0,,,,1.0,24.0,10,43.48,,,,,,,,,,,,,,,,,,,,,,,,,,0,,,,,,,Sudah kerjasama BPJS,,1,1,100.0
5205014,RS Umum Dompu,RSU,RS Umum,C,Pemkab,RS Publik,Nusa Tenggara Barat,Dompu,27.0,3.0,12.0,2.0,1.0,1.0,,,2.0,,12.0,,,1.0,,,,,1.0,1.0,,1.0,,11.0,,13.0,73.0,11,47.83,0.0,0.0,0.0,0.0,1.0,0.0,0.0,1.0,0.0,0.0,0.0,1.0,,0.0,1.0,0.0,0.0,0.0,0.0,2.0,1.0,False,6.0,5.0,95.0,1,,,,,,,Sudah kerjasama BPJS,,1,1,100.0
5205016,RS Umum Daerah Manggelewa,RSU,RS Umum,D,Pemkab,RS Publik,Nusa Tenggara Barat,Dompu,9.0,,1.0,1.0,1.0,1.0,,,1.0,,1.0,,,1.0,,1.0,,,,,,,,18.0,,3.0,35.0,8,34.78,,,,,,,,,,,,,,,,,,,,,,,,,,0,,,,,,,,,0,0,
5206015,RS Umum Bima,RSU,RS Umum,C,Pemkab,RS Publik,Nusa Tenggara Barat,Bima,39.0,2.0,3.0,3.0,2.0,3.0,,,3.0,,3.0,,,2.0,,,,,1.0,1.0,,3.0,,36.0,1.0,16.0,110.0,12,52.17,0.0,0.0,1.0,0.0,1.0,0.0,0.0,1.0,0.0,0.0,0.0,1.0,,0.0,1.0,0.0,0.0,0.0,0.0,2.0,1.0,False,7.0,6.0,95.0,1,,,,,,,Sudah kerjasama BPJS,,1,1,100.0
5206029,RS Umum Daerah Sondosia Kab. Bima,RSU,RS Umum,D,Pemkab,RS Publik,Nusa Tenggara Barat,Bima,9.0,1.0,,,,,,,,,,,,,,,,,,,,,,18.0,,7.0,35.0,4,17.39,,,,,,,,,,,,,,,,,,,,,,,,,,0,,,,,,,,,0,0,
5207002,RS Umum Daerah Asy-Syifa Sumbawa Barat,RSU,RS Umum,C,Pemkab,RS Publik,Nusa Tenggara Barat,Sumbawa Barat,19.0,2.0,1.0,1.0,1.0,1.0,,,1.0,,1.0,,,1.0,,,,,2.0,1.0,,,,17.0,,8.0,53.0,10,43.48,0.0,0.0,0.0,0.0,1.0,0.0,0.0,0.0,0.0,0.0,0.0,1.0,,0.0,1.0,0.0,0.0,0.0,0.0,3.0,1.0,False,6.0,4.0,95.0,1,,,,,,,Sudah kerjasama BPJS,,1,1,100.0
5208002,RS Umum Kab. Lombok Utara,RSU,RS Umum,C,Pemkab,RS Publik,Nusa Tenggara Barat,Lombok Utara,26.0,1.0,3.0,3.0,3.0,2.0,,,3.0,,3.0,,,3.0,,1.0,,,1.0,1.0,,,,25.0,,9.0,75.0,11,47.83,0.0,0.0,0.0,0.0,1.0,0.0,0.0,1.0,0.0,0.0,0.0,1.0,,0.0,1.0,0.0,0.0,0.0,0.0,1.0,1.0,False,5.0,5.0,95.0,1,,,,,,,Sudah kerjasama BPJS,,1,1,100.0
5271010,RS Umum Daerah Provinsi NTB,RSU,RS Umum,A,Pemprop,RS Publik,Nusa Tenggara Barat,Kota Mataram,84.0,8.0,9.0,10.0,10.0,6.0,,,10.0,,9.0,,,10.0,,6.0,,4.0,3.0,6.0,1.0,7.0,,79.0,6.0,23.0,262.0,15,65.22,1.0,2.0,1.0,1.0,1.0,0.0,1.0,0.0,,1.0,1.0,1.0,,1.0,2.0,0.0,,,0.0,,1.0,False,13.0,11.0,75.0,1,Sudah kerjasama BPJS,,Sudah kerjasama BPJS,Sudah kerjasama BPJS,Sudah kerjasama BPJS,Sudah kerjasama BPJS,Sudah kerjasama BPJS,Belum kerjasama BPJS,7,6,85.71
5271021,RS Angkatan Darat REM Wira Bhakti Mataram,RSU,RS Umum,D,TNI,RS Publik,Nusa Tenggara Barat,Kota Mataram,25.0,6.0,1.0,4.0,3.0,3.0,,,4.0,,1.0,,,3.0,,1.0,,,1.0,,,2.0,,11.0,,4.0,61.0,11,47.83,,,,,,,,,,,,,,,,,,,,,,,,,,0,,,,,,,Sudah kerjasama BPJS,,1,1,100.0
5271032,RS Islam Siti Hajar,RSU,RS Umum,C,Swasta Non Profit,RS Publik,Nusa Tenggara Barat,Kota Mataram,5.0,1.0,5.0,3.0,4.0,3.0,,,3.0,,5.0,,,4.0,,2.0,,,1.0,2.0,,6.0,,11.0,,6.0,49.0,12,52.17,,,,,,,,,,,,,,,,,,,,,,,,,,0,Sudah kerjasama BPJS,,,,,,Sudah kerjasama BPJS,,2,2,100.0
5271043,RS Umum Khatolik Saint Antonius  Ampenan,RSU,RS Umum,D,Swasta Non Profit,RS Publik,Nusa Tenggara Barat,Kota Mataram,14.0,1.0,2.0,2.0,1.0,1.0,,,2.0,,2.0,,,1.0,,1.0,,,1.0,,,1.0,,,,,24.0,9,39.13,,,,,,,,,,,,,,,,,,,,,,,,,,0,,,,,,,,,0,0,
5271054,RS Jiwa Mutiara Sukma,RSK Jiwa,RS Khusus,B,Pemprop,RS Publik,Nusa Tenggara Barat,Kota Mataram,13.0,1.0,1.0,,1.0,,,,,,1.0,,,1.0,,,,,1.0,1.0,,1.0,,12.0,,2.0,33.0,9,39.13,,,,,,,,,,,,,,,,,,,,,,,,,,0,,,,,,,Sudah kerjasama BPJS,,1,1,100.0
5271065,RS Bhayangkara Mataram,RSU,RS Umum,C,POLRI,RS Publik,Nusa Tenggara Barat,Kota Mataram,12.0,3.0,2.0,4.0,1.0,2.0,1.0,,4.0,,2.0,,,1.0,,2.0,,,1.0,1.0,,2.0,,9.0,,4.0,44.0,13,56.52,,,,,,,,,,,,,,,,,,,,,,,,,,0,,,,,,,Sudah kerjasama BPJS,,1,1,100.0
5271076,RS Risa Sentra Medika,RSU,RS Umum,C,Swasta,RS Privat,Nusa Tenggara Barat,Kota Mataram,10.0,3.0,4.0,3.0,5.0,4.0,,,3.0,,4.0,,,5.0,,2.0,,2.0,2.0,1.0,,3.0,,15.0,1.0,5.0,60.0,14,60.87,,,,,,,,,,,,,,,,,,,,,,,,,,0,,,,,,,,,0,0,
5271087,RS Umum Daerah Kota Mataram,RSU,RS Umum,B,Pemkot,RS Publik,Nusa Tenggara Barat,Kota Mataram,,,,,,,,,,,,,,,,,,,,,,,,,,,,0,0.0,0.0,0.0,1.0,0.0,0.0,0.0,0.0,0.0,,0.0,0.0,1.0,,0.0,1.0,0.0,,,0.0,,1.0,False,3.0,3.0,75.0,1,,,,Sudah kerjasama BPJS,,Sudah kerjasama BPJS,Sudah kerjasama BPJS,,3,3,100.0
5271098,RS Bio Medika,RSU,RS Umum,D,Swasta,RS Privat,Nusa Tenggara Barat,Kota Mataram,6.0,2.0,4.0,1.0,2.0,1.0,,,1.0,,4.0,,,2.0,,2.0,,,1.0,1.0,,1.0,,11.0,,1.0,33.0,12,52.17,,,,,,,,,,,,,,,,,,,,,,,,,,0,,,,,,,,,0,0,
5271099,RS Ibu dan Anak Permata Hati,RSIA,RS Khusus,C,Swasta,RS Privat,Nusa Tenggara Barat,Kota Mataram,7.0,,1.0,11.0,6.0,,,,11.0,1.0,1.0,,,6.0,,,,,,,,3.0,,,,,29.0,6,26.09,,,,,,,,,,,,,,,,,,,,,,,,,,0,,,,,,,,,0,0,
5271100,Siloam Hospitals Mataram,RSU,RS Umum,C,Swasta,RS Privat,Nusa Tenggara Barat,Kota Mataram,14.0,1.0,5.0,5.0,4.0,2.0,,,5.0,,5.0,,,4.0,,2.0,,1.0,1.0,2.0,,2.0,,10.0,,5.0,54.0,13,56.52,,,,,,,,,,,,,,,,,,,,,,,,,,0,,,,,,,,,0,0,
5271101,RS Universitas Mataram,RSU,RS Umum,C,Swasta,RS Privat,Nusa Tenggara Barat,Kota Mataram,27.0,1.0,3.0,3.0,3.0,4.0,,,3.0,,3.0,,,3.0,,2.0,,2.0,3.0,1.0,,2.0,,19.0,1.0,10.0,81.0,14,60.87,,,,,,,,,,,,,,,,,,,,,,,,,,0,,,,,,,Sudah kerjasama BPJS,,1,1,100.0
5271102,RS Ibu dan Anak Tresna,RSIA,RS Khusus,C,Swasta,RS Privat,Nusa Tenggara Barat,Kota Mataram,3.0,,,3.0,2.0,,,,3.0,,,,,2.0,,,,,,,,1.0,,,,,9.0,4,17.39,,,,,,,,,,,,,,,,,,,,,,,,,,0,,,,,,,,,0,0,
5271103,RS Mata Nusa Tenggara Barat,RSK Mata,RS Khusus,C,Pemprop,RS Publik,Nusa Tenggara Barat,Kota Mataram,,,,,,,,,,,,,,,,,,,,,,,,,,,,0,0.0,,,,,,,,,,,,,,,,,,,,,,,,,,0,,,,,,,,,0,0,
5271104,RS Metro Medika,RSU,RS Umum,C,Swasta,RS Privat,Nusa Tenggara Barat,Kota Mataram,5.0,1.0,1.0,1.0,2.0,2.0,,,1.0,,1.0,,,2.0,,1.0,,,1.0,1.0,,1.0,,6.0,,2.0,24.0,12,52.17,,,,,,,,,,,,,,,,,,,,,,,,,,0,,,,,,,Sudah kerjasama BPJS,,1,1,100.0
5272003,RS Harapan Keluarga,RSU,RS Umum,C,Swasta,RS Privat,Nusa Tenggara Barat,Kota Mataram,22.0,1.0,5.0,4.0,1.0,4.0,,,4.0,,5.0,,,1.0,,2.0,,,1.0,2.0,1.0,4.0,,13.0,,9.0,69.0,13,56.52,,,,,,,,,,,,,,,,,,,,,,,,,,0,Sudah kerjasama BPJS,,,,,,,,1,1,100.0
5206028,RS PKU Muhammadiyah Bima,RSU,RS Umum,D,Swasta Non Profit,RS Publik,Nusa Tenggara Barat,Kota Bima,12.0,2.0,1.0,1.0,,1.0,,,1.0,,1.0,,,,,,,,1.0,,,1.0,,4.0,,,23.0,8,34.78,,,,,,,,,,,,,,,,,,,,,,,,,,0,,,,,,,Sudah kerjasama BPJS,,1,1,100.0
5206030,RS dr. Agung,RSU,RS Umum,D,Swasta,RS Privat,Nusa Tenggara Barat,Kota Bima,11.0,2.0,1.0,1.0,1.0,2.0,,,1.0,,1.0,,,1.0,,1.0,,,,,,1.0,,1.0,,3.0,24.0,10,43.48,,,,,,,,,,,,,,,,,,,,,,,,,,0,,,,,,,,,0,0,
5272005,RS Umum Daerah Kota Bima,RSU,RS Umum,D,Pemkot,RS Publik,Nusa Tenggara Barat,Kota Bima,24.0,2.0,2.0,1.0,1.0,1.0,,,1.0,,2.0,,,1.0,,,,,1.0,1.0,,1.0,,19.0,1.0,11.0,65.0,12,52.17,0.0,0.0,0.0,0.0,0.0,0.0,0.0,0.0,,0.0,0.0,0.0,,0.0,0.0,0.0,,,0.0,,1.0,False,0.0,0.0,75.0,1,,,,,,,Sudah kerjasama BPJS,,1,1,100.0
5303045,RS Umum Daerah Naibonat,RSU,RS Umum,C,Pemkab,RS Publik,Nusa Tenggara Timur,Kupang,26.0,1.0,1.0,2.0,1.0,2.0,,,2.0,,1.0,,,1.0,,1.0,,,1.0,1.0,,2.0,,5.0,,5.0,48.0,12,52.17,0.0,0.0,0.0,0.0,1.0,0.0,0.0,0.0,0.0,0.0,0.0,0.0,,0.0,1.0,0.0,0.0,0.0,0.0,3.0,1.0,False,5.0,3.0,95.0,1,,,,,,,,,0,0,
5304014,RS Umum Soe,RSU,RS Umum,C,Pemkab,RS Publik,Nusa Tenggara Timur,Timor Tengah Selatan,25.0,2.0,,1.0,2.0,2.0,,,1.0,,,,,2.0,,1.0,,,1.0,1.0,,1.0,,11.0,,6.0,53.0,11,47.83,0.0,0.0,0.0,0.0,1.0,0.0,0.0,0.0,,0.0,0.0,0.0,,0.0,0.0,0.0,,,0.0,,1.0,False,1.0,1.0,75.0,1,,,,,,,Sudah kerjasama BPJS,,1,1,100.0
5304015,RS Umum Muder Ignacia,RSU,RS Umum,D PRATAMA,Swasta Non Profit,RS Publik,Nusa Tenggara Timur,Timor Tengah Selatan,4.0,1.0,,,,,,,,,,,,,,,,,,,,,,4.0,,,9.0,3,13.04,,,,,,,,,,,,,,,,,,,,,,,,,,0,,,,,,,,,0,0,
5305015,RS Umum Daerah Kefamenanu,RSU,RS Umum,C,Pemkab,RS Publik,Nusa Tenggara Timur,Timor Tengah Utara,12.0,2.0,3.0,2.0,1.0,2.0,,,2.0,,3.0,,,1.0,,,,,1.0,1.0,,1.0,,13.0,,5.0,43.0,11,47.83,0.0,0.0,0.0,0.0,0.0,0.0,0.0,1.0,0.0,0.0,0.0,0.0,,0.0,1.0,0.0,0.0,0.0,1.0,4.0,1.0,False,7.0,4.0,95.0,1,,,,,,,Sudah kerjasama BPJS,,1,1,100.0
5305024,RS Umum Bunda Pembantu Abadi Naob,RSU,RS Umum,D,Swasta Non Profit,RS Publik,Nusa Tenggara Timur,Timor Tengah Utara,5.0,,,1.0,1.0,,,,1.0,,,,,1.0,,,,,,,,,,1.0,,,8.0,4,17.39,,,,,,,,,,,,,,,,,,,,,,,,,,0,,,,,,,,,0,0,
5305025,RS Umum Leona,RSU,RS Umum,C,Swasta,RS Privat,Nusa Tenggara Timur,Timor Tengah Utara,9.0,1.0,2.0,2.0,1.0,1.0,,,2.0,,2.0,,,1.0,,,,,1.0,1.0,,1.0,,4.0,,,23.0,10,43.48,,,,,,,,,,,,,,,,,,,,,,,,,,0,,,,,,,Sudah kerjasama BPJS,,1,1,100.0
5306016,RS Umum Daerah MGR Gabriel Manek,RSU,RS Umum,C,Pemkab,RS Publik,Nusa Tenggara Timur,Belu,,,,,,,,,,,,,,,,,,,,,,,,,,,,0,0.0,0.0,0.0,1.0,0.0,0.0,0.0,0.0,0.0,,0.0,0.0,0.0,,0.0,0.0,0.0,,,0.0,,1.0,False,1.0,1.0,75.0,1,,,,,,,Sudah kerjasama BPJS,,1,1,100.0
5306020,RS Katholik Marianum Halilulik,RSU,RS Umum,D,Swasta Non Profit,RS Publik,Nusa Tenggara Timur,Belu,9.0,,1.0,1.0,1.0,1.0,,,1.0,,1.0,,,1.0,,,,,1.0,1.0,,1.0,,1.0,,1.0,18.0,10,43.48,,,,,,,,,,,,,,,,,,,,,,,,,,0,,,,,,,,,0,0,
5306031,RS Sito Husada,RSU,RS Umum,D,Swasta Non Profit,RS Publik,Nusa Tenggara Timur,Belu,6.0,,1.0,1.0,,,,,1.0,,1.0,,,,,,,,,,,1.0,,1.0,,,10.0,5,21.74,,,,,,,,,,,,,,,,,,,,,,,,,,0,,,,,,,Sudah kerjasama BPJS,,1,1,100.0
5306053,RS Tk. IV 09.07.04 Atambua,RSU,RS Umum,D,TNI,RS Publik,Nusa Tenggara Timur,Belu,11.0,2.0,1.0,1.0,,1.0,,,1.0,,1.0,,,,,,,,,,,,,2.0,,,18.0,6,26.09,,,,,,,,,,,,,,,,,,,,,,,,,,0,,,,,,,,,0,0,
5307010,RS Daerah Kalabahi,RSU,RS Umum,C,Pemkab,RS Publik,Nusa Tenggara Timur,Alor,20.0,1.0,1.0,1.0,1.0,1.0,,,1.0,,1.0,,,1.0,,,,,1.0,1.0,,1.0,,19.0,,8.0,55.0,11,47.83,0.0,0.0,0.0,0.0,0.0,0.0,0.0,0.0,,0.0,0.0,0.0,,0.0,0.0,0.0,,,0.0,,1.0,False,0.0,0.0,75.0,1,,,,,,,Sudah kerjasama BPJS,,1,1,100.0
5307021,RS Umum Kelas D Pratama Mola,RSU,RS Umum,D PRATAMA,Pemkab,RS Publik,Nusa Tenggara Timur,Alor,2.0,,,,,,,,,,,,,,,,,,,,,,,4.0,,,6.0,2,8.7,,,,,,,,,,,,,,,,,,,,,,,,,,0,,,,,,,,,0,0,
5309012,RS Umum Daerah dr. Hendrikus Fernandez Larantuka,RSU,RS Umum,C,Pemkab,RS Publik,Nusa Tenggara Timur,Flores Timur,11.0,1.0,3.0,2.0,2.0,1.0,,,2.0,,3.0,,,2.0,,,,,,2.0,,,,24.0,,11.0,57.0,9,39.13,0.0,0.0,1.0,0.0,1.0,0.0,0.0,0.0,,0.0,0.0,0.0,,0.0,0.0,0.0,,,0.0,,1.0,False,2.0,2.0,75.0,1,,,,,,,Sudah kerjasama BPJS,,1,1,100.0
5309046,RS Pratama Adonara,RSU,RS Umum,D PRATAMA,Pemkab,RS Publik,Nusa Tenggara Timur,Flores Timur,,,,,,,,,,,,,,,,,,,,,,,,,,,,0,0.0,,,,,,,,,,,,,,,,,,,,,,,,,,0,,,,,,,,,0,0,
5310012,RS Umum Dr TC Hillers Maumere,RSU,RS Umum,C,Pemkab,RS Publik,Nusa Tenggara Timur,Sikka,31.0,1.0,2.0,3.0,2.0,3.0,,,3.0,,2.0,,,2.0,,,,,2.0,1.0,,2.0,,21.0,,9.0,77.0,11,47.83,0.0,0.0,1.0,0.0,1.0,0.0,0.0,0.0,,0.0,0.0,0.0,,0.0,0.0,0.0,,,0.0,,1.0,False,2.0,2.0,75.0,1,,,,,,Sudah kerjasama BPJS,Sudah kerjasama BPJS,,2,2,100.0
5310023,RS St Elizabeth Lela,RSU,RS Umum,D,Swasta Non Profit,RS Publik,Nusa Tenggara Timur,Sikka,5.0,,1.0,,1.0,1.0,,,,,1.0,,,1.0,,,,,,,,,,2.0,,,10.0,5,21.74,,,,,,,,,,,,,,,,,,,,,,,,,,0,,,,,,,,,0,0,
5310034,RS Umum St. Gabriel Kewapante Sikka,RSU,RS Umum,D,Swasta Non Profit,RS Publik,Nusa Tenggara Timur,Sikka,3.0,,,,,1.0,,,,,,,,,,,,,,,,,,5.0,,1.0,10.0,4,17.39,,,,,,,,,,,,,,,,,,,,,,,,,,0,,,,,,,,,0,0,
5311013,RS Umum Daerah Ende,RSU,RS Umum,C,Pemkab,RS Publik,Nusa Tenggara Timur,Ende,13.0,1.0,2.0,3.0,2.0,2.0,,,3.0,,2.0,,,2.0,,,,1.0,1.0,,,2.0,,20.0,,11.0,58.0,11,47.83,0.0,0.0,1.0,0.0,0.0,0.0,0.0,0.0,,0.0,0.0,0.0,,0.0,0.0,0.0,,,0.0,,1.0,False,1.0,1.0,75.0,1,,,,,,Sudah kerjasama BPJS,Sudah kerjasama BPJS,,2,2,100.0
5311024,RS St Antonius Jopu,RSU,RS Umum,D,Swasta Non Profit,RS Publik,Nusa Tenggara Timur,Ende,8.0,,,,,,,,,,,,,,,,,,,,,,,5.0,,1.0,14.0,3,13.04,,,,,,,,,,,,,,,,,,,,,,,,,,0,,,,,,,,,0,0,
5311025,RS Kelas D Pratama Tanali,RSU,RS Umum,D PRATAMA,Pemkab,RS Publik,Nusa Tenggara Timur,Ende,1.0,,,,,,,,,,,,,,,,,,,,,,,3.0,,,4.0,2,8.7,,,,,,,,,,,,,,,,,,,,,,,,,,0,,,,,,,,,0,0,
5312014,RS Umum Bajawa,RSU,RS Umum,C,Pemkab,RS Publik,Nusa Tenggara Timur,Ngada,,,,,,,,,,,,,,,,,,,,,,,,,,,,0,0.0,0.0,0.0,0.0,0.0,1.0,0.0,0.0,0.0,,0.0,0.0,0.0,,0.0,0.0,0.0,,,0.0,,1.0,False,1.0,1.0,75.0,1,,,,,,,Sudah kerjasama BPJS,,1,1,100.0
5313015,RS Umum Daerah Ruteng,RSU,RS Umum,C,Pemkab,RS Publik,Nusa Tenggara Timur,Manggarai,15.0,4.0,2.0,2.0,2.0,1.0,,,2.0,,2.0,,,2.0,,,,,1.0,,,1.0,,20.0,,6.0,54.0,10,43.48,0.0,0.0,1.0,0.0,1.0,0.0,0.0,0.0,,0.0,0.0,0.0,,0.0,0.0,0.0,,,0.0,,1.0,False,2.0,2.0,75.0,1,,,,,,,Sudah kerjasama BPJS,,1,1,100.0
5313026,RS  ST Rafael Cancar,RSU,RS Umum,D,Swasta Non Profit,RS Publik,Nusa Tenggara Timur,Manggarai,6.0,,,,,,,,,,,,,,,,,,,,,,,4.0,,1.0,11.0,3,13.04,,,,,,,,,,,,,,,,,,,,,,,,,,0,,,,,,,,,0,0,
5313037,RS Pratama Reo,RSU,RS Umum,D PRATAMA,Pemkab,RS Publik,Nusa Tenggara Timur,Manggarai,,,,,,,,,,,,,,,,,,,,,,,,,,,,0,0.0,,,,,,,,,,,,,,,,,,,,,,,,,,0,,,,,,,,,0,0,
5302012,RS Kristen Lindimara,RSU,RS Umum,D,Swasta Non Profit,RS Publik,Nusa Tenggara Timur,Sumba Timur,12.0,1.0,,,1.0,1.0,,,,,,,,1.0,,,,,,,,,,6.0,,2.0,23.0,6,26.09,,,,,,,,,,,,,,,,,,,,,,,,,,0,,,,,,,Sudah kerjasama BPJS,,1,1,100.0
5302023,RS Umum Daerah Waingapu,RSU,RS Umum,C,Pemkab,RS Publik,Nusa Tenggara Timur,Sumba Timur,14.0,1.0,3.0,2.0,3.0,3.0,,,2.0,,3.0,,,3.0,,1.0,,1.0,2.0,1.0,,1.0,,12.0,2.0,5.0,51.0,14,60.87,0.0,1.0,0.0,0.0,1.0,0.0,0.0,0.0,,0.0,0.0,0.0,,0.0,0.0,0.0,,,0.0,,1.0,False,2.0,2.0,75.0,1,,,,,,,Sudah kerjasama BPJS,,1,1,100.0
5302034,RS Umum Imanuel Sumba,RSU,RS Umum,D,Swasta Non Profit,RS Publik,Nusa Tenggara Timur,Sumba Timur,4.0,,1.0,,,,,,,,1.0,,,,,,,,,,,,,3.0,,1.0,9.0,4,17.39,,,,,,,,,,,,,,,,,,,,,,,,,,0,,,,,,,Sudah kerjasama BPJS,,1,1,100.0
5302045,RS Ibu dan Anak Mitra Ananda,RSIA,RS Khusus,C,Swasta,RS Privat,Nusa Tenggara Timur,Sumba Timur,,,,,,,,,,,,,,,,,,,,,,,,,,,,0,0.0,,,,,,,,,,,,,,,,,,,,,,,,,,0,,,,,,,,,0,0,
5301011,RS Kristen Lende Moripa,RSU,RS Umum,D,Swasta Non Profit,RS Publik,Nusa Tenggara Timur,Sumba Barat,5.0,1.0,4.0,,1.0,1.0,,,,,4.0,,,1.0,,,,,,1.0,,1.0,,3.0,,2.0,19.0,9,39.13,,,,,,,,,,,,,,,,,,,,,,,,,,0,,,,,,,,,0,0,
5301033,RS Umum Waikabubak,RSU,RS Umum,C,Pemkab,RS Publik,Nusa Tenggara Timur,Sumba Barat,13.0,2.0,2.0,1.0,2.0,1.0,,,1.0,,2.0,,,2.0,,,,1.0,1.0,2.0,,1.0,,19.0,,3.0,48.0,12,52.17,0.0,0.0,0.0,0.0,1.0,0.0,0.0,0.0,,0.0,0.0,1.0,,0.0,0.0,0.0,,,0.0,,1.0,False,2.0,2.0,75.0,1,,,,,,Sudah kerjasama BPJS,Sudah kerjasama BPJS,,2,2,100.0
5301035,RS Umum Hobakalla,RSU,RS Umum,D,Pemkab,RS Publik,Nusa Tenggara Timur,Sumba Barat,3.0,1.0,,,,,,,,,,,,,,,,,,,,,,,,,4.0,2,8.7,,,,,,,,,,,,,,,,,,,,,,,,,,0,,,,,,,,,0,0,
5308023,RS  Bukit Lewoleba,RSU,RS Umum,D,Swasta Non Profit,RS Publik,Nusa Tenggara Timur,Lembata,4.0,,,,,,,,,,,,,,,,,,,,,,,7.0,,,11.0,2,8.7,,,,,,,,,,,,,,,,,,,,,,,,,,0,,,,,,,,,0,0,
5308045,RS Umum Daerah Lewoleba,RSU,RS Umum,C,Pemkab,RS Publik,Nusa Tenggara Timur,Lembata,4.0,,1.0,2.0,1.0,1.0,,,2.0,,1.0,,,1.0,,,,,,,,1.0,,16.0,,7.0,33.0,8,34.78,0.0,0.0,0.0,0.0,1.0,0.0,0.0,0.0,0.0,0.0,0.0,0.0,,0.0,1.0,0.0,0.0,0.0,0.0,2.0,1.0,False,4.0,3.0,95.0,1,,,,,,,Sudah kerjasama BPJS,,1,1,100.0
5309034,RS Damian Lembata,RSU,RS Umum,D,Swasta Non Profit,RS Publik,Nusa Tenggara Timur,Lembata,2.0,,1.0,1.0,,,,,1.0,,1.0,,,,,,,,,,,,,5.0,,2.0,11.0,5,21.74,,,,,,,,,,,,,,,,,,,,,,,,,,0,,,,,,,,,0,0,
5303024,RS Umum Daerah Rote Ndao Ba'a ,RSU,RS Umum,D,Pemkab,RS Publik,Nusa Tenggara Timur,Rote Ndao,13.0,1.0,1.0,1.0,1.0,1.0,,,1.0,,1.0,,,1.0,,,,,1.0,1.0,,1.0,,17.0,,6.0,44.0,11,47.83,0.0,0.0,0.0,0.0,1.0,0.0,0.0,1.0,0.0,0.0,0.0,0.0,,0.0,0.0,0.0,0.0,0.0,1.0,3.0,1.0,False,6.0,4.0,95.0,1,,,,,,,Sudah kerjasama BPJS,,1,1,100.0
5315002,RS Siloam Labuan Bajo,RSU,RS Umum,C,Swasta,RS Privat,Nusa Tenggara Timur,Manggarai Barat,20.0,1.0,3.0,2.0,1.0,1.0,,,2.0,,3.0,,,1.0,,,,,1.0,1.0,,1.0,,12.0,,6.0,49.0,11,47.83,,,,,,,,,,,,,,,,,,,,,,,,,,0,,,,,,,Sudah kerjasama BPJS,,1,1,100.0
5315003,RS Umum Daerah Komodo,RSU,RS Umum,C,Pemkab,RS Publik,Nusa Tenggara Timur,Manggarai Barat,16.0,1.0,2.0,3.0,2.0,1.0,,,3.0,,2.0,,,2.0,,,,,1.0,1.0,,2.0,,17.0,,10.0,56.0,11,47.83,0.0,0.0,1.0,0.0,1.0,0.0,0.0,0.0,,0.0,0.0,1.0,,0.0,0.0,0.0,,,0.0,,1.0,False,3.0,3.0,75.0,1,,,,,,,Sudah kerjasama BPJS,,1,1,100.0
5315004,RS Umum Santo Yoseph Labuan bajo,RSU,RS Umum,D,Swasta Non Profit,RS Publik,Nusa Tenggara Timur,Manggarai Barat,4.0,,2.0,,,2.0,,,,,2.0,,,,,,,,,,,1.0,,2.0,,,11.0,5,21.74,,,,,,,,,,,,,,,,,,,,,,,,,,0,,,,,,,,,0,0,
5318002,RS Umum Daerah Aeramo Kabupaten Nagekeo,RSU,RS Umum,C,Pemkab,RS Publik,Nusa Tenggara Timur,Nagekeo,18.0,1.0,2.0,2.0,,2.0,,,2.0,,2.0,,,,,,,,2.0,,,1.0,,16.0,,5.0,49.0,9,39.13,0.0,0.0,0.0,0.0,1.0,0.0,0.0,0.0,0.0,0.0,0.0,0.0,,0.0,0.0,0.0,1.0,0.0,0.0,0.0,1.0,False,2.0,2.0,95.0,1,,,,,,,Sudah kerjasama BPJS,,1,1,100.0
5316003,RS Umum Daerah Waibakul,RSU,RS Umum,C,Pemkab,RS Publik,Nusa Tenggara Timur,Sumba Tengah,8.0,,1.0,1.0,1.0,2.0,,,1.0,,1.0,,,1.0,,,,,,,,1.0,,15.0,,1.0,30.0,8,34.78,0.0,0.0,0.0,0.0,0.0,0.0,0.0,1.0,0.0,0.0,0.0,0.0,,0.0,1.0,0.0,0.0,0.0,1.0,1.0,1.0,False,4.0,4.0,95.0,1,,,,,,,,,0,0,
5301022,RS Karitas Weetabula,RSU,RS Umum,C,Swasta Non Profit,RS Publik,Nusa Tenggara Timur,Sumba Barat Daya,9.0,,2.0,1.0,1.0,1.0,,,1.0,,2.0,,,1.0,,,,,1.0,1.0,,1.0,,10.0,,4.0,31.0,10,43.48,,,,,,,,,,,,,,,,,,,,,,,,,,0,,,,,,,,,0,0,
5317002,RS Umum Daerah Reda Bolo,RSU,RS Umum,D,Pemkab,RS Publik,Nusa Tenggara Timur,Sumba Barat Daya,12.0,1.0,2.0,1.0,1.0,,,,1.0,,2.0,,,1.0,,,,,,1.0,,1.0,,10.0,,5.0,34.0,9,39.13,0.0,0.0,0.0,0.0,0.0,0.0,0.0,1.0,0.0,0.0,0.0,0.0,,0.0,1.0,0.0,0.0,0.0,1.0,3.0,1.0,False,6.0,4.0,95.0,1,,,,,,,,,0,0,
5319002,RS Umum Daerah Borong,RSU,RS Umum,D,Pemkab,RS Publik,Nusa Tenggara Timur,Manggarai Timur,7.0,1.0,1.0,1.0,1.0,1.0,,,1.0,,1.0,,,1.0,,,,,1.0,,,1.0,,12.0,,5.0,31.0,10,43.48,0.0,0.0,0.0,0.0,1.0,0.0,0.0,0.0,0.0,0.0,0.0,0.0,,0.0,0.0,0.0,0.0,0.0,0.0,2.0,1.0,False,3.0,2.0,95.0,1,,,,,,,,,0,0,
5320002,RS Umum Daerah Sabu Raijua,RSU,RS Umum,D,Pemkab,RS Publik,Nusa Tenggara Timur,Sabu Raijua,,,,,,,,,,,,,,,,,,,,,,,,,,,,0,0.0,0.0,0.0,0.0,0.0,0.0,0.0,0.0,1.0,0.0,0.0,0.0,0.0,,0.0,0.0,0.0,0.0,0.0,1.0,2.0,1.0,False,4.0,3.0,95.0,1,,,,,,,,,0,0,
5306042,RS Umum Penyangga Perbatasan Betun,RSU,RS Umum,C,Pemkab,RS Publik,Nusa Tenggara Timur,Malaka,,,,,,,,,,,,,,,,,,,,,,,,,,,,0,0.0,0.0,0.0,0.0,0.0,1.0,0.0,0.0,0.0,0.0,0.0,0.0,0.0,,0.0,0.0,0.0,0.0,0.0,0.0,2.0,1.0,False,3.0,2.0,95.0,1,,,,,,,Sudah kerjasama BPJS,,1,1,100.0
5303013,RS Umum Daerah S. K. Lerik,RSU,RS Umum,C,Pemkot,RS Publik,Nusa Tenggara Timur,Kota Kupang,11.0,1.0,2.0,5.0,2.0,2.0,,,5.0,,2.0,,,2.0,,,,,1.0,1.0,,2.0,,20.0,1.0,7.0,55.0,12,52.17,0.0,1.0,0.0,0.0,1.0,0.0,0.0,0.0,,0.0,0.0,1.0,,0.0,0.0,0.0,,,0.0,,1.0,False,3.0,3.0,75.0,1,,,,,,Sudah kerjasama BPJS,Sudah kerjasama BPJS,,2,2,100.0
5303022,RS Tk. III Wirasakti Kupang,RSU,RS Umum,C,TNI,RS Publik,Nusa Tenggara Timur,Kota Kupang,19.0,,5.0,4.0,2.0,2.0,,,4.0,,5.0,,,2.0,,1.0,,,,1.0,1.0,,,7.0,,4.0,46.0,10,43.48,,,,,,,,,,,,,,,,,,,,,,,,,,0,,,,,,Sudah kerjasama BPJS,,,1,1,100.0
5303028,RS Siloam Kupang,RSU,RS Umum,B,Swasta,RS Privat,Nusa Tenggara Timur,Kota Kupang,23.0,,4.0,3.0,2.0,4.0,,,3.0,,4.0,,,2.0,,1.0,,,,1.0,,2.0,,11.0,,6.0,57.0,10,43.48,,,,,,,,,,,,,,,,,,,,,,,,,,0,,,,,Sudah kerjasama BPJS,Sudah kerjasama BPJS,Sudah kerjasama BPJS,,3,3,100.0
5303033,RS Bhayangkara,RSU,RS Umum,C,POLRI,RS Publik,Nusa Tenggara Timur,Kota Kupang,37.0,2.0,3.0,2.0,2.0,2.0,,,2.0,,3.0,,,2.0,,1.0,,,,1.0,,1.0,,4.0,,2.0,57.0,11,47.83,,,,,,,,,,,,,,,,,,,,,,,,,,0,,,,,,Sudah kerjasama BPJS,Sudah kerjasama BPJS,,2,2,100.0
5303056,RS Umum Pusat dr. Ben Mboi,RSU,RS Umum,B,Kemkes,RS Publik,Nusa Tenggara Timur,Kota Kupang,13.0,2.0,3.0,2.0,2.0,2.0,,,2.0,,3.0,,,2.0,,1.0,,1.0,1.0,1.0,1.0,2.0,,10.0,3.0,7.0,51.0,15,65.22,0.0,1.0,0.0,0.0,1.0,0.0,0.0,0.0,,0.0,0.0,1.0,,0.0,1.0,0.0,,,0.0,,1.0,False,4.0,4.0,75.0,1,,,,,Sudah kerjasama BPJS,Sudah kerjasama BPJS,Sudah kerjasama BPJS,,3,3,100.0
5371011,RS Umum Prof. Dr. WZ Johanes,RSU,RS Umum,B,Pemprop,RS Publik,Nusa Tenggara Timur,Kota Kupang,53.0,10.0,10.0,7.0,6.0,6.0,,,7.0,,10.0,,,6.0,,3.0,,2.0,3.0,4.0,,4.0,,17.0,1.0,14.0,140.0,14,60.87,0.0,1.0,0.0,0.0,1.0,0.0,1.0,0.0,,1.0,0.0,1.0,,1.0,0.0,0.0,,,0.0,,1.0,False,6.0,6.0,75.0,1,Sudah kerjasama BPJS,,Sudah kerjasama BPJS,Sudah kerjasama BPJS,Sudah kerjasama BPJS,Sudah kerjasama BPJS,Sudah kerjasama BPJS,,6,6,100.0
5371046,RS TNI AL Lantamal VII Kupang,RSU,RS Umum,C,TNI,RS Publik,Nusa Tenggara Timur,Kota Kupang,12.0,1.0,2.0,1.0,2.0,2.0,,,1.0,,2.0,,,2.0,,,,,,1.0,,1.0,,2.0,1.0,4.0,29.0,11,47.83,,,,,,,,,,,,,,,,,,,,,,,,,,0,,,,,,,,,0,0,
5371047,RS Ibu dan Anak Dedari,RSIA,RS Khusus,C,Swasta Non Profit,RS Publik,Nusa Tenggara Timur,Kota Kupang,16.0,,1.0,5.0,5.0,,,,5.0,,1.0,,,5.0,,,,,1.0,1.0,,3.0,,5.0,,,37.0,8,34.78,,,,,,,,,,,,,,,,,,,,,,,,,,0,,,,,,Sudah kerjasama BPJS,Sudah kerjasama BPJS,,2,2,100.0
5371052,RS St. Carolus Borromeus,RSU,RS Umum,C,Swasta Non Profit,RS Publik,Nusa Tenggara Timur,Kota Kupang,29.0,1.0,6.0,3.0,4.0,1.0,,,3.0,,6.0,,,4.0,,,,1.0,2.0,2.0,,2.0,,12.0,1.0,5.0,69.0,13,56.52,,,,,,,,,,,,,,,,,,,,,,,,,,0,,,,,,Sudah kerjasama BPJS,,,1,1,100.0
5371054,RS Mamami,RSU,RS Umum,C,Swasta,RS Privat,Nusa Tenggara Timur,Kota Kupang,13.0,5.0,2.0,4.0,3.0,1.0,,,4.0,,2.0,,,3.0,,,,,,,,2.0,,7.0,,,37.0,8,34.78,,,,,,,,,,,,,,,,,,,,,,,,,,0,,,,,,,,,0,0,
5371057,RS Kartini,RSU,RS Umum,D,Swasta,RS Privat,Nusa Tenggara Timur,Kota Kupang,16.0,,5.0,2.0,2.0,1.0,,,2.0,,5.0,,,2.0,,1.0,,1.0,1.0,1.0,,1.0,,6.0,,2.0,39.0,12,52.17,,,,,,,,,,,,,,,,,,,,,,,,,,0,,,,,,Sudah kerjasama BPJS,Sudah kerjasama BPJS,,2,2,100.0
5371058,RS Umum Leona Kupang,RSU,RS Umum,C,Swasta Non Profit,RS Publik,Nusa Tenggara Timur,Kota Kupang,19.0,,6.0,5.0,3.0,2.0,,,5.0,,6.0,,,3.0,,1.0,,,,,,2.0,,13.0,1.0,8.0,60.0,10,43.48,,,,,,,,,,,,,,,,,,,,,,,,,,0,,,,,,,Sudah kerjasama BPJS,,1,1,100.0
5371059,RS Jiwa Naimata,RSK Jiwa,RS Khusus,C,Pemprop,RS Publik,Nusa Tenggara Timur,Kota Kupang,11.0,,1.0,,,,,,,,1.0,,,,,,,,1.0,,,,,6.0,,,19.0,4,17.39,,,,,,,,,,,,,,,,,,,,,,,,,,0,,,,,,,Sudah kerjasama BPJS,,1,1,100.0
5371060,RS Umum Universitas Nusa Cendana,RSU,RS Umum,C,Kementerian Lain,RS Publik,Nusa Tenggara Timur,Kota Kupang,10.0,,1.0,2.0,,,,,2.0,,1.0,,,,,,,2.0,1.0,1.0,,,,,,1.0,18.0,7,30.43,,,,,,,,,,,,,,,,,,,,,,,,,,0,,,,,,,,,0,0,
6101022,RS Umum Daerah Sambas,RSU,RS Umum,C,Pemkab,RS Publik,Kalimantan Barat,Sambas,16.0,6.0,2.0,2.0,1.0,2.0,,,2.0,,2.0,,,1.0,,,,,,1.0,,,,18.0,,5.0,53.0,9,39.13,0.0,0.0,0.0,0.0,0.0,0.0,0.0,0.0,0.0,0.0,0.0,0.0,,0.0,0.0,0.0,0.0,0.0,0.0,0.0,1.0,False,0.0,0.0,95.0,1,,,,,,,Sudah kerjasama BPJS,,1,1,100.0
6101033,RS Umum Daerah Pemangkat,RSU,RS Umum,C,Pemkab,RS Publik,Kalimantan Barat,Sambas,19.0,2.0,2.0,2.0,,2.0,,,2.0,,2.0,,,,,1.0,,,1.0,,,,,16.0,,5.0,50.0,9,39.13,0.0,0.0,0.0,0.0,0.0,0.0,0.0,0.0,0.0,0.0,0.0,0.0,,0.0,0.0,0.0,0.0,0.0,0.0,6.0,1.0,False,6.0,1.0,95.0,1,,,,,,,Sudah kerjasama BPJS,,1,1,100.0
6101135,RS Santa Elizabeth,RSU,RS Umum,D,Swasta Non Profit,RS Publik,Kalimantan Barat,Sambas,8.0,,3.0,1.0,2.0,,,,1.0,,3.0,,,2.0,,,,,,,,,,2.0,,2.0,18.0,6,26.09,,,,,,,,,,,,,,,,,,,,,,,,,,0,,,,,,,,,0,0,
6101137,RS Umum Daerah Teluk Keramat,RSU,RS Umum,D,Pemkab,RS Publik,Kalimantan Barat,Sambas,2.0,,,,,,,,,,,,,,,,,,,,,,,2.0,,2.0,6.0,3,13.04,,,,,,,,,,,,,,,,,,,,,,,,,,0,,,,,,,,,0,0,
6104014,RS Umum Daerah Dr. Rubini Mempawah,RSU,RS Umum,C,Pemkab,RS Publik,Kalimantan Barat,Mempawah,24.0,2.0,3.0,3.0,2.0,4.0,,,3.0,,3.0,,,2.0,,1.0,,1.0,1.0,2.0,,1.0,,24.0,,10.0,78.0,13,56.52,0.0,0.0,0.0,0.0,0.0,0.0,0.0,0.0,,0.0,0.0,0.0,,0.0,0.0,0.0,,,0.0,,1.0,False,0.0,0.0,75.0,1,Sudah kerjasama BPJS,,,,,Sudah kerjasama BPJS,Sudah kerjasama BPJS,,3,3,100.0
6105015,RS Umum Daerah M. Th. Djaman Sanggau,RSU,RS Umum,C,Pemkab,RS Publik,Kalimantan Barat,Sanggau,22.0,1.0,3.0,3.0,2.0,3.0,,,3.0,,3.0,,,2.0,,1.0,,,2.0,2.0,,1.0,,19.0,1.0,12.0,72.0,13,56.52,0.0,1.0,0.0,0.0,1.0,0.0,0.0,0.0,,0.0,0.0,0.0,,0.0,0.0,0.0,,,0.0,,1.0,False,2.0,2.0,75.0,1,,,,,,,Sudah kerjasama BPJS,,1,1,100.0
6105026,RS Parindu,RSU,RS Umum,C,Swasta,RS Privat,Kalimantan Barat,Sanggau,4.0,1.0,,,,,,,,,,,,,,,,,,,,1.0,,2.0,,,8.0,4,17.39,,,,,,,,,,,,,,,,,,,,,,,,,,0,,,,,,,Sudah kerjasama BPJS,,1,1,100.0
6105028,RS Umum Sentra Medika Sanggau,RSU,RS Umum,D,Swasta,RS Privat,Kalimantan Barat,Sanggau,,,,,,,,,,,,,,,,,,,,,,,,,,,,0,0.0,,,,,,,,,,,,,,,,,,,,,,,,,,0,,,,,,,,,0,0,
6105031,RS Umum Daerah Temenggung Gergaji,RSU,RS Umum,D,Pemkab,RS Publik,Kalimantan Barat,Sanggau,4.0,,,,,,,,,,,,,,,,,,,,,,,2.0,,2.0,8.0,3,13.04,,,,,,,,,,,,,,,,,,,,,,,,,,0,,,,,,,,,0,0,
6106016,RS Umum Daerah Dr. Agoesdjam Ketapang,RSU,RS Umum,C,Pemkab,RS Publik,Kalimantan Barat,Ketapang,23.0,2.0,3.0,2.0,1.0,3.0,,,2.0,,3.0,,,1.0,,1.0,,,1.0,1.0,,1.0,,24.0,,11.0,73.0,12,52.17,0.0,1.0,0.0,0.0,0.0,0.0,0.0,0.0,,0.0,0.0,1.0,,1.0,0.0,0.0,,,0.0,,1.0,False,3.0,3.0,75.0,1,,,,,,,Sudah kerjasama BPJS,,1,1,100.0
6106020,RS Fatima Ketapang,RSU,RS Umum,C,Swasta Non Profit,RS Publik,Kalimantan Barat,Ketapang,18.0,1.0,3.0,2.0,2.0,3.0,,,2.0,,3.0,,,2.0,,1.0,,,1.0,2.0,,1.0,,8.0,,6.0,48.0,12,52.17,,,,,,,,,,,,,,,,,,,,,,,,,,0,,,,,,,Sudah kerjasama BPJS,,1,1,100.0
6106021,RS Ibu dan Anak Permata Bunda,RSIA,RS Khusus,C,Swasta,RS Privat,Kalimantan Barat,Ketapang,9.0,,,2.0,2.0,,,,2.0,,,,,2.0,,,,,,,,2.0,,6.0,,,21.0,5,21.74,,,,,,,,,,,,,,,,,,,,,,,,,,0,,,,,,,,,0,0,
6107010,RS Umum Daerah Ade Muhammad Djoen Sintang ,RSU,RS Umum,C,Pemkab,RS Publik,Kalimantan Barat,Sintang,19.0,2.0,3.0,4.0,1.0,2.0,,,4.0,,3.0,,,1.0,,1.0,,1.0,2.0,1.0,,1.0,,21.0,,13.0,71.0,13,56.52,0.0,1.0,1.0,0.0,0.0,0.0,0.0,0.0,,0.0,0.0,1.0,,0.0,0.0,0.0,,,0.0,,1.0,False,3.0,3.0,75.0,1,Sudah kerjasama BPJS,,,,,Sudah kerjasama BPJS,Sudah kerjasama BPJS,,3,3,100.0
6107022,RS Tk. IV 12.07.02 Sintang,RSU,RS Umum,D,TNI,RS Publik,Kalimantan Barat,Sintang,17.0,1.0,1.0,2.0,1.0,1.0,,,2.0,,1.0,,,1.0,,2.0,,,,,,,,7.0,,3.0,35.0,9,39.13,,,,,,,,,,,,,,,,,,,,,,,,,,0,,,,,,,,,0,0,
6107024,RS Ibu dan Anak Bujang Dara Sintang,RSIA,RS Khusus,C,Swasta,RS Privat,Kalimantan Barat,Sintang,1.0,,,2.0,1.0,,,,2.0,,,,,1.0,,,,,,,,1.0,,3.0,,,8.0,5,21.74,,,,,,,,,,,,,,,,,,,,,,,,,,0,,,,,,,,,0,0,
6107025,RS Umum Anugrah Bunda Jaya Sintang,RSU,RS Umum,D,Swasta,RS Privat,Kalimantan Barat,Sintang,3.0,,2.0,3.0,2.0,2.0,,,3.0,,2.0,,,2.0,,1.0,,,,,,1.0,,1.0,,3.0,18.0,9,39.13,,,,,,,,,,,,,,,,,,,,,,,,,,0,,,,,,,,,0,0,
6107026,RS Pratama Serawai,RSU,RS Umum,D PRATAMA,Pemkab,RS Publik,Kalimantan Barat,Sintang,2.0,,,,,,,,,,,,,,,,,,,,,,,,,,2.0,1,4.35,,,,,,,,,,,,,,,,,,,,,,,,,,0,,,,,,,,,0,0,
6107027,RS Umum Sayang Ibu Sintang,RSU,RS Umum,D,Swasta,RS Privat,Kalimantan Barat,Sintang,,,,,,,,,,,,,,,,,,,,,,,,,,,,0,0.0,,,,,,,,,,,,,,,,,,,,,,,,,,0,,,,,,,,,0,0,
6107038,RS Jiwa Sudiyanto,RSK Jiwa,RS Khusus,C,Pemkab,RS Publik,Kalimantan Barat,Sintang,,,,,,,,,,,,,,,,,,,,,,,,,,,,0,0.0,,,,,,,,,,,,,,,,,,,,,,,,,,0,,,,,,,,,0,0,
6108011,RS Umum Daerah dr. Achmad Diponegoro Putussibau,RSU,RS Umum,C,Pemkab,RS Publik,Kalimantan Barat,Kapuas Hulu,14.0,2.0,4.0,1.0,2.0,1.0,,,1.0,,4.0,,,2.0,,,,,,1.0,,,,18.0,,6.0,49.0,9,39.13,0.0,0.0,0.0,0.0,0.0,0.0,0.0,0.0,,0.0,0.0,0.0,,0.0,0.0,0.0,,,0.0,,1.0,False,0.0,0.0,75.0,1,,,,,,,Sudah kerjasama BPJS,,1,1,100.0
6108012,RS Umum Daerah Badau,RSU,RS Umum,D,Pemkab,RS Publik,Kalimantan Barat,Kapuas Hulu,4.0,,,,,,,,,,,,,,,,,,,,,,,1.0,,1.0,6.0,3,13.04,,,,,,,,,,,,,,,,,,,,,,,,,,0,,,,,,,,,0,0,
6108014,RS Umum Daerah Semitau,RSU,RS Umum,D,Pemkab,RS Publik,Kalimantan Barat,Kapuas Hulu,5.0,,1.0,,,,,,,,1.0,,,,,,,,,,,,,1.0,,1.0,8.0,4,17.39,,,,,,,,,,,,,,,,,,,,,,,,,,0,,,,,,,,,0,0,
6102012,"RS Umum Daerah Drs. Jacobus Luna, M.Si",RSU,RS Umum,C,Pemkab,RS Publik,Kalimantan Barat,Bengkayang,11.0,,4.0,2.0,2.0,2.0,,,2.0,,4.0,,,2.0,,,,,1.0,1.0,,1.0,,13.0,,8.0,45.0,10,43.48,0.0,1.0,0.0,0.0,0.0,0.0,0.0,0.0,0.0,0.0,0.0,1.0,,0.0,0.0,0.0,0.0,0.0,0.0,0.0,1.0,False,2.0,2.0,95.0,1,,,,,,,Sudah kerjasama BPJS,,1,1,100.0
6102055,RS Umum Bethesda Serukam,RSU,RS Umum,C,Swasta Non Profit,RS Publik,Kalimantan Barat,Bengkayang,11.0,3.0,,1.0,,1.0,,,1.0,,,,,,,,,1.0,1.0,,,1.0,,2.0,,2.0,23.0,9,39.13,,,,,,,,,,,,,,,,,,,,,,,,,,0,,,,,,,Sudah kerjasama BPJS,,1,1,100.0
6103013,RS Umum Daerah Kabupaten Landak,RSU,RS Umum,C,Pemkab,RS Publik,Kalimantan Barat,Landak,13.0,2.0,2.0,1.0,2.0,2.0,,,1.0,,2.0,,,2.0,,,,,1.0,1.0,,1.0,,13.0,,8.0,46.0,11,47.83,0.0,0.0,0.0,0.0,0.0,0.0,0.0,0.0,0.0,0.0,0.0,0.0,,0.0,0.0,0.0,0.0,0.0,0.0,1.0,1.0,False,1.0,1.0,95.0,1,,,,,,,Sudah kerjasama BPJS,,1,1,100.0
6109012,RS Umum Daerah Sekadau,RSU,RS Umum,C,Pemkab,RS Publik,Kalimantan Barat,Sekadau,19.0,2.0,2.0,2.0,2.0,2.0,,,2.0,,2.0,,,2.0,,,,,1.0,1.0,,,,12.0,,8.0,51.0,10,43.48,0.0,0.0,0.0,1.0,0.0,0.0,0.0,0.0,0.0,0.0,0.0,0.0,,0.0,0.0,0.0,0.0,0.0,0.0,1.0,1.0,False,2.0,2.0,95.0,1,,,,,,,Sudah kerjasama BPJS,,1,1,100.0
6110012,RS Umum Daerah Kabupaten Melawi,RSU,RS Umum,C,Pemkab,RS Publik,Kalimantan Barat,Melawi,18.0,2.0,2.0,2.0,1.0,2.0,,,2.0,,2.0,,,1.0,,,,,1.0,1.0,,1.0,,11.0,,9.0,50.0,11,47.83,0.0,0.0,0.0,0.0,0.0,0.0,0.0,0.0,0.0,0.0,0.0,0.0,,0.0,0.0,0.0,0.0,0.0,0.0,1.0,1.0,False,1.0,1.0,95.0,1,,,,,,,Sudah kerjasama BPJS,,1,1,100.0
6110013,RS Umum Citra Husada Nanga Pinoh,RSU,RS Umum,D,Swasta,RS Privat,Kalimantan Barat,Melawi,,,,,,,,,,,,,,,,,,,,,,,,,,,,0,0.0,,,,,,,,,,,,,,,,,,,,,,,,,,0,,,,,,,,,0,0,
6110015,RS Umum Kasih Bunda Jaya Nanga Pinoh,RSU,RS Umum,D,Swasta,RS Privat,Kalimantan Barat,Melawi,8.0,1.0,1.0,1.0,1.0,1.0,,,1.0,,1.0,,,1.0,,,,,,,,,,4.0,,,17.0,7,30.43,,,,,,,,,,,,,,,,,,,,,,,,,,0,,,,,,,,,0,0,
6110016,RS Umum Daerah Belimbing,RSU,RS Umum,D,Pemkab,RS Publik,Kalimantan Barat,Melawi,7.0,1.0,,,,,,,,,,,,,,,,,,,,,,4.0,,6.0,18.0,4,17.39,,,,,,,,,,,,,,,,,,,,,,,,,,0,,,,,,,,,0,0,
6111002,RS Umum Daerah Sultan Muhammad Jamaludin I,RSU,RS Umum,C,Pemkab,RS Publik,Kalimantan Barat,Kayong Utara,13.0,1.0,,1.0,1.0,,,,1.0,,,,,1.0,,,,,,,,,,11.0,,6.0,33.0,6,26.09,0.0,0.0,0.0,0.0,0.0,0.0,0.0,0.0,0.0,0.0,0.0,0.0,,0.0,0.0,0.0,0.0,0.0,0.0,2.0,1.0,False,2.0,1.0,95.0,1,,,,,,,,,0,0,
6112002,RS Ibu dan Anak Anugrah,RSIA,RS Khusus,C,Swasta,RS Privat,Kalimantan Barat,Kubu Raya,7.0,3.0,,6.0,2.0,,,,6.0,,,,,2.0,,,,,1.0,1.0,,1.0,,8.0,,2.0,31.0,9,39.13,,,,,,,,,,,,,,,,,,,,,,,,,,0,,,,,,,,,0,0,
6112003,RS Umum Daerah Kabupaten Kubu Raya,RSU,RS Umum,D,Pemkab,RS Publik,Kalimantan Barat,Kubu Raya,9.0,,2.0,2.0,1.0,1.0,,,2.0,,2.0,,,1.0,,,,,,1.0,,1.0,,5.0,,4.0,26.0,9,39.13,0.0,0.0,0.0,0.0,0.0,0.0,0.0,0.0,0.0,0.0,0.0,0.0,,0.0,0.0,0.0,0.0,0.0,0.0,2.0,1.0,False,2.0,1.0,95.0,1,,,,,,,,,0,0,
6112135,RS Angkatan Udara dr. Mohammad Sutomo,RSU,RS Umum,C,TNI,RS Publik,Kalimantan Barat,Kubu Raya,19.0,4.0,1.0,1.0,,2.0,,,1.0,,1.0,,,,,,,,,,,,,1.0,,1.0,29.0,7,30.43,,,,,,,,,,,,,,,,,,,,,,,,,,0,,,,,,,,,0,0,
6171022,RS Tk. II Kartika Husada Kes.Dam XII Tanjungpura,RSU,RS Umum,C,TNI,RS Publik,Kalimantan Barat,Kubu Raya,14.0,2.0,2.0,,2.0,4.0,,,,,2.0,,,2.0,,1.0,,,1.0,1.0,,2.0,,10.0,,9.0,48.0,11,47.83,,,,,,,,,,,,,,,,,,,,,,,,,,0,,,,,,,Sudah kerjasama BPJS,,1,1,100.0
6171011,RS Umum Daerah Dr. Soedarso Pontianak,RSU,RS Umum,A,Pemprop,RS Publik,Kalimantan Barat,Kota Pontianak,,,,,,,,,,,,,,,,,,,,,,,,,,,,0,0.0,1.0,1.0,1.0,1.0,0.0,0.0,1.0,0.0,,1.0,1.0,1.0,,1.0,2.0,0.0,,1.0,0.0,,1.0,False,12.0,11.0,80.0,1,Sudah kerjasama BPJS,,Sudah kerjasama BPJS,,Sudah kerjasama BPJS,Sudah kerjasama BPJS,Sudah kerjasama BPJS,,5,5,100.0
6171033,RS Umum St. Antonius Pontianak,RSU,RS Umum,B,Swasta Non Profit,RS Publik,Kalimantan Barat,Kota Pontianak,19.0,2.0,5.0,2.0,5.0,2.0,1.0,,2.0,,5.0,1.0,1.0,5.0,,1.0,,1.0,1.0,2.0,,3.0,,6.0,,8.0,60.0,16,69.57,,,,,,,,,,,,,,,,,,,,,,,,,,0,,,,,,,,,0,0,
6171067,RS Anton Soedjarwo Pontianak ,RSU,RS Umum,C,POLRI,RS Publik,Kalimantan Barat,Kota Pontianak,35.0,7.0,5.0,2.0,2.0,2.0,,,2.0,,5.0,,,2.0,,1.0,,,1.0,1.0,,2.0,,19.0,,7.0,84.0,12,52.17,,,,,,,,,,,,,,,,,,,,,,,,,,0,,,,,,,,,0,0,
6171078,RS Pro Medika Pontianak,RSU,RS Umum,D,Swasta,RS Privat,Kalimantan Barat,Kota Pontianak,10.0,,1.0,1.0,1.0,1.0,,,1.0,,1.0,,,1.0,,,,,,1.0,,1.0,,6.0,,2.0,24.0,9,39.13,,,,,,,,,,,,,,,,,,,,,,,,,,0,,,,,,,,,0,0,
6171085,RS Bersalin Jeumpa Pontianak,RSIA,RS Khusus,C,Swasta,RS Privat,Kalimantan Barat,Kota Pontianak,4.0,,,1.0,,,,,1.0,,,,,,,,,,,,,,,2.0,,,7.0,3,13.04,,,,,,,,,,,,,,,,,,,,,,,,,,0,,,,,,,,,0,0,
6171113,RS Islam Yarsi Pontianak,RSU,RS Umum,C,Swasta Non Profit,RS Publik,Kalimantan Barat,Kota Pontianak,26.0,7.0,2.0,3.0,1.0,4.0,,,3.0,,2.0,,,1.0,,,,,1.0,,,2.0,,,,5.0,51.0,9,39.13,,,,,,,,,,,,,,,,,,,,,,,,,,0,,,,,,Sudah kerjasama BPJS,,,1,1,100.0
6171124,RS Anugerah Bunda Khatulistiwa,RSU,RS Umum,C,Swasta,RS Privat,Kalimantan Barat,Kota Pontianak,9.0,4.0,2.0,13.0,4.0,1.0,1.0,,13.0,1.0,2.0,,,4.0,,1.0,,1.0,1.0,3.0,,4.0,,14.0,,3.0,62.0,15,65.22,,,,,,,,,,,,,,,,,,,,,,,,,,0,,,,,,,,,0,0,
6171136,RS Bersalin Nabasa Pontianak,RSIA,RS Khusus,C,Swasta,RS Privat,Kalimantan Barat,Kota Pontianak,9.0,,,3.0,,,,,3.0,,,,,,,,,,,,,,,2.0,,,14.0,3,13.04,,,,,,,,,,,,,,,,,,,,,,,,,,0,,,,,,,,,0,0,
6171138,RS Umum Daerah Sultan Syarif  Mohammad Alkadrie,RSU,RS Umum,C,Pemkot,RS Publik,Kalimantan Barat,Kota Pontianak,33.0,8.0,3.0,4.0,4.0,2.0,,,4.0,,3.0,,,4.0,,1.0,,,1.0,2.0,,3.0,,22.0,,8.0,91.0,12,52.17,0.0,1.0,0.0,0.0,0.0,0.0,0.0,0.0,,0.0,0.0,0.0,,0.0,0.0,0.0,,,0.0,,1.0,False,1.0,1.0,75.0,1,Sudah kerjasama BPJS,,,,,,Sudah kerjasama BPJS,,2,2,100.0
6171139,RS Universitas Tanjungpura,RSU,RS Umum,C,Kementerian Lain,RS Publik,Kalimantan Barat,Kota Pontianak,26.0,1.0,3.0,3.0,1.0,1.0,,,3.0,,3.0,,,1.0,,,,1.0,1.0,2.0,,1.0,,33.0,,8.0,81.0,12,52.17,,,,,,,,,,,,,,,,,,,,,,,,,,0,,,,,Sudah kerjasama BPJS,Sudah kerjasama BPJS,Sudah kerjasama BPJS,,3,3,100.0
6171140,RS Umum Kharitas Bhakti,RSU,RS Umum,D,Swasta,RS Privat,Kalimantan Barat,Kota Pontianak,11.0,4.0,5.0,3.0,3.0,1.0,,,3.0,,5.0,,,3.0,,1.0,,,1.0,3.0,,3.0,,10.0,,4.0,49.0,12,52.17,,,,,,,,,,,,,,,,,,,,,,,,,,0,,,,,,,,,0,0,
6171141,RS Mitra Medika Pontianak,RSU,RS Umum,C,Swasta,RS Privat,Kalimantan Barat,Kota Pontianak,20.0,4.0,4.0,6.0,4.0,4.0,,,6.0,,4.0,,,4.0,,1.0,,1.0,1.0,2.0,,5.0,,22.0,,6.0,80.0,13,56.52,,,,,,,,,,,,,,,,,,,,,,,,,,0,,,,,,,,,0,0,
6171155,RS Umum Medika Djaya,RSU,RS Umum,D,Swasta,RS Privat,Kalimantan Barat,Kota Pontianak,,,,,,,,,,,,,,,,,,,,,,,,,,,,0,0.0,,,,,,,,,,,,,,,,,,,,,,,,,,0,,,,,,,,,0,0,
6171156,RS Umum Daerah Pontianak Utara,RSU,RS Umum,D,Pemkot,RS Publik,Kalimantan Barat,Kota Pontianak,5.0,,,,,,,,,,,,,,,,,,,,,,,1.0,,,6.0,2,8.7,,,,,,,,,,,,,,,,,,,,,,,,,,0,,,,,,,,,0,0,
6171143S,RS Lapangan Perawatan Pasien Covid-19,RS Darurat,RS Khusus,C,Pemprop,RS Publik,Kalimantan Barat,Kota Pontianak,,,,,,,,,,,,,,,,,,,,,,,,,,,,0,0.0,,,,,,,,,,,,,,,,,,,,,,,,,,0,,,,,,,,,0,0,
6171144S,RS Lapangan (RS Darurat) Covid-19 Kota Pontianak,RS Darurat,RS Khusus,Belum Ditetapkan,Pemkot,RS Publik,Kalimantan Barat,Kota Pontianak,,,,,,,,,,,,,,,,,,,,,,,,,,,,0,0.0,,,,,,,,,,,,,,,,,,,,,,,,,,0,,,,,,,,,0,0,
6172002,RS Ibu dan Anak Wempe Singkawang,RSIA,RS Khusus,C,Swasta,RS Privat,Kalimantan Barat,Kota Singkawang,4.0,,,2.0,1.0,,,,2.0,,,,,1.0,,,,,,,,2.0,,4.0,,,13.0,5,21.74,,,,,,,,,,,,,,,,,,,,,,,,,,0,,,,,,,,,0,0,
6172011,RS Umum Daerah Dr. Abdul Aziz Singkawang,RSU,RS Umum,B,Pemkot,RS Publik,Kalimantan Barat,Kota Singkawang,24.0,2.0,3.0,3.0,2.0,4.0,1.0,,3.0,,3.0,,,2.0,,1.0,,,1.0,1.0,,2.0,,23.0,,11.0,78.0,13,56.52,0.0,1.0,0.0,0.0,0.0,0.0,0.0,0.0,,0.0,0.0,0.0,,1.0,0.0,0.0,,,0.0,,1.0,False,2.0,2.0,75.0,1,,,,,,,Sudah kerjasama BPJS,,1,1,100.0
6172044,RS Tk. IV 12.07.01 Singkawang,RSU,RS Umum,D,TNI,RS Publik,Kalimantan Barat,Kota Singkawang,,,,,,,,,,,,,,,,,,,,,,,,,,,,0,0.0,,,,,,,,,,,,,,,,,,,,,,,,,,0,,,,,,,,,0,0,
6172066,RS Jiwa Provinsi Kalimantan Barat,RSK Jiwa,RS Khusus,B,Pemprop,RS Publik,Kalimantan Barat,Kota Singkawang,9.0,1.0,1.0,,,,,,,,1.0,,,,,,,,,,,,,6.0,,3.0,20.0,5,21.74,,,,,,,,,,,,,,,,,,,,,,,,,,0,,,,,,,,,0,0,
6172113,RS Umum Santo Vincentius Singkawang,RSU,RS Umum,C,Swasta Non Profit,RS Publik,Kalimantan Barat,Kota Singkawang,16.0,1.0,5.0,3.0,2.0,2.0,,,3.0,,5.0,,,2.0,,,,,1.0,3.0,,1.0,,10.0,,4.0,48.0,11,47.83,,,,,,,,,,,,,,,,,,,,,,,,,,0,,,,,,,Sudah kerjasama BPJS,,1,1,100.0
6172124,RS Umum Harapan Bersama Singkawang,RSU,RS Umum,C,Swasta,RS Privat,Kalimantan Barat,Kota Singkawang,8.0,3.0,3.0,2.0,2.0,3.0,,,2.0,,3.0,,,2.0,,1.0,,,1.0,1.0,,4.0,,9.0,,2.0,39.0,12,52.17,,,,,,,,,,,,,,,,,,,,,,,,,,0,,,,,,,Sudah kerjasama BPJS,,1,1,100.0
6172135,RS Umum Sa'adah,RSU,RS Umum,D,Swasta,RS Privat,Kalimantan Barat,Kota Singkawang,,,,,,,,,,,,,,,,,,,,,,,,,,,,0,0.0,,,,,,,,,,,,,,,,,,,,,,,,,,0,,,,,,,,,0,0,
6201012,RS Umum Daerah Sultan Imanuddin,RSU,RS Umum,B,Pemkab,RS Publik,Kalimantan Tengah,Kotawaringin Barat,33.0,2.0,3.0,4.0,4.0,3.0,,,4.0,,3.0,,,4.0,,2.0,,1.0,2.0,1.0,,3.0,,31.0,,9.0,98.0,13,56.52,0.0,0.0,1.0,0.0,0.0,0.0,0.0,0.0,,0.0,0.0,1.0,,0.0,0.0,0.0,,,0.0,,1.0,False,2.0,2.0,75.0,1,,Sudah kerjasama BPJS,,Sudah kerjasama BPJS,,Sudah kerjasama BPJS,Sudah kerjasama BPJS,,4,4,100.0
6201013,RS Citra Husada Pangkalan Bun,RSU,RS Umum,D,Swasta,RS Privat,Kalimantan Tengah,Kotawaringin Barat,6.0,,,,,,,,,,,,,,,,,,,,,,,3.0,,2.0,11.0,3,13.04,,,,,,,,,,,,,,,,,,,,,,,,,,0,,,,,,,Sudah kerjasama BPJS,,1,1,100.0
6201016,RS Umum Harapan Insani,RSU,RS Umum,D,Swasta,RS Privat,Kalimantan Tengah,Kotawaringin Barat,4.0,,,,,,,,,,,,,,,,,,,,,,,5.0,,,9.0,2,8.7,,,,,,,,,,,,,,,,,,,,,,,,,,0,,,,,,,,,0,0,
6201027,RS Umum Daerah Kutaringin,RSU,RS Umum,D,Pemkab,RS Publik,Kalimantan Tengah,Kotawaringin Barat,,,,,,,,,,,,,,,,,,,,,,,,,,,,0,0.0,,,,,,,,,,,,,,,,,,,,,,,,,,0,,,,,,,,,0,0,
6202013,RS Umum Daerah Dr Murjani Sampit,RSU,RS Umum,B,Pemkab,RS Publik,Kalimantan Tengah,Kotawaringin Timur,24.0,4.0,4.0,4.0,3.0,2.0,,1.0,4.0,,4.0,,,3.0,,1.0,,1.0,3.0,1.0,,3.0,,17.0,,13.0,81.0,14,60.87,0.0,1.0,1.0,0.0,1.0,0.0,1.0,0.0,,1.0,0.0,1.0,,1.0,0.0,0.0,,,0.0,,1.0,False,7.0,7.0,75.0,1,Sudah kerjasama BPJS,Sudah kerjasama BPJS,Sudah kerjasama BPJS,,Sudah kerjasama BPJS,Sudah kerjasama BPJS,Sudah kerjasama BPJS,,6,6,100.0
6202025,RS Kelas D Pratama Parenggean,RSU,RS Umum,D PRATAMA,Pemkab,RS Publik,Kalimantan Tengah,Kotawaringin Timur,5.0,1.0,,,,,,,,,,,,,,,,,,,,,,4.0,,1.0,11.0,4,17.39,,,,,,,,,,,,,,,,,,,,,,,,,,0,,,,,,,,,0,0,
6202036,RS Umum Daerah Samuda,RSU,RS Umum,D PRATAMA,Pemkab,RS Publik,Kalimantan Tengah,Kotawaringin Timur,2.0,,,,,,,,,,,,,,,,,,,,,,,4.0,,1.0,7.0,3,13.04,,,,,,,,,,,,,,,,,,,,,,,,,,0,,,,,,,,,0,0,
6203015,RS Umum Daerah Dr. H. Soemarno Sosroaatmojo,RSU,RS Umum,C,Pemkab,RS Publik,Kalimantan Tengah,Kapuas,22.0,2.0,3.0,2.0,2.0,2.0,,,2.0,,3.0,,,2.0,,,,,,2.0,,2.0,,22.0,1.0,5.0,65.0,11,47.83,0.0,0.0,0.0,0.0,0.0,0.0,0.0,0.0,,0.0,0.0,1.0,,0.0,0.0,0.0,,,0.0,,1.0,False,1.0,1.0,75.0,1,,,,,,,Sudah kerjasama BPJS,,1,1,100.0
6204016,RS Umum Daerah Jaraga Sasameh,RSU,RS Umum,C,Pemkab,RS Publik,Kalimantan Tengah,Barito Selatan,14.0,2.0,2.0,2.0,2.0,1.0,,,2.0,,2.0,,,2.0,,1.0,,,1.0,1.0,,,,35.0,,15.0,76.0,11,47.83,0.0,0.0,1.0,0.0,0.0,0.0,0.0,0.0,,0.0,0.0,0.0,,0.0,0.0,0.0,,,0.0,,1.0,False,1.0,1.0,75.0,1,,,,,,,Sudah kerjasama BPJS,,1,1,100.0
6205011,RS Umum Daerah Muara Teweh,RSU,RS Umum,C,Pemkab,RS Publik,Kalimantan Tengah,Barito Utara,9.0,2.0,4.0,2.0,1.0,2.0,,,2.0,,4.0,,,1.0,,1.0,,,1.0,1.0,,1.0,,14.0,,6.0,44.0,12,52.17,0.0,0.0,0.0,0.0,0.0,0.0,0.0,9.0,0.0,0.0,0.0,0.0,,0.0,0.0,0.0,0.0,0.0,0.0,3.0,1.0,False,12.0,2.0,95.0,1,,,,,,,,,0,0,
6209024,RS Umum Daerah  Mas Amsyar Kasongan,RSU,RS Umum,C,Pemkab,RS Publik,Kalimantan Tengah,Katingan,12.0,4.0,1.0,1.0,2.0,1.0,,,1.0,,1.0,,,2.0,,1.0,,1.0,1.0,1.0,,1.0,,9.0,,3.0,38.0,13,56.52,0.0,0.0,0.0,0.0,0.0,0.0,0.0,0.0,,0.0,0.0,0.0,,0.0,0.0,0.0,,,0.0,,1.0,False,0.0,0.0,75.0,1,,,,,,Sudah kerjasama BPJS,Sudah kerjasama BPJS,,2,2,100.0
6209035,RS Pratama Tumbang Samba,RSU,RS Umum,D PRATAMA,Pemkab,RS Publik,Kalimantan Tengah,Katingan,3.0,1.0,,,,,,,,,,,,,,,,,,,,,,3.0,,1.0,8.0,4,17.39,,,,,,,,,,,,,,,,,,,,,,,,,,0,,,,,,,,,0,0,
6208013,RS Umum Daerah Hanau,RSU,RS Umum,C,Pemprop,RS Publik,Kalimantan Tengah,Seruyan,7.0,3.0,,1.0,1.0,1.0,,,1.0,,,,,1.0,,,,1.0,1.0,,,1.0,,13.0,,5.0,34.0,10,43.48,0.0,0.0,0.0,0.0,0.0,0.0,0.0,0.0,0.0,0.0,0.0,0.0,,0.0,0.0,0.0,0.0,0.0,0.0,3.0,1.0,False,3.0,1.0,95.0,1,,,,,,Sudah kerjasama BPJS,Sudah kerjasama BPJS,,2,2,100.0
6208014,RS Umum Daerah Kuala Pembuang,RSU,RS Umum,C,Pemkab,RS Publik,Kalimantan Tengah,Seruyan,8.0,2.0,2.0,1.0,1.0,1.0,,,1.0,,2.0,,,1.0,,1.0,,,,,,,,19.0,,7.0,42.0,9,39.13,0.0,0.0,0.0,0.0,0.0,0.0,0.0,0.0,,0.0,0.0,0.0,,0.0,0.0,0.0,,,0.0,,1.0,False,0.0,0.0,75.0,1,,,,,,,Sudah kerjasama BPJS,,1,1,100.0
6207033,RS Umum Daerah Sukamara,RSU,RS Umum,C,Pemkab,RS Publik,Kalimantan Tengah,Sukamara,,,,,,,,,,,,,,,,,,,,,,,,,,,,0,0.0,0.0,0.0,0.0,0.0,0.0,0.0,0.0,0.0,0.0,0.0,0.0,0.0,,0.0,0.0,0.0,0.0,0.0,0.0,2.0,1.0,False,2.0,1.0,95.0,1,,,,,,,Sudah kerjasama BPJS,,1,1,100.0
6207012,RS Umum Daerah Kabupaten Lamandau,RSU,RS Umum,C,Pemkab,RS Publik,Kalimantan Tengah,Lamandau,17.0,1.0,3.0,2.0,2.0,2.0,,,2.0,,3.0,,,2.0,,,,,1.0,1.0,,1.0,,14.0,,5.0,49.0,11,47.83,0.0,0.0,0.0,0.0,0.0,0.0,0.0,0.0,0.0,0.0,0.0,0.0,,0.0,0.0,0.0,1.0,0.0,0.0,2.0,1.0,False,3.0,2.0,95.0,1,,,,,,,Sudah kerjasama BPJS,,1,1,100.0
6211016,RS Pratama Tumbang Telaken,RSU,RS Umum,D PRATAMA,Pemkab,RS Publik,Kalimantan Tengah,Gunung Mas,4.0,,,,,,,,,,,,,,,,,,,,,,,3.0,,1.0,8.0,3,13.04,,,,,,,,,,,,,,,,,,,,,,,,,,0,,,,,,,,,0,0,
6211026,RS Umum Daerah Kuala Kurun,RSU,RS Umum,C,Pemkab,RS Publik,Kalimantan Tengah,Gunung Mas,13.0,1.0,,2.0,,2.0,,,2.0,,,,,,,1.0,,,1.0,1.0,,1.0,,9.0,,6.0,37.0,10,43.48,0.0,0.0,0.0,0.0,0.0,0.0,0.0,0.0,0.0,0.0,0.0,0.0,,0.0,0.0,0.0,0.0,0.0,0.0,3.0,1.0,False,3.0,1.0,95.0,1,,,,,,,Sudah kerjasama BPJS,,1,1,100.0
6210015,RS Umum Daerah Pulang Pisau,RSU,RS Umum,C,Pemkab,RS Publik,Kalimantan Tengah,Pulang Pisau,7.0,2.0,3.0,2.0,1.0,2.0,,,2.0,,3.0,,,1.0,,,,,1.0,,,1.0,,14.0,,5.0,38.0,10,43.48,0.0,0.0,0.0,0.0,0.0,0.0,0.0,0.0,0.0,0.0,0.0,0.0,,0.0,0.0,0.0,0.0,0.0,0.0,6.0,1.0,False,6.0,1.0,95.0,1,,,,,,,,,0,0,
6271068,RS Jiwa Kalawa Atei,RSK Jiwa,RS Khusus,B,Pemprop,RS Publik,Kalimantan Tengah,Pulang Pisau,13.0,2.0,,,,,,,,,,,,,,,,,1.0,,,,,8.0,,1.0,25.0,5,21.74,,,,,,,,,,,,,,,,,,,,,,,,,,0,,,,,,,,,0,0,
6213022,RS Umum Daerah Puruk Cahu,RSU,RS Umum,C,Pemkab,RS Publik,Kalimantan Tengah,Murung Raya,13.0,1.0,1.0,1.0,2.0,1.0,,,1.0,,1.0,,,2.0,,1.0,,,1.0,1.0,,1.0,,11.0,,8.0,42.0,12,52.17,0.0,0.0,0.0,0.0,0.0,0.0,0.0,0.0,,0.0,0.0,0.0,,0.0,0.0,0.0,,,0.0,,1.0,False,0.0,0.0,75.0,1,,,,,,,Sudah kerjasama BPJS,,1,1,100.0
6212020,RS Umum Daerah Tamiang Layang,RSU,RS Umum,C,Pemkab,RS Publik,Kalimantan Tengah,Barito Timur,17.0,1.0,1.0,2.0,1.0,2.0,,,2.0,,1.0,,,1.0,,1.0,,1.0,1.0,1.0,,1.0,,22.0,,6.0,57.0,13,56.52,0.0,0.0,0.0,0.0,0.0,0.0,0.0,0.0,0.0,0.0,0.0,0.0,,0.0,0.0,0.0,1.0,0.0,0.0,1.0,1.0,False,2.0,2.0,95.0,1,,,,Sudah kerjasama BPJS,,Sudah kerjasama BPJS,Sudah kerjasama BPJS,,3,3,100.0
6271012,RS Umum Daerah Dr. Doris Sylvanus Palangka Raya,RSU,RS Umum,B,Pemprop,RS Publik,Kalimantan Tengah,Kota Palangka Raya,55.0,5.0,7.0,5.0,7.0,4.0,,,5.0,,7.0,,,7.0,,4.0,,2.0,3.0,4.0,,6.0,0.0,67.0,2.0,22.0,193.0,14,65.22,0.0,1.0,0.0,1.0,1.0,0.0,1.0,0.0,,1.0,1.0,1.0,,1.0,1.0,0.0,,,0.0,,1.0,False,9.0,9.0,75.0,1,Sudah kerjasama BPJS,,Sudah kerjasama BPJS,Sudah kerjasama BPJS,Sudah kerjasama BPJS,Sudah kerjasama BPJS,Sudah kerjasama BPJS,,6,6,100.0
6271023,RS Tk. IV Palangkaraya,RSU,RS Umum,D,TNI,RS Publik,Kalimantan Tengah,Kota Palangka Raya,,,,,,,,,,,,,,,,,,,,,,,,,,,,0,0.0,,,,,,,,,,,,,,,,,,,,,,,,,,0,,,,,,,,,0,0,
6271024,RS Islam PKU Muhammadiyah Palangka Raya,RSU,RS Umum,C,Swasta Non Profit,RS Publik,Kalimantan Tengah,Kota Palangka Raya,14.0,2.0,5.0,2.0,3.0,2.0,,,2.0,,5.0,,,3.0,,1.0,,,1.0,2.0,,2.0,,11.0,,5.0,50.0,12,52.17,,,,,,,,,,,,,,,,,,,,,,,,,,0,,,,,,,Sudah kerjasama BPJS,,1,1,100.0
6271025,RS Bhayangkara Palangka Raya,RSU,RS Umum,C,POLRI,RS Publik,Kalimantan Tengah,Kota Palangka Raya,16.0,3.0,3.0,1.0,2.0,3.0,,,1.0,,3.0,,,2.0,,2.0,,,2.0,1.0,,2.0,,,,6.0,41.0,11,47.83,,,,,,,,,,,,,,,,,,,,,,,,,,0,,,,Sudah kerjasama BPJS,,,Sudah kerjasama BPJS,,2,2,100.0
6271026,RS Umum Kelas D Kota Palangka Raya,RSU,RS Umum,D,Pemkot,RS Publik,Kalimantan Tengah,Kota Palangka Raya,8.0,1.0,1.0,2.0,2.0,1.0,,,2.0,,1.0,,,2.0,,,,,1.0,1.0,,2.0,,23.0,,6.0,48.0,11,47.83,0.0,0.0,0.0,0.0,0.0,0.0,0.0,0.0,0.0,0.0,0.0,0.0,,0.0,0.0,0.0,0.0,0.0,0.0,4.0,1.0,False,4.0,1.0,95.0,1,,,,,,,Sudah kerjasama BPJS,,1,1,100.0
6271027,RS Primaya Betang Pambelum,RSU,RS Umum,C,Swasta,RS Privat,Kalimantan Tengah,Kota Palangka Raya,15.0,2.0,4.0,3.0,4.0,3.0,,,3.0,,4.0,,,4.0,,3.0,,1.0,1.0,2.0,,3.0,,11.0,1.0,8.0,61.0,14,60.87,,,,,,,,,,,,,,,,,,,,,,,,,,0,,,,,,,Sudah kerjasama BPJS,,1,1,100.0
6271028,RS Ibu dan Anak Yasmin Palangka Raya,RSIA,RS Khusus,C,Swasta,RS Privat,Kalimantan Tengah,Kota Palangka Raya,7.0,2.0,,1.0,3.0,,,,1.0,,,,,3.0,,,,,1.0,,,1.0,,5.0,,2.0,22.0,8,34.78,,,,,,,,,,,,,,,,,,,,,,,,,,0,,,,,,,,,0,0,
6271029,RS Permata Hati,RSU,RS Umum,C,Swasta,RS Privat,Kalimantan Tengah,Kota Palangka Raya,4.0,,1.0,2.0,2.0,1.0,,,2.0,,1.0,,,2.0,,,,,1.0,1.0,,2.0,,,,2.0,16.0,9,39.13,,,,,,,,,,,,,,,,,,,,,,,,,,0,,,,,,,,,0,0,
6271030,RS Siloam Palangka Raya,RSU,RS Umum,C,Swasta,RS Privat,Kalimantan Tengah,Kota Palangka Raya,9.0,1.0,1.0,,1.0,1.0,,1.0,,,1.0,,,1.0,,1.0,,,1.0,,,2.0,,5.0,,3.0,26.0,11,47.83,,,,,,,,,,,,,,,,,,,,,,,,,,0,Sudah kerjasama BPJS,,,,,,,,1,1,100.0
6271031,RS Ibu dan Anak Bunda Palangkaraya,RSIA,RS Khusus,Belum Ditetapkan,Swasta,RS Privat,Kalimantan Tengah,Kota Palangka Raya,5.0,,,2.0,2.0,,1.0,,2.0,,,,,2.0,,,,,,,,,,4.0,,1.0,15.0,6,26.09,,,,,,,,,,,,,,,,,,,,,,,,,,0,,,,,,,,,0,0,
6271080,RS Advent Palangkaraya,RSU,RS Umum,D,Swasta,RS Privat,Kalimantan Tengah,Kota Palangka Raya,,,,,,,,,,,,,,,,,,,,,,,,,,,,0,0.0,,,,,,,,,,,,,,,,,,,,,,,,,,0,,,,,,,,,0,0,
6301013,RS Umum Daerah H. Boejasin Pelaihari,RSU,RS Umum,C,Pemkab,RS Publik,Kalimantan Selatan,Tanah Laut,25.0,3.0,3.0,4.0,3.0,2.0,,,4.0,,3.0,,,3.0,,,,1.0,1.0,2.0,,2.0,,22.0,,11.0,79.0,12,52.17,0.0,0.0,1.0,0.0,0.0,0.0,1.0,0.0,,0.0,0.0,0.0,,0.0,0.0,0.0,,,0.0,,1.0,False,2.0,2.0,75.0,1,,,,,,Sudah kerjasama BPJS,Sudah kerjasama BPJS,,2,2,100.0
6301015,RS Borneo Citra Medika,RSU,RS Umum,C,Swasta,RS Privat,Kalimantan Selatan,Tanah Laut,10.0,,2.0,3.0,2.0,2.0,,,3.0,,2.0,,,2.0,,,,,1.0,2.0,,1.0,,5.0,,2.0,30.0,10,43.48,,,,,,,,,,,,,,,,,,,,,,,,,,0,,,,,,,,,0,0,
6301016,RS Ibu dan Anak Ibunda,RSIA,RS Khusus,C,Swasta,RS Privat,Kalimantan Selatan,Tanah Laut,2.0,,,2.0,2.0,,,,2.0,,,,,2.0,,,,,,,,1.0,,,,,7.0,4,17.39,,,,,,,,,,,,,,,,,,,,,,,,,,0,,,,,,,,,0,0,
6301020,RS Umum Daerah KH. Mansyur,RSU,RS Umum,D,Pemkab,RS Publik,Kalimantan Selatan,Tanah Laut,13.0,4.0,1.0,1.0,,1.0,,,1.0,,1.0,,,,,,,,,,,,,7.0,,2.0,29.0,7,30.43,,,,,,,,,,,,,,,,,,,,,,,,,,0,,,,,,,Sudah kerjasama BPJS,,1,1,100.0
6302014,RS Umum Daerah Pangeran Jaya Sumitra,RSU,RS Umum,C,Pemkab,RS Publik,Kalimantan Selatan,Kota baru,16.0,2.0,3.0,2.0,1.0,2.0,,1.0,2.0,,3.0,,,1.0,,1.0,,1.0,2.0,2.0,,1.0,,12.0,,7.0,53.0,14,60.87,0.0,1.0,1.0,0.0,0.0,0.0,0.0,0.0,,0.0,0.0,0.0,,0.0,0.0,0.0,,,0.0,,1.0,False,2.0,2.0,75.0,1,Sudah kerjasama BPJS,,,,Sudah kerjasama BPJS,Sudah kerjasama BPJS,Sudah kerjasama BPJS,,4,4,100.0
6302026,RS Umum Daerah Sengayam,RSU,RS Umum,D,Pemkab,RS Publik,Kalimantan Selatan,Kota baru,7.0,1.0,,,1.0,,,,,,,,,1.0,,,,,,,,,,3.0,,2.0,14.0,5,21.74,,,,,,,,,,,,,,,,,,,,,,,,,,0,,,,,,,,,0,0,
6303015,RS Umum Daerah Ratu Zalecha,RSU,RS Umum,B,Pemkab,RS Publik,Kalimantan Selatan,Banjar,17.0,2.0,4.0,4.0,5.0,2.0,,,4.0,,4.0,1.0,1.0,5.0,,3.0,,,1.0,1.0,,2.0,,25.0,,7.0,75.0,14,60.87,0.0,0.0,1.0,0.0,0.0,0.0,1.0,0.0,,1.0,0.0,1.0,,1.0,0.0,0.0,,,0.0,,1.0,False,5.0,5.0,75.0,1,,,Sudah kerjasama BPJS,,Sudah kerjasama BPJS,,,,2,2,100.0
6303026,RS Umum Danau Salak,RSU,RS Umum,D,BUMN,RS Privat,Kalimantan Selatan,Banjar,2.0,,,,,1.0,,,,,,,,,,,,,,,,,,,,,3.0,2,8.7,,,,,,,,,,,,,,,,,,,,,,,,,,0,,,,,,,,,0,0,
6303027,RS Umum Pelita Insani,RSU,RS Umum,C,Swasta,RS Privat,Kalimantan Selatan,Banjar,9.0,2.0,3.0,3.0,2.0,2.0,,,3.0,,3.0,,,2.0,,1.0,,,1.0,1.0,,2.0,,9.0,,3.0,38.0,12,52.17,,,,,,,,,,,,,,,,,,,,,,,,,,0,,,,,,,,,0,0,
6303028,RS Ibu dan Anak Mutiara Bunda,RSIA,RS Khusus,C,Swasta,RS Privat,Kalimantan Selatan,Banjar,1.0,,,2.0,2.0,,,,2.0,,,,,2.0,,,,,,,,1.0,,3.0,,,9.0,5,21.74,,,,,,,,,,,,,,,,,,,,,,,,,,0,,,,,,,,,0,0,
6303030,RS Umum Aveciena Medika,RSU,RS Umum,D,Swasta,RS Privat,Kalimantan Selatan,Banjar,,,,,,,,,,,,,,,,,,,,,,,,,,,,0,0.0,,,,,,,,,,,,,,,,,,,,,,,,,,0,,,,,,,,,0,0,
6303033,RS Umum Ciputra Mitra Hospital,RSU,RS Umum,B,Swasta,RS Privat,Kalimantan Selatan,Banjar,16.0,8.0,3.0,4.0,2.0,3.0,2.0,,4.0,,3.0,1.0,,2.0,,1.0,,1.0,1.0,1.0,,2.0,,22.0,,8.0,75.0,15,65.22,,,,,,,,,,,,,,,,,,,,,,,,,,0,,,,,,,,,0,0,
6304016,RS Jiwa Sambang Lihum,RSK Jiwa,RS Khusus,A,Pemprop,RS Publik,Kalimantan Selatan,Banjar,11.0,2.0,3.0,,1.0,,,,,,3.0,,,1.0,,,,,,,,,,14.0,,2.0,33.0,6,26.09,,,,,,,,,,,,,,,,,,,,,,,,,,0,,,,,,,Sudah kerjasama BPJS,,1,1,100.0
6304020,RS Umum Daerah  H. Abdul Aziz Marabahan,RSU,RS Umum,C,Pemkab,RS Publik,Kalimantan Selatan,Barito Kuala,27.0,9.0,3.0,2.0,1.0,2.0,,,2.0,,3.0,,,1.0,,2.0,,1.0,2.0,1.0,,1.0,,24.0,,6.0,81.0,13,56.52,0.0,0.0,0.0,0.0,0.0,0.0,0.0,0.0,0.0,0.0,0.0,0.0,,0.0,0.0,0.0,0.0,0.0,0.0,1.0,1.0,False,1.0,1.0,95.0,1,,,,,,,,,0,0,
6305010,RS Umum Daerah Datu Sanggul Rantau,RSU,RS Umum,C,Pemkab,RS Publik,Kalimantan Selatan,Tapin,12.0,3.0,3.0,3.0,1.0,2.0,,,3.0,,3.0,,,1.0,,1.0,,,2.0,1.0,,1.0,,28.0,1.0,6.0,64.0,13,56.52,0.0,0.0,0.0,0.0,0.0,0.0,0.0,0.0,0.0,0.0,0.0,0.0,,0.0,0.0,0.0,0.0,0.0,0.0,6.0,1.0,False,6.0,1.0,95.0,1,,,,,,,Sudah kerjasama BPJS,,1,1,100.0
6305011,RS Umum Handayati,RSU,RS Umum,D,Swasta,RS Privat,Kalimantan Selatan,Tapin,11.0,2.0,1.0,2.0,,2.0,,,2.0,,1.0,,,,,,,,1.0,1.0,,1.0,,5.0,,3.0,29.0,10,43.48,,,,,,,,,,,,,,,,,,,,,,,,,,0,,,,,,,Sudah kerjasama BPJS,,1,1,100.0
6306011,RS Umum Daerah Brigjed H. Hasan Basry Kandangan,RSU,RS Umum,B,Pemkab,RS Publik,Kalimantan Selatan,Hulu Sungai Selatan,34.0,1.0,3.0,3.0,2.0,1.0,,,3.0,,3.0,,,2.0,,2.0,,1.0,2.0,2.0,,2.0,,30.0,1.0,13.0,97.0,14,60.87,0.0,0.0,1.0,0.0,0.0,0.0,2.0,0.0,,0.0,0.0,1.0,,2.0,0.0,0.0,,,0.0,,1.0,False,6.0,4.0,75.0,1,Sudah kerjasama BPJS,,Sudah kerjasama BPJS,,Sudah kerjasama BPJS,Sudah kerjasama BPJS,Sudah kerjasama BPJS,,5,5,100.0
6306023,RS Umum Ceria,RSU,RS Umum,D,Swasta,RS Privat,Kalimantan Selatan,Hulu Sungai Selatan,5.0,1.0,2.0,3.0,1.0,,,,3.0,,2.0,,,1.0,,1.0,,,1.0,,,1.0,,6.0,,6.0,27.0,10,43.48,,,,,,,,,,,,,,,,,,,,,,,,,,0,,,,,,,Sudah kerjasama BPJS,,1,1,100.0
6306024,RS Umum Daerah Daha Sejahtera,RSU,RS Umum,D,Pemkab,RS Publik,Kalimantan Selatan,Hulu Sungai Selatan,7.0,9.0,1.0,,1.0,1.0,,,,,1.0,,,1.0,,,,,,1.0,,1.0,,9.0,,4.0,34.0,9,39.13,,,,,,,,,,,,,,,,,,,,,,,,,,0,,,,,,,Sudah kerjasama BPJS,,1,1,100.0
6306025,RS Ibu dan Anak Permata Bunda,RSIA,RS Khusus,C,Swasta,RS Privat,Kalimantan Selatan,Hulu Sungai Selatan,5.0,,1.0,3.0,1.0,1.0,,,3.0,,1.0,,,1.0,,,,,,,,2.0,,,,,13.0,6,26.09,,,,,,,,,,,,,,,,,,,,,,,,,,0,,,,,,,,,0,0,
6306026,RS Sumber Jaya Sehat,RSU,RS Umum,D,Swasta,RS Privat,Kalimantan Selatan,Hulu Sungai Selatan,5.0,,,,,1.0,,,,,,,,,,,,,,,,,,2.0,,2.0,10.0,4,17.39,,,,,,,,,,,,,,,,,,,,,,,,,,0,,,,,,,,,0,0,
6307012,RS Umum Daerah  H Damanhuri Barabai,RSU,RS Umum,C,Pemkab,RS Publik,Kalimantan Selatan,Hulu Sungai Tengah,17.0,2.0,4.0,3.0,2.0,1.0,,,3.0,,4.0,,,2.0,,1.0,,1.0,1.0,2.0,,2.0,,43.0,1.0,18.0,98.0,14,60.87,0.0,0.0,1.0,0.0,0.0,0.0,0.0,0.0,0.0,0.0,0.0,0.0,,0.0,0.0,0.0,0.0,0.0,0.0,3.0,1.0,False,4.0,2.0,95.0,1,,,,,,,Sudah kerjasama BPJS,,1,1,100.0
6308013,RS Umum Daerah Pambalah Batung,RSU,RS Umum,C,Pemkab,RS Publik,Kalimantan Selatan,Hulu Sungai Utara,10.0,2.0,2.0,2.0,2.0,2.0,,,2.0,,2.0,,,2.0,,1.0,,,1.0,,,2.0,,28.0,,10.0,62.0,11,47.83,0.0,0.0,0.0,0.0,0.0,0.0,0.0,0.0,0.0,0.0,0.0,0.0,,0.0,0.0,0.0,0.0,0.0,0.0,3.0,1.0,False,3.0,1.0,95.0,1,,,,,,,Sudah kerjasama BPJS,,1,1,100.0
6308014,RS Mulia Amuntai,RSU,RS Umum,D,Swasta,RS Privat,Kalimantan Selatan,Hulu Sungai Utara,5.0,,1.0,2.0,,,,,2.0,,1.0,,,,,,,,,,,2.0,,4.0,,,14.0,5,21.74,,,,,,,,,,,,,,,,,,,,,,,,,,0,,,,,,,,,0,0,
6309014,RS Umum Daerah H. Badaruddin Kasim,RSU,RS Umum,C,Pemkab,RS Publik,Kalimantan Selatan,Tabalong,11.0,2.0,2.0,3.0,3.0,2.0,,,3.0,,2.0,,,3.0,,,,,1.0,1.0,,2.0,,13.0,,10.0,50.0,11,47.83,0.0,0.0,1.0,0.0,0.0,0.0,0.0,0.0,,0.0,0.0,0.0,,0.0,0.0,0.0,,,0.0,,1.0,False,1.0,1.0,75.0,1,,,,,,,Sudah kerjasama BPJS,,1,1,100.0
6309025,RS Umum Pertamina Tanjung,RSU,RS Umum,C,BUMN,RS Privat,Kalimantan Selatan,Tabalong,10.0,2.0,2.0,2.0,2.0,2.0,,,2.0,,2.0,,,2.0,,,,,1.0,1.0,,2.0,,8.0,,3.0,35.0,11,47.83,,,,,,,,,,,,,,,,,,,,,,,,,,0,,,,,,,,,0,0,
6310015,RS Umum Daerah dr. H. Andi Abdurrahman Noor,RSU,RS Umum,C,Pemkab,RS Publik,Kalimantan Selatan,Tanah Bumbu,25.0,3.0,2.0,2.0,3.0,3.0,,,2.0,,2.0,,,3.0,,3.0,,,2.0,1.0,,1.0,,18.0,,11.0,74.0,12,52.17,0.0,0.0,1.0,0.0,0.0,0.0,0.0,0.0,,0.0,0.0,0.0,,0.0,0.0,0.0,,,0.0,,1.0,False,1.0,1.0,75.0,1,,,,,,,Sudah kerjasama BPJS,,1,1,100.0
6310016,RS Ibu dan Anak Paradise,RSIA,RS Khusus,C,Swasta,RS Privat,Kalimantan Selatan,Tanah Bumbu,6.0,,,2.0,,1.0,,,2.0,,,,,,,,,,,,,,,,,,9.0,3,13.04,,,,,,,,,,,,,,,,,,,,,,,,,,0,,,,,,,,,0,0,
6310018,RS Marina Permata,RSU,RS Umum,C,Swasta,RS Privat,Kalimantan Selatan,Tanah Bumbu,12.0,2.0,3.0,1.0,1.0,1.0,,,1.0,,3.0,,,1.0,,1.0,,,1.0,1.0,,2.0,,7.0,,3.0,35.0,12,52.17,,,,,,,,,,,,,,,,,,,,,,,,,,0,,,,,,,Sudah kerjasama BPJS,,1,1,100.0
6311016,RS Umum Daerah Datu Kandang Haji,RSU,RS Umum,C,Pemkab,RS Publik,Kalimantan Selatan,Balangan,11.0,2.0,2.0,1.0,1.0,2.0,,,1.0,,2.0,,,1.0,,,,,1.0,1.0,,1.0,,20.0,,9.0,51.0,11,47.83,0.0,0.0,0.0,0.0,0.0,0.0,0.0,0.0,0.0,0.0,0.0,0.0,,0.0,0.0,0.0,0.0,0.0,0.0,2.0,1.0,False,2.0,1.0,95.0,1,,,,,,,Sudah kerjasama BPJS,,1,1,100.0
6371013,RS Umum Daerah Ulin Banjarmasin,RSU,RS Umum,A,Pemprop,RS Publik,Kalimantan Selatan,Kota Banjarmasin,43.0,4.0,11.0,4.0,7.0,1.0,2.0,2.0,4.0,2.0,11.0,1.0,,7.0,1.0,3.0,1.0,1.0,3.0,2.0,2.0,5.0,1.0,76.0,2.0,31.0,205.0,22,95.65,1.0,1.0,1.0,1.0,2.0,0.0,1.0,0.0,,1.0,1.0,1.0,,4.0,1.0,0.0,,,0.0,,1.0,False,15.0,11.0,75.0,1,Sudah kerjasama BPJS,,Sudah kerjasama BPJS,Sudah kerjasama BPJS,,Sudah kerjasama BPJS,Sudah kerjasama BPJS,Sudah kerjasama BPJS,6,6,100.0
6371024,RS Umum Suaka Insan,RSU,RS Umum,C,Swasta Non Profit,RS Publik,Kalimantan Selatan,Kota Banjarmasin,20.0,2.0,11.0,9.0,9.0,2.0,,,9.0,,11.0,,,9.0,,1.0,,,1.0,2.0,,6.0,,3.0,,7.0,73.0,12,52.17,,,,,,,,,,,,,,,,,,,,,,,,,,0,,,,,,,,,0,0,
6371046,RS Islam Banjarmasin,RSU,RS Umum,C,Swasta Non Profit,RS Publik,Kalimantan Selatan,Kota Banjarmasin,12.0,1.0,5.0,5.0,3.0,2.0,,,5.0,,5.0,,1.0,3.0,,2.0,,,1.0,2.0,,4.0,,6.0,,7.0,51.0,13,56.52,,,,,,,,,,,,,,,,,,,,,,,,,,0,,,,,,,,,0,0,
6371050,RS Tk. III Dr. R. Soeharsono,RSU,RS Umum,C,TNI,RS Publik,Kalimantan Selatan,Kota Banjarmasin,16.0,1.0,8.0,4.0,2.0,3.0,,,4.0,,8.0,,,2.0,,1.0,,,1.0,2.0,,2.0,,11.0,,3.0,54.0,12,52.17,,,,,,,,,,,,,,,,,,,,,,,,,,0,,,,,,,Sudah kerjasama BPJS,,1,1,100.0
6371072,RS Umum Daerah Dr. H. Moch. Ansari Saleh,RSU,RS Umum,B,Pemprop,RS Publik,Kalimantan Selatan,Kota Banjarmasin,30.0,2.0,5.0,6.0,4.0,3.0,,,6.0,,5.0,,,4.0,,4.0,,1.0,2.0,2.0,,4.0,,48.0,1.0,18.0,130.0,14,60.87,,,,,,,,,,,,,,,,,,,,,,,,,,0,,,,Sudah kerjasama BPJS,Sudah kerjasama BPJS,Sudah kerjasama BPJS,Sudah kerjasama BPJS,,4,4,100.0
6371094,RS Umum Sari Mulia,RSU,RS Umum,C,Swasta Non Profit,RS Publik,Kalimantan Selatan,Kota Banjarmasin,,,,,,,,,,,,,,,,,,,,,,,,,,,,0,0.0,,,,,,,,,,,,,,,,,,,,,,,,,,0,Sudah kerjasama BPJS,,,,,Sudah kerjasama BPJS,Sudah kerjasama BPJS,,3,3,100.0
6371130,RS Khusus Bedah Banjarmasin Siaga,RSK BEDAH,RS Khusus,B,Swasta,RS Privat,Kalimantan Selatan,Kota Banjarmasin,8.0,1.0,1.0,,,1.0,1.0,1.0,,,1.0,,,,,1.0,,1.0,1.0,1.0,,3.0,,2.0,,2.0,24.0,13,56.52,,,,,,,,,,,,,,,,,,,,,,,,,,0,Sudah kerjasama BPJS,,,,,,,,1,1,100.0
6371152,RS Bhayangkara Tk. III Banjarmasin,RSU,RS Umum,C,POLRI,RS Publik,Kalimantan Selatan,Kota Banjarmasin,15.0,2.0,4.0,6.0,4.0,1.0,,,6.0,,4.0,,,4.0,,1.0,,,1.0,4.0,,3.0,,13.0,,6.0,60.0,12,52.17,,,,,,,,,,,,,,,,,,,,,,,,,,0,,,,,,,Sudah kerjasama BPJS,,1,1,100.0
6371153,RS Khusus Gigi dan Mulut Gusti Hasan Aman,RSK GM,RS Khusus,B,Pemprop,RS Publik,Kalimantan Selatan,Kota Banjarmasin,9.0,35.0,,,,,,,,,,,,,,,,,1.0,1.0,,,,4.0,,8.0,58.0,6,26.09,,,,,,,,,,,,,,,,,,,,,,,,,,0,,,,,,,,,0,0,
6371155,RS Ibu dan Anak Annisa,RSIA,RS Khusus,C,Swasta,RS Privat,Kalimantan Selatan,Kota Banjarmasin,6.0,,1.0,2.0,2.0,1.0,,,2.0,,1.0,,,2.0,,,,,1.0,,,3.0,,2.0,,,18.0,8,34.78,,,,,,,,,,,,,,,,,,,,,,,,,,0,,,,,,,,,0,0,
6371156,RS Umum Daerah Sultan Suriansyah Banjarmasin,RSU,RS Umum,C,Pemkot,RS Publik,Kalimantan Selatan,Kota Banjarmasin,19.0,2.0,2.0,3.0,3.0,1.0,,,3.0,,2.0,,,3.0,,2.0,,1.0,2.0,2.0,,2.0,,15.0,,7.0,61.0,13,56.52,0.0,1.0,0.0,0.0,0.0,0.0,0.0,0.0,,0.0,0.0,0.0,,0.0,0.0,0.0,,,0.0,,1.0,False,1.0,1.0,75.0,1,,,,,,Sudah kerjasama BPJS,Sudah kerjasama BPJS,,2,2,100.0
6371158,RS Siloam Banjarmasin,RSU,RS Umum,D,Swasta,RS Privat,Kalimantan Selatan,Kota Banjarmasin,7.0,,1.0,1.0,3.0,2.0,,,1.0,,1.0,,,3.0,,1.0,,,,1.0,,1.0,,8.0,,3.0,28.0,10,43.48,,,,,,,,,,,,,,,,,,,,,,,,,,0,,,,,,,,,0,0,
6371170,RS Ibu dan Anak Mahkota Bunda,RSIA,RS Khusus,C,Swasta,RS Privat,Kalimantan Selatan,Kota Banjarmasin,,,,,,,,,,,,,,,,,,,,,,,,,,,,0,0.0,,,,,,,,,,,,,,,,,,,,,,,,,,0,,,,,,,,,0,0,
6371141,RS TNI AU Sjamsudin Noor,RSU,RS Umum,D,TNI,RS Publik,Kalimantan Selatan,Kota Banjar baru,8.0,2.0,3.0,,1.0,1.0,,,,,3.0,,,1.0,,,,,,,,1.0,,5.0,,1.0,22.0,8,34.78,,,,,,,,,,,,,,,,,,,,,,,,,,0,,,,,,,,,0,0,
6372014,RSD Idaman Kota Banjarbaru,RSU,RS Umum,C,Pemkot,RS Publik,Kalimantan Selatan,Kota Banjar baru,23.0,3.0,3.0,4.0,4.0,3.0,,,4.0,,3.0,,,4.0,,2.0,,,2.0,1.0,,1.0,,39.0,1.0,10.0,96.0,13,56.52,0.0,1.0,0.0,0.0,0.0,0.0,0.0,0.0,0.0,0.0,0.0,0.0,,0.0,0.0,0.0,1.0,0.0,0.0,6.0,1.0,False,8.0,3.0,95.0,1,,,,,,,Sudah kerjasama BPJS,,1,1,100.0
6372016,RS TK IV Guntung Payung ,RSU,RS Umum,D,TNI,RS Publik,Kalimantan Selatan,Kota Banjar baru,8.0,,1.0,1.0,1.0,2.0,,,1.0,,1.0,,,1.0,,,,,,,,,,5.0,,1.0,19.0,7,30.43,,,,,,,,,,,,,,,,,,,,,,,,,,0,,,,,,,,,0,0,
6372017,RS Umum Syifa Medika,RSU,RS Umum,C,Swasta,RS Privat,Kalimantan Selatan,Kota Banjar baru,26.0,4.0,1.0,3.0,3.0,3.0,,,3.0,,1.0,,,3.0,,1.0,,,1.0,1.0,,1.0,,14.0,,6.0,64.0,12,52.17,,,,,,,,,,,,,,,,,,,,,,,,,,0,,,,,,,Sudah kerjasama BPJS,,1,1,100.0
6372018,RS Umum Mawar ,RSU,RS Umum,D,Swasta,RS Privat,Kalimantan Selatan,Kota Banjar baru,6.0,2.0,2.0,1.0,1.0,,2.0,,1.0,,2.0,,,1.0,,,,,1.0,,,,,5.0,,2.0,22.0,9,39.13,,,,,,,,,,,,,,,,,,,,,,,,,,0,,,,,,,,,0,0,
6372019,RS Umum Almansyur Medika Banjarbaru,RSU,RS Umum,D,Swasta,RS Privat,Kalimantan Selatan,Kota Banjar baru,6.0,1.0,2.0,2.0,1.0,2.0,,,2.0,,2.0,,,1.0,,1.0,,,1.0,1.0,,1.0,,4.0,,1.0,23.0,12,52.17,,,,,,,,,,,,,,,,,,,,,,,,,,0,,,,,,,Sudah kerjasama BPJS,,1,1,100.0
6372020,RS Umum Nirwana,RSU,RS Umum,D,Swasta,RS Privat,Kalimantan Selatan,Kota Banjar baru,11.0,1.0,1.0,1.0,,,,,1.0,,1.0,,,,,,,,,,,,,9.0,,2.0,25.0,6,26.09,,,,,,,,,,,,,,,,,,,,,,,,,,0,,,,,,,,,0,0,
6372021,RS Umum Permata Husada Banjarbaru,RSU,RS Umum,D,Swasta,RS Privat,Kalimantan Selatan,Kota Banjar baru,8.0,3.0,1.0,2.0,1.0,1.0,,,2.0,,1.0,,1.0,1.0,,,,,,,,1.0,,6.0,,,24.0,9,39.13,,,,,,,,,,,,,,,,,,,,,,,,,,0,,,,,,,,,0,0,
6372022,RS Islam Sultan Agung Banjarbaru,RSU,RS Umum,C,Swasta,RS Privat,Kalimantan Selatan,Kota Banjar baru,15.0,1.0,7.0,3.0,2.0,3.0,,,3.0,,7.0,,,2.0,,3.0,,,1.0,1.0,,1.0,,13.0,,4.0,54.0,12,52.17,,,,,,,,,,,,,,,,,,,,,,,,,,0,,,,,,,Sudah kerjasama BPJS,,1,1,100.0
6401014,RS Umum Daerah Panglima Sebaya,RSU,RS Umum,B,Pemkab,RS Publik,Kalimantan Timur,Paser,39.0,1.0,4.0,4.0,3.0,3.0,,,4.0,,4.0,,,3.0,,2.0,,1.0,1.0,2.0,,4.0,,31.0,,12.0,107.0,13,56.52,0.0,0.0,0.0,0.0,0.0,0.0,0.0,0.0,,0.0,0.0,1.0,,0.0,0.0,0.0,,,0.0,,1.0,False,1.0,1.0,75.0,1,,Sudah kerjasama BPJS,,,,Sudah kerjasama BPJS,Sudah kerjasama BPJS,,3,3,100.0
6401018,RS Umum Daerah Kerang,RSU,RS Umum,D,Pemkab,RS Publik,Kalimantan Timur,Paser,5.0,2.0,,1.0,,,,,1.0,,,,,,,,,,,,,,,3.0,,1.0,12.0,5,21.74,,,,,,,,,,,,,,,,,,,,,,,,,,0,,,,,,,,,0,0,
6403015,RS Umum Daerah Aji Muhammad Parikesit,RSU,RS Umum,B,Pemkab,RS Publik,Kalimantan Timur,Kutai Kartanegara,26.0,3.0,6.0,5.0,4.0,3.0,,1.0,5.0,,6.0,,,4.0,,3.0,,1.0,2.0,2.0,,4.0,,31.0,1.0,8.0,100.0,15,65.22,0.0,1.0,0.0,0.0,0.0,0.0,1.0,0.0,,0.0,0.0,1.0,,0.0,1.0,0.0,,,0.0,,1.0,False,4.0,4.0,75.0,1,Sudah kerjasama BPJS,,Sudah kerjasama BPJS,Sudah kerjasama BPJS,,Sudah kerjasama BPJS,Sudah kerjasama BPJS,,5,5,100.0
6403017,RS Umum Daerah Dayaku Raja,RSU,RS Umum,D,Pemkab,RS Publik,Kalimantan Timur,Kutai Kartanegara,9.0,,1.0,,1.0,1.0,,,,,1.0,,,1.0,,,,,,,,1.0,,13.0,,5.0,31.0,7,30.43,,,,,,,,,,,,,,,,,,,,,,,,,,0,,,,,,,Sudah kerjasama BPJS,,1,1,100.0
6403052,RS Umum Daerah Aji Batara Agung Dewa Sakti,RSU,RS Umum,C,Pemkab,RS Publik,Kalimantan Timur,Kutai Kartanegara,18.0,,3.0,2.0,2.0,1.0,,,2.0,,3.0,,,2.0,,,,,1.0,1.0,,1.0,,17.0,,8.0,54.0,10,43.48,,,,,,,,,,,,,,,,,,,,,,,,,,0,,,,,,Sudah kerjasama BPJS,Sudah kerjasama BPJS,,2,2,100.0
6405011,RS Umum Daerah Dr. Abdul Rivai,RSU,RS Umum,C,Pemkab,RS Publik,Kalimantan Timur,Berau,29.0,4.0,3.0,3.0,3.0,2.0,,,3.0,,3.0,,,3.0,,1.0,,,1.0,2.0,,1.0,,24.0,,13.0,86.0,12,52.17,0.0,0.0,1.0,1.0,0.0,0.0,0.0,0.0,0.0,0.0,0.0,0.0,,0.0,0.0,0.0,0.0,0.0,1.0,4.0,1.0,False,7.0,4.0,95.0,1,,,,,,,,,0,0,
6405012,RS Umum Daerah Talisayan,RSU,RS Umum,D,Pemkab,RS Publik,Kalimantan Timur,Berau,9.0,2.0,1.0,1.0,,1.0,,,1.0,,1.0,,,,,,,,,,,1.0,,9.0,,2.0,26.0,8,34.78,0.0,0.0,0.0,0.0,0.0,0.0,0.0,0.0,0.0,0.0,0.0,0.0,,0.0,0.0,0.0,0.0,0.0,0.0,3.0,1.0,False,3.0,1.0,95.0,1,,,,,,,,,0,0,
6402041,RS Umum Daerah Harapan Insan Sendawar,RSU,RS Umum,C,Pemkab,RS Publik,Kalimantan Timur,Kutai Barat,18.0,2.0,3.0,2.0,2.0,3.0,,,2.0,,3.0,,,2.0,,1.0,,,3.0,1.0,,1.0,,27.0,,8.0,71.0,12,52.17,0.0,1.0,0.0,0.0,0.0,0.0,0.0,1.0,0.0,0.0,0.0,0.0,,0.0,0.0,0.0,0.0,0.0,0.0,5.0,1.0,False,7.0,3.0,95.0,1,,,,,,,Sudah kerjasama BPJS,,1,1,100.0
6402053,RS Santa Familia,RSU,RS Umum,D,Swasta,RS Privat,Kalimantan Timur,Kutai Barat,5.0,1.0,1.0,2.0,,,,,2.0,,1.0,,,,,1.0,,,,,,,,1.0,,,11.0,6,26.09,,,,,,,,,,,,,,,,,,,,,,,,,,0,,,,,,,,,0,0,
6402064,RS Umum Daerah Pratama Sendawar,RSU,RS Umum,D PRATAMA,Pemkab,RS Publik,Kalimantan Timur,Kutai Barat,,,,,,,,,,,,,,,,,,,,,,,,,,,,0,0.0,,,,,,,,,,,,,,,,,,,,,,,,,,0,,,,,,,,,0,0,
6404032,RS Umum Daerah Kudungga,RSU,RS Umum,B,Pemkab,RS Publik,Kalimantan Timur,Kutai Timur,23.0,3.0,3.0,3.0,2.0,3.0,,,3.0,,3.0,,,2.0,,1.0,,1.0,2.0,1.0,,3.0,,15.0,,12.0,72.0,13,56.52,0.0,1.0,0.0,0.0,0.0,0.0,0.0,1.0,,1.0,0.0,0.0,,0.0,0.0,0.0,,,0.0,,1.0,False,3.0,3.0,75.0,1,,,,Sudah kerjasama BPJS,,,Sudah kerjasama BPJS,,2,2,100.0
6404043,RS Umum Meloy,RSU,RS Umum,D,Swasta,RS Privat,Kalimantan Timur,Kutai Timur,5.0,1.0,1.0,2.0,1.0,1.0,,,2.0,,1.0,,,1.0,,1.0,,,,1.0,,1.0,,,,,14.0,9,39.13,,,,,,,,,,,,,,,,,,,,,,,,,,0,,,,,,,,,0,0,
6404044,RS Pupuk Kaltim Prima Sangata,RSU,RS Umum,D,Swasta,RS Privat,Kalimantan Timur,Kutai Timur,13.0,3.0,1.0,1.0,1.0,1.0,,,1.0,,1.0,,,1.0,,,,,,1.0,,1.0,,,,,22.0,8,34.78,,,,,,,,,,,,,,,,,,,,,,,,,,0,,,,,,,,,0,0,
6404045,RS Ibu Anak Cahaya Sangatta,RSIA,RS Khusus,C,Swasta,RS Privat,Kalimantan Timur,Kutai Timur,,,,,,,,,,,,,,,,,,,,,,,,,,,,0,0.0,,,,,,,,,,,,,,,,,,,,,,,,,,0,,,,,,,Sudah kerjasama BPJS,,1,1,100.0
6404046,RS Umum Medika Sangatta,RSU,RS Umum,D,Swasta,RS Privat,Kalimantan Timur,Kutai Timur,15.0,5.0,4.0,1.0,1.0,1.0,,,1.0,,4.0,,,1.0,,1.0,,,1.0,,,3.0,,11.0,,5.0,48.0,11,47.83,,,,,,,,,,,,,,,,,,,,,,,,,,0,,,,,,,Sudah kerjasama BPJS,,1,1,100.0
6404047,RS Ibu Anak Asy Syifa,RSIA,RS Khusus,C,Swasta,RS Privat,Kalimantan Timur,Kutai Timur,3.0,1.0,,1.0,1.0,,,,1.0,,,,,1.0,,,,,,,,1.0,,,,,7.0,5,21.74,,,,,,,,,,,,,,,,,,,,,,,,,,0,,,,,,,,,0,0,
6404051,RS Umum Daerah Sangkulirang,RSU,RS Umum,D,Pemkab,RS Publik,Kalimantan Timur,Kutai Timur,6.0,2.0,,1.0,,1.0,,,1.0,,,,,,,,,,1.0,,,1.0,,8.0,,2.0,22.0,8,34.78,,,,,,,,,,,,,,,,,,,,,,,,,,0,,,,,,,,,0,0,
6404054,RS Pelita Kasih,RSU,RS Umum,D,Swasta,RS Privat,Kalimantan Timur,Kutai Timur,4.0,1.0,1.0,,,1.0,,,,,1.0,,,,,,,,,1.0,,,,,,2.0,10.0,6,26.09,,,,,,,,,,,,,,,,,,,,,,,,,,0,,,,,,,,,0,0,
6409036,RS Umum Daerah Ratu Aji Putri Botung,RSU,RS Umum,C,Pemkab,RS Publik,Kalimantan Timur,Penajam Paser Utara,,,,,,,,,,,,,,,,,,,,,,,,,,,,0,0.0,0.0,0.0,0.0,0.0,0.0,0.0,0.0,0.0,0.0,0.0,0.0,1.0,,0.0,0.0,0.0,0.0,0.0,0.0,1.0,1.0,False,2.0,2.0,95.0,1,,,,,Sudah kerjasama BPJS,Sudah kerjasama BPJS,Sudah kerjasama BPJS,,3,3,100.0
6409047,RS Umum Daerah Sepaku Tipe D,RSU,RS Umum,D,Pemkab,RS Publik,Kalimantan Timur,Penajam Paser Utara,5.0,,,2.0,1.0,,,,2.0,,,,,1.0,,,,,,1.0,,,,2.0,,1.0,12.0,6,26.09,,,,,,,,,,,,,,,,,,,,,,,,,,0,,,,,,,,,0,0,
6411001,RS Gerbang Sehat Mahulu,RSU,RS Umum,D PRATAMA,Pemkab,RS Publik,Kalimantan Timur,Mahakam Hulu,4.0,1.0,1.0,,,,,,,,1.0,,,,,,,,,,,,,11.0,,2.0,19.0,5,21.74,0.0,0.0,0.0,0.0,0.0,0.0,0.0,0.0,0.0,0.0,0.0,0.0,,0.0,0.0,0.0,0.0,0.0,0.0,1.0,1.0,False,1.0,1.0,95.0,1,,,,,,,,,0,0,
6411002,RS Nawacita Datah Dave,RSU,RS Umum,D PRATAMA,Pemkab,RS Publik,Kalimantan Timur,Mahakam Hulu,7.0,1.0,,,,,,,,,,,,,,,,,,,,,,,,1.0,9.0,3,13.04,,,,,,,,,,,,,,,,,,,,,,,,,,0,,,,,,,,,0,0,
6471014,RS Umum Daerah Dr. Kanujoso Djatiwibowo,RSU,RS Umum,A,Pemprop,RS Publik,Kalimantan Timur,Kota Balikpapan,46.0,1.0,3.0,3.0,4.0,3.0,1.0,2.0,3.0,,3.0,,,4.0,1.0,3.0,,2.0,2.0,3.0,1.0,7.0,,45.0,4.0,22.0,153.0,18,78.26,1.0,1.0,0.0,1.0,1.0,0.0,3.0,1.0,,1.0,2.0,1.0,,3.0,1.0,0.0,,,0.0,,1.0,False,16.0,11.0,75.0,1,Sudah kerjasama BPJS,,Sudah kerjasama BPJS,Sudah kerjasama BPJS,Sudah kerjasama BPJS,Sudah kerjasama BPJS,Sudah kerjasama BPJS,Sudah kerjasama BPJS,7,7,100.0
6471025,RS Pertamina Balikpapan,RSU,RS Umum,C,BUMN,RS Privat,Kalimantan Timur,Kota Balikpapan,69.0,8.0,5.0,7.0,4.0,1.0,1.0,1.0,7.0,,5.0,,,4.0,,2.0,,2.0,1.0,3.0,,2.0,,32.0,,13.0,151.0,15,65.22,,,,,,,,,,,,,,,,,,,,,,,,,,0,Sudah kerjasama BPJS,,,Sudah kerjasama BPJS,Sudah kerjasama BPJS,,Sudah kerjasama BPJS,,4,4,100.0
6471036,RS Tk. II Dr. R. Hardjanto,RSU,RS Umum,C,TNI,RS Publik,Kalimantan Timur,Kota Balikpapan,16.0,1.0,2.0,1.0,2.0,1.0,,,1.0,,2.0,,,2.0,,1.0,,,2.0,,,1.0,,10.0,,3.0,40.0,11,47.83,,,,,,,,,,,,,,,,,,,,,,,,,,0,,,,,,Sudah kerjasama BPJS,Sudah kerjasama BPJS,,2,2,100.0
6471051,RS Restu Ibu,RSU,RS Umum,C,Swasta,RS Privat,Kalimantan Timur,Kota Balikpapan,27.0,2.0,8.0,8.0,5.0,5.0,1.0,,8.0,,8.0,,,5.0,,3.0,,1.0,1.0,2.0,,4.0,,11.0,,6.0,84.0,14,60.87,,,,,,,,,,,,,,,,,,,,,,,,,,0,Sudah kerjasama BPJS,,,,,Sudah kerjasama BPJS,Sudah kerjasama BPJS,,3,3,100.0
6471062,RS Ibu dan Anak Sayang Ibu,RSIA,RS Khusus,C,Pemkot,RS Publik,Kalimantan Timur,Kota Balikpapan,7.0,,,2.0,2.0,,,,2.0,,,,,2.0,,,,,1.0,,,4.0,,6.0,,,22.0,6,26.09,,,,,,,,,,,,,,,,,,,,,,,,,,0,,,,,,,Sudah kerjasama BPJS,,1,1,100.0
6471073,RS Bhayangkara Balikpapan,RSU,RS Umum,C,POLRI,RS Publik,Kalimantan Timur,Kota Balikpapan,35.0,2.0,5.0,2.0,3.0,6.0,,,2.0,,5.0,,,3.0,,2.0,,,1.0,2.0,,3.0,,11.0,1.0,3.0,76.0,13,56.52,,,,,,,,,,,,,,,,,,,,,,,,,,0,,,,,,,Sudah kerjasama BPJS,,1,1,100.0
6471074,RS Medika Utama Permata,RSIA,RS Khusus,C,Swasta,RS Privat,Kalimantan Timur,Kota Balikpapan,18.0,2.0,,6.0,3.0,1.0,,,6.0,,,,,3.0,,,,1.0,1.0,,,2.0,,4.0,,1.0,39.0,10,43.48,,,,,,,,,,,,,,,,,,,,,,,,,,0,,,,,,Sudah kerjasama BPJS,Sudah kerjasama BPJS,,2,2,100.0
6471075,RS Siloam Hospitals Balikpapan,RSU,RS Umum,B,Swasta,RS Privat,Kalimantan Timur,Kota Balikpapan,13.0,3.0,4.0,7.0,6.0,3.0,,,7.0,1.0,4.0,,,6.0,,1.0,,1.0,2.0,2.0,,6.0,,16.0,,4.0,69.0,14,60.87,,,,,,,,,,,,,,,,,,,,,,,,,,0,Sudah kerjasama BPJS,,,Sudah kerjasama BPJS,Sudah kerjasama BPJS,Sudah kerjasama BPJS,Sudah kerjasama BPJS,,5,5,100.0
6471077,RS Umum Balikpapan Baru,RSU,RS Umum,D,Swasta,RS Privat,Kalimantan Timur,Kota Balikpapan,15.0,2.0,1.0,4.0,2.0,1.0,,,4.0,,1.0,,,2.0,,1.0,,,1.0,1.0,,3.0,,10.0,,5.0,46.0,12,52.17,,,,,,,,,,,,,,,,,,,,,,,,,,0,,,,,,,Sudah kerjasama BPJS,,1,1,100.0
6471078,RS Umum Tingkat IV  Lanud Balikpapan,RSU,RS Umum,D,TNI,RS Publik,Kalimantan Timur,Kota Balikpapan,4.0,1.0,1.0,,1.0,,,,,,1.0,,,1.0,,,,,,1.0,,,,,,1.0,9.0,6,26.09,,,,,,,,,,,,,,,,,,,,,,,,,,0,,,,,,,,,0,0,
6471079,RS Umum Daerah Beriman,RSU,RS Umum,C,Pemkot,RS Publik,Kalimantan Timur,Kota Balikpapan,23.0,2.0,4.0,3.0,2.0,2.0,,,3.0,,4.0,,,2.0,,1.0,,1.0,1.0,1.0,,3.0,,13.0,1.0,6.0,63.0,14,60.87,,,,,,,,,,,,,,,,,,,,,,,,,,0,,,,,,Sudah kerjasama BPJS,Sudah kerjasama BPJS,,2,2,100.0
6471082,RS Khusus Mata SMEC Balikpapan,RSK Mata,RS Khusus,C,Swasta,RS Privat,Kalimantan Timur,Kota Balikpapan,1.0,,1.0,,,,,,,,1.0,,,,,,,,,,,1.0,,1.0,,,4.0,4,17.39,,,,,,,,,,,,,,,,,,,,,,,,,,0,,,,,,,,,0,0,
6471085,RS Ibu Anak Asih  Balikpapan,RSIA,RS Khusus,C,Swasta,RS Privat,Kalimantan Timur,Kota Balikpapan,6.0,,,3.0,4.0,,,,3.0,,,,,4.0,,,,,,,,2.0,,5.0,,,20.0,5,21.74,,,,,,,,,,,,,,,,,,,,,,,,,,0,,,,,,,,,0,0,
6471086,RS Hermina Balikpapan,RSU,RS Umum,C,Swasta,RS Privat,Kalimantan Timur,Kota Balikpapan,19.0,1.0,4.0,8.0,5.0,3.0,1.0,,8.0,,4.0,,,5.0,,3.0,,1.0,1.0,1.0,,4.0,,7.0,1.0,5.0,64.0,15,65.22,,,,,,,,,,,,,,,,,,,,,,,,,,0,,,,,,Sudah kerjasama BPJS,Sudah kerjasama BPJS,,2,2,100.0
6471087,RS Medika Utama Manggar,RSU,RS Umum,D,Swasta,RS Privat,Kalimantan Timur,Kota Balikpapan,10.0,,1.0,2.0,1.0,2.0,,,2.0,,1.0,,,1.0,,,,,,,,1.0,,4.0,,2.0,23.0,8,34.78,,,,,,,,,,,,,,,,,,,,,,,,,,0,,,,,,,Sudah kerjasama BPJS,,1,1,100.0
6472015,RS Umum Daerah Abdul Wahab Sjahranie,RSU,RS Umum,A,Pemprop,RS Publik,Kalimantan Timur,Kota Samarinda,84.0,3.0,11.0,12.0,13.0,4.0,1.0,2.0,12.0,,11.0,,,13.0,,5.0,,4.0,2.0,5.0,2.0,12.0,1.0,55.0,5.0,32.0,253.0,18,78.26,1.0,1.0,0.0,1.0,1.0,1.0,1.0,0.0,,1.0,1.0,1.0,,1.0,1.0,1.0,,,1.0,,1.0,False,13.0,13.0,75.0,1,Sudah kerjasama BPJS,,Sudah kerjasama BPJS,Sudah kerjasama BPJS,,Sudah kerjasama BPJS,Sudah kerjasama BPJS,Belum kerjasama BPJS,6,5,83.33
6472030,RS Umum Dirgahayu,RSU,RS Umum,C,Swasta Non Profit,RS Publik,Kalimantan Timur,Kota Samarinda,30.0,1.0,8.0,4.0,4.0,5.0,,,4.0,,8.0,,,4.0,,4.0,,,1.0,3.0,,6.0,,13.0,,9.0,88.0,12,52.17,,,,,,,,,,,,,,,,,,,,,,,,,,0,Sudah kerjasama BPJS,,,Sudah kerjasama BPJS,,,Sudah kerjasama BPJS,,3,3,100.0
6472041,RS Umum Tk. IV Samarinda,RSU,RS Umum,D,TNI,RS Publik,Kalimantan Timur,Kota Samarinda,3.0,2.0,,,,,,,,,,,,,,,,,,,,,,1.0,,,6.0,3,13.04,,,,,,,,,,,,,,,,,,,,,,,,,,0,,,,,,,,,0,0,
6472052,RS Ibu dan Anak  Aisyiyah Samarinda,RSIA,RS Khusus,C,Swasta Non Profit,RS Publik,Kalimantan Timur,Kota Samarinda,5.0,,1.0,4.0,5.0,1.0,,,4.0,,1.0,,,5.0,,,,,1.0,,,1.0,,3.0,,,21.0,8,34.78,,,,,,,,,,,,,,,,,,,,,,,,,,0,,,,,,,,,0,0,
6472063,RS Jiwa Atma Husada Mahakam,RSK Jiwa,RS Khusus,A,Pemprop,RS Publik,Kalimantan Timur,Kota Samarinda,14.0,2.0,1.0,,,,,,,,1.0,,,,,,,,,,,,,10.0,,2.0,29.0,5,21.74,,,,,,,,,,,,,,,,,,,,,,,,,,0,,,,,,,Sudah kerjasama BPJS,,1,1,100.0
6472096,RS Umum Bhakti Nugraha,RSU,RS Umum,D,Swasta Non Profit,RS Publik,Kalimantan Timur,Kota Samarinda,5.0,,2.0,2.0,1.0,2.0,,,2.0,,2.0,,,1.0,,,,,,,,1.0,,,,,13.0,6,26.09,,,,,,,,,,,,,,,,,,,,,,,,,,0,,,,,,,,,0,0,
6472107,RS Umum Haji Darjad,RSU,RS Umum,C,Swasta,RS Privat,Kalimantan Timur,Kota Samarinda,3.0,1.0,1.0,,1.0,1.0,,,,,1.0,,,1.0,,,,,1.0,1.0,,1.0,,1.0,,,11.0,9,39.13,,,,,,,,,,,,,,,,,,,,,,,,,,0,,,,,,,,,0,0,
6472118,RS Umum Daerah Inche Abdoel Moeis,RSU,RS Umum,C,Pemkot,RS Publik,Kalimantan Timur,Kota Samarinda,28.0,2.0,4.0,3.0,5.0,3.0,,,3.0,,4.0,,,5.0,,1.0,,2.0,2.0,2.0,,3.0,,25.0,,10.0,90.0,13,56.52,0.0,0.0,0.0,0.0,0.0,0.0,0.0,0.0,,0.0,0.0,0.0,,0.0,1.0,0.0,,,0.0,,1.0,False,1.0,1.0,75.0,1,,,,,,Sudah kerjasama BPJS,Sudah kerjasama BPJS,,2,2,100.0
6472121,RS Khusus Ibu dan Anak Qurrata A'yun,RSIA,RS Khusus,C,Swasta,RS Privat,Kalimantan Timur,Kota Samarinda,9.0,,,3.0,3.0,1.0,,,3.0,,,,,3.0,,,,,,,,4.0,,4.0,,,24.0,6,26.09,,,,,,,,,,,,,,,,,,,,,,,,,,0,,,,,,,,,0,0,
6472123,RS Samarinda Medika Citra,RSU,RS Umum,C,Swasta,RS Privat,Kalimantan Timur,Kota Samarinda,24.0,10.0,5.0,6.0,4.0,4.0,,1.0,6.0,,5.0,,,4.0,,3.0,,1.0,1.0,2.0,,5.0,,17.0,1.0,7.0,91.0,15,65.22,,,,,,,,,,,,,,,,,,,,,,,,,,0,Sudah kerjasama BPJS,,,Sudah kerjasama BPJS,,Sudah kerjasama BPJS,Sudah kerjasama BPJS,,4,4,100.0
6472124,RS Siaga Al-Munawwarah Samarinda,RSU,RS Umum,C,Swasta,RS Privat,Kalimantan Timur,Kota Samarinda,7.0,1.0,2.0,1.0,,2.0,,,1.0,,2.0,,,,,,,,,,,2.0,,6.0,,2.0,23.0,8,34.78,,,,,,,,,,,,,,,,,,,,,,,,,,0,Sudah kerjasama BPJS,,,,,,Sudah kerjasama BPJS,,2,2,100.0
6472128,RS Umum Daerah KORPRI Provinsi Kalimantan Timur,RSU,RS Umum,D,Pemprop,RS Publik,Kalimantan Timur,Kota Samarinda,8.0,1.0,,1.0,1.0,,,,1.0,,,,,1.0,,,,,,,,,,7.0,,1.0,19.0,6,26.09,,,,,,,,,,,,,,,,,,,,,,,,,,0,,,,,,,,,0,0,
6472130,RS Hermina Samarinda,RSU,RS Umum,C,Swasta,RS Privat,Kalimantan Timur,Kota Samarinda,46.0,,8.0,11.0,4.0,3.0,,,11.0,,8.0,,,4.0,,3.0,,,,,,4.0,,,1.0,4.0,84.0,9,39.13,,,,,,,,,,,,,,,,,,,,,,,,,,0,Sudah kerjasama BPJS,,,,,Sudah kerjasama BPJS,Sudah kerjasama BPJS,,3,3,100.0
6472131,RS Mata Provinsi Kalimantan Timur,RSK Mata,RS Khusus,C,Pemprop,RS Publik,Kalimantan Timur,Kota Samarinda,6.0,,,,,,,,,,,,,,,,,,1.0,,,1.0,,6.0,,1.0,15.0,5,21.74,,,,,,,,,,,,,,,,,,,,,,,,,,0,,,,,,,,,0,0,
6472132,RS Islam Samarinda,RSU,RS Umum,D,Swasta Non Profit,RS Publik,Kalimantan Timur,Kota Samarinda,,,,,,,,,,,,,,,,,,,,,,,,1.0,,,1.0,1,4.35,,,,,,,,,,,,,,,,,,,,,,,,,,0,,,,,,,,,0,0,
6472143,RS Ibu dan Anak Jimmy Medika Borneo,RSIA,RS Khusus,C,Swasta,RS Privat,Kalimantan Timur,Kota Samarinda,5.0,2.0,,,,,,,,,,,,,,,,,,,,,,1.0,,,8.0,3,13.04,,,,,,,,,,,,,,,,,,,,,,,,,,0,Sudah kerjasama BPJS,,,,,,,,1,1,100.0
6474010,RS LNG Badak,RSU,RS Umum,D,Swasta,RS Privat,Kalimantan Timur,Kota Bontang,,,,,,,,,,,,,,,,,,,,,,,,,,,,0,0.0,,,,,,,,,,,,,,,,,,,,,,,,,,0,,,,,,,,,0,0,
6474021,RS Pupuk Kaltim,RSU,RS Umum,C,Swasta,RS Privat,Kalimantan Timur,Kota Bontang,36.0,7.0,3.0,2.0,2.0,1.0,,,2.0,,3.0,,,2.0,,1.0,,1.0,1.0,1.0,,2.0,,14.0,1.0,6.0,78.0,14,60.87,,,,,,,,,,,,,,,,,,,,,,,,,,0,,,,,Sudah kerjasama BPJS,Sudah kerjasama BPJS,Sudah kerjasama BPJS,,3,3,100.0
6474032,RS Umum Daerah Taman Husada Bontang,RSU,RS Umum,B,Pemkot,RS Publik,Kalimantan Timur,Kota Bontang,23.0,3.0,3.0,3.0,3.0,2.0,,1.0,3.0,,3.0,,,3.0,,1.0,,2.0,2.0,2.0,,3.0,,18.0,1.0,11.0,78.0,15,65.22,0.0,1.0,0.0,0.0,0.0,0.0,0.0,0.0,0.0,0.0,0.0,0.0,,0.0,0.0,0.0,1.0,0.0,0.0,3.0,1.0,False,5.0,3.0,95.0,1,Sudah kerjasama BPJS,,,,Sudah kerjasama BPJS,Sudah kerjasama BPJS,Sudah kerjasama BPJS,,4,4,100.0
6474033,RS Amalia Bontang,RSU,RS Umum,C,Swasta,RS Privat,Kalimantan Timur,Kota Bontang,23.0,3.0,1.0,1.0,2.0,3.0,,,1.0,,1.0,,,2.0,,1.0,,,1.0,1.0,,1.0,,9.0,,4.0,50.0,12,52.17,,,,,,,,,,,,,,,,,,,,,,,,,,0,,,,,,,Sudah kerjasama BPJS,,1,1,100.0
6474034,RS Islam Bontang,RSU,RS Umum,C,Swasta,RS Privat,Kalimantan Timur,Kota Bontang,16.0,3.0,2.0,2.0,2.0,3.0,,,2.0,,2.0,,,2.0,,,,,1.0,1.0,,2.0,,12.0,,2.0,46.0,11,47.83,,,,,,,,,,,,,,,,,,,,,,,,,,0,,,,,,,Sudah kerjasama BPJS,,1,1,100.0
6404021,RS Umum Daerah Tanjung Selor,RSU,RS Umum,C,Pemkab,RS Publik,Kalimantan Utara,Bulungan,16.0,3.0,1.0,2.0,4.0,3.0,,,2.0,,1.0,,,4.0,,1.0,,1.0,1.0,1.0,,2.0,,15.0,,12.0,62.0,13,56.52,0.0,1.0,1.0,0.0,0.0,0.0,0.0,0.0,,0.0,0.0,1.0,,0.0,0.0,0.0,,,0.0,,1.0,False,3.0,3.0,75.0,1,,,,,,Sudah kerjasama BPJS,Sudah kerjasama BPJS,,2,2,100.0
6406012,RS Umum Daerah Kabupaten Malinau ,RSU,RS Umum,C,Pemkab,RS Publik,Kalimantan Utara,Malinau,39.0,1.0,3.0,2.0,2.0,2.0,,,2.0,,3.0,,,2.0,,1.0,,,1.0,1.0,,2.0,,13.0,,5.0,72.0,12,52.17,0.0,0.0,1.0,0.0,0.0,0.0,0.0,0.0,,0.0,0.0,0.0,,0.0,0.0,0.0,,,0.0,,1.0,False,1.0,1.0,75.0,1,,,,Sudah kerjasama BPJS,Sudah kerjasama BPJS,,Sudah kerjasama BPJS,,3,3,100.0
6408014,RS Pratama Langap,RSU,RS Umum,D PRATAMA,Pemkab,RS Publik,Kalimantan Utara,Malinau,,1.0,,,,,,,,,,,,,,,,,,,,,,,,,1.0,1,4.35,,,,,,,,,,,,,,,,,,,,,,,,,,0,,,,,,,,,0,0,
6501013,RS Pratama Long Ampung,RSU,RS Umum,D PRATAMA,Pemkab,RS Publik,Kalimantan Utara,Malinau,2.0,,,,,,,,,,,,,,,,,,,,,,,1.0,,,3.0,2,8.7,,,,,,,,,,,,,,,,,,,,,,,,,,0,,,,,,,,,0,0,
6408025,RS Umum Daerah Kabupaten Nunukan,RSU,RS Umum,C,Pemkab,RS Publik,Kalimantan Utara,Nunukan,23.0,2.0,3.0,4.0,1.0,3.0,,,4.0,,3.0,,,1.0,,1.0,,,2.0,1.0,,1.0,,15.0,,12.0,68.0,12,52.17,0.0,0.0,1.0,0.0,0.0,0.0,0.0,0.0,,0.0,0.0,1.0,,0.0,0.0,0.0,,,0.0,,1.0,False,2.0,2.0,75.0,1,,,,,,,Sudah kerjasama BPJS,,1,1,100.0
6504027,RS Pratama Sebatik,RSU,RS Umum,D PRATAMA,Pemkab,RS Publik,Kalimantan Utara,Nunukan,5.0,1.0,1.0,,,,,,,,1.0,,,,,,,,,,,,,3.0,,2.0,12.0,5,21.74,,,,,,,,,,,,,,,,,,,,,,,,,,0,,,,,,,,,0,0,
6504038,RS Pratama Sebuku,RSU,RS Umum,D PRATAMA,Pemkab,RS Publik,Kalimantan Utara,Nunukan,,,,,,,,,,,,,,,,,,,,,,,,,,,,0,0.0,,,,,,,,,,,,,,,,,,,,,,,,,,0,,,,,,,,,0,0,
6504039,RS Pratama Krayan,RSU,RS Umum,D PRATAMA,Pemkab,RS Publik,Kalimantan Utara,Nunukan,,,,,,,,,,,,,,,,,,,,,,,,,,,,0,0.0,,,,,,,,,,,,,,,,,,,,,,,,,,0,,,,,,,,,0,0,
6503002,RS Umum Daerah Akhmad Berahim,RSU,RS Umum,D,Pemkab,RS Publik,Kalimantan Utara,Tana Tidung,8.0,2.0,1.0,2.0,1.0,,,,2.0,,1.0,,,1.0,,,,,,,,,,9.0,,5.0,28.0,7,30.43,0.0,0.0,0.0,0.0,0.0,0.0,0.0,0.0,0.0,0.0,0.0,0.0,,0.0,0.0,0.0,0.0,0.0,0.0,0.0,1.0,False,0.0,0.0,95.0,1,,,,,,,Sudah kerjasama BPJS,,1,1,100.0
6503013,RS Kelas D Pratama Tanjung Keramat,RSU,RS Umum,D PRATAMA,Pemkab,RS Publik,Kalimantan Utara,Tana Tidung,,,,,,,,,,,,,,,,,,,,,,,,,,,,0,0.0,,,,,,,,,,,,,,,,,,,,,,,,,,0,,,,,,,,,0,0,
6473016,RS Umum Daerah dr.H. Jusuf SK,RSU,RS Umum,B,Pemprop,RS Publik,Kalimantan Utara,Kota Tarakan,61.0,9.0,4.0,4.0,6.0,3.0,1.0,1.0,4.0,,4.0,,,6.0,,2.0,,1.0,2.0,2.0,,3.0,,32.0,,21.0,152.0,15,65.22,0.0,1.0,0.0,0.0,1.0,0.0,1.0,0.0,,0.0,0.0,1.0,,1.0,1.0,0.0,,,0.0,,1.0,False,6.0,6.0,75.0,1,Sudah kerjasama BPJS,,Sudah kerjasama BPJS,Sudah kerjasama BPJS,Sudah kerjasama BPJS,Sudah kerjasama BPJS,Sudah kerjasama BPJS,,6,6,100.0
6473042,RS AL Ilyas Tarakan,RSU,RS Umum,D,TNI,RS Publik,Kalimantan Utara,Kota Tarakan,18.0,1.0,2.0,1.0,1.0,1.0,,,1.0,,2.0,,,1.0,,1.0,,,,1.0,,1.0,,3.0,,4.0,34.0,11,47.83,,,,,,,,,,,,,,,,,,,,,,,,,,0,,,,,,,Sudah kerjasama BPJS,,1,1,100.0
6473043,RS Pertamina Tarakan,RSU,RS Umum,C,BUMN,RS Privat,Kalimantan Utara,Kota Tarakan,12.0,5.0,3.0,6.0,4.0,2.0,,,6.0,,3.0,,,4.0,,,,1.0,1.0,3.0,,2.0,,6.0,,4.0,49.0,12,52.17,,,,,,,,,,,,,,,,,,,,,,,,,,0,,,,,,,Sudah kerjasama BPJS,,1,1,100.0
6571044,RS Umum Kota Tarakan,RSU,RS Umum,C,Pemkot,RS Publik,Kalimantan Utara,Kota Tarakan,18.0,1.0,2.0,1.0,2.0,1.0,,,1.0,,2.0,,,2.0,,,,,1.0,1.0,,,,10.0,,5.0,42.0,10,43.48,0.0,0.0,0.0,0.0,0.0,0.0,0.0,0.0,0.0,0.0,0.0,0.0,,0.0,0.0,0.0,0.0,0.0,0.0,3.0,1.0,False,3.0,1.0,95.0,1,,,,,,,Sudah kerjasama BPJS,,1,1,100.0
6571045,RS Bhayangkara Tarakan,RSU,RS Umum,D,POLRI,RS Publik,Kalimantan Utara,Kota Tarakan,2.0,,,1.0,,1.0,,,1.0,,,,,,,,,,1.0,,,,,5.0,,3.0,13.0,6,26.09,,,,,,,,,,,,,,,,,,,,,,,,,,0,,,,,,,Sudah kerjasama BPJS,,1,1,100.0
6571056,RS Umum Carsa Tarakan,RSU,RS Umum,D,Swasta,RS Privat,Kalimantan Utara,Kota Tarakan,,,,,,,,,,,,,,,,,,,,,,,,,,,,0,0.0,,,,,,,,,,,,,,,,,,,,,,,,,,0,,,,,,,Sudah kerjasama BPJS,,1,1,100.0
7101013,RS Umum Datoe Binangkang,RSU,RS Umum,C,Pemkab,RS Publik,Sulawesi Utara,Bolaang Mongondow,15.0,2.0,3.0,2.0,1.0,1.0,,,2.0,,3.0,,,1.0,,,,,1.0,1.0,,1.0,,8.0,,6.0,41.0,11,47.83,0.0,0.0,1.0,0.0,0.0,0.0,0.0,0.0,,0.0,0.0,0.0,,1.0,0.0,0.0,,,0.0,,1.0,False,2.0,2.0,75.0,1,,,,,,,,,0,0,
7102014,RS Umum Daerah Dr. Sam Ratulangi Tondano,RSU,RS Umum,C,Pemkab,RS Publik,Sulawesi Utara,Minahasa,24.0,3.0,3.0,3.0,2.0,2.0,,,3.0,,3.0,,,2.0,,,,,1.0,1.0,,2.0,,10.0,,4.0,55.0,11,47.83,,,,,,,,,,,,,,,,,,,,,,,,,,0,,,,,,,Sudah kerjasama BPJS,,1,1,100.0
7102040,RS Siloam GMIM Sonder,RSU,RS Umum,D,Swasta Non Profit,RS Publik,Sulawesi Utara,Minahasa,2.0,,2.0,1.0,,,,,1.0,,2.0,,,,,,,,,,,,,,,,5.0,3,13.04,,,,,,,,,,,,,,,,,,,,,,,,,,0,,,,,,,Sudah kerjasama BPJS,,1,1,100.0
7102073,RS Budi Setia,RSU,RS Umum,C,Swasta Non Profit,RS Publik,Sulawesi Utara,Minahasa,17.0,2.0,1.0,2.0,1.0,3.0,,,2.0,,1.0,,,1.0,,,,,,1.0,,2.0,,2.0,,5.0,36.0,10,43.48,,,,,,,,,,,,,,,,,,,,,,,,,,0,,,,,,,Sudah kerjasama BPJS,,1,1,100.0
7102120,RS Umum Noongan,RSU,RS Umum,C,Pemprop,RS Publik,Sulawesi Utara,Minahasa,31.0,2.0,1.0,1.0,1.0,2.0,,,1.0,,1.0,,,1.0,,,,,,1.0,,1.0,,6.0,,1.0,47.0,10,43.48,0.0,0.0,1.0,0.0,0.0,0.0,0.0,0.0,,0.0,0.0,0.0,,0.0,0.0,0.0,,,0.0,,1.0,False,1.0,1.0,75.0,1,,,,,,,,,0,0,
7102121,RS Dr. J. H. Awaloei,RSU,RS Umum,C,Swasta,RS Privat,Sulawesi Utara,Minahasa,29.0,3.0,9.0,3.0,5.0,3.0,2.0,1.0,3.0,,9.0,,,5.0,,,,,1.0,2.0,,1.0,,11.0,,2.0,72.0,13,56.52,,,,,,,,,,,,,,,,,,,,,,,,,,0,Sudah kerjasama BPJS,,,,,Sudah kerjasama BPJS,Sudah kerjasama BPJS,,3,3,100.0
7171035,RS Jiwa Prof. Dr. V. L. Ratumbuysang,RSK Jiwa,RS Khusus,B,Pemprop,RS Publik,Sulawesi Utara,Minahasa,14.0,,1.0,,,,,,,,1.0,,,,,,,,1.0,1.0,,,,9.0,,2.0,28.0,6,26.09,,,,,,,,,,,,,,,,,,,,,,,,,,0,,,,,,,,,0,0,
7103015,RS Daerah Liun Kendage,RSU,RS Umum,C,Pemkab,RS Publik,Sulawesi Utara,Kepulauan Sangihe,15.0,,3.0,2.0,3.0,1.0,1.0,,2.0,,3.0,,,3.0,,,,,1.0,1.0,,2.0,,6.0,,3.0,38.0,11,47.83,0.0,0.0,1.0,0.0,0.0,0.0,0.0,0.0,,0.0,0.0,0.0,,0.0,0.0,0.0,,,0.0,,1.0,False,1.0,1.0,75.0,1,,,,,,,,,0,0,
7103039,RS Umum Liung Paduli,RSU,RS Umum,D,Pemkab,RS Publik,Sulawesi Utara,Kepulauan Sangihe,6.0,1.0,1.0,1.0,1.0,1.0,,,1.0,,1.0,,,1.0,,,,,,,,1.0,,2.0,,,14.0,8,34.78,,,,,,,,,,,,,,,,,,,,,,,,,,0,,,,,,,,,0,0,
7104027,RS Bergerak Kab.Kep.Talaud,RSU,RS Umum,D,Pemkab,RS Publik,Sulawesi Utara,Kepulauan Talaud,1.0,,1.0,1.0,1.0,,,,1.0,,1.0,,,1.0,,,,,,,,,,1.0,,,5.0,5,21.74,,,,,,,,,,,,,,,,,,,,,,,,,,0,,,,,,,,,0,0,
7104038,RS Umum Daerah Talaud,RSU,RS Umum,C,Pemkab,RS Publik,Sulawesi Utara,Kepulauan Talaud,10.0,2.0,2.0,1.0,1.0,2.0,,,1.0,,2.0,,,1.0,,,,,1.0,1.0,,1.0,,5.0,,,26.0,10,43.48,0.0,0.0,0.0,0.0,0.0,0.0,0.0,0.0,0.0,0.0,0.0,0.0,,0.0,0.0,0.0,0.0,0.0,0.0,2.0,1.0,False,2.0,1.0,95.0,1,,,,,,,Sudah kerjasama BPJS,,1,1,100.0
7105030,RS Umum Daerah Amurang,RSU,RS Umum,C,Pemkab,RS Publik,Sulawesi Utara,Minahasa Selatan,10.0,1.0,2.0,1.0,2.0,1.0,,,1.0,,2.0,,,2.0,,,,1.0,,1.0,,1.0,,1.0,,,21.0,10,43.48,0.0,0.0,0.0,0.0,0.0,0.0,0.0,0.0,,0.0,0.0,0.0,,0.0,0.0,0.0,,,0.0,,1.0,False,0.0,0.0,75.0,1,,,,,,,,,0,0,
7105084,RS Cantia Tompasobaru,RSU,RS Umum,D,Swasta Non Profit,RS Publik,Sulawesi Utara,Minahasa Selatan,4.0,1.0,4.0,1.0,2.0,1.0,,,1.0,,4.0,,,2.0,,,,,,,,,,,,1.0,14.0,7,30.43,,,,,,,,,,,,,,,,,,,,,,,,,,0,,,,,,,,,0,0,
7105116,RS Kalooran,RSU,RS Umum,C,Swasta Non Profit,RS Publik,Sulawesi Utara,Minahasa Selatan,15.0,2.0,4.0,3.0,3.0,3.0,,,3.0,,4.0,,,3.0,,,,,,1.0,,2.0,,7.0,,3.0,43.0,10,43.48,,,,,,,,,,,,,,,,,,,,,,,,,,0,,,,,,,Sudah kerjasama BPJS,,1,1,100.0
7102062,RS Hermana,RSU,RS Umum,C,Swasta Non Profit,RS Publik,Sulawesi Utara,Minahasa Utara,15.0,1.0,4.0,2.0,3.0,2.0,,,2.0,,4.0,,,3.0,,,,,1.0,1.0,,3.0,,6.0,,2.0,40.0,11,47.83,,,,,,,,,,,,,,,,,,,,,,,,,,0,,,,,,,Sudah kerjasama BPJS,,1,1,100.0
7102095,RS Tonsea,RSU,RS Umum,D,Swasta Non Profit,RS Publik,Sulawesi Utara,Minahasa Utara,11.0,1.0,2.0,3.0,2.0,1.0,,,3.0,,2.0,,,2.0,,,,,1.0,1.0,,1.0,,2.0,,,25.0,10,43.48,,,,,,,,,,,,,,,,,,,,,,,,,,0,,,,,,,Sudah kerjasama BPJS,,1,1,100.0
7106018,RS Umum Daerah Maria Walanda Maramis,RSU,RS Umum,C,Pemkab,RS Publik,Sulawesi Utara,Minahasa Utara,20.0,7.0,4.0,3.0,4.0,2.0,,,3.0,,4.0,,,4.0,,1.0,,,2.0,1.0,,3.0,,9.0,1.0,6.0,63.0,13,56.52,0.0,0.0,1.0,0.0,0.0,0.0,0.0,0.0,,0.0,0.0,0.0,,0.0,0.0,0.0,,,0.0,,1.0,False,1.0,1.0,75.0,1,,,,,,,Sudah kerjasama BPJS,,1,1,100.0
7106020,Sentra Medika Hospital Minahasa Utara,RSU,RS Umum,B,Swasta,RS Privat,Sulawesi Utara,Minahasa Utara,39.0,2.0,8.0,7.0,3.0,6.0,,,7.0,,8.0,,,3.0,,1.0,,,2.0,2.0,,4.0,,18.0,1.0,9.0,102.0,13,56.52,,,,,,,,,,,,,,,,,,,,,,,,,,0,Sudah kerjasama BPJS,,Sudah kerjasama BPJS,,Sudah kerjasama BPJS,Sudah kerjasama BPJS,,,4,4,100.0
7109002,RS Umum Daerah Mitra Sehat,RSU,RS Umum,D,Pemkab,RS Publik,Sulawesi Utara,Minahasa Tenggara,11.0,3.0,1.0,1.0,1.0,1.0,,,1.0,,1.0,,,1.0,,,,,,1.0,,1.0,,5.0,,1.0,26.0,10,43.48,0.0,0.0,0.0,0.0,0.0,0.0,0.0,0.0,0.0,0.0,0.0,0.0,,0.0,0.0,0.0,0.0,0.0,0.0,1.0,1.0,False,1.0,1.0,95.0,1,,,,,,,,,0,0,
7109028,RSU Ratatotok Buyat,RSU,RS Umum,C,Kemkes,RS Publik,Sulawesi Utara,Minahasa Tenggara,13.0,1.0,2.0,1.0,1.0,1.0,,,1.0,,2.0,,,1.0,,,,,,,,1.0,,8.0,,3.0,31.0,9,39.13,0.0,0.0,0.0,0.0,0.0,0.0,0.0,0.0,,0.0,0.0,1.0,,0.0,0.0,0.0,,,0.0,,1.0,False,1.0,1.0,75.0,1,,,,,,,,,0,0,
7107003,RS Umum Daerah Bolaang Mongondow Utara ,RSU,RS Umum,D,Pemkab,RS Publik,Sulawesi Utara,Bolaang Mongondow Utara,7.0,1.0,2.0,1.0,,1.0,,,1.0,,2.0,,,,,,,,,,,2.0,,10.0,,4.0,28.0,8,34.78,0.0,0.0,0.0,0.0,0.0,0.0,0.0,0.0,0.0,0.0,0.0,0.0,,0.0,0.0,0.0,0.0,0.0,0.0,3.0,1.0,False,3.0,1.0,95.0,1,,,,,,,,,0,0,
7107014,RS Umum Bintauna,RSU,RS Umum,D,Pemkab,RS Publik,Sulawesi Utara,Bolaang Mongondow Utara,,,,,,,,,,,,,,,,,,,,,,,,,,,,0,0.0,,,,,,,,,,,,,,,,,,,,,,,,,,0,,,,,,,,,0,0,
7103026,RS Umum Daerah Lapangan Sawang Kab. Sitaro,RSU,RS Umum,D,Pemkab,RS Publik,Sulawesi Utara,Kepulauan Siau Tagulandang Biaro,15.0,1.0,2.0,1.0,1.0,1.0,,,1.0,,2.0,,,1.0,,,,,,1.0,,1.0,,2.0,,,25.0,9,39.13,0.0,0.0,0.0,0.0,0.0,0.0,0.0,0.0,0.0,0.0,0.0,0.0,,0.0,0.0,0.0,0.0,0.0,0.0,1.0,1.0,False,1.0,1.0,95.0,1,,,,,,,,,0,0,
7108037,RS Umum Daerah Tagulandang,RSU,RS Umum,C,Pemkab,RS Publik,Sulawesi Utara,Kepulauan Siau Tagulandang Biaro,9.0,3.0,1.0,1.0,1.0,1.0,,,1.0,,1.0,,,1.0,,,,,,1.0,,,,2.0,,1.0,20.0,9,39.13,0.0,0.0,0.0,0.0,0.0,0.0,0.0,0.0,0.0,0.0,0.0,0.0,,0.0,0.0,0.0,0.0,0.0,0.0,2.0,1.0,False,2.0,1.0,95.0,1,,,,,,,,,0,0,
7111011,RS Umum Daerah Bolaang Mongondow Timur,RSU,RS Umum,D,Pemkab,RS Publik,Sulawesi Utara,Bolaang Mongondow Timur,8.0,2.0,1.0,1.0,1.0,1.0,,,1.0,,1.0,,,1.0,,,,,,,,,,7.0,,1.0,22.0,8,34.78,0.0,0.0,0.0,0.0,0.0,0.0,0.0,0.0,0.0,0.0,0.0,0.0,,0.0,0.0,0.0,0.0,0.0,0.0,3.0,1.0,False,3.0,1.0,95.0,1,,,,,,,,,0,0,
7110002,RS Umum Daerah Bolaang Mongondow Selatan,RSU,RS Umum,D,Pemkab,RS Publik,Sulawesi Utara,Bolaang Mongondow Selatan,9.0,1.0,1.0,1.0,2.0,1.0,,,1.0,,1.0,,,2.0,,,,,,1.0,,1.0,,6.0,,1.0,24.0,10,43.48,0.0,0.0,0.0,0.0,0.0,0.0,0.0,0.0,0.0,0.0,0.0,0.0,,0.0,0.0,0.0,0.0,0.0,0.0,2.0,1.0,False,2.0,1.0,95.0,1,,,,,,,,,0,0,
7171013,RSUP Prof. Dr. R. D. Kandou,RSU,RS Umum,A,Kemkes,RS Publik,Sulawesi Utara,Kota Manado,702.0,3.0,21.0,15.0,23.0,15.0,4.0,3.0,15.0,2.0,21.0,2.0,1.0,23.0,2.0,2.0,,3.0,6.0,10.0,3.0,14.0,1.0,34.0,2.0,35.0,903.0,22,95.65,1.0,2.0,0.0,2.0,1.0,0.0,1.0,1.0,,1.0,1.0,1.0,,2.0,2.0,0.0,,,1.0,,1.0,False,16.0,12.0,75.0,1,Sudah kerjasama BPJS,,Sudah kerjasama BPJS,,Sudah kerjasama BPJS,Sudah kerjasama BPJS,Sudah kerjasama BPJS,Belum kerjasama BPJS,6,5,83.33
7171024,RS TK. II R. W. Mongisidi,RSU,RS Umum,C,TNI,RS Publik,Sulawesi Utara,Kota Manado,,,,,,,,,,,,,,,,,,,,,,,,,,,,0,0.0,,,,,,,,,,,,,,,,,,,,,,,,,,0,,,,,,Sudah kerjasama BPJS,Sudah kerjasama BPJS,,2,2,100.0
7171050,RS Pancaran Kasih,RSU,RS Umum,C,Swasta Non Profit,RS Publik,Sulawesi Utara,Kota Manado,16.0,2.0,16.0,5.0,4.0,5.0,,1.0,5.0,,16.0,,,4.0,,,,,1.0,2.0,,3.0,,4.0,,6.0,65.0,12,52.17,,,,,,,,,,,,,,,,,,,,,,,,,,0,,,,,,,,,0,0,
7171061,RS Bhayangkara Manado,RSU,RS Umum,C,POLRI,RS Publik,Sulawesi Utara,Kota Manado,42.0,2.0,4.0,3.0,2.0,2.0,,,3.0,,4.0,,,2.0,,,,,1.0,1.0,,2.0,,11.0,,3.0,73.0,11,47.83,,,,,,,,,,,,,,,,,,,,,,,,,,0,,,,,,,,,0,0,
7171072,RS Permata Bunda,RSU,RS Umum,D,Swasta Non Profit,RS Publik,Sulawesi Utara,Kota Manado,6.0,,6.0,3.0,1.0,1.0,,,3.0,,6.0,,,1.0,,,,,,,,1.0,,2.0,,,20.0,7,30.43,,,,,,,,,,,,,,,,,,,,,,,,,,0,,,,,,,,,0,0,
7171083,RS Advent Manado,RSU,RS Umum,C,Swasta Non Profit,RS Publik,Sulawesi Utara,Kota Manado,20.0,2.0,6.0,3.0,4.0,5.0,,,3.0,,6.0,,,4.0,,1.0,,,1.0,2.0,,2.0,,3.0,,2.0,51.0,12,52.17,,,,,,,,,,,,,,,,,,,,,,,,,,0,,,,,,,,,0,0,
7171094,RS Islam Sitti Maryam,RSU,RS Umum,C,Swasta Non Profit,RS Publik,Sulawesi Utara,Kota Manado,11.0,1.0,3.0,1.0,1.0,,,,1.0,,3.0,,,1.0,,,,,1.0,,,,,,,,18.0,6,26.09,,,,,,,,,,,,,,,,,,,,,,,,,,0,,,,,,,,,0,0,
7171095,RS Ibu dan Anak Kirana Manado,RSIA,RS Khusus,C,Swasta,RS Privat,Sulawesi Utara,Kota Manado,4.0,,1.0,2.0,,,,,2.0,,1.0,,,,,,,,,,,,,2.0,,,9.0,4,17.39,,,,,,,,,,,,,,,,,,,,,,,,,,0,,,,,,,,,0,0,
7171097,RS TNI AU Lanud Sam Ratulangi,RSU,RS Umum,D,TNI,RS Publik,Sulawesi Utara,Kota Manado,16.0,3.0,2.0,2.0,1.0,1.0,,,2.0,,2.0,,,1.0,,,,,,1.0,,,,3.0,,,29.0,8,34.78,,,,,,,,,,,,,,,,,,,,,,,,,,0,,,,,,,,,0,0,
7171098,RS Ibu dan Anak Kasih Ibu,RSIA,RS Khusus,C,Swasta,RS Privat,Sulawesi Utara,Kota Manado,2.0,,,,,,,,,,,,,,,,,,,,,,,2.0,,,4.0,2,8.7,,,,,,,,,,,,,,,,,,,,,,,,,,0,,,,,,,,,0,0,
7171099,RS Umum Siloam Hospital Manado,RSU,RS Umum,B,Swasta,RS Privat,Sulawesi Utara,Kota Manado,29.0,3.0,8.0,9.0,8.0,2.0,2.0,1.0,9.0,1.0,8.0,,,8.0,1.0,1.0,,,1.0,3.0,,6.0,,10.0,,,85.0,15,65.22,,,,,,,,,,,,,,,,,,,,,,,,,,0,Sudah kerjasama BPJS,,Sudah kerjasama BPJS,,Sudah kerjasama BPJS,,Sudah kerjasama BPJS,,4,4,100.0
7171102,RS Umum Manado Medical Center,RSU,RS Umum,C,Swasta,RS Privat,Sulawesi Utara,Kota Manado,13.0,,6.0,2.0,2.0,2.0,,,2.0,,6.0,,,2.0,,,,,1.0,3.0,,1.0,,1.0,1.0,3.0,35.0,11,47.83,,,,,,,,,,,,,,,,,,,,,,,,,,0,,,,,,,Sudah kerjasama BPJS,,1,1,100.0
7171103,RS Umum Daerah ODSK,RSU,RS Umum,B,Pemprop,RS Publik,Sulawesi Utara,Kota Manado,63.0,10.0,8.0,4.0,5.0,3.0,,,4.0,,8.0,,,5.0,,,,1.0,,1.0,,3.0,,3.0,,7.0,108.0,11,47.83,0.0,1.0,0.0,0.0,0.0,0.0,0.0,0.0,,0.0,0.0,1.0,,0.0,1.0,0.0,,,0.0,,1.0,False,3.0,3.0,75.0,1,Sudah kerjasama BPJS,Sudah kerjasama BPJS,,,Sudah kerjasama BPJS,Sudah kerjasama BPJS,Sudah kerjasama BPJS,,5,5,100.0
7171104,RS Mata Provinsi Sulawesi Utara,RSK Mata,RS Khusus,C,Pemprop,RS Publik,Sulawesi Utara,Kota Manado,13.0,,1.0,,1.0,,,,,,1.0,,,1.0,,,,,,,,1.0,,6.0,,,22.0,5,21.74,,,,,,,,,,,,,,,,,,,,,,,,,,0,,,,,,,,,0,0,
7171105,RS Siloam Paal Dua,RSU,RS Umum,C,Swasta,RS Privat,Sulawesi Utara,Kota Manado,8.0,,3.0,1.0,3.0,2.0,,,1.0,,3.0,,,3.0,,,,,,,,2.0,,5.0,1.0,2.0,27.0,9,39.13,,,,,,,,,,,,,,,,,,,,,,,,,,0,,,,,,,Sudah kerjasama BPJS,,1,1,100.0
7171106,RS Hermina Manado,RSU,RS Umum,C,Swasta,RS Privat,Sulawesi Utara,Kota Manado,21.0,2.0,5.0,4.0,4.0,3.0,,,4.0,,5.0,,,4.0,,,,,,,,3.0,,5.0,,,47.0,8,34.78,,,,,,,,,,,,,,,,,,,,,,,,,,0,,,,,,,Sudah kerjasama BPJS,,1,1,100.0
7171108,RS Khusus Daerah Gigi dan Mulut Kota Manado,RSK GM,RS Khusus,C,Pemkot,RS Publik,Sulawesi Utara,Kota Manado,1.0,7.0,,,,,,,,,,,,,,,,,,,,,,,,,8.0,2,8.7,,,,,,,,,,,,,,,,,,,,,,,,,,0,,,,,,,,,0,0,
7171120,RS Gigi dan Mulut Universitas Sam Ratulangi,RSK GM,RS Khusus,C,Kementerian Lain,RS Publik,Sulawesi Utara,Kota Manado,,16.0,,,,,,,,,,,,,,,,,,,,,,,,,16.0,1,4.35,,,,,,,,,,,,,,,,,,,,,,,,,,0,,,,,,,,,0,0,
7171121,RS Umum Daerah Kota Manado,RSU,RS Umum,C,Pemkot,RS Publik,Sulawesi Utara,Kota Manado,19.0,1.0,6.0,4.0,3.0,2.0,,,4.0,,6.0,,,3.0,,,,1.0,,1.0,,1.0,,,,2.0,40.0,10,43.48,0.0,0.0,0.0,0.0,0.0,0.0,0.0,0.0,1.0,0.0,0.0,0.0,,0.0,0.0,0.0,0.0,0.0,0.0,2.0,1.0,False,3.0,2.0,95.0,1,Sudah kerjasama BPJS,,,,,Sudah kerjasama BPJS,,,2,2,100.0
7171122,RS Khusus Infeksi Kita Waya Provinsi Sulawesi Utara,RSK INFEKSI,RS Khusus,B,Pemprop,RS Publik,Sulawesi Utara,Kota Manado,,,,,,,,,,,,,,,,,,,,,,,,,,,,0,0.0,,,,,,,,,,,,,,,,,,,,,,,,,,0,,,,,,,,,0,0,
7171107S,RS Lapangan Darurat Covid-19 Bapelkes Manado,RS Darurat,RS Khusus,Belum Ditetapkan,Pemprop,RS Publik,Sulawesi Utara,Kota Manado,3.0,,,,,,,,,,,,,,,,,,,,,,,,,2.0,5.0,2,8.7,,,,,,,,,,,,,,,,,,,,,,,,,,0,,,,,,,,,0,0,
7172014,RS Budi Mulia Bitung,RSU,RS Umum,C,Swasta Non Profit,RS Publik,Sulawesi Utara,Kota Bitung,12.0,2.0,4.0,1.0,1.0,2.0,,,1.0,,4.0,,,1.0,,,,,,1.0,,,,2.0,,3.0,28.0,9,39.13,,,,,,,,,,,,,,,,,,,,,,,,,,0,,,,,,,Sudah kerjasama BPJS,,1,1,100.0
7172025,Rumkital dr. Wahyu Slamet Bitung,RSU,RS Umum,D,TNI,RS Publik,Sulawesi Utara,Kota Bitung,11.0,,3.0,,1.0,,,,,,3.0,,,1.0,,,,,,1.0,,2.0,,1.0,,1.0,20.0,7,30.43,,,,,,,,,,,,,,,,,,,,,,,,,,0,,,,,,,,,0,0,
7172036,RS Umum Daerah Manembo-Nembo Bitung,RSU,RS Umum,C,Pemprop,RS Publik,Sulawesi Utara,Kota Bitung,29.0,2.0,5.0,2.0,3.0,2.0,,,2.0,,5.0,,,3.0,,,,,1.0,1.0,,2.0,,13.0,,12.0,72.0,11,47.83,0.0,0.0,0.0,0.0,0.0,0.0,0.0,0.0,,0.0,0.0,0.0,,0.0,0.0,0.0,,,0.0,,1.0,False,0.0,0.0,75.0,1,,,,,,,Sudah kerjasama BPJS,,1,1,100.0
7172048,RS Umum Daerah Pratama Kota Bitung,RSU,RS Umum,D PRATAMA,Pemkot,RS Publik,Sulawesi Utara,Kota Bitung,14.0,3.0,1.0,,,,,,,,1.0,,,,,,,,,,,,,4.0,,1.0,23.0,5,21.74,,,,,,,,,,,,,,,,,,,,,,,,,,0,,,,,,,,,0,0,
7172047S,RS Darurat Covid-19 Kota Bitung,RS Darurat,RS Khusus,Belum Ditetapkan,Pemkot,RS Publik,Sulawesi Utara,Kota Bitung,12.0,,1.0,,,,,,,,1.0,,,,,,,,,,,,,7.0,,,20.0,3,13.04,,,,,,,,,,,,,,,,,,,,,,,,,,0,,,,,,,,,0,0,
7173002,RS Umum Daerah Anugerah,RSU,RS Umum,C,Pemkot,RS Publik,Sulawesi Utara,Kota Tomohon,15.0,2.0,3.0,2.0,3.0,2.0,,,2.0,,3.0,,,3.0,,,,,1.0,1.0,,2.0,,4.0,,4.0,39.0,11,47.83,0.0,0.0,0.0,0.0,0.0,0.0,0.0,0.0,0.0,0.0,0.0,0.0,,0.0,0.0,0.0,0.0,0.0,0.0,1.0,1.0,False,1.0,1.0,95.0,1,,,,,,,Sudah kerjasama BPJS,,1,1,100.0
7173036,RS Bethesda GMIM Tomohon,RSU,RS Umum,C,Swasta Non Profit,RS Publik,Sulawesi Utara,Kota Tomohon,16.0,2.0,5.0,5.0,1.0,3.0,,,5.0,,5.0,,,1.0,,,,,1.0,,,3.0,,1.0,,5.0,42.0,10,43.48,,,,,,,,,,,,,,,,,,,,,,,,,,0,,,,,,,,,0,0,
7173051,RS Gunung Maria,RSU,RS Umum,C,Swasta Non Profit,RS Publik,Sulawesi Utara,Kota Tomohon,23.0,3.0,4.0,3.0,3.0,3.0,,,3.0,,4.0,,,3.0,,,,,1.0,1.0,,3.0,,7.0,,4.0,55.0,11,47.83,,,,,,,,,,,,,,,,,,,,,,,,,,0,,,,,,,Sudah kerjasama BPJS,,1,1,100.0
7101037,RS Kinapit,RSU,RS Umum,D,Swasta,RS Privat,Sulawesi Utara,Kota Kotamobagu,7.0,1.0,1.0,2.0,2.0,,,,2.0,,1.0,,,2.0,,,,,,,,1.0,,3.0,,1.0,18.0,8,34.78,,,,,,,,,,,,,,,,,,,,,,,,,,0,,,,,,,,,0,0,
7174004,RS Ibu dan Anak Kasih Fatimah Kotamobagu,RSIA,RS Khusus,C,Swasta,RS Privat,Sulawesi Utara,Kota Kotamobagu,8.0,,1.0,2.0,2.0,,,,2.0,,1.0,,,2.0,,,,,1.0,,,1.0,,,,,15.0,6,26.09,,,,,,,,,,,,,,,,,,,,,,,,,,0,,,,,,,Sudah kerjasama BPJS,,1,1,100.0
7174024,RS Monompia,RSU,RS Umum,D,Swasta Non Profit,RS Publik,Sulawesi Utara,Kota Kotamobagu,8.0,1.0,1.0,2.0,1.0,1.0,,,2.0,,1.0,,,1.0,,,,,,,,1.0,,6.0,,2.0,23.0,9,39.13,,,,,,,,,,,,,,,,,,,,,,,,,,0,,,,,,,,,0,0,
7174035,RS Umum Daerah Kota Kotamobagu ,RSU,RS Umum,C,Pemkot,RS Publik,Sulawesi Utara,Kota Kotamobagu,28.0,4.0,3.0,4.0,2.0,2.0,,,4.0,,3.0,,,2.0,,,,,1.0,2.0,,1.0,,19.0,1.0,10.0,77.0,12,52.17,0.0,1.0,0.0,0.0,0.0,0.0,1.0,0.0,,0.0,0.0,1.0,,0.0,0.0,0.0,,,0.0,,1.0,False,3.0,3.0,75.0,1,,,,,,,Sudah kerjasama BPJS,,1,1,100.0
7202015,RS Umum Daerah Kabupaten Banggai ,RSU,RS Umum,B,Pemkab,RS Publik,Sulawesi Tengah,Banggai,,,,,,,,,,,,,,,,,,,,,,,,,,,,0,0.0,0.0,0.0,1.0,0.0,0.0,0.0,0.0,0.0,,0.0,0.0,0.0,,0.0,0.0,0.0,,,1.0,,1.0,False,2.0,2.0,75.0,1,,,,,,Sudah kerjasama BPJS,Sudah kerjasama BPJS,,2,2,100.0
7202016,RS Pratama dr. Abdul Chalik Masulili,RSU,RS Umum,D,Pemkab,RS Publik,Sulawesi Tengah,Banggai,4.0,,,,,,,,,,,,,,,,,,,,,,,2.0,,,6.0,2,8.7,,,,,,,,,,,,,,,,,,,,,,,,,,0,,,,,,,,,0,0,
7202017,RS Claire Medika,RSU,RS Umum,D,Swasta,RS Privat,Sulawesi Tengah,Banggai,9.0,1.0,1.0,3.0,3.0,2.0,,,3.0,,1.0,,,3.0,,1.0,,,,1.0,,1.0,,3.0,,2.0,27.0,11,47.83,,,,,,,,,,,,,,,,,,,,,,,,,,0,,,,,,,,,0,0,
7202018S,RS Darurat Kab. Banggai,RS Darurat,RS Khusus,Belum Ditetapkan,Pemkab,RS Publik,Sulawesi Tengah,Banggai,,,,,,,,,,,,,,,,,,,,,,,,,,,,0,0.0,,,,,,,,,,,,,,,,,,,,,,,,,,0,,,,,,,,,0,0,
7204010,RS Umum Daerah Poso,RSU,RS Umum,C,Pemkab,RS Publik,Sulawesi Tengah,Poso,12.0,2.0,2.0,2.0,2.0,3.0,,,2.0,,2.0,,,2.0,,1.0,,,1.0,1.0,,1.0,,11.0,,8.0,46.0,12,52.17,0.0,0.0,0.0,0.0,0.0,0.0,0.0,0.0,,0.0,0.0,0.0,,0.0,0.0,0.0,,,1.0,,1.0,False,1.0,1.0,75.0,1,,,,,,,,,0,0,
7204043,RS GKST Tentena,RSU,RS Umum,D,Swasta Non Profit,RS Publik,Sulawesi Tengah,Poso,3.0,1.0,,1.0,,,,,1.0,,,,,,,,,,,,,,,,,1.0,6.0,4,17.39,,,,,,,,,,,,,,,,,,,,,,,,,,0,,,,,,,,,0,0,
7204044,"RS TK 4 Dr. Yanto, Sp.OT",RSU,RS Umum,D,TNI,RS Publik,Sulawesi Tengah,Poso,3.0,,,,,,,,,,,,,,,,,,,,,,,1.0,,1.0,5.0,3,13.04,,,,,,,,,,,,,,,,,,,,,,,,,,0,,,,,,,,,0,0,
7205022,RS Umum Daerah Kabelota,RSU,RS Umum,C,Pemkab,RS Publik,Sulawesi Tengah,Donggala,12.0,2.0,2.0,2.0,2.0,2.0,,,2.0,,2.0,,,2.0,,,,,1.0,1.0,,2.0,,3.0,,4.0,33.0,11,47.83,0.0,0.0,0.0,0.0,0.0,0.0,0.0,0.0,0.0,0.0,0.0,0.0,,0.0,0.0,0.0,0.0,0.0,0.0,6.0,1.0,False,6.0,1.0,95.0,1,,,,,,,,,0,0,
7205024,RS Umum Daerah Pendau Tambu Kab Donggala,RSU,RS Umum,D,Pemkab,RS Publik,Sulawesi Tengah,Donggala,,,,,,,,,,,,,,,,,,,,,,,,,,,,0,0.0,,,,,,,,,,,,,,,,,,,,,,,,,,0,,,,,,,Sudah kerjasama BPJS,,1,1,100.0
7206012,RS Umum  Mokopido Toli-Toli,RSU,RS Umum,C,Pemkab,RS Publik,Sulawesi Tengah,Toli-Toli,19.0,2.0,3.0,1.0,2.0,1.0,,,1.0,,3.0,,,2.0,,,,,1.0,1.0,,,,17.0,1.0,7.0,55.0,11,47.83,0.0,0.0,1.0,0.0,0.0,0.0,0.0,0.0,,0.0,0.0,1.0,,1.0,1.0,0.0,,,0.0,,1.0,False,4.0,4.0,75.0,1,,,,,,,Sudah kerjasama BPJS,,1,1,100.0
7206014,RS Umum Hj. Zubaeda Bantilan,RSU,RS Umum,D,Pemkab,RS Publik,Sulawesi Tengah,Toli-Toli,8.0,1.0,,,,,,,,,,,,,,,,,,,,,,1.0,,1.0,11.0,4,17.39,,,,,,,,,,,,,,,,,,,,,,,,,,0,,,,,,,,,0,0,
7207013,RS Umum Daerah Mokoyurli Buol,RSU,RS Umum,C,Pemkab,RS Publik,Sulawesi Tengah,Buol,7.0,1.0,2.0,2.0,1.0,2.0,,,2.0,,2.0,,,1.0,,,,,1.0,1.0,,1.0,,19.0,,6.0,43.0,11,47.83,0.0,1.0,0.0,0.0,0.0,0.0,0.0,0.0,0.0,0.0,0.0,0.0,,0.0,0.0,0.0,0.0,0.0,0.0,1.0,1.0,False,2.0,2.0,95.0,1,,,,,,,,,0,0,
7207015,RS Umum Daerah Pratama Buol,RSU,RS Umum,D PRATAMA,Pemkab,RS Publik,Sulawesi Tengah,Buol,4.0,1.0,,,,,,,,,,,,,,,,,,,,,,1.0,,,6.0,3,13.04,,,,,,,,,,,,,,,,,,,,,,,,,,0,,,,,,,,,0,0,
7203016,RS Umum Daerah Morowali,RSU,RS Umum,C,Pemkab,RS Publik,Sulawesi Tengah,Morowali,15.0,2.0,3.0,2.0,1.0,2.0,,,2.0,,3.0,,,1.0,,1.0,,,1.0,2.0,,1.0,,28.0,1.0,12.0,71.0,13,56.52,0.0,1.0,0.0,0.0,0.0,0.0,0.0,1.0,,0.0,0.0,1.0,,0.0,1.0,0.0,,,1.0,,1.0,False,5.0,5.0,75.0,1,,,,,,,Sudah kerjasama BPJS,,1,1,100.0
7203018,RS Umum Daerah Salabangkapaku,RSU,RS Umum,D,Pemkab,RS Publik,Sulawesi Tengah,Morowali,7.0,1.0,,,,,,,,,,,,,,,,,,,,,,3.0,,,11.0,3,13.04,,,,,,,,,,,,,,,,,,,,,,,,,,0,,,,,,,Sudah kerjasama BPJS,,1,1,100.0
7201012,RS Umum Daerah Trikora Salakan,RSU,RS Umum,C,Pemkab,RS Publik,Sulawesi Tengah,Banggai Kepulauan,21.0,2.0,2.0,2.0,1.0,1.0,,,2.0,,2.0,,,1.0,,,,,1.0,1.0,,1.0,,15.0,,5.0,52.0,11,47.83,0.0,0.0,0.0,0.0,0.0,0.0,0.0,0.0,0.0,0.0,0.0,0.0,,0.0,0.0,0.0,0.0,0.0,0.0,2.0,1.0,False,2.0,1.0,95.0,1,,,,,,,Sudah kerjasama BPJS,,1,1,100.0
7201014,RS Pratama Bilabanggai Buko Selatan,RSU,RS Umum,D PRATAMA,Pemkab,RS Publik,Sulawesi Tengah,Banggai Kepulauan,4.0,,,,,,,,,,,,,,,,,,,,,,,2.0,,,6.0,2,8.7,,,,,,,,,,,,,,,,,,,,,,,,,,0,,,,,,,,,0,0,
7208011,RS Umum Daerah Anuntaloko Parigi,RSU,RS Umum,B,Pemkab,RS Publik,Sulawesi Tengah,Parigi Moutong,21.0,1.0,2.0,3.0,3.0,2.0,,,3.0,,2.0,,,3.0,,1.0,,,2.0,2.0,,1.0,,18.0,,8.0,64.0,12,52.17,0.0,1.0,1.0,0.0,0.0,0.0,0.0,0.0,,0.0,0.0,0.0,,0.0,0.0,0.0,,,1.0,,1.0,False,3.0,3.0,75.0,1,,,,,,,Sudah kerjasama BPJS,,1,1,100.0
7208012,RS Ibu dan Anak Defina,RSIA,RS Khusus,C,Swasta,RS Privat,Sulawesi Tengah,Parigi Moutong,3.0,1.0,1.0,4.0,2.0,1.0,,,4.0,,1.0,,,2.0,,,,,,,,1.0,,,,,13.0,7,30.43,,,,,,,,,,,,,,,,,,,,,,,,,,0,,,,,,,,,0,0,
7208013,RS Umum Daerah Raja Tombolotutu,RSU,RS Umum,C,Pemkab,RS Publik,Sulawesi Tengah,Parigi Moutong,10.0,1.0,1.0,,,1.0,,,,,1.0,,,,,,,,1.0,1.0,,1.0,,6.0,,6.0,28.0,9,39.13,,,,,,,,,,,,,,,,,,,,,,,,,,0,,,,,,,,,0,0,
7208115,RS Umum Daerah Buluye Napoae Moutong,RSU,RS Umum,D,Pemkab,RS Publik,Sulawesi Tengah,Parigi Moutong,5.0,,,,,,,,,,,,,,,,,,,,,,,,,1.0,6.0,2,8.7,,,,,,,,,,,,,,,,,,,,,,,,,,0,,,,,,,,,0,0,
7209002,RS Umum Daerah Wakai,RSU,RS Umum,D,Pemkab,RS Publik,Sulawesi Tengah,Tojo Una-Una,3.0,,1.0,1.0,,,,,1.0,,1.0,,,,,,,,,,,,,4.0,,1.0,10.0,5,21.74,,,,,,,,,,,,,,,,,,,,,,,,,,0,,,,,,,,,0,0,
7209004,RS Umum Daerah Pratama Togean,RSU,RS Umum,D PRATAMA,Pemkab,RS Publik,Sulawesi Tengah,Tojo Una-Una,1.0,,,,,,,,,,,,,,,,,,,,,,,1.0,,,2.0,2,8.7,,,,,,,,,,,,,,,,,,,,,,,,,,0,,,,,,,,,0,0,
7209032,RS Umum Daerah Ampana,RSU,RS Umum,C,Pemkab,RS Publik,Sulawesi Tengah,Tojo Una-Una,17.0,2.0,2.0,2.0,1.0,1.0,,,2.0,,2.0,,,1.0,,,,,,,,1.0,,23.0,,5.0,54.0,9,39.13,0.0,0.0,0.0,0.0,0.0,0.0,0.0,0.0,0.0,0.0,0.0,1.0,,0.0,0.0,0.0,0.0,0.0,0.0,4.0,1.0,False,5.0,2.0,95.0,1,,,,,Sudah kerjasama BPJS,,Sudah kerjasama BPJS,,2,2,100.0
7210002,RS Umum Daerah Tora Belo,RSU,RS Umum,C,Pemkab,RS Publik,Sulawesi Tengah,Sigi,26.0,2.0,2.0,2.0,3.0,1.0,,,2.0,,2.0,,,3.0,,,,1.0,1.0,1.0,,2.0,,10.0,1.0,9.0,61.0,13,56.52,0.0,0.0,0.0,0.0,0.0,0.0,0.0,0.0,,0.0,0.0,0.0,,0.0,0.0,0.0,,,0.0,,1.0,False,0.0,0.0,75.0,1,,,,,,Sudah kerjasama BPJS,,,1,1,100.0
7201011,RS Umum Daerah Banggai,RSU,RS Umum,C,Pemkab,RS Publik,Sulawesi Tengah,Banggai Laut,20.0,1.0,2.0,1.0,,2.0,,,1.0,,2.0,,,,,,,,,1.0,,,,11.0,,6.0,44.0,8,34.78,0.0,0.0,0.0,0.0,0.0,0.0,0.0,0.0,0.0,0.0,0.0,0.0,,0.0,0.0,0.0,0.0,0.0,0.0,1.0,1.0,False,1.0,1.0,95.0,1,,,,,,,Sudah kerjasama BPJS,,1,1,100.0
7204021,RS Umum Daerah Kolonodale,RSU,RS Umum,C,Pemkab,RS Publik,Sulawesi Tengah,Morowali Utara,25.0,2.0,2.0,2.0,,2.0,,,2.0,,2.0,,,,,,,,1.0,2.0,,,,26.0,,11.0,73.0,9,39.13,0.0,0.0,0.0,0.0,0.0,0.0,0.0,0.0,0.0,0.0,0.0,0.0,,0.0,0.0,0.0,0.0,0.0,0.0,1.0,1.0,False,1.0,1.0,95.0,1,,,,,,,Sudah kerjasama BPJS,,1,1,100.0
7212011,RS Pratama Mayapuria,RSU,RS Umum,D PRATAMA,Pemkab,RS Publik,Sulawesi Tengah,Morowali Utara,3.0,,,,,,,,,,,,,,,,,,,,,,,1.0,,,4.0,2,8.7,,,,,,,,,,,,,,,,,,,,,,,,,,0,,,,,,,,,0,0,
7271014,RS Umum Daerah Undata Palu,RSU,RS Umum,B,Pemprop,RS Publik,Sulawesi Tengah,Kota Palu,66.0,11.0,8.0,4.0,4.0,2.0,1.0,,4.0,,8.0,,,4.0,,1.0,,1.0,1.0,3.0,,4.0,,33.0,2.0,14.0,155.0,15,65.22,0.0,1.0,0.0,1.0,1.0,0.0,1.0,0.0,,0.0,1.0,1.0,,1.0,1.0,0.0,,,1.0,,1.0,False,9.0,9.0,75.0,1,,,Sudah kerjasama BPJS,Sudah kerjasama BPJS,Sudah kerjasama BPJS,Sudah kerjasama BPJS,Sudah kerjasama BPJS,,5,5,100.0
7271025,RS TK. III. 13.06.01 Dr. Sindhu Trisno,RSU,RS Umum,C,TNI,RS Publik,Sulawesi Tengah,Kota Palu,25.0,2.0,1.0,1.0,2.0,,,,1.0,,1.0,,,2.0,,,,,,,,2.0,,8.0,,2.0,43.0,8,34.78,,,,,,,,,,,,,,,,,,,,,,,,,,0,,,,,,,,,0,0,
7271036,RS Umum Anutapura Palu,RSU,RS Umum,B,Pemkot,RS Publik,Sulawesi Tengah,Kota Palu,43.0,6.0,5.0,3.0,4.0,3.0,,,3.0,,5.0,,,4.0,,1.0,,1.0,1.0,4.0,,1.0,,24.0,1.0,11.0,108.0,14,60.87,0.0,1.0,1.0,0.0,0.0,0.0,1.0,0.0,,0.0,0.0,1.0,,0.0,0.0,0.0,,,1.0,,1.0,False,5.0,5.0,75.0,1,,,,Sudah kerjasama BPJS,,Sudah kerjasama BPJS,Sudah kerjasama BPJS,,3,3,100.0
7271040,RS Woodward,RSU,RS Umum,C,Swasta Non Profit,RS Publik,Sulawesi Tengah,Kota Palu,14.0,1.0,5.0,5.0,1.0,2.0,,,5.0,,5.0,,,1.0,,1.0,,,1.0,1.0,,1.0,,5.0,,1.0,38.0,12,52.17,,,,,,,,,,,,,,,,,,,,,,,,,,0,,,,,,Sudah kerjasama BPJS,Sudah kerjasama BPJS,,2,2,100.0
7271051,RS Umum Daerah Madani Palu,RSU,RS Umum,C,Pemprop,RS Publik,Sulawesi Tengah,Kota Palu,17.0,6.0,2.0,1.0,2.0,2.0,,,1.0,,2.0,,,2.0,,,,1.0,1.0,,,1.0,,14.0,1.0,3.0,51.0,12,52.17,0.0,0.0,1.0,0.0,0.0,0.0,0.0,0.0,,0.0,0.0,0.0,,0.0,0.0,0.0,,,1.0,,1.0,False,2.0,2.0,75.0,1,,,,,,,,,0,0,
7271095,RS Budi Agung Palu,RSU,RS Umum,C,Swasta,RS Privat,Sulawesi Tengah,Kota Palu,11.0,1.0,4.0,3.0,4.0,4.0,,,3.0,,4.0,,,4.0,,,,,1.0,2.0,,2.0,,7.0,,3.0,42.0,11,47.83,,,,,,,,,,,,,,,,,,,,,,,,,,0,,,,,,,,,0,0,
7271116,RS Ibu dan Anak Tinatapura,RSIA,RS Khusus,C,Swasta Non Profit,RS Publik,Sulawesi Tengah,Kota Palu,2.0,,1.0,1.0,,,,,1.0,,1.0,,,,,,,,,,,,,,,,4.0,3,13.04,,,,,,,,,,,,,,,,,,,,,,,,,,0,,,,,,,,,0,0,
7271127,RS Bhayangkara Palu,RSU,RS Umum,C,POLRI,RS Publik,Sulawesi Tengah,Kota Palu,14.0,2.0,2.0,1.0,2.0,1.0,,,1.0,,2.0,,,2.0,,,,,,1.0,,1.0,,6.0,,2.0,32.0,10,43.48,,,,,,,,,,,,,,,,,,,,,,,,,,0,,,,,,,,,0,0,
7271128,RS Umum  Sis Al Jufri Palu,RSU,RS Umum,C,Swasta Non Profit,RS Publik,Sulawesi Tengah,Kota Palu,21.0,,4.0,2.0,3.0,2.0,,,2.0,,4.0,,,3.0,,,,,1.0,1.0,,,,3.0,,4.0,41.0,9,39.13,,,,,,,,,,,,,,,,,,,,,,,,,,0,,,,,,,Sudah kerjasama BPJS,,1,1,100.0
7271130,RS Ibu dan Anak Nasana Pura,RSIA,RS Khusus,C,Swasta,RS Privat,Sulawesi Tengah,Kota Palu,6.0,,1.0,2.0,2.0,,,,2.0,,1.0,,,2.0,,,,,,,,1.0,,1.0,,,13.0,6,26.09,,,,,,,,,,,,,,,,,,,,,,,,,,0,,,,,,,,,0,0,
7271131,RS Ibu dan Anak Care She,RSIA,RS Khusus,C,Swasta,RS Privat,Sulawesi Tengah,Kota Palu,1.0,,1.0,1.0,1.0,1.0,,,1.0,,1.0,,,1.0,,,,,,,,1.0,,1.0,,,7.0,7,30.43,,,,,,,,,,,,,,,,,,,,,,,,,,0,,,,,,,,,0,0,
7271132,RS Samaritan Palu,RSU,RS Umum,C,Swasta,RS Privat,Sulawesi Tengah,Kota Palu,13.0,,3.0,,3.0,1.0,,,,,3.0,,,3.0,,,,,1.0,1.0,,,,4.0,,4.0,30.0,8,34.78,,,,,,,,,,,,,,,,,,,,,,,,,,0,,,,,,,,,0,0,
7271133,RS Umum Tadulako Palu,RSU,RS Umum,C,Kementerian Lain,RS Publik,Sulawesi Tengah,Kota Palu,22.0,3.0,2.0,,,,,,,,2.0,,,,,1.0,,,1.0,,,,,2.0,,,31.0,6,26.09,,,,,,,,,,,,,,,,,,,,,,,,,,0,,,,,,,,,0,0,
7301015,RS Umum Daerah KH. Hayyung Kepulauan Selayar,RSU,RS Umum,C,Pemkab,RS Publik,Sulawesi Selatan,Kepulauan Selayar,13.0,1.0,2.0,,1.0,,,,,,2.0,,,1.0,,,,,1.0,1.0,,1.0,,24.0,,11.0,55.0,9,39.13,0.0,0.0,1.0,0.0,0.0,0.0,0.0,0.0,0.0,0.0,0.0,0.0,,0.0,0.0,0.0,0.0,0.0,0.0,2.0,1.0,False,3.0,2.0,95.0,1,,,,,,,,,0,0,
7301017,RS Pratama Jampea,RSU,RS Umum,D PRATAMA,Pemkab,RS Publik,Sulawesi Selatan,Kepulauan Selayar,2.0,1.0,,,,,,,,,,,,,,,,,,,,,,4.0,,1.0,8.0,4,17.39,,,,,,,,,,,,,,,,,,,,,,,,,,0,,,,,,,,,0,0,
7302016,RS Umum Daerah H.A. Sulthan Daeng Radja,RSU,RS Umum,B,Pemkab,RS Publik,Sulawesi Selatan,Bulukumba,21.0,1.0,3.0,3.0,4.0,3.0,,1.0,3.0,,3.0,,,4.0,,1.0,,1.0,2.0,2.0,,2.0,,36.0,1.0,13.0,94.0,15,65.22,0.0,0.0,1.0,0.0,0.0,0.0,1.0,0.0,,0.0,0.0,1.0,,2.0,0.0,0.0,,,0.0,,1.0,False,5.0,4.0,75.0,1,Sudah kerjasama BPJS,,,Sudah kerjasama BPJS,,Sudah kerjasama BPJS,Sudah kerjasama BPJS,,4,4,100.0
7302017,RS Ibu dan Anak Yasira,RSIA,RS Khusus,C,Swasta,RS Privat,Sulawesi Selatan,Bulukumba,,,,,,,,,,,,,,,,,,,,,,,,,,,,0,0.0,,,,,,,,,,,,,,,,,,,,,,,,,,0,,,,,,,Sudah kerjasama BPJS,,1,1,100.0
7302028,RS Umum Daerah Kelas D Pratama Bulukumba,RSU,RS Umum,D PRATAMA,Pemkab,RS Publik,Sulawesi Selatan,Bulukumba,,,,,,,,,,,,,,,,,,,,,,,,,,,,0,0.0,,,,,,,,,,,,,,,,,,,,,,,,,,0,,,,,,,,,0,0,
7303010,RS Umum Daerah Prof. Dr. H. Anwar Makkatutu,RSU,RS Umum,B,Pemkab,RS Publik,Sulawesi Selatan,Bantaeng,12.0,3.0,2.0,2.0,2.0,3.0,,,2.0,,2.0,,,2.0,,1.0,,1.0,1.0,1.0,,2.0,,29.0,1.0,16.0,76.0,14,60.87,0.0,0.0,0.0,0.0,0.0,0.0,0.0,0.0,0.0,0.0,0.0,0.0,,0.0,0.0,0.0,0.0,0.0,0.0,1.0,1.0,False,1.0,1.0,95.0,1,,,,Sudah kerjasama BPJS,,,Sudah kerjasama BPJS,,2,2,100.0
7303012,RS Umum Daerah Banyorang,RSU,RS Umum,D,Pemkab,RS Publik,Sulawesi Selatan,Bantaeng,9.0,3.0,3.0,1.0,1.0,,,,1.0,,3.0,,,1.0,,,,,,1.0,,,,9.0,,1.0,28.0,8,34.78,,,,,,,,,,,,,,,,,,,,,,,,,,0,,,,,,,,,0,0,
7303013,RS Ibu dan Anak Pelangi Medica,RSIA,RS Khusus,C,Swasta,RS Privat,Sulawesi Selatan,Bantaeng,4.0,,,1.0,1.0,,,,1.0,,,,,1.0,,,,,,,,1.0,,2.0,,,9.0,5,21.74,,,,,,,,,,,,,,,,,,,,,,,,,,0,,,,,,,,,0,0,
7304011,RS Umum Daerah Lanto Daeng Pasewang,RSU,RS Umum,C,Pemkab,RS Publik,Sulawesi Selatan,Jeneponto,24.0,5.0,2.0,1.0,1.0,2.0,,,1.0,,2.0,,,1.0,,1.0,,,1.0,2.0,,1.0,,32.0,,13.0,85.0,12,52.17,0.0,0.0,0.0,0.0,0.0,0.0,0.0,0.0,,0.0,0.0,0.0,,0.0,0.0,0.0,,,1.0,,1.0,False,1.0,1.0,75.0,1,,,,,,,Sudah kerjasama BPJS,,1,1,100.0
7304012,RS Umum Daerah Rumbia,RSU,RS Umum,D PRATAMA,Pemkab,RS Publik,Sulawesi Selatan,Jeneponto,8.0,,,,,,,,,,,,,,,,,,,,,,,5.0,,2.0,15.0,3,13.04,,,,,,,,,,,,,,,,,,,,,,,,,,0,,,,,,,,,0,0,
7305012,RS Umum Daerah H. Padjonga Dg. Ngalle Takalar,RSU,RS Umum,C,Pemkab,RS Publik,Sulawesi Selatan,Takalar,40.0,2.0,3.0,2.0,3.0,3.0,,,2.0,,3.0,,,3.0,,1.0,,,2.0,3.0,,2.0,,26.0,,23.0,110.0,12,52.17,0.0,0.0,0.0,0.0,0.0,0.0,0.0,0.0,0.0,0.0,0.0,0.0,,0.0,0.0,0.0,0.0,0.0,0.0,0.0,1.0,False,0.0,0.0,95.0,1,,,,,,Sudah kerjasama BPJS,Sudah kerjasama BPJS,,2,2,100.0
7305013,RS Maryam Citra Medika,RSU,RS Umum,D,Swasta,RS Privat,Sulawesi Selatan,Takalar,11.0,3.0,3.0,,1.0,2.0,,,,,3.0,,,1.0,,,,,,2.0,,,,5.0,,3.0,30.0,8,34.78,,,,,,,,,,,,,,,,,,,,,,,,,,0,,,,,,,Sudah kerjasama BPJS,,1,1,100.0
7305014,RS Umum Daerah Pratama Takalar,RSU,RS Umum,D PRATAMA,Pemkab,RS Publik,Sulawesi Selatan,Takalar,1.0,2.0,,,,,,,,,,,,,,,,,,,,,,1.0,,,4.0,3,13.04,0.0,0.0,0.0,0.0,0.0,0.0,0.0,0.0,0.0,0.0,0.0,0.0,,0.0,0.0,0.0,1.0,0.0,0.0,2.0,1.0,False,3.0,2.0,95.0,1,,,,,,,,,0,0,
7305015,RS Khusus Ibu dan Anak Zainab,RSIA,RS Khusus,C,Pemkab,RS Publik,Sulawesi Selatan,Takalar,2.0,,,,,,,,,,,,,,,,,,,,,,,2.0,,,4.0,2,8.7,,,,,,,,,,,,,,,,,,,,,,,,,,0,,,,,,,,,0,0,
7306046,RS Umum Daerah Syehk Yusuf Gowa,RSU,RS Umum,B,Pemkab,RS Publik,Sulawesi Selatan,Gowa,12.0,6.0,5.0,4.0,3.0,4.0,,,4.0,,5.0,,,3.0,,2.0,,3.0,2.0,2.0,,3.0,,26.0,1.0,14.0,87.0,14,60.87,0.0,0.0,1.0,0.0,0.0,0.0,0.0,0.0,,0.0,0.0,1.0,,0.0,0.0,0.0,,,0.0,,1.0,False,2.0,2.0,75.0,1,,,,,Sudah kerjasama BPJS,Sudah kerjasama BPJS,Sudah kerjasama BPJS,,3,3,100.0
7306057,RS Umum Thalia Irham,RSU,RS Umum,D,Swasta,RS Privat,Sulawesi Selatan,Gowa,8.0,2.0,2.0,2.0,2.0,2.0,,,2.0,,2.0,,,2.0,,,,,1.0,1.0,,2.0,,6.0,,2.0,30.0,11,47.83,,,,,,,,,,,,,,,,,,,,,,,,,,0,,,,,,,Sudah kerjasama BPJS,,1,1,100.0
7306059,RS Umum Yapika,RSU,RS Umum,C,Swasta,RS Privat,Sulawesi Selatan,Gowa,,,,,,,,,,,,,,,,,,,,,,,,,,,,0,0.0,,,,,,,,,,,,,,,,,,,,,,,,,,0,,,,,,Sudah kerjasama BPJS,Sudah kerjasama BPJS,,2,2,100.0
7306070,RS PKU Muhammadiyah Unismuh Makassar,RSU,RS Umum,C,Swasta,RS Privat,Sulawesi Selatan,Gowa,,,,,,,,,,,,,,,,,,,,,,,,,,,,0,0.0,,,,,,,,,,,,,,,,,,,,,,,,,,0,,,,,,,,,0,0,
7307014,RS Umum Daerah Kabupaten Sinjai,RSU,RS Umum,C,Pemkab,RS Publik,Sulawesi Selatan,Sinjai,15.0,3.0,4.0,2.0,1.0,2.0,,,2.0,,4.0,,,1.0,,,,,2.0,1.0,,1.0,,26.0,,13.0,70.0,11,47.83,0.0,1.0,0.0,0.0,0.0,0.0,0.0,0.0,0.0,0.0,0.0,0.0,,0.0,0.0,0.0,0.0,0.0,0.0,1.0,1.0,False,2.0,2.0,95.0,1,,,,,,,,,0,0,
7307025,RS Umum Daerah Kelas D Pratama Bulu Paccing Bikeru,RSU,RS Umum,D PRATAMA,Pemkab,RS Publik,Sulawesi Selatan,Sinjai,,,,,,,,,,,,,,,,,,,,,,,,,,,,0,0.0,,,,,,,,,,,,,,,,,,,,,,,,,,0,,,,,,,,,0,0,
7308026,RS Tk. IV DR. M. Yasin Bone,RSU,RS Umum,C,TNI,RS Publik,Sulawesi Selatan,Bone,7.0,1.0,,,1.0,1.0,,,,,,,,1.0,,,,,1.0,1.0,,1.0,,5.0,,3.0,21.0,9,39.13,,,,,,,,,,,,,,,,,,,,,,,,,,0,,,,,,,,,0,0,
7308041,RS Umum Daerah Tenriawaru Bone,RSU,RS Umum,B,Pemkab,RS Publik,Sulawesi Selatan,Bone,25.0,4.0,3.0,5.0,3.0,4.0,,,5.0,,3.0,,,3.0,,1.0,,1.0,2.0,2.0,,2.0,,17.0,1.0,7.0,77.0,14,60.87,0.0,0.0,1.0,0.0,0.0,0.0,0.0,0.0,,0.0,0.0,1.0,,0.0,0.0,0.0,,,0.0,,1.0,False,2.0,2.0,75.0,1,,,,,,Sudah kerjasama BPJS,Sudah kerjasama BPJS,,2,2,100.0
7308058,RS Hapsah,RSU,RS Umum,C,Swasta,RS Privat,Sulawesi Selatan,Bone,7.0,,1.0,2.0,,2.0,,,2.0,,1.0,,,,,,,,1.0,2.0,,1.0,,2.0,,2.0,20.0,9,39.13,,,,,,,,,,,,,,,,,,,,,,,,,,0,,,,,,,Sudah kerjasama BPJS,,1,1,100.0
7308059,RS Umum Daerah Datu Pancaitana,RSU,RS Umum,C,Pemkab,RS Publik,Sulawesi Selatan,Bone,10.0,2.0,1.0,2.0,2.0,3.0,,,2.0,,1.0,,,2.0,,,,,2.0,1.0,,1.0,,7.0,,2.0,33.0,11,47.83,,,,,,,,,,,,,,,,,,,,,,,,,,0,,,,,,,Sudah kerjasama BPJS,,1,1,100.0
7308070,RS Hamuna ,RSU,RS Umum,C,Swasta,RS Privat,Sulawesi Selatan,Bone,,,,,,,,,,,,,,,,,,,,,,,,,,,,0,0.0,,,,,,,,,,,,,,,,,,,,,,,,,,0,,,,,,,,,0,0,
7308071,RS Umum Daerah La Mappapenning,RSU,RS Umum,C,Pemprop,RS Publik,Sulawesi Selatan,Bone,,,,,,,,,,,,,,,,,,,,,,,,,,,,0,0.0,,,,,,,,,,,,,,,,,,,,,,,,,,0,,,,,Sudah kerjasama BPJS,,Sudah kerjasama BPJS,,2,2,100.0
7309016,RS Umum Daerah dr. La Palaloi,RSU,RS Umum,C,Pemkab,RS Publik,Sulawesi Selatan,Maros,9.0,2.0,2.0,2.0,2.0,3.0,,,2.0,,2.0,,,2.0,,1.0,,,2.0,3.0,,2.0,,14.0,1.0,11.0,54.0,13,56.52,0.0,1.0,1.0,0.0,0.0,0.0,0.0,0.0,,0.0,0.0,0.0,,0.0,0.0,0.0,,,1.0,,1.0,False,3.0,3.0,75.0,1,,,,,,,Sudah kerjasama BPJS,,1,1,100.0
7309044,RS AU dr. Dody Sardjoto,RSU,RS Umum,C,TNI,RS Publik,Sulawesi Selatan,Maros,11.0,1.0,2.0,1.0,1.0,2.0,,,1.0,,2.0,,,1.0,,1.0,,1.0,1.0,2.0,,1.0,,10.0,1.0,3.0,38.0,14,60.87,,,,,,,,,,,,,,,,,,,,,,,,,,0,,,,,,,Sudah kerjasama BPJS,,1,1,100.0
7310016,RS Umum Batara Siang,RSU,RS Umum,C,Pemkab,RS Publik,Sulawesi Selatan,Pangkajene Kepulauan,,,,,,,,,,,,,,,,,,,,,,,,,,,,0,0.0,0.0,0.0,0.0,0.0,0.0,0.0,0.0,0.0,,0.0,0.0,0.0,,0.0,0.0,0.0,,,1.0,,1.0,False,1.0,1.0,75.0,1,,,,,,Sudah kerjasama BPJS,Sudah kerjasama BPJS,,2,2,100.0
7310021,RS Umum Daerah Batiling,RSU,RS Umum,D,Pemkab,RS Publik,Sulawesi Selatan,Pangkajene Kepulauan,4.0,4.0,1.0,1.0,,,,,1.0,,1.0,,,,,,,,1.0,1.0,,,,2.0,,2.0,16.0,8,34.78,,,,,,,,,,,,,,,,,,,,,,,,,,0,,,,,,,,,0,0,
7310032,RS Kelas D Pratama Sailus,RSU,RS Umum,D PRATAMA,Pemkab,RS Publik,Sulawesi Selatan,Pangkajene Kepulauan,,,,,,,,,,,,,,,,,,,,,,,,,,,,0,0.0,,,,,,,,,,,,,,,,,,,,,,,,,,0,,,,,,,,,0,0,
7311010,RS Umum Daerah La Patarai,RSU,RS Umum,C,Pemkab,RS Publik,Sulawesi Selatan,Barru,15.0,1.0,3.0,2.0,2.0,2.0,,,2.0,,3.0,,,2.0,,,,2.0,1.0,1.0,,1.0,,16.0,,8.0,54.0,12,52.17,0.0,0.0,0.0,0.0,0.0,0.0,0.0,0.0,0.0,0.0,0.0,0.0,,0.0,0.0,0.0,0.0,0.0,0.0,3.0,1.0,False,3.0,1.0,95.0,1,,,,,,Sudah kerjasama BPJS,Sudah kerjasama BPJS,,2,2,100.0
7312011,RS Umum Daerah Latemmamala Soppeng,RSU,RS Umum,B,Pemkab,RS Publik,Sulawesi Selatan,Soppeng,22.0,1.0,5.0,2.0,2.0,3.0,,,2.0,,5.0,,,2.0,,,,,1.0,2.0,,1.0,,19.0,1.0,14.0,73.0,12,52.17,0.0,0.0,0.0,0.0,0.0,0.0,1.0,0.0,0.0,0.0,0.0,0.0,,0.0,0.0,0.0,0.0,0.0,0.0,2.0,1.0,False,3.0,2.0,95.0,1,,,,,,Sudah kerjasama BPJS,,,1,1,100.0
7313012,RS Umum Daerah Lamaddukkelleng Kabupaten Wajo,RSU,RS Umum,C,Pemkab,RS Publik,Sulawesi Selatan,Wajo,15.0,2.0,4.0,3.0,2.0,3.0,,,3.0,,4.0,,,2.0,,,,,1.0,1.0,,1.0,,15.0,,10.0,57.0,11,47.83,0.0,0.0,0.0,0.0,0.0,0.0,0.0,0.0,,0.0,0.0,0.0,,0.0,0.0,0.0,,,1.0,,1.0,False,1.0,1.0,75.0,1,,,,,,,Sudah kerjasama BPJS,,1,1,100.0
7313023,RS Umum Daerah Siwa,RSU,RS Umum,D,Pemkab,RS Publik,Sulawesi Selatan,Wajo,7.0,2.0,2.0,2.0,1.0,1.0,,,2.0,,2.0,,,1.0,,,,,1.0,2.0,,,,15.0,,4.0,37.0,10,43.48,,,,,,,,,,,,,,,,,,,,,,,,,,0,,,,,,,Sudah kerjasama BPJS,,1,1,100.0
7313024,RS Prima Husada Sengkang,RSU,RS Umum,D,Swasta,RS Privat,Sulawesi Selatan,Wajo,5.0,1.0,1.0,,,,,,,,1.0,,,,,,,,,,,,,3.0,,,10.0,4,17.39,,,,,,,,,,,,,,,,,,,,,,,,,,0,,,,,,,,,0,0,
7313025,RS Hikmah Citra medika Sengkang,RSU,RS Umum,C,Swasta,RS Privat,Sulawesi Selatan,Wajo,7.0,2.0,4.0,3.0,2.0,3.0,,,3.0,,4.0,,,2.0,,,,,1.0,1.0,,3.0,,4.0,,3.0,33.0,11,47.83,,,,,,,,,,,,,,,,,,,,,,,,,,0,,,,,,,Sudah kerjasama BPJS,,1,1,100.0
7314013,RS Umum Daerah Nene Mallomo,RSU,RS Umum,C,Pemkab,RS Publik,Sulawesi Selatan,Sidenreng Rappang,12.0,1.0,4.0,1.0,1.0,1.0,,,1.0,,4.0,,,1.0,,,,,1.0,1.0,,1.0,,15.0,1.0,8.0,47.0,12,52.17,0.0,0.0,0.0,0.0,0.0,0.0,0.0,0.0,0.0,0.0,0.0,0.0,,0.0,0.0,0.0,0.0,0.0,0.0,0.0,1.0,False,0.0,0.0,95.0,1,,,,,,,Sudah kerjasama BPJS,,1,1,100.0
7314024,RS Umum Daerah Arifin Numang,RSU,RS Umum,C,Pemkab,RS Publik,Sulawesi Selatan,Sidenreng Rappang,12.0,3.0,2.0,1.0,1.0,2.0,,,1.0,,2.0,,,1.0,,,,,2.0,1.0,,2.0,,19.0,,10.0,55.0,11,47.83,0.0,0.0,0.0,0.0,0.0,0.0,0.0,0.0,0.0,0.0,0.0,0.0,,0.0,0.0,0.0,0.0,0.0,0.0,2.0,1.0,False,2.0,1.0,95.0,1,,,,,,Sudah kerjasama BPJS,Sudah kerjasama BPJS,,2,2,100.0
7314025,RS Umum Anugrah Pangkajene,RSU,RS Umum,D,Swasta,RS Privat,Sulawesi Selatan,Sidenreng Rappang,2.0,2.0,3.0,2.0,1.0,2.0,,,2.0,,3.0,,,1.0,,,,,,,,1.0,,3.0,,,16.0,8,34.78,,,,,,,,,,,,,,,,,,,,,,,,,,0,,,,,,,,,0,0,
7314036,RS Adinda Medical Centre,RSU,RS Umum,D,Swasta,RS Privat,Sulawesi Selatan,Sidenreng Rappang,4.0,1.0,1.0,1.0,1.0,,,,1.0,,1.0,,,1.0,,,,,1.0,,,1.0,,1.0,,3.0,14.0,9,39.13,,,,,,,,,,,,,,,,,,,,,,,,,,0,,,,,,,,,0,0,
7315014,RS Umum Daerah Lasinrang Pinrang,RSU,RS Umum,C,Pemkab,RS Publik,Sulawesi Selatan,Pinrang,18.0,4.0,4.0,4.0,1.0,2.0,,,4.0,,4.0,,,1.0,,,,,1.0,1.0,,2.0,,20.0,,13.0,70.0,11,47.83,0.0,0.0,0.0,0.0,0.0,0.0,0.0,0.0,0.0,0.0,0.0,0.0,,0.0,0.0,0.0,0.0,0.0,0.0,3.0,1.0,False,3.0,1.0,95.0,1,,,,,,,,,0,0,
7315016,RS Umum Aisyiyah St. Khadijah,RSU,RS Umum,D,Swasta Non Profit,RS Publik,Sulawesi Selatan,Pinrang,9.0,,2.0,2.0,2.0,1.0,,,2.0,,2.0,,,2.0,,,,,,,,1.0,,3.0,,,20.0,7,30.43,,,,,,,,,,,,,,,,,,,,,,,,,,0,,,,,,,,,0,0,
7315018,RS Umum Daerah Madising,RSU,RS Umum,D,Pemkab,RS Publik,Sulawesi Selatan,Pinrang,8.0,2.0,2.0,1.0,1.0,1.0,,,1.0,,2.0,,,1.0,,,,,,1.0,,1.0,,5.0,,6.0,28.0,10,43.48,,,,,,,,,,,,,,,,,,,,,,,,,,0,,,,,,,,,0,0,
7316015,RS Umum Daerah Massenrempulu Enrekang,RSU,RS Umum,C,Pemkab,RS Publik,Sulawesi Selatan,Enrekang,,,,,,,,,,,,,,,,,,,,,,,,,,,,0,0.0,0.0,0.0,0.0,0.0,0.0,0.0,0.0,0.0,0.0,0.0,0.0,0.0,,0.0,0.0,0.0,0.0,0.0,0.0,4.0,1.0,False,4.0,1.0,95.0,1,,,,,,Sudah kerjasama BPJS,Sudah kerjasama BPJS,,2,2,100.0
7316026,RS Umum Hj. Puang Sabbe,RSU,RS Umum,D PRATAMA,Pemkab,RS Publik,Sulawesi Selatan,Enrekang,3.0,1.0,,,,,,,,,,,,,,,,,,,,,,8.0,,,12.0,3,13.04,,,,,,,,,,,,,,,,,,,,,,,,,,0,,,,,,,,,0,0,
7317075,RS Umum Daerah Batara Guru,RSU,RS Umum,C,Pemkab,RS Publik,Sulawesi Selatan,Luwu,,,,,,,,,,,,,,,,,,,,,,,,,,,,0,0.0,0.0,0.0,0.0,0.0,0.0,0.0,0.0,0.0,,0.0,0.0,0.0,,0.0,0.0,0.0,,,1.0,,1.0,False,1.0,1.0,75.0,1,,,,,,,Sudah kerjasama BPJS,,1,1,100.0
7317076,RS Hikmah Sejahtera Belopa ,RSU,RS Umum,C,Swasta,RS Privat,Sulawesi Selatan,Luwu,17.0,2.0,2.0,1.0,1.0,1.0,,,1.0,,2.0,,,1.0,,,,,,1.0,,1.0,,,,1.0,27.0,9,39.13,,,,,,,,,,,,,,,,,,,,,,,,,,0,,,,Sudah kerjasama BPJS,,,,,1,1,100.0
7318021,RS Fatima Makale,RSU,RS Umum,C,Swasta Non Profit,RS Publik,Sulawesi Selatan,Tana Toraja,13.0,,2.0,1.0,2.0,2.0,,,1.0,,2.0,,,2.0,,,,,1.0,1.0,,1.0,,5.0,,1.0,29.0,10,43.48,,,,,,,,,,,,,,,,,,,,,,,,,,0,,,,,,,Sudah kerjasama BPJS,,1,1,100.0
7318054,RS Umum Daerah Lakipadada,RSU,RS Umum,C,Pemkab,RS Publik,Sulawesi Selatan,Tana Toraja,10.0,3.0,3.0,3.0,2.0,3.0,,,3.0,,3.0,,,2.0,,,,,1.0,1.0,,2.0,,12.0,,3.0,43.0,11,47.83,0.0,1.0,1.0,0.0,0.0,0.0,0.0,0.0,,0.0,0.0,0.0,,0.0,0.0,0.0,,,1.0,,1.0,False,3.0,3.0,75.0,1,,,,,,,Sudah kerjasama BPJS,,1,1,100.0
7318056,Rumah Sakit Sinar Kasih Toraja,RSU,RS Umum,C,Swasta,RS Privat,Sulawesi Selatan,Tana Toraja,15.0,1.0,1.0,4.0,1.0,2.0,,,4.0,,1.0,,,1.0,,,,,1.0,2.0,,2.0,,4.0,,1.0,34.0,11,47.83,,,,,,,,,,,,,,,,,,,,,,,,,,0,,,,,,,Sudah kerjasama BPJS,,1,1,100.0
7317053,RS Umum Daerah Andi Djemma Masamba,RSU,RS Umum,C,Pemkab,RS Publik,Sulawesi Selatan,Luwu Utara,20.0,4.0,3.0,4.0,2.0,3.0,,,4.0,,3.0,,,2.0,,2.0,,,1.0,2.0,,2.0,,12.0,1.0,10.0,66.0,13,56.52,0.0,0.0,0.0,0.0,0.0,0.0,0.0,0.0,0.0,0.0,0.0,0.0,,0.0,0.0,0.0,0.0,0.0,0.0,0.0,1.0,False,0.0,0.0,95.0,1,,,,,,,,,0,0,
7322003,RS Umum Hikmah Masamba,RSU,RS Umum,C,Swasta,RS Privat,Sulawesi Selatan,Luwu Utara,11.0,,2.0,,,,,,,,2.0,,,,,,,,,1.0,,,,5.0,,3.0,22.0,5,21.74,,,,,,,,,,,,,,,,,,,,,,,,,,0,,,,,,,Sudah kerjasama BPJS,,1,1,100.0
7322004,RS Hikmah Sejahtera Sukamaju,RSU,RS Umum,D,Swasta,RS Privat,Sulawesi Selatan,Luwu Utara,9.0,,,1.0,1.0,1.0,,,1.0,,,,,1.0,,,,,,2.0,,1.0,,5.0,,3.0,23.0,8,34.78,,,,,,,,,,,,,,,,,,,,,,,,,,0,,,,Sudah kerjasama BPJS,,,Sudah kerjasama BPJS,,2,2,100.0
7317020,RS Umum Inco Sorowako,RSU,RS Umum,C,Swasta,RS Privat,Sulawesi Selatan,Luwu Timur,22.0,5.0,2.0,2.0,2.0,2.0,,,2.0,,2.0,,,2.0,,,,,2.0,1.0,,2.0,,15.0,1.0,5.0,61.0,12,52.17,,,,,,,,,,,,,,,,,,,,,,,,,,0,,,,,,,Sudah kerjasama BPJS,,1,1,100.0
7325016,RS Umum Daerah I Lagaligo,RSU,RS Umum,C,Pemkab,RS Publik,Sulawesi Selatan,Luwu Timur,22.0,4.0,4.0,3.0,3.0,2.0,,,3.0,,4.0,,,3.0,,,,1.0,1.0,1.0,,1.0,,21.0,,18.0,81.0,12,52.17,0.0,1.0,0.0,0.0,0.0,0.0,0.0,0.0,,0.0,0.0,0.0,,0.0,0.0,0.0,,,1.0,,1.0,False,2.0,2.0,75.0,1,,,,,,,Sudah kerjasama BPJS,,1,1,100.0
7318010,RS Umum Elim Rantepao,RSU,RS Umum,C,Swasta Non Profit,RS Publik,Sulawesi Selatan,Toraja Utara,19.0,3.0,3.0,2.0,2.0,4.0,,,2.0,,3.0,,,2.0,,1.0,,,1.0,2.0,,1.0,,11.0,,,49.0,11,47.83,,,,,,,,,,,,,,,,,,,,,,,,,,0,,,,,,,Sudah kerjasama BPJS,,1,1,100.0
7326002,RS Umum Daerah Pongtiku,RSU,RS Umum,D,Pemkab,RS Publik,Sulawesi Selatan,Toraja Utara,14.0,2.0,2.0,2.0,1.0,3.0,,,2.0,,2.0,,,1.0,,,,,1.0,1.0,,1.0,,6.0,,2.0,35.0,11,47.83,0.0,0.0,0.0,0.0,0.0,0.0,0.0,0.0,0.0,0.0,0.0,0.0,,0.0,0.0,0.0,0.0,0.0,0.0,1.0,1.0,False,1.0,1.0,95.0,1,,,,,,,Sudah kerjasama BPJS,,1,1,100.0
7326003,RS Santa Teresa Marampa Rantepao,RSU,RS Umum,D,Swasta Non Profit,RS Publik,Sulawesi Selatan,Toraja Utara,,,,,,,,,,,,,,,,,,,,,,,,,,,,0,0.0,,,,,,,,,,,,,,,,,,,,,,,,,,0,,,,,,,,,0,0,
7371014,RS Umum Daerah Sayang Rakyat,RSU,RS Umum,C,Pemprop,RS Publik,Sulawesi Selatan,Kota Makassar,46.0,7.0,3.0,2.0,2.0,3.0,,,2.0,,3.0,,,2.0,,,,,1.0,2.0,,1.0,,12.0,1.0,5.0,85.0,12,52.17,,,,,,,,,,,,,,,,,,,,,,,,,,0,,,,,,,Sudah kerjasama BPJS,,1,1,100.0
7371026,RS Umum Daerah Labuang Baji,RSU,RS Umum,B,Pemprop,RS Publik,Sulawesi Selatan,Kota Makassar,,,,,,,,,,,,,,,,,,,,,,,,3.0,,,3.0,1,4.35,0.0,1.0,1.0,0.0,1.0,0.0,0.0,0.0,,0.0,0.0,1.0,,1.0,1.0,0.0,,,1.0,,1.0,False,7.0,7.0,75.0,1,Sudah kerjasama BPJS,,,,,Sudah kerjasama BPJS,Sudah kerjasama BPJS,,3,3,100.0
7371030,RS Tk. II Pelamonia,RSU,RS Umum,B,TNI,RS Publik,Sulawesi Selatan,Kota Makassar,45.0,3.0,6.0,2.0,4.0,1.0,1.0,,2.0,,6.0,,,4.0,,2.0,,1.0,2.0,3.0,1.0,2.0,,26.0,2.0,8.0,109.0,16,69.57,,,,,,,,,,,,,,,,,,,,,,,,,,0,Sudah kerjasama BPJS,,Sudah kerjasama BPJS,Sudah kerjasama BPJS,Sudah kerjasama BPJS,,Sudah kerjasama BPJS,,5,5,100.0
7371041,RS Kepolisian Bhayangkara,RSU,RS Umum,B,POLRI,RS Publik,Sulawesi Selatan,Kota Makassar,42.0,3.0,7.0,4.0,4.0,7.0,,,4.0,,7.0,,,4.0,,3.0,,,2.0,5.0,1.0,2.0,,25.0,1.0,13.0,119.0,14,60.87,,,,,,,,,,,,,,,,,,,,,,,,,,0,Sudah kerjasama BPJS,,,Sudah kerjasama BPJS,,,Sudah kerjasama BPJS,,3,3,100.0
7371052,RS Akademis Jaury,RSU,RS Umum,B,Swasta Non Profit,RS Publik,Sulawesi Selatan,Kota Makassar,13.0,3.0,12.0,3.0,3.0,4.0,,,3.0,,12.0,,,3.0,,1.0,,1.0,1.0,2.0,,3.0,,16.0,,7.0,69.0,13,56.52,,,,,,,,,,,,,,,,,,,,,,,,,,0,Sudah kerjasama BPJS,,Sudah kerjasama BPJS,,,Sudah kerjasama BPJS,Sudah kerjasama BPJS,,4,4,100.0
7371063,RS Stella Maris,RSU,RS Umum,B,Swasta Non Profit,RS Publik,Sulawesi Selatan,Kota Makassar,23.0,3.0,15.0,5.0,4.0,7.0,,,5.0,,15.0,,,4.0,,1.0,,2.0,2.0,3.0,,3.0,,13.0,,9.0,90.0,13,56.52,,,,,,,,,,,,,,,,,,,,,,,,,,0,Sudah kerjasama BPJS,,Sudah kerjasama BPJS,,,Sudah kerjasama BPJS,Sudah kerjasama BPJS,,4,4,100.0
7371074,RS AL Jala Ammari Makassar,RSU,RS Umum,C,TNI,RS Publik,Sulawesi Selatan,Kota Makassar,47.0,1.0,3.0,,,2.0,,,,,3.0,,,,,,,,1.0,2.0,,,,3.0,,7.0,66.0,8,34.78,,,,,,,,,,,,,,,,,,,,,,,,,,0,,,,,,,Sudah kerjasama BPJS,,1,1,100.0
7371096,RS Khusus Daerah Dadi,RSK Jiwa,RS Khusus,A,Pemprop,RS Publik,Sulawesi Selatan,Kota Makassar,24.0,4.0,3.0,3.0,,1.0,,,3.0,,3.0,,,,,,,,3.0,3.0,,4.0,1.0,20.0,,15.0,81.0,11,47.83,,,,,,,,,,,,,,,,,,,,,,,,,,0,,,,Sudah kerjasama BPJS,,,Sudah kerjasama BPJS,,2,2,100.0
7371107,RS Ibu dan Anak Masyita,RSIA,RS Khusus,C,Swasta Non Profit,RS Publik,Sulawesi Selatan,Kota Makassar,14.0,,1.0,5.0,3.0,1.0,,,5.0,,1.0,,,3.0,,,,,1.0,1.0,,,,4.0,,2.0,32.0,9,39.13,,,,,,,,,,,,,,,,,,,,,,,,,,0,,,,,,,,,0,0,
7371176,RS Bersalin Elim Makassar,RSIA,RS Khusus,C,Swasta Non Profit,RS Publik,Sulawesi Selatan,Kota Makassar,4.0,,1.0,4.0,1.0,1.0,,,4.0,,1.0,,,1.0,,,,,,,,1.0,,,,,12.0,6,26.09,,,,,,,,,,,,,,,,,,,,,,,,,,0,,,,,,,,,0,0,
7371180,RS Ibu dan Anak Sentosa,RSIA,RS Khusus,C,Swasta Non Profit,RS Publik,Sulawesi Selatan,Kota Makassar,13.0,6.0,2.0,13.0,5.0,2.0,,,13.0,,2.0,,,5.0,,,,,1.0,,,2.0,,2.0,,,46.0,9,39.13,,,,,,,,,,,,,,,,,,,,,,,,,,0,,,,,,,,,0,0,
7371191,RS Ibu dan Anak Sitti Khadijah 1 Muhammadiyah,RSIA,RS Khusus,C,Swasta Non Profit,RS Publik,Sulawesi Selatan,Kota Makassar,21.0,,2.0,16.0,3.0,,,,16.0,,2.0,,,3.0,,,,,1.0,1.0,,3.0,,1.0,,,48.0,8,34.78,,,,,,,,,,,,,,,,,,,,,,,,,,0,,,,,,Sudah kerjasama BPJS,,,1,1,100.0
7371223,RS Ibu dan Anak Chaterine Booth,RSIA,RS Khusus,C,Swasta Non Profit,RS Publik,Sulawesi Selatan,Kota Makassar,4.0,2.0,1.0,6.0,7.0,,,,6.0,,1.0,,,7.0,,,,1.0,1.0,,,2.0,,3.0,,3.0,30.0,10,43.48,,,,,,,,,,,,,,,,,,,,,,,,,,0,,,,,,,,,0,0,
7371234,RS Khusus Daerah Ibu dan Anak Pertiwi,RSIA,RS Khusus,C,Pemprop,RS Publik,Sulawesi Selatan,Kota Makassar,12.0,2.0,,4.0,2.0,,,,4.0,,,,,2.0,,,,1.0,2.0,1.0,,,,11.0,,2.0,37.0,9,39.13,,,,,,,,,,,,,,,,,,,,,,,,,,0,,,,,,,Sudah kerjasama BPJS,,1,1,100.0
7371256,RS Khusus Daerah Ibu dan Anak Siti Fatimah,RSIA,RS Khusus,B,Pemprop,RS Publik,Sulawesi Selatan,Kota Makassar,13.0,1.0,1.0,3.0,1.0,,,,3.0,,1.0,,,1.0,,,,,1.0,,,1.0,,9.0,,4.0,34.0,9,39.13,,,,,,,,,,,,,,,,,,,,,,,,,,0,,,,,,,Sudah kerjasama BPJS,,1,1,100.0
7371293,RS Islam Faisal,RSU,RS Umum,B,Swasta Non Profit,RS Publik,Sulawesi Selatan,Kota Makassar,17.0,1.0,9.0,2.0,3.0,9.0,,1.0,2.0,,9.0,,,3.0,,1.0,,,2.0,3.0,1.0,3.0,,9.0,2.0,6.0,69.0,15,65.22,,,,,,,,,,,,,,,,,,,,,,,,,,0,,,,,,Sudah kerjasama BPJS,Sudah kerjasama BPJS,,2,2,100.0
7371314,RS Umum Pusat Dr. Tadjuddin Chalid Makassar,RSU,RS Umum,B,Kemkes,RS Publik,Sulawesi Selatan,Kota Makassar,32.0,5.0,6.0,3.0,5.0,5.0,,1.0,3.0,,6.0,,,5.0,,3.0,,,3.0,1.0,,5.0,,24.0,,16.0,109.0,13,56.52,0.0,1.0,0.0,0.0,1.0,0.0,1.0,0.0,,0.0,0.0,1.0,,1.0,1.0,0.0,,,1.0,,1.0,False,7.0,7.0,75.0,1,Sudah kerjasama BPJS,Sudah kerjasama BPJS,Sudah kerjasama BPJS,,Sudah kerjasama BPJS,Sudah kerjasama BPJS,Sudah kerjasama BPJS,,6,6,100.0
7371325,RSUP Dr. Wahidin Sudirohusodo,RSU,RS Umum,A,Kemkes,RS Publik,Sulawesi Selatan,Kota Makassar,810.0,6.0,4.0,4.0,10.0,1.0,10.0,6.0,4.0,3.0,4.0,5.0,4.0,10.0,,3.0,2.0,5.0,2.0,7.0,2.0,11.0,,106.0,3.0,44.0,1048.0,21,91.3,0.0,2.0,1.0,1.0,1.0,0.0,1.0,1.0,,1.0,1.0,1.0,,1.0,1.0,0.0,,,1.0,,1.0,False,13.0,12.0,75.0,1,Sudah kerjasama BPJS,Sudah kerjasama BPJS,Sudah kerjasama BPJS,Sudah kerjasama BPJS,Sudah kerjasama BPJS,Sudah kerjasama BPJS,Sudah kerjasama BPJS,Belum kerjasama BPJS,8,7,87.5
7371336,RS Hikmah,RSU,RS Umum,C,Swasta Non Profit,RS Publik,Sulawesi Selatan,Kota Makassar,10.0,,3.0,1.0,1.0,1.0,,,1.0,,3.0,,,1.0,,1.0,,,1.0,1.0,,,,3.0,,2.0,24.0,10,43.48,,,,,,,,,,,,,,,,,,,,,,,,,,0,Sudah kerjasama BPJS,,,,,,Sudah kerjasama BPJS,,2,2,100.0
7371340,RS Ibnu Sina YW-UMI Makassar,RSU,RS Umum,B,Swasta Non Profit,RS Publik,Sulawesi Selatan,Kota Makassar,134.0,3.0,3.0,5.0,11.0,3.0,2.0,4.0,5.0,,3.0,1.0,2.0,11.0,,1.0,,4.0,4.0,4.0,,4.0,,14.0,,1.0,200.0,17,73.91,,,,,,,,,,,,,,,,,,,,,,,,,,0,Sudah kerjasama BPJS,,Sudah kerjasama BPJS,Sudah kerjasama BPJS,Sudah kerjasama BPJS,Sudah kerjasama BPJS,Sudah kerjasama BPJS,,6,6,100.0
7371351,RS Umum Luramay,RSU,RS Umum,D,Swasta Non Profit,RS Publik,Sulawesi Selatan,Kota Makassar,3.0,1.0,1.0,1.0,2.0,,,,1.0,,1.0,,,2.0,,,,,1.0,,,1.0,,,,1.0,11.0,8,34.78,,,,,,,,,,,,,,,,,,,,,,,,,,0,,,,,,,,,0,0,
7371362,RS Umum Daerah Haji Makassar,RSU,RS Umum,B,Pemprop,RS Publik,Sulawesi Selatan,Kota Makassar,29.0,7.0,6.0,6.0,3.0,4.0,,,6.0,,6.0,,,3.0,,1.0,,2.0,3.0,3.0,,2.0,,16.0,,11.0,93.0,13,56.52,,,,,,,,,,,,,,,,,,,,,,,,,,0,,Sudah kerjasama BPJS,,Sudah kerjasama BPJS,,Sudah kerjasama BPJS,Sudah kerjasama BPJS,,4,4,100.0
7371373,RS Grestelina,RSU,RS Umum,B,Swasta,RS Privat,Sulawesi Selatan,Kota Makassar,15.0,1.0,8.0,8.0,6.0,4.0,1.0,1.0,8.0,,8.0,1.0,1.0,6.0,,2.0,,,1.0,3.0,,4.0,,,,,56.0,14,60.87,,,,,,,,,,,,,,,,,,,,,,,,,,0,Sudah kerjasama BPJS,,,Sudah kerjasama BPJS,,,Sudah kerjasama BPJS,,3,3,100.0
7371395,RS Umum Daerah Daya Kota Makassar,RSU,RS Umum,B,Pemkot,RS Publik,Sulawesi Selatan,Kota Makassar,14.0,7.0,5.0,6.0,4.0,3.0,,,6.0,,5.0,,,4.0,,,,3.0,3.0,4.0,,2.0,,16.0,,10.0,77.0,12,52.17,0.0,1.0,0.0,0.0,0.0,0.0,1.0,0.0,,1.0,0.0,1.0,,0.0,0.0,0.0,,,1.0,,1.0,False,5.0,5.0,75.0,1,,Sudah kerjasama BPJS,,,Sudah kerjasama BPJS,Sudah kerjasama BPJS,Sudah kerjasama BPJS,,4,4,100.0
7371399,RS Primaya,RSU,RS Umum,B,Swasta,RS Privat,Sulawesi Selatan,Kota Makassar,27.0,4.0,8.0,6.0,4.0,7.0,,,6.0,,8.0,,1.0,4.0,,2.0,,1.0,3.0,5.0,3.0,6.0,,19.0,1.0,12.0,109.0,16,69.57,,,,,,,,,,,,,,,,,,,,,,,,,,0,Sudah kerjasama BPJS,,Sudah kerjasama BPJS,Sudah kerjasama BPJS,,,,,3,3,100.0
7371400,RS PKU Muhammadiyah Mamajang,RSU,RS Umum,D,Swasta Non Profit,RS Publik,Sulawesi Selatan,Kota Makassar,4.0,1.0,2.0,3.0,,,,,3.0,,2.0,,,,,,,,1.0,,,,,,,,11.0,5,21.74,,,,,,,,,,,,,,,,,,,,,,,,,,0,,,,,,,,,0,0,
7371401,RS Ibu dan Anak Bunda,RSIA,RS Khusus,C,Swasta,RS Privat,Sulawesi Selatan,Kota Makassar,4.0,,,2.0,1.0,,,,2.0,,,,,1.0,,,,,,,,2.0,,,,,9.0,4,17.39,,,,,,,,,,,,,,,,,,,,,,,,,,0,,,,,,,,,0,0,
7371402,RS Siloam Makassar,RSU,RS Umum,B,Swasta,RS Privat,Sulawesi Selatan,Kota Makassar,26.0,4.0,13.0,7.0,9.0,2.0,,,7.0,,13.0,,,9.0,,3.0,,2.0,2.0,7.0,,10.0,,2.0,,2.0,89.0,13,56.52,,,,,,,,,,,,,,,,,,,,,,,,,,0,Sudah kerjasama BPJS,,Sudah kerjasama BPJS,Sudah kerjasama BPJS,Sudah kerjasama BPJS,Sudah kerjasama BPJS,,,5,5,100.0
7371403,RS Mitra Husada,RSU,RS Umum,C,Swasta,RS Privat,Sulawesi Selatan,Kota Makassar,9.0,3.0,3.0,2.0,2.0,4.0,,,2.0,,3.0,,,2.0,,1.0,,,1.0,1.0,,5.0,,2.0,,5.0,38.0,12,52.17,,,,,,,,,,,,,,,,,,,,,,,,,,0,Sudah kerjasama BPJS,,,,,,Sudah kerjasama BPJS,,2,2,100.0
7371406,RS Ibu dan Anak Budi Mulia,RSIA,RS Khusus,C,Swasta,RS Privat,Sulawesi Selatan,Kota Makassar,4.0,2.0,1.0,7.0,3.0,1.0,,,7.0,,1.0,,,3.0,,,,,1.0,1.0,,2.0,,2.0,,1.0,25.0,11,47.83,,,,,,,,,,,,,,,,,,,,,,,,,,0,,,,,,,,,0,0,
7371407,RS Umum Bahagia,RSU,RS Umum,C,Swasta,RS Privat,Sulawesi Selatan,Kota Makassar,8.0,1.0,4.0,5.0,4.0,3.0,,,5.0,,4.0,,,4.0,,,,,1.0,1.0,,2.0,,3.0,,5.0,37.0,11,47.83,,,,,,,,,,,,,,,,,,,,,,,,,,0,,,,,,,Sudah kerjasama BPJS,,1,1,100.0
7371408,RS Universitas Hasanuddin,RSU,RS Umum,B,Kementerian Lain,RS Publik,Sulawesi Selatan,Kota Makassar,247.0,29.0,30.0,14.0,17.0,10.0,,,14.0,,30.0,,,17.0,,7.0,,7.0,7.0,14.0,1.0,14.0,,26.0,2.0,16.0,441.0,15,65.22,,,,,,,,,,,,,,,,,,,,,,,,,,0,Sudah kerjasama BPJS,,Sudah kerjasama BPJS,Sudah kerjasama BPJS,,Sudah kerjasama BPJS,Sudah kerjasama BPJS,,5,5,100.0
7371410,RS Ibu dan Anak Ananda,RSIA,RS Khusus,C,Swasta,RS Privat,Sulawesi Selatan,Kota Makassar,3.0,,,11.0,,,,,11.0,,,,,,,,,,,,,,,,,,14.0,2,8.7,,,,,,,,,,,,,,,,,,,,,,,,,,0,,,,,,,Sudah kerjasama BPJS,,1,1,100.0
7371412,RS Umum Wisata Universitas Indonesia Timur,RSU,RS Umum,C,Swasta,RS Privat,Sulawesi Selatan,Kota Makassar,42.0,,6.0,2.0,2.0,2.0,,,2.0,,6.0,,,2.0,,1.0,,,2.0,1.0,,3.0,,14.0,,2.0,77.0,11,47.83,,,,,,,,,,,,,,,,,,,,,,,,,,0,,,,,,,Sudah kerjasama BPJS,,1,1,100.0
7371413,RS Ibu dan Anak Permata Hati,RSIA,RS Khusus,C,Swasta,RS Privat,Sulawesi Selatan,Kota Makassar,5.0,1.0,3.0,1.0,5.0,,,,1.0,,3.0,,,5.0,,,,,,,,,,4.0,,,19.0,6,26.09,,,,,,,,,,,,,,,,,,,,,,,,,,0,,,,,,,Sudah kerjasama BPJS,,1,1,100.0
7371414,RS Ibu dan Anak Prof. dr. H. M. Farid,RSIA,RS Khusus,C,Swasta,RS Privat,Sulawesi Selatan,Kota Makassar,4.0,,2.0,4.0,2.0,1.0,,,4.0,,2.0,,,2.0,,,,,1.0,1.0,,2.0,,2.0,,1.0,20.0,10,43.48,,,,,,,,,,,,,,,,,,,,,,,,,,0,,,,,,,Sudah kerjasama BPJS,,1,1,100.0
7371418,RS Ibu dan Anak Malebu Husada,RSIA,RS Khusus,C,Swasta,RS Privat,Sulawesi Selatan,Kota Makassar,3.0,,,3.0,1.0,,,,3.0,,,,,1.0,,,,,,,,1.0,,1.0,,,9.0,5,21.74,,,,,,,,,,,,,,,,,,,,,,,,,,0,,,,,,,,,0,0,
7371422,RS Khusus Gigi dan Mulut Universitas Hasanuddin,RSK GM,RS Khusus,B,Kementerian Lain,RS Publik,Sulawesi Selatan,Kota Makassar,2.0,165.0,,,,,,,,,,,,,,,,,,,,1.0,,6.0,,5.0,179.0,5,21.74,,,,,,,,,,,,,,,,,,,,,,,,,,0,,,,,,,Sudah kerjasama BPJS,,1,1,100.0
7371425,RSU Cahaya Medika Makassar,RSU,RS Umum,D,Swasta,RS Privat,Sulawesi Selatan,Kota Makassar,11.0,2.0,2.0,7.0,2.0,,,,7.0,,2.0,,,2.0,,,,,1.0,1.0,,2.0,,4.0,,1.0,33.0,10,43.48,,,,,,,,,,,,,,,,,,,,,,,,,,0,,,,,,,Sudah kerjasama BPJS,,1,1,100.0
7371426,RS Hermina Makassar,RSU,RS Umum,C,Swasta,RS Privat,Sulawesi Selatan,Kota Makassar,34.0,1.0,8.0,10.0,7.0,5.0,,1.0,10.0,,8.0,,,7.0,,2.0,,1.0,2.0,3.0,,7.0,,11.0,,5.0,97.0,14,60.87,,,,,,,,,,,,,,,,,,,,,,,,,,0,Sudah kerjasama BPJS,,,,,Sudah kerjasama BPJS,Sudah kerjasama BPJS,,3,3,100.0
7371427,RS Gigi dan Mulut Ladokgi TNI AL Yos Sudarso,RSK GM,RS Khusus,C,TNI,RS Publik,Sulawesi Selatan,Kota Makassar,,1.0,,,,,,,,,,,,,,,,,,,,,,,,,1.0,1,4.35,,,,,,,,,,,,,,,,,,,,,,,,,,0,,,,,,,,,0,0,
7371428,RS Ibu dan Anak Paramount,RSIA,RS Khusus,B,Swasta,RS Privat,Sulawesi Selatan,Kota Makassar,,,,2.0,1.0,,,,2.0,,,,,1.0,,,,,,,,,,,,,3.0,2,8.7,,,,,,,,,,,,,,,,,,,,,,,,,,0,,,,,,,Sudah kerjasama BPJS,,1,1,100.0
7371429,RS Ibu dan Anak Kartini ,RSIA,RS Khusus,C,Swasta,RS Privat,Sulawesi Selatan,Kota Makassar,5.0,2.0,2.0,3.0,3.0,1.0,,,3.0,,2.0,,,3.0,,,,,1.0,1.0,,1.0,,1.0,,1.0,21.0,11,47.83,,,,,,,,,,,,,,,,,,,,,,,,,,0,,,,,,,Sudah kerjasama BPJS,,1,1,100.0
7371430,RS Ibu dan Anak Amanat,RSIA,RS Khusus,C,Swasta,RS Privat,Sulawesi Selatan,Kota Makassar,8.0,,2.0,9.0,5.0,,,,9.0,,2.0,,,5.0,,,,,1.0,1.0,,1.0,,,,,27.0,7,30.43,,,,,,,,,,,,,,,,,,,,,,,,,,0,,,,,,Sudah kerjasama BPJS,Sudah kerjasama BPJS,,2,2,100.0
7371432,RS Umum Sayang Bunda,RSU,RS Umum,D,Swasta,RS Privat,Sulawesi Selatan,Kota Makassar,11.0,1.0,1.0,1.0,,,,,1.0,,1.0,,,,,,,,1.0,1.0,,1.0,,1.0,,1.0,19.0,9,39.13,,,,,,,,,,,,,,,,,,,,,,,,,,0,,,,,,,,,0,0,
7371433,RS Khusus Daerah Gigi dan Mulut Provinsi Sulawesi ,RSK GM,RS Khusus,C,Pemprop,RS Publik,Sulawesi Selatan,Kota Makassar,3.0,41.0,,,,,,,,,,,,,,,,,,1.0,,,,1.0,,1.0,47.0,5,21.74,,,,,,,,,,,,,,,,,,,,,,,,,,0,,,,,,,,,0,0,
7371434,RS Umum Sandi Karsa Makassar,RSU,RS Umum,C,Swasta,RS Privat,Sulawesi Selatan,Kota Makassar,,,,,,,,,,,,,,,,,,,,,,,,,,,,0,0.0,,,,,,,,,,,,,,,,,,,,,,,,,,0,,,,,,Sudah kerjasama BPJS,Sudah kerjasama BPJS,,2,2,100.0
7371436,RS Mata Makassar,RSK Mata,RS Khusus,C,Kemkes,RS Publik,Sulawesi Selatan,Kota Makassar,8.0,,,,,,,,,,,,,,,,,,,,,,,3.0,,1.0,12.0,3,13.04,,,,,,,,,,,,,,,,,,,,,,,,,,0,,,,,,,,,0,0,
7371448,RS Politeknik Ilmu Pelayaran (PIP) Makassar,RSU,RS Umum,D,Kementerian Lain,RS Publik,Sulawesi Selatan,Kota Makassar,15.0,1.0,1.0,,,,,,,,1.0,,,,,,,,,1.0,,,,3.0,,2.0,23.0,6,26.09,,,,,,,,,,,,,,,,,,,,,,,,,,0,,,,,,,,,0,0,
7371449,RS Otak & Jantung Pertamina Royal Biringkanaya,RSK JANTUNG,RS Khusus,B,BUMN,RS Privat,Sulawesi Selatan,Kota Makassar,2.0,,6.0,,,2.0,,,,,6.0,,,,,1.0,,,,,,,,1.0,,,12.0,5,21.74,,,,,,,,,,,,,,,,,,,,,,,,,,0,,,,,,Sudah kerjasama BPJS,Sudah kerjasama BPJS,,2,2,100.0
7371450,RS Islam Gigi dan Mulut FKG-UMI,RSK GM,RS Khusus,B,Swasta,RS Privat,Sulawesi Selatan,Kota Makassar,1.0,19.0,,,,,,,,,,,,,,,,,,,,1.0,,1.0,,2.0,24.0,5,21.74,,,,,,,,,,,,,,,,,,,,,,,,,,0,,,,,,,,,0,0,
7371451,RS Mata JEC ORBITA @Makassar,RSK Mata,RS Khusus,C,Swasta,RS Privat,Sulawesi Selatan,Kota Makassar,,,,,,,,,,,,,,,,,,,,,,,,,,,,0,0.0,,,,,,,,,,,,,,,,,,,,,,,,,,0,,,,,,,,,0,0,
7371452,Primaya Hospital Hertasning,RSU,RS Umum,C,Swasta,RS Privat,Sulawesi Selatan,Kota Makassar,,,,,,,,,,,,,,,,,,,,,,,,,,,,0,0.0,,,,,,,,,,,,,,,,,,,,,,,,,,0,,,,,,,,,0,0,
7372020,RS Fatima Pare-Pare,RSU,RS Umum,C,Swasta Non Profit,RS Publik,Sulawesi Selatan,Kota Pare-pare,13.0,4.0,3.0,2.0,2.0,2.0,,,2.0,,3.0,,,2.0,,2.0,,,1.0,2.0,,3.0,,9.0,,4.0,47.0,12,52.17,,,,,,,,,,,,,,,,,,,,,,,,,,0,,,,,,,,,0,0,
7372031,RS Tk. IV 07.07.03 Dr. Sumantri,RSU,RS Umum,C,TNI,RS Publik,Sulawesi Selatan,Kota Pare-pare,19.0,2.0,4.0,2.0,1.0,1.0,,,2.0,,4.0,,,1.0,,,,1.0,2.0,1.0,,2.0,,10.0,,4.0,49.0,12,52.17,,,,,,,,,,,,,,,,,,,,,,,,,,0,,,,,,Sudah kerjasama BPJS,Sudah kerjasama BPJS,,2,2,100.0
7372075,RS Umum Daerah Andi Makkasau Parepare,RSU,RS Umum,B,Pemkot,RS Publik,Sulawesi Selatan,Kota Pare-pare,13.0,1.0,5.0,3.0,2.0,2.0,,,3.0,,5.0,,,2.0,,2.0,,2.0,2.0,3.0,,3.0,,20.0,1.0,13.0,72.0,14,60.87,0.0,0.0,1.0,0.0,0.0,0.0,1.0,0.0,,0.0,0.0,1.0,,0.0,1.0,0.0,,,1.0,,1.0,False,5.0,5.0,75.0,1,,,,Sudah kerjasama BPJS,,Sudah kerjasama BPJS,Sudah kerjasama BPJS,,3,3,100.0
7372077,RS Ibu dan Anak Ananda Trifa,RSIA,RS Khusus,C,Swasta,RS Privat,Sulawesi Selatan,Kota Pare-pare,2.0,,,1.0,1.0,,,,1.0,,,,,1.0,,,,,,,,1.0,,1.0,,,6.0,5,21.74,,,,,,,,,,,,,,,,,,,,,,,,,,0,,,,,,,Sudah kerjasama BPJS,,1,1,100.0
7372078,RS Dr. Hasri Ainun Habibie Parepare,RSU,RS Umum,B,Pemkot,RS Publik,Sulawesi Selatan,Kota Pare-pare,11.0,4.0,2.0,1.0,1.0,1.0,,,1.0,,2.0,,,1.0,,,,1.0,1.0,2.0,,2.0,,5.0,1.0,4.0,36.0,13,56.52,0.0,0.0,1.0,0.0,0.0,0.0,0.0,0.0,,0.0,0.0,1.0,,0.0,0.0,0.0,,,1.0,,1.0,False,3.0,3.0,75.0,1,,,,,Sudah kerjasama BPJS,Sudah kerjasama BPJS,,,2,2,100.0
7373003,RS Umum Bintang Laut Palopo,RSU,RS Umum,C,Swasta,RS Privat,Sulawesi Selatan,Kota Palopo,10.0,3.0,2.0,1.0,,2.0,,,1.0,,2.0,,,,,,,,1.0,1.0,,1.0,,3.0,,4.0,28.0,10,43.48,,,,,,,,,,,,,,,,,,,,,,,,,,0,,,,,,,Sudah kerjasama BPJS,,1,1,100.0
7373004,RS Umum St. Madyang,RSU,RS Umum,C,Swasta,RS Privat,Sulawesi Selatan,Kota Palopo,12.0,2.0,4.0,4.0,1.0,2.0,,1.0,4.0,,4.0,,,1.0,,,,1.0,4.0,2.0,,2.0,,5.0,,7.0,47.0,13,56.52,,,,,,,,,,,,,,,,,,,,,,,,,,0,Sudah kerjasama BPJS,,,,,,Sudah kerjasama BPJS,,2,2,100.0
7373005,RS Mujaisyah,RSU,RS Umum,D,Swasta,RS Privat,Sulawesi Selatan,Kota Palopo,7.0,1.0,2.0,,1.0,1.0,,,,,2.0,,,1.0,,,,,1.0,1.0,,1.0,,2.0,,3.0,20.0,10,43.48,,,,,,,,,,,,,,,,,,,,,,,,,,0,,,,,,,Sudah kerjasama BPJS,,1,1,100.0
7373007,RS Mega Buana Palopo,RSU,RS Umum,C,Swasta,RS Privat,Sulawesi Selatan,Kota Palopo,12.0,3.0,3.0,2.0,2.0,2.0,,,2.0,,3.0,,,2.0,,,,,1.0,1.0,,2.0,,4.0,1.0,3.0,36.0,12,52.17,,,,,,,,,,,,,,,,,,,,,,,,,,0,,,,,,,Sudah kerjasama BPJS,,1,1,100.0
7373008,RS Dokter Palemmai Tandi,RSU,RS Umum,C,Pemkot,RS Publik,Sulawesi Selatan,Kota Palopo,26.0,5.0,2.0,2.0,1.0,4.0,,,2.0,,2.0,,,1.0,,,,,1.0,2.0,,3.0,,11.0,,6.0,63.0,11,47.83,,,,,,,,,,,,,,,,,,,,,,,,,,0,,,,,,,Sudah kerjasama BPJS,,1,1,100.0
7373009,RS Umum Mitra Smart Palopo,RSU,RS Umum,D,Swasta,RS Privat,Sulawesi Selatan,Kota Palopo,,,,,,,,,,,,,,,,,,,,,,,,,,,,0,0.0,,,,,,,,,,,,,,,,,,,,,,,,,,0,,,,,,,,,0,0,
7373016,RS Umum Daerah Sawerigading,RSU,RS Umum,B,Pemkot,RS Publik,Sulawesi Selatan,Kota Palopo,,,,,,,,,,,,,,,,,,,,,,,,,,,,0,0.0,0.0,1.0,0.0,0.0,0.0,0.0,0.0,0.0,,0.0,0.0,1.0,,1.0,1.0,0.0,,,1.0,,1.0,False,5.0,5.0,75.0,1,,,,,Sudah kerjasama BPJS,,Sudah kerjasama BPJS,,2,2,100.0
7373064,RS AT Medika,RSU,RS Umum,C,Swasta Non Profit,RS Publik,Sulawesi Selatan,Kota Palopo,16.0,3.0,3.0,2.0,2.0,2.0,,,2.0,,3.0,,,2.0,,,,,1.0,1.0,,2.0,,8.0,,6.0,46.0,11,47.83,,,,,,,,,,,,,,,,,,,,,,,,,,0,,,,,,,Sudah kerjasama BPJS,,1,1,100.0
7404012,RS Benyamin Guluh Kolaka,RSU,RS Umum,C,Pemkab,RS Publik,Sulawesi Tenggara,Kolaka,22.0,4.0,2.0,2.0,2.0,2.0,,,2.0,,2.0,,1.0,2.0,,,,,1.0,1.0,,1.0,,22.0,1.0,12.0,73.0,13,56.52,0.0,0.0,1.0,0.0,0.0,0.0,0.0,0.0,,0.0,0.0,0.0,,0.0,0.0,0.0,,,0.0,,1.0,False,1.0,1.0,75.0,1,,,,,,,Sudah kerjasama BPJS,,1,1,100.0
7404023,RS Antam Nikel Pomalaa,RSU,RS Umum,D,BUMN,RS Privat,Sulawesi Tenggara,Kolaka,4.0,1.0,,,,,,,,,,,,,,,,,,,,,,3.0,,1.0,9.0,4,17.39,,,,,,,,,,,,,,,,,,,,,,,,,,0,,,,,,,,,0,0,
7404045,RS Umum Harifa,RSU,RS Umum,D,Swasta,RS Privat,Sulawesi Tenggara,Kolaka,,,,,,,,,,,,,,,,,,,,,,,,,,,,0,0.0,,,,,,,,,,,,,,,,,,,,,,,,,,0,,,,,,,,,0,0,
7404046,RS Ibu dan Anak Budi Medika,RSIA,RS Khusus,C,Swasta,RS Privat,Sulawesi Tenggara,Kolaka,,,,,,,,,,,,,,,,,,,,,,,,,,,,0,0.0,,,,,,,,,,,,,,,,,,,,,,,,,,0,,,,,,,,,0,0,
7403022,RS Umum Daerah Konawe,RSU,RS Umum,C,Pemkab,RS Publik,Sulawesi Tenggara,Konawe,12.0,2.0,2.0,3.0,1.0,2.0,,,3.0,,2.0,,,1.0,,1.0,,,2.0,2.0,,1.0,,22.0,1.0,7.0,58.0,13,56.52,0.0,0.0,0.0,0.0,2.0,0.0,0.0,0.0,,0.0,0.0,0.0,,0.0,0.0,0.0,,,0.0,,1.0,False,2.0,1.0,75.0,1,,,,,,,Sudah kerjasama BPJS,,1,1,100.0
7403126,RS Umum Setia Bunda,RSU,RS Umum,D,Swasta,RS Privat,Sulawesi Tenggara,Konawe,,,,,,,,,,,,,,,,,,,,,,,,,,,,0,0.0,,,,,,,,,,,,,,,,,,,,,,,,,,0,,,,,,,,,0,0,
7402010,RS Umum Daerah Raha,RSU,RS Umum,C,Pemkab,RS Publik,Sulawesi Tenggara,Muna,14.0,2.0,2.0,2.0,2.0,,,,2.0,,2.0,,,2.0,,,,,1.0,1.0,,1.0,,26.0,2.0,5.0,58.0,11,47.83,0.0,0.0,1.0,0.0,0.0,0.0,0.0,0.0,,0.0,0.0,1.0,,0.0,0.0,0.0,,,0.0,,1.0,False,2.0,2.0,75.0,1,,,,,,,Sudah kerjasama BPJS,,1,1,100.0
7402022,RS Ibu dan Anak Harapan Kita,RSIA,RS Khusus,C,Swasta,RS Privat,Sulawesi Tenggara,Muna,,,,,,,,,,,,,,,,,,,,,,,,,,,,0,0.0,,,,,,,,,,,,,,,,,,,,,,,,,,0,,,,,,,,,0,0,
7401038,RS Umum Daerah Kabupaten Buton,RSU,RS Umum,C,Pemkab,RS Publik,Sulawesi Tenggara,Buton,12.0,2.0,1.0,1.0,1.0,1.0,,,1.0,,1.0,,,1.0,,,,,1.0,1.0,,1.0,,9.0,,8.0,38.0,11,47.83,0.0,0.0,0.0,0.0,0.0,0.0,0.0,0.0,0.0,0.0,0.0,0.0,,0.0,0.0,0.0,0.0,0.0,0.0,0.0,1.0,False,0.0,0.0,95.0,1,,,,,,,Sudah kerjasama BPJS,,1,1,100.0
7403114,RS Umum Daerah Konawe Selatan,RSU,RS Umum,C,Pemkab,RS Publik,Sulawesi Tenggara,Konawe Selatan,10.0,3.0,2.0,2.0,2.0,2.0,,,2.0,,2.0,,,2.0,,,,,,,,1.0,,15.0,,9.0,46.0,9,39.13,0.0,0.0,0.0,0.0,0.0,0.0,0.0,0.0,,0.0,0.0,0.0,,0.0,0.0,0.0,,,0.0,,1.0,False,0.0,0.0,75.0,1,,,,,,,,,0,0,
7406036,RS Umum Daerah Kabupaten Bombana,RSU,RS Umum,C,Pemkab,RS Publik,Sulawesi Tenggara,Bombana,15.0,2.0,2.0,1.0,2.0,1.0,,,1.0,,2.0,,,2.0,,,,,1.0,2.0,,2.0,,14.0,,7.0,49.0,11,47.83,0.0,0.0,0.0,0.0,0.0,0.0,0.0,0.0,,0.0,0.0,0.0,,0.0,0.0,0.0,,,0.0,,1.0,False,0.0,0.0,75.0,1,,,,,,,Sudah kerjasama BPJS,,1,1,100.0
7407012,RS Umum Daerah Kabupaten Wakatobi,RSU,RS Umum,C,Pemkab,RS Publik,Sulawesi Tenggara,Wakatobi,24.0,1.0,,1.0,1.0,,,,1.0,,,,,1.0,,,,,,1.0,,2.0,,8.0,,2.0,40.0,8,34.78,0.0,0.0,0.0,0.0,0.0,0.0,0.0,0.0,0.0,0.0,0.0,0.0,,0.0,0.0,0.0,0.0,0.0,0.0,3.0,1.0,False,3.0,1.0,95.0,1,,,,,,,,,0,0,
7404034,RS Umum Daerah H.M.Djafar Harun,RSU,RS Umum,C,Pemkab,RS Publik,Sulawesi Tenggara,Kolaka Utara,10.0,2.0,1.0,1.0,1.0,1.0,,,1.0,,1.0,,,1.0,,,,,1.0,1.0,,,,13.0,,14.0,45.0,10,43.48,0.0,0.0,0.0,0.0,2.0,0.0,0.0,0.0,,0.0,0.0,0.0,,1.0,0.0,0.0,,,0.0,,1.0,False,3.0,2.0,75.0,1,,,,,,,,,0,0,
7408013,RS Umum Daerah Kab.Konawe Utara,RSU,RS Umum,D,Pemkab,RS Publik,Sulawesi Tenggara,Konawe Utara,11.0,1.0,1.0,1.0,1.0,,,,1.0,,1.0,,,1.0,,,,,,1.0,,,,14.0,,3.0,33.0,8,34.78,0.0,0.0,0.0,0.0,0.0,0.0,0.0,0.0,0.0,0.0,0.0,0.0,,0.0,0.0,0.0,0.0,0.0,0.0,3.0,1.0,False,3.0,1.0,95.0,1,,,,,,,,,0,0,
7401024,RS Umum Daerah Kabupaten Buton Utara,RSU,RS Umum,D,Pemkab,RS Publik,Sulawesi Tenggara,Buton Utara,8.0,1.0,1.0,1.0,1.0,1.0,,,1.0,,1.0,,,1.0,,,,,1.0,,,1.0,,14.0,,5.0,34.0,10,43.48,0.0,0.0,0.0,0.0,0.0,0.0,0.0,0.0,0.0,0.0,0.0,0.0,,0.0,0.0,0.0,0.0,0.0,0.0,0.0,1.0,False,0.0,0.0,95.0,1,,,,,,,Sudah kerjasama BPJS,,1,1,100.0
7411908,RS Umum Daerah Kabupaten Kolaka Timur,RSU,RS Umum,D,Pemkab,RS Publik,Sulawesi Tenggara,Kolaka Timur,9.0,1.0,1.0,1.0,1.0,1.0,,,1.0,,1.0,,,1.0,,,,,,1.0,,1.0,,7.0,1.0,4.0,28.0,11,47.83,0.0,0.0,0.0,0.0,0.0,0.0,0.0,0.0,,0.0,0.0,0.0,,0.0,0.0,0.0,,,0.0,,1.0,False,0.0,0.0,75.0,1,,,,,,,,,0,0,
7412002,RS Umum Daerah Kabupaten Konawe Kepulauan,RSU,RS Umum,D,Pemkab,RS Publik,Sulawesi Tenggara,Konawe Kepulauan,9.0,1.0,2.0,1.0,1.0,2.0,,,1.0,,2.0,,,1.0,,,,,1.0,1.0,,1.0,,7.0,,2.0,28.0,11,47.83,0.0,0.0,0.0,0.0,0.0,0.0,0.0,0.0,0.0,0.0,0.0,0.0,,0.0,0.0,0.0,0.0,0.0,0.0,0.0,1.0,False,0.0,0.0,95.0,1,,,,,,,,,0,0,
7402011,RS Umum Daerah Kabupaten Muna Barat,RSU,RS Umum,D,Pemkab,RS Publik,Sulawesi Tenggara,Muna Barat,6.0,2.0,1.0,,1.0,1.0,,,,,1.0,,,1.0,,,,,,1.0,,,,10.0,,3.0,25.0,8,34.78,0.0,0.0,0.0,0.0,0.0,0.0,0.0,0.0,0.0,0.0,0.0,0.0,,0.0,0.0,0.0,0.0,0.0,0.0,0.0,1.0,False,0.0,0.0,95.0,1,,,,,,,,,0,0,
7414002,RS Umum Daerah Kabupaten Buton Tengah,RSU,RS Umum,D,Pemkab,RS Publik,Sulawesi Tenggara,Buton Tengah,9.0,,1.0,,1.0,,,,,,1.0,,,1.0,,,,,,,,1.0,,7.0,,2.0,21.0,6,26.09,0.0,0.0,0.0,0.0,0.0,0.0,0.0,0.0,0.0,0.0,0.0,0.0,,0.0,0.0,0.0,0.0,0.0,0.0,0.0,1.0,False,0.0,0.0,95.0,1,,,,,,,,,0,0,
7401039,RS Umum Daerah Kabupaten Buton Selatan,RSU,RS Umum,C,Pemkab,RS Publik,Sulawesi Tenggara,Buton Selatan,16.0,2.0,1.0,1.0,2.0,1.0,,,1.0,,1.0,,,2.0,,,,,,1.0,,1.0,,7.0,,,32.0,9,39.13,0.0,0.0,0.0,0.0,0.0,0.0,0.0,0.0,0.0,0.0,0.0,0.0,,0.0,0.0,0.0,0.0,0.0,0.0,0.0,1.0,False,0.0,0.0,95.0,1,,,,,,,,,0,0,
7403033,RS Tk. IV Dr. R. Ismoyo Kendari,RSU,RS Umum,C,TNI,RS Publik,Sulawesi Tenggara,Kota Kendari,22.0,2.0,3.0,3.0,1.0,2.0,,1.0,3.0,,3.0,,,1.0,,1.0,,,1.0,1.0,,3.0,,4.0,,3.0,47.0,13,56.52,,,,,,,,,,,,,,,,,,,,,,,,,,0,Sudah kerjasama BPJS,,,,,,,,1,1,100.0
7471002,RS Hati Mulia,RSU,RS Umum,D,Swasta,RS Privat,Sulawesi Tenggara,Kota Kendari,13.0,1.0,2.0,3.0,2.0,1.0,,,3.0,,2.0,,,2.0,,,,,,2.0,,2.0,,4.0,,2.0,32.0,10,43.48,,,,,,,,,,,,,,,,,,,,,,,,,,0,Sudah kerjasama BPJS,,Sudah kerjasama BPJS,,,,,,2,2,100.0
7471004,RS Umum Dewi Sartika,RSU,RS Umum,D,Swasta,RS Privat,Sulawesi Tenggara,Kota Kendari,6.0,7.0,1.0,1.0,1.0,,,,1.0,,1.0,,,1.0,,,,,,1.0,,,,3.0,,,20.0,7,30.43,,,,,,,,,,,,,,,,,,,,,,,,,,0,,,,,,,,,0,0,
7471005,RS Umum Aliyah,RSU,RS Umum,D,Swasta,RS Privat,Sulawesi Tenggara,Kota Kendari,9.0,4.0,2.0,2.0,2.0,1.0,,,2.0,,2.0,,,2.0,,,,1.0,,,,1.0,,1.0,,,23.0,9,39.13,,,,,,,,,,,,,,,,,,,,,,,,,,0,,,,,,,,,0,0,
7471007,RS Umum Aliyah II,RSU,RS Umum,D,Swasta,RS Privat,Sulawesi Tenggara,Kota Kendari,8.0,3.0,2.0,2.0,2.0,2.0,,,2.0,,2.0,,,2.0,,,,1.0,,1.0,,2.0,,1.0,,,24.0,10,43.48,,,,,,,,,,,,,,,,,,,,,,,,,,0,Sudah kerjasama BPJS,,,,,Sudah kerjasama BPJS,,,2,2,100.0
7471008,RS Umum Aliyah III,RSU,RS Umum,D,Swasta,RS Privat,Sulawesi Tenggara,Kota Kendari,7.0,3.0,1.0,2.0,1.0,1.0,,,2.0,,1.0,,,1.0,,,,,,,,1.0,,1.0,,,17.0,8,34.78,,,,,,,,,,,,,,,,,,,,,,,,,,0,,,,,,,,,0,0,
7471009,RS Umum Tiara Sentosa,RSU,RS Umum,D,Swasta,RS Privat,Sulawesi Tenggara,Kota Kendari,9.0,,,2.0,2.0,,,,2.0,,,,,2.0,,,,,1.0,,,,,,,,14.0,4,17.39,,,,,,,,,,,,,,,,,,,,,,,,,,0,,,,,,,Sudah kerjasama BPJS,,1,1,100.0
7471010,RS Hermina Kendari,RSU,RS Umum,C,Swasta,RS Privat,Sulawesi Tenggara,Kota Kendari,27.0,,7.0,3.0,4.0,4.0,,,3.0,,7.0,,,4.0,,2.0,,,2.0,2.0,,2.0,,3.0,,2.0,58.0,11,47.83,,,,,,,,,,,,,,,,,,,,,,,,,,0,Sudah kerjasama BPJS,,,,,,Sudah kerjasama BPJS,,2,2,100.0
7471011,RS Bahteramas Provinsi Sultra,RSU,RS Umum,B,Pemprop,RS Publik,Sulawesi Tenggara,Kota Kendari,40.0,7.0,9.0,5.0,5.0,4.0,2.0,2.0,5.0,,9.0,,,5.0,,2.0,,1.0,3.0,3.0,,7.0,,31.0,2.0,13.0,136.0,16,69.57,0.0,0.0,1.0,0.0,0.0,0.0,1.0,0.0,,0.0,0.0,1.0,,2.0,0.0,0.0,,,0.0,,1.0,False,5.0,4.0,75.0,1,Sudah kerjasama BPJS,,Sudah kerjasama BPJS,Sudah kerjasama BPJS,Sudah kerjasama BPJS,Sudah kerjasama BPJS,Sudah kerjasama BPJS,,6,6,100.0
7471044,RS Santa Anna,RSU,RS Umum,C,Swasta Non Profit,RS Publik,Sulawesi Tenggara,Kota Kendari,8.0,3.0,2.0,,2.0,1.0,,,,,2.0,,,2.0,,1.0,,,1.0,,,1.0,,3.0,,2.0,24.0,10,43.48,,,,,,,,,,,,,,,,,,,,,,,,,,0,,,,,,,,,0,0,
7471055,RS PMI Prov. Sultra,RSU,RS Umum,Belum Ditetapkan,Swasta Non Profit,RS Publik,Sulawesi Tenggara,Kota Kendari,,,,,,,,,,,,,,,,,,,,,,,,,,,,0,0.0,,,,,,,,,,,,,,,,,,,,,,,,,,0,,,,,,,,,0,0,
7471066,RS Jiwa Kendari,RSK Jiwa,RS Khusus,B,Pemprop,RS Publik,Sulawesi Tenggara,Kota Kendari,6.0,7.0,,,,,,,,,,,,,,,,,,,,,,7.0,,,20.0,3,13.04,,,,,,,,,,,,,,,,,,,,,,,,,,0,,,,,,,,,0,0,
7471070,RS Bhayangkara Kendari,RSU,RS Umum,C,POLRI,RS Publik,Sulawesi Tenggara,Kota Kendari,17.0,4.0,3.0,2.0,1.0,2.0,,,2.0,,3.0,,,1.0,,1.0,,,2.0,1.0,,2.0,,9.0,,4.0,48.0,12,52.17,,,,,,,,,,,,,,,,,,,,,,,,,,0,,,,,,,Sudah kerjasama BPJS,,1,1,100.0
7471081,RS Griya Husada Bakti,RSU,RS Umum,D,Swasta Non Profit,RS Publik,Sulawesi Tenggara,Kota Kendari,,,,,,,,,,,,,,,,,,,,,,,,,,,,0,0.0,,,,,,,,,,,,,,,,,,,,,,,,,,0,,,,,,,,,0,0,
7471092,RS Umum Daerah Kota Kendari,RSU,RS Umum,C,Pemkot,RS Publik,Sulawesi Tenggara,Kota Kendari,41.0,10.0,3.0,3.0,3.0,2.0,,,3.0,,3.0,,,3.0,,2.0,,,1.0,2.0,,3.0,,23.0,1.0,11.0,105.0,13,56.52,0.0,0.0,1.0,0.0,0.0,0.0,0.0,0.0,,0.0,0.0,1.0,,0.0,0.0,0.0,,,0.0,,1.0,False,2.0,2.0,75.0,1,,,,,,Sudah kerjasama BPJS,Sudah kerjasama BPJS,,2,2,100.0
7471103,RS Ibu dan Anak Permata Bunda,RSU,RS Umum,C,Swasta,RS Privat,Sulawesi Tenggara,Kota Kendari,10.0,,,1.0,,,,,1.0,,,,,,,,,,,,,,,,,,11.0,2,8.7,,,,,,,,,,,,,,,,,,,,,,,,,,0,,,,,,,,,0,0,
7471125,RS Mitra Sakinah Idaman,RSU,RS Umum,Belum Ditetapkan,Swasta Non Profit,RS Publik,Sulawesi Tenggara,Kota Kendari,,,,,,,,,,,,,,,,,,,,,,,,,,,,0,0.0,,,,,,,,,,,,,,,,,,,,,,,,,,0,,,,,,,,,0,0,
7471136,RS Jantung dan Pembuluh Darah Oputa Yi Koo Sulawesi Tenggara,RSK JANTUNG,RS Khusus,B,Pemprop,RS Publik,Sulawesi Tenggara,Kota Kendari,,,,,,,,,,,,,,,,,,,,,,,,,,,,0,0.0,,1.0,0.0,,,,,,,,,,,1.0,0.0,,,,,,1.0,False,2.0,2.0,20.0,1,,,,,,,,,0,0,
7471138,RS PMI Prov. Sultra,RSU,RS Umum,D,Swasta Non Profit,RS Publik,Sulawesi Tenggara,Kota Kendari,4.0,,1.0,1.0,,,,,1.0,,1.0,,,,,,,,,,,1.0,,1.0,,,8.0,5,21.74,,,,,,,,,,,,,,,,,,,,,,,,,,0,,,,,,,,,0,0,
7472002,RS Siloam Hospital Buton,RSU,RS Umum,C,Swasta,RS Privat,Sulawesi Tenggara,Kota Bau-Bau,13.0,1.0,,,,1.0,,,,,,,,,,,,,,1.0,,1.0,,,,2.0,19.0,6,26.09,,,,,,,,,,,,,,,,,,,,,,,,,,0,,,,,,,Sudah kerjasama BPJS,,1,1,100.0
7472003,RS Umum Murhum,RSU,RS Umum,D,Swasta,RS Privat,Sulawesi Tenggara,Kota Bau-Bau,,,,,,,,,,,,,,,,,,,,,,,,,,,,0,0.0,,,,,,,,,,,,,,,,,,,,,,,,,,0,,,,,,,,,0,0,
7472004,RS Faga Husada,RSU,RS Umum,D,Swasta,RS Privat,Sulawesi Tenggara,Kota Bau-Bau,,,,,,,,,,,,,,,,,,,,,,,,,,,,0,0.0,,,,,,,,,,,,,,,,,,,,,,,,,,0,,,,,,,,,0,0,
7472016,RS Umum Daerah Kota Bau Bau,RSU,RS Umum,C,Pemkot,RS Publik,Sulawesi Tenggara,Kota Bau-Bau,26.0,6.0,1.0,3.0,3.0,1.0,,,3.0,,1.0,,,3.0,,1.0,,,2.0,3.0,,2.0,,17.0,,13.0,78.0,12,52.17,0.0,0.0,0.0,0.0,1.0,0.0,0.0,0.0,,0.0,0.0,0.0,,0.0,0.0,0.0,,,0.0,,1.0,False,1.0,1.0,75.0,1,,,,,,,Sudah kerjasama BPJS,,1,1,100.0
7502033,RS Umum Daerah dr. M. Mohammad Dunda,RSU,RS Umum,B,Pemkab,RS Publik,Gorontalo,Gorontalo,21.0,1.0,3.0,1.0,3.0,1.0,,,1.0,,3.0,,,3.0,,1.0,,1.0,2.0,1.0,,3.0,,16.0,1.0,11.0,66.0,14,60.87,0.0,1.0,1.0,0.0,0.0,0.0,0.0,0.0,,0.0,0.0,1.0,,0.0,0.0,1.0,,,1.0,,1.0,False,5.0,5.0,75.0,1,,,,,,Sudah kerjasama BPJS,Sudah kerjasama BPJS,,2,2,100.0
7502034,RS Umum Daerah dr. Hasri Ainun Habibie,RSU,RS Umum,C,Pemprop,RS Publik,Gorontalo,Gorontalo,32.0,3.0,3.0,3.0,2.0,2.0,,,3.0,,3.0,,,2.0,,1.0,,,1.0,1.0,1.0,2.0,,10.0,,6.0,67.0,13,56.52,,,,,,,,,,,,,,,,,,,,,,,,,,0,Sudah kerjasama BPJS,,,,,,Sudah kerjasama BPJS,,2,2,100.0
7502035,RS Umum Daerah Boliyohuto,RSU,RS Umum,D,Pemkab,RS Publik,Gorontalo,Gorontalo,6.0,1.0,2.0,,1.0,1.0,,,,,2.0,,,1.0,,,,,1.0,,,,,5.0,,1.0,18.0,8,34.78,,,,,,,,,,,,,,,,,,,,,,,,,,0,,,,,,,Sudah kerjasama BPJS,,1,1,100.0
7502036,RS TK IV Korem Gorontalo,RSU,RS Umum,D,TNI,RS Publik,Gorontalo,Gorontalo,4.0,,1.0,,,,,,,,1.0,,,,,,,,1.0,1.0,,2.0,,6.0,,2.0,17.0,7,30.43,,,,,,,,,,,,,,,,,,,,,,,,,,0,,,,,,,,,0,0,
7502047,RS Bhayangkara Gorontalo,RSU,RS Umum,C,POLRI,RS Publik,Gorontalo,Gorontalo,,,,,,,,,,,,,,,,,,,,,,,,,,,,0,0.0,,,,,,,,,,,,,,,,,,,,,,,,,,0,,,,,,,Sudah kerjasama BPJS,,1,1,100.0
7501043,RS Umum Daerah Tani dan Nelayan,RSU,RS Umum,C,Pemkab,RS Publik,Gorontalo,Boalemo,16.0,2.0,1.0,2.0,3.0,2.0,,,2.0,,1.0,,,3.0,,,,1.0,,1.0,,2.0,,16.0,1.0,10.0,57.0,12,52.17,0.0,0.0,1.0,0.0,0.0,0.0,0.0,0.0,,0.0,0.0,1.0,,0.0,0.0,1.0,,,1.0,,1.0,False,4.0,4.0,75.0,1,,,,,Sudah kerjasama BPJS,Sudah kerjasama BPJS,Sudah kerjasama BPJS,,3,3,100.0
7501044,RS Umum Daerah DR. Ir. Iwan Bokings Kab. Boalemo,RSU,RS Umum,D,Pemkab,RS Publik,Gorontalo,Boalemo,7.0,1.0,2.0,2.0,1.0,2.0,,,2.0,,2.0,,,1.0,,,,,,,,2.0,,9.0,,3.0,29.0,9,39.13,,,,,,,,,,,,,,,,,,,,,,,,,,0,,,,,,,,,0,0,
7504012,RS Umum Daerah Tombulilato,RSU,RS Umum,D,Pemkab,RS Publik,Gorontalo,Bone Bolango,,,,,,,,,,,,,,,,,,,,,,,,,,,,0,0.0,,,,,,,,,,,,,,,,,,,,,,,,,,0,,,,,,,,,0,0,
7504032,RS Umum Daerah Toto Kabila,RSU,RS Umum,C,Pemkab,RS Publik,Gorontalo,Bone Bolango,16.0,,5.0,1.0,2.0,2.0,,,1.0,,5.0,,,2.0,,1.0,,,1.0,2.0,,2.0,,18.0,1.0,9.0,60.0,12,52.17,0.0,0.0,1.0,0.0,0.0,0.0,0.0,0.0,0.0,0.0,0.0,0.0,,0.0,0.0,1.0,0.0,0.0,0.0,5.0,1.0,False,7.0,3.0,95.0,1,,,,,,,Sudah kerjasama BPJS,,1,1,100.0
7503045,RS Umum Daerah Bumi Panua,RSU,RS Umum,C,Pemkab,RS Publik,Gorontalo,Pohuwato,33.0,1.0,1.0,2.0,1.0,1.0,,,2.0,,1.0,,,1.0,,1.0,,1.0,1.0,1.0,,1.0,,10.0,1.0,9.0,64.0,14,60.87,0.0,0.0,0.0,0.0,0.0,0.0,0.0,0.0,0.0,0.0,0.0,1.0,,0.0,0.0,1.0,0.0,0.0,0.0,5.0,1.0,False,7.0,3.0,95.0,1,,,,,,Sudah kerjasama BPJS,Sudah kerjasama BPJS,,2,2,100.0
7503056,RS Pratama Kab. Pohuwatu,RSU,RS Umum,D PRATAMA,Pemkab,RS Publik,Gorontalo,Pohuwato,,,,,,,,,,,,,,,,,,,,,,,,,,,,0,0.0,,,,,,,,,,,,,,,,,,,,,,,,,,0,,,,,,,,,0,0,
7505002,RS Umum Daerah dr. Zainal Umar Sidiki,RSU,RS Umum,C,Pemkab,RS Publik,Gorontalo,Gorontalo Utara,11.0,1.0,1.0,2.0,1.0,1.0,,,2.0,,1.0,,,1.0,,,,,1.0,1.0,,1.0,,6.0,,6.0,32.0,11,47.83,0.0,0.0,0.0,0.0,0.0,0.0,0.0,0.0,0.0,0.0,0.0,0.0,,0.0,0.0,1.0,0.0,0.0,0.0,2.0,1.0,False,3.0,2.0,95.0,1,,,,,,,Sudah kerjasama BPJS,,1,1,100.0
7505013,RS Umum Daerah Tolinggula Melayani,RSU,RS Umum,D PRATAMA,Pemkab,RS Publik,Gorontalo,Gorontalo Utara,,,,,,,,,,,,,,,,,,,,,,,,,,,,0,0.0,,,,,,,,,,,,,,,,,,,,,,,,,,0,,,,,,,,,0,0,
7502021,RS Islam,RSU,RS Umum,D,Swasta Non Profit,RS Publik,Gorontalo,Kota Gorontalo,9.0,1.0,3.0,2.0,1.0,2.0,,,2.0,,3.0,,,1.0,,1.0,,,,,,1.0,,4.0,,,24.0,9,39.13,,,,,,,,,,,,,,,,,,,,,,,,,,0,,,,,,,,,0,0,
7502032,RS Umum Daerah Otanaha ,RSU,RS Umum,C,Pemkot,RS Publik,Gorontalo,Kota Gorontalo,16.0,2.0,2.0,3.0,2.0,2.0,,,3.0,,2.0,,,2.0,,,,,1.0,2.0,,2.0,,9.0,,4.0,45.0,11,47.83,0.0,0.0,0.0,0.0,0.0,0.0,0.0,0.0,,0.0,0.0,1.0,,0.0,0.0,1.0,,,1.0,,1.0,False,3.0,3.0,75.0,1,,,,,,,Sudah kerjasama BPJS,,1,1,100.0
7571010,RS Umum Daerah Prof Dr. H. Aloei Saboe,RSU,RS Umum,B,Pemkot,RS Publik,Gorontalo,Kota Gorontalo,36.0,4.0,8.0,2.0,4.0,4.0,,,2.0,,8.0,,,4.0,,2.0,,1.0,2.0,3.0,0.0,4.0,,32.0,1.0,12.0,115.0,14,65.22,0.0,1.0,0.0,0.0,1.0,0.0,1.0,0.0,,0.0,0.0,1.0,,1.0,1.0,1.0,,,1.0,,1.0,False,8.0,8.0,75.0,1,Sudah kerjasama BPJS,,Sudah kerjasama BPJS,,,,Sudah kerjasama BPJS,,3,3,100.0
7571021,RS Bunda,RSU,RS Umum,D,Swasta,RS Privat,Gorontalo,Kota Gorontalo,10.0,1.0,5.0,3.0,2.0,1.0,,,3.0,,5.0,,,2.0,,,,,1.0,1.0,,1.0,,3.0,,1.0,29.0,11,47.83,,,,,,,,,,,,,,,,,,,,,,,,,,0,,,,,,,Sudah kerjasama BPJS,,1,1,100.0
7571022,RS Ibu dan Anak Siti Khadidjah,RSIA,RS Khusus,C,Swasta Non Profit,RS Publik,Gorontalo,Kota Gorontalo,4.0,,1.0,1.0,2.0,,,,1.0,,1.0,,,2.0,,,,,,,,1.0,,,,,9.0,5,21.74,,,,,,,,,,,,,,,,,,,,,,,,,,0,,,,,,,,,0,0,
7571023,RS Multazam,RSU,RS Umum,D,Swasta,RS Privat,Gorontalo,Kota Gorontalo,20.0,1.0,3.0,3.0,1.0,3.0,,,3.0,,3.0,,,1.0,,,,,1.0,1.0,,2.0,,6.0,,2.0,43.0,11,47.83,,,,,,,,,,,,,,,,,,,,,,,,,,0,,,,,,,Sudah kerjasama BPJS,,1,1,100.0
7571024,RS Umum Bioklinik,RSU,RS Umum,D,Swasta,RS Privat,Gorontalo,Kota Gorontalo,6.0,,2.0,2.0,,,,,2.0,,2.0,,,,,,,,,,,,,,,,10.0,3,13.04,,,,,,,,,,,,,,,,,,,,,,,,,,0,,,,,,,,,0,0,
7605013,RS Umum Daerah Pasangkayu,RSU,RS Umum,C,Pemkab,RS Publik,Sulawesi Barat,Pasangkayu,15.0,2.0,1.0,1.0,1.0,1.0,,,1.0,,1.0,,,1.0,,1.0,,,1.0,1.0,,1.0,,5.0,,6.0,36.0,12,52.17,0.0,0.0,0.0,0.0,0.0,0.0,0.0,0.0,,0.0,0.0,0.0,,0.0,0.0,0.0,,,0.0,,1.0,False,0.0,0.0,75.0,1,,,,,,,Sudah kerjasama BPJS,,1,1,100.0
7604012,RS Umum Daerah Kabupaten Mamuju,RSU,RS Umum,C,Pemkab,RS Publik,Sulawesi Barat,Mamuju,8.0,4.0,1.0,3.0,2.0,1.0,,,3.0,,1.0,,,2.0,,,,,2.0,1.0,,2.0,,12.0,,4.0,40.0,11,47.83,0.0,0.0,1.0,0.0,0.0,0.0,0.0,0.0,,0.0,0.0,0.0,,0.0,0.0,0.0,,,0.0,,1.0,False,1.0,1.0,75.0,1,,,,,,,Sudah kerjasama BPJS,,1,1,100.0
7604023,RS Umum Daerah Provinsi Sulawesi Barat,RSU,RS Umum,C,Pemprop,RS Publik,Sulawesi Barat,Mamuju,17.0,4.0,4.0,3.0,3.0,2.0,,,3.0,,4.0,,,3.0,,2.0,,,2.0,1.0,,4.0,,20.0,3.0,14.0,79.0,13,56.52,1.0,1.0,0.0,1.0,0.0,0.0,0.0,0.0,,1.0,1.0,1.0,,0.0,0.0,0.0,,,0.0,,1.0,False,6.0,6.0,75.0,1,,,,,,,Sudah kerjasama BPJS,,1,1,100.0
7604024,RS Umum Mitra Manakarra,RSU,RS Umum,C,Swasta,RS Privat,Sulawesi Barat,Mamuju,2.0,1.0,2.0,1.0,1.0,1.0,,,1.0,,2.0,,,1.0,,,,,,,,,,,,,8.0,6,26.09,,,,,,,,,,,,,,,,,,,,,,,,,,0,,,,,,,Sudah kerjasama BPJS,,1,1,100.0
7604027,RS Bhayangkara Tkt. IV Polda Sulbar,RSU,RS Umum,C,POLRI,RS Publik,Sulawesi Barat,Mamuju,13.0,,2.0,2.0,2.0,1.0,,,2.0,,2.0,,,2.0,,,,,1.0,1.0,,,,4.0,,2.0,28.0,9,39.13,,,,,,,,,,,,,,,,,,,,,,,,,,0,,,,,,,Sudah kerjasama BPJS,,1,1,100.0
7604028,RS Ibu dan Anak Mutiara Ibu,RSIA,RS Khusus,C,Swasta,RS Privat,Sulawesi Barat,Mamuju,,,1.0,1.0,,,,,1.0,,1.0,,,,,,,,,,,1.0,,,,,3.0,3,13.04,,,,,,,,,,,,,,,,,,,,,,,,,,0,,,,,,,,,0,0,
7603022,RS Banua Mamase,RSU,RS Umum,D PRATAMA,Swasta Non Profit,RS Publik,Sulawesi Barat,Mamasa,6.0,2.0,,,,,,,,,,,,,,,,,,,,,,,,,8.0,2,8.7,,,,,,,,,,,,,,,,,,,,,,,,,,0,,,,,,,,,0,0,
7603024,RS Umum Daerah Kondosapata Kab. Mamasa,RSU,RS Umum,D,Pemkab,RS Publik,Sulawesi Barat,Mamasa,5.0,1.0,,,,,,,,,,,,,,,,,1.0,1.0,,1.0,,3.0,,2.0,14.0,7,30.43,0.0,0.0,0.0,0.0,0.0,0.0,0.0,0.0,0.0,0.0,0.0,0.0,,0.0,0.0,0.0,0.0,0.0,0.0,1.0,1.0,False,1.0,1.0,95.0,1,,,,,,,,,0,0,
7602044,RS Umum Daerah Hajjah Andi Depu,RSU,RS Umum,C,Pemkab,RS Publik,Sulawesi Barat,Polewali Mandar,24.0,1.0,5.0,3.0,3.0,4.0,,,3.0,,5.0,,,3.0,,1.0,,1.0,2.0,2.0,,2.0,,20.0,,13.0,81.0,13,56.52,0.0,1.0,0.0,0.0,0.0,0.0,0.0,0.0,,0.0,0.0,1.0,,1.0,0.0,0.0,,,0.0,,1.0,False,3.0,3.0,75.0,1,,,,,,Sudah kerjasama BPJS,Sudah kerjasama BPJS,,2,2,100.0
7602045,RS Ibu dan Anak Mifta,RSIA,RS Khusus,C,Swasta,RS Privat,Sulawesi Barat,Polewali Mandar,,,,,,,,,,,,,,,,,,,,,,,,,,,,0,0.0,,,,,,,,,,,,,,,,,,,,,,,,,,0,,,,,,,,,0,0,
7602046,RS Bhakti Kasih,RSU,RS Umum,D,Swasta,RS Privat,Sulawesi Barat,Polewali Mandar,1.0,,,1.0,,,,,1.0,,,,,,,,,,,,,,,,,1.0,3.0,3,13.04,,,,,,,,,,,,,,,,,,,,,,,,,,0,,,,,,,,,0,0,
7602048,RS Umum Daerah Wonomulyo,RSU,RS Umum,D,Pemkab,RS Publik,Sulawesi Barat,Polewali Mandar,7.0,1.0,3.0,1.0,1.0,5.0,,,1.0,,3.0,,,1.0,,,,,3.0,1.0,,1.0,,6.0,,2.0,31.0,11,47.83,,,,,,,,,,,,,,,,,,,,,,,,,,0,,,,,,,Sudah kerjasama BPJS,,1,1,100.0
7601011,RS Umum Daerah Kabupaten Majene,RSU,RS Umum,C,Pemkab,RS Publik,Sulawesi Barat,Majene,7.0,1.0,1.0,1.0,3.0,2.0,,,1.0,,1.0,,,3.0,,1.0,,,1.0,1.0,,1.0,,10.0,,8.0,37.0,12,52.17,0.0,0.0,0.0,0.0,0.0,0.0,0.0,0.0,0.0,0.0,0.0,0.0,,0.0,0.0,0.0,0.0,0.0,0.0,1.0,1.0,False,1.0,1.0,95.0,1,,,,,,,Sudah kerjasama BPJS,,1,1,100.0
7601022,RS Pratama Salutambung,RSU,RS Umum,D PRATAMA,Pemkab,RS Publik,Sulawesi Barat,Majene,,,,,,,,,,,,,,,,,,,,,,,,,,,,0,0.0,,,,,,,,,,,,,,,,,,,,,,,,,,0,,,,,,,,,0,0,
7604026,RS Umum Daerah Kabupaten Mamuju Tengah,RSU,RS Umum,D,Pemkab,RS Publik,Sulawesi Barat,Mamuju Tengah,6.0,2.0,1.0,1.0,1.0,1.0,,,1.0,,1.0,,,1.0,,,,,,2.0,,,,10.0,,6.0,30.0,9,39.13,0.0,0.0,0.0,0.0,0.0,0.0,0.0,0.0,0.0,0.0,0.0,0.0,,0.0,0.0,0.0,0.0,0.0,0.0,2.0,1.0,False,2.0,1.0,95.0,1,,,,,,,,,0,0,
8103002,RS Umum Daerah Banda,RSU,RS Umum,D,Pemkab,RS Publik,Maluku,Maluku Tengah,3.0,1.0,,,,1.0,,,,,,,,,,,,,,,,,,5.0,,,10.0,4,17.39,,,,,,,,,,,,,,,,,,,,,,,,,,0,,,,,,,,,0,0,
8103016,RS Umum Saparua,RSU,RS Umum,D,Pemkab,RS Publik,Maluku,Maluku Tengah,8.0,,,,,1.0,,,,,,,,,,,,,,,,,,3.0,,,12.0,3,13.04,,,,,,,,,,,,,,,,,,,,,,,,,,0,,,,,,,,,0,0,
8103042,RS Umum Masohi,RSU,RS Umum,C,Pemkab,RS Publik,Maluku,Maluku Tengah,20.0,2.0,2.0,1.0,1.0,2.0,,,1.0,,2.0,,,1.0,,,,1.0,1.0,1.0,,1.0,,23.0,1.0,10.0,66.0,13,56.52,0.0,0.0,1.0,0.0,0.0,0.0,0.0,0.0,,0.0,0.0,0.0,,3.0,0.0,0.0,,,0.0,,1.0,False,4.0,2.0,75.0,1,,,,,,Sudah kerjasama BPJS,Sudah kerjasama BPJS,,2,2,100.0
8103053,RS Umum Daerah dr. Ishak Umarella,RSU,RS Umum,C,Pemprop,RS Publik,Maluku,Maluku Tengah,20.0,,1.0,2.0,1.0,2.0,,,2.0,,1.0,,,1.0,,,,,1.0,1.0,,1.0,,10.0,,4.0,43.0,10,43.48,0.0,0.0,0.0,0.0,1.0,0.0,0.0,1.0,0.0,0.0,0.0,1.0,,0.0,1.0,0.0,0.0,0.0,0.0,0.0,1.0,False,4.0,4.0,95.0,1,,,,,,,Sudah kerjasama BPJS,,1,1,100.0
8101015,RS Umum Karel Sadsuitubun,RSU,RS Umum,C,Pemkab,RS Publik,Maluku,Maluku Tenggara,11.0,1.0,1.0,2.0,1.0,2.0,,,2.0,,1.0,,,1.0,,1.0,,,1.0,1.0,,1.0,,10.0,,4.0,36.0,12,52.17,0.0,0.0,0.0,0.0,0.0,0.0,0.0,0.0,,0.0,0.0,0.0,,0.0,0.0,0.0,,,0.0,,1.0,False,0.0,0.0,75.0,1,,,,,,,,,0,0,
8101026,RS Hati Kudus Langgur,RSU,RS Umum,D,Swasta Non Profit,RS Publik,Maluku,Maluku Tenggara,6.0,,1.0,,1.0,1.0,,,,,1.0,,,1.0,,,,,1.0,,,,,,,,10.0,5,21.74,,,,,,,,,,,,,,,,,,,,,,,,,,0,,,,,,,,,0,0,
8102055S,RS Alternatif Covid-19 Tanpa Gejala,RS Darurat,RS Khusus,Belum Ditetapkan,Pemkab,RS Publik,Maluku,Maluku Tenggara,1.0,,,,,,,,,,,,,,,,,,,,,,,1.0,,1.0,3.0,3,13.04,,,,,,,,,,,,,,,,,,,,,,,,,,0,,,,,,,,,0,0,
8101041,RS Fatima Saumlaki,RSU,RS Umum,D,Swasta Non Profit,RS Publik,Maluku,Maluku Tenggara Barat,2.0,,,,,,,,,,,,,,,,,,,,,,,,,,2.0,1,4.35,,,,,,,,,,,,,,,,,,,,,,,,,,0,,,,,,,,,0,0,
8101063,RS Umum Daerah Dr. P. P. Magretti Saumlaki,RSU,RS Umum,D,Pemkab,RS Publik,Maluku,Maluku Tenggara Barat,14.0,2.0,,,1.0,1.0,,,,,,,,1.0,,,,1.0,1.0,1.0,,,,8.0,,3.0,32.0,9,39.13,0.0,0.0,0.0,0.0,1.0,0.0,0.0,1.0,0.0,0.0,0.0,1.0,,1.0,1.0,0.0,0.0,0.0,0.0,2.0,1.0,False,7.0,6.0,95.0,1,,,,,,Sudah kerjasama BPJS,,,1,1,100.0
8101064,RS Umum Daerah dr. D. Anatototi,RSU,RS Umum,D,Pemkab,RS Publik,Maluku,Maluku Tenggara Barat,1.0,,,,,,,,,,,,,,,,,,,,,,,1.0,,,2.0,2,8.7,,,,,,,,,,,,,,,,,,,,,,,,,,0,,,,,,,,,0,0,
8103020,RS Umum Daerah Kab. Buru,RSU,RS Umum,D,Pemkab,RS Publik,Maluku,Buru,11.0,1.0,1.0,1.0,1.0,1.0,,,1.0,,1.0,,,1.0,,,,,1.0,,,1.0,,19.0,,8.0,45.0,10,43.48,0.0,0.0,0.0,0.0,0.0,0.0,0.0,0.0,,0.0,0.0,0.0,,0.0,0.0,0.0,,,0.0,,1.0,False,0.0,0.0,75.0,1,,,,,,,,,0,0,
8107021,RS Umum Daerah Bula,RSU,RS Umum,C,Pemkab,RS Publik,Maluku,Seram Bagian Timur,9.0,1.0,1.0,1.0,1.0,1.0,,,1.0,,1.0,,,1.0,,,,,1.0,1.0,,1.0,,17.0,,2.0,36.0,11,47.83,0.0,1.0,0.0,0.0,0.0,0.0,0.0,0.0,,0.0,0.0,0.0,,0.0,0.0,0.0,,,0.0,,1.0,False,1.0,1.0,75.0,1,,,,,,,Sudah kerjasama BPJS,,1,1,100.0
8107024,RS Umum Daerah Goran Riun,RSU,RS Umum,D,Pemkab,RS Publik,Maluku,Seram Bagian Timur,6.0,2.0,,,,,,,,,,,,,,,,,1.0,,,,,5.0,,1.0,15.0,5,21.74,,,,,,,,,,,,,,,,,,,,,,,,,,0,,,,,,,,,0,0,
8106010,RS Umum Piru,RSU,RS Umum,C,Pemkab,RS Publik,Maluku,Seram Bagian Barat,8.0,2.0,1.0,1.0,1.0,1.0,,,1.0,,1.0,,,1.0,,1.0,,,1.0,,,1.0,,7.0,,4.0,28.0,11,47.83,0.0,0.0,0.0,0.0,0.0,0.0,0.0,0.0,,0.0,0.0,0.0,,0.0,0.0,0.0,,,0.0,,1.0,False,0.0,0.0,75.0,1,,,,,,,Sudah kerjasama BPJS,,1,1,100.0
8106011,RS Pratama Wasala,RSU,RS Umum,D PRATAMA,Pemkab,RS Publik,Maluku,Seram Bagian Barat,2.0,,,,,,,,,,,,,,,,,,,,,,,1.0,,,3.0,2,8.7,,,,,,,,,,,,,,,,,,,,,,,,,,0,,,,,,,,,0,0,
8105019,RS Umum Daerah Cendrawasih Dobo,RSU,RS Umum,D,Pemkab,RS Publik,Maluku,Kepulauan Aru,6.0,1.0,1.0,,1.0,,,,,,1.0,,,1.0,,,,,1.0,1.0,,,,6.0,,2.0,19.0,8,34.78,0.0,0.0,0.0,0.0,1.0,0.0,0.0,1.0,0.0,0.0,0.0,1.0,,0.0,1.0,0.0,0.0,0.0,0.0,0.0,1.0,False,4.0,4.0,95.0,1,,,,,,,Sudah kerjasama BPJS,,1,1,100.0
8108002,RS Umum Daerah Tiakur,RSU,RS Umum,D,Pemkab,RS Publik,Maluku,Maluku Barat Daya,11.0,1.0,,1.0,1.0,,,,1.0,,,,,1.0,,,,,,,,,,4.0,,1.0,19.0,6,26.09,0.0,0.0,0.0,0.0,1.0,0.0,0.0,1.0,0.0,0.0,0.0,1.0,,0.0,1.0,0.0,0.0,0.0,0.0,2.0,1.0,False,6.0,5.0,95.0,1,,,,,,,,,0,0,
8109002,RS Pratama Raja Latubau Soel Negeri Fogi,RSU,RS Umum,D PRATAMA,Pemkab,RS Publik,Maluku,Buru Selatan,2.0,,,,,,,,,,,,,,,,,,,,,,,1.0,,,3.0,2,8.7,,,,,,,,,,,,,,,,,,,,,,,,,,0,,,,,,,,,0,0,
8109018,RS Umum Daerah dr. Salim Alkatiri,RSU,RS Umum,D,Pemkab,RS Publik,Maluku,Buru Selatan,8.0,,1.0,,1.0,1.0,,,,,1.0,,,1.0,,,,1.0,1.0,,,1.0,,10.0,,1.0,25.0,9,39.13,0.0,0.0,0.0,0.0,1.0,0.0,0.0,1.0,0.0,0.0,0.0,1.0,,0.0,1.0,0.0,0.0,0.0,0.0,0.0,1.0,False,4.0,4.0,95.0,1,,,,,,,Sudah kerjasama BPJS,,1,1,100.0
8171015,RS Umum Dr. M. Haulussy Ambon,RSU,RS Umum,B,Pemprop,RS Publik,Maluku,Kota Ambon,71.0,1.0,5.0,4.0,4.0,3.0,1.0,,4.0,,5.0,,,4.0,,2.0,,2.0,2.0,1.0,,2.0,,27.0,,8.0,133.0,14,60.87,0.0,1.0,0.0,0.0,0.0,0.0,1.0,0.0,,1.0,0.0,1.0,,0.0,0.0,0.0,,,0.0,,1.0,False,4.0,4.0,75.0,1,Sudah kerjasama BPJS,,,,Sudah kerjasama BPJS,Sudah kerjasama BPJS,Sudah kerjasama BPJS,,4,4,100.0
8171026,RS Tk. II Prof. dr. J. A. Latumeten,RSU,RS Umum,B,TNI,RS Publik,Maluku,Kota Ambon,19.0,5.0,3.0,2.0,2.0,2.0,,,2.0,,3.0,,,2.0,,1.0,,,1.0,1.0,,3.0,,10.0,,6.0,55.0,12,52.17,,,,,,,,,,,,,,,,,,,,,,,,,,0,,,,,,,Sudah kerjasama BPJS,,1,1,100.0
8171030,RS TNI AL dr. FX. Soehardjo,RSU,RS Umum,D,TNI,RS Publik,Maluku,Kota Ambon,7.0,1.0,1.0,,,1.0,,,,,1.0,,,,,1.0,,,,,,1.0,,6.0,,1.0,19.0,8,34.78,,,,,,,,,,,,,,,,,,,,,,,,,,0,,,,,,,,,0,0,
8171063,RSKD Provinsi Maluku,RSK Jiwa,RS Khusus,B,Pemprop,RS Publik,Maluku,Kota Ambon,6.0,,,,1.0,,,,,,,,,1.0,,,,,1.0,,,,,4.0,,1.0,13.0,5,21.74,,,,,,,,,,,,,,,,,,,,,,,,,,0,,,,,,,Sudah kerjasama BPJS,,1,1,100.0
8171074,RS Hative Passo,RSU,RS Umum,D,Swasta Non Profit,RS Publik,Maluku,Kota Ambon,10.0,,1.0,1.0,1.0,1.0,,,1.0,,1.0,,,1.0,,,,,,1.0,,1.0,,2.0,,1.0,19.0,9,39.13,,,,,,,,,,,,,,,,,,,,,,,,,,0,,,,,,,,,0,0,
8171085,RS Sumber Hidup GPM,RSU,RS Umum,C,Swasta Non Profit,RS Publik,Maluku,Kota Ambon,3.0,,,,,,,,,,,,,,,,,,,,,,,,,,3.0,1,4.35,,,,,,,,,,,,,,,,,,,,,,,,,,0,,,,,,,Sudah kerjasama BPJS,,1,1,100.0
8171096,RS Umum Bakti Rahayu,RSU,RS Umum,D,Swasta Non Profit,RS Publik,Maluku,Kota Ambon,9.0,,,,,1.0,,,,,,,,,,1.0,,,,1.0,,,,,,1.0,13.0,5,21.74,,,,,,,,,,,,,,,,,,,,,,,,,,0,,,,Sudah kerjasama BPJS,,,,,1,1,100.0
8171110,RS Al Fatah,RSU,RS Umum,C,Swasta Non Profit,RS Publik,Maluku,Kota Ambon,17.0,1.0,1.0,1.0,,1.0,,,1.0,,1.0,,,,,,,,1.0,1.0,,1.0,,,,,24.0,8,34.78,,,,,,,,,,,,,,,,,,,,,,,,,,0,,,,,,,Sudah kerjasama BPJS,,1,1,100.0
8171121,RS Bhayangkara Ambon,RSU,RS Umum,C,POLRI,RS Publik,Maluku,Kota Ambon,8.0,2.0,3.0,,1.0,,,,,,3.0,,,1.0,,1.0,,,1.0,,,2.0,,7.0,,2.0,27.0,9,39.13,,,,,,,,,,,,,,,,,,,,,,,,,,0,,,,,,,Sudah kerjasama BPJS,,1,1,100.0
8171123,RS Umum Pusat Dr. Johannes Leimena Ambon,RSU,RS Umum,B,Kemkes,RS Publik,Maluku,Kota Ambon,32.0,,3.0,5.0,5.0,5.0,,,5.0,,3.0,,,5.0,,2.0,,2.0,2.0,2.0,,2.0,,19.0,3.0,25.0,107.0,13,56.52,0.0,1.0,0.0,0.0,0.0,0.0,1.0,0.0,,0.0,0.0,1.0,,1.0,1.0,0.0,,,0.0,,1.0,False,5.0,5.0,75.0,1,Sudah kerjasama BPJS,Sudah kerjasama BPJS,,,Sudah kerjasama BPJS,,Sudah kerjasama BPJS,,4,4,100.0
8171124,RS Siloam Ambon,RSU,RS Umum,C,Swasta,RS Privat,Maluku,Kota Ambon,8.0,,4.0,1.0,2.0,2.0,,,1.0,,4.0,,,2.0,,1.0,,,1.0,1.0,,2.0,,11.0,,3.0,36.0,11,47.83,,,,,,,,,,,,,,,,,,,,,,,,,,0,Sudah kerjasama BPJS,,,,,,Sudah kerjasama BPJS,,2,2,100.0
8171125S,RS Alternatif BPSDM Provinsi Maluku,RS Darurat,RS Khusus,Belum Ditetapkan,Pemprop,RS Publik,Maluku,Kota Ambon,39.0,1.0,1.0,,,,,,,,1.0,,,,,3.0,,,,,,,,,,,44.0,4,17.39,,,,,,,,,,,,,,,,,,,,,,,,,,0,,,,,,,,,0,0,
8171126S,RS Lapangan Covid-19 Kota Ambon,RS Darurat,RS Khusus,Belum Ditetapkan,Pemkot,RS Publik,Maluku,Kota Ambon,,,,,,,,,,,,,,,,,,,,,,,,,,,,0,0.0,,,,,,,,,,,,,,,,,,,,,,,,,,0,,,,,,,,,0,0,
8172002,RS Umum Daerah Maren H. Noho Renuat Kota Tual,RSU,RS Umum,D,Pemkot,RS Publik,Maluku,Kota Tual,7.0,1.0,1.0,,1.0,1.0,,,,,1.0,,,1.0,,,,,1.0,1.0,,1.0,,11.0,,3.0,28.0,10,43.48,0.0,0.0,0.0,0.0,1.0,0.0,0.0,1.0,0.0,0.0,0.0,1.0,,0.0,1.0,0.0,0.0,0.0,0.0,2.0,1.0,False,6.0,5.0,95.0,1,,,,,,,Sudah kerjasama BPJS,,1,1,100.0
8172004S,RS Alternatif Khusus Covid-19 Tanpa Gejala,RS Darurat,RS Khusus,Belum Ditetapkan,Pemkot,RS Publik,Maluku,Kota Tual,,,,,,,,,,,,,,,,,,,,,,,,,,,,0,0.0,,,,,,,,,,,,,,,,,,,,,,,,,,0,,,,,,,,,0,0,
8201021,RS Umum Daerah Jailolo,RSU,RS Umum,C,Pemkab,RS Publik,Maluku Utara,Halmahera Barat,7.0,1.0,2.0,2.0,1.0,2.0,,1.0,2.0,,2.0,,,1.0,,,,,1.0,1.0,,,,13.0,,9.0,40.0,11,47.83,0.0,0.0,0.0,0.0,0.0,0.0,0.0,0.0,,0.0,0.0,0.0,,0.0,0.0,0.0,,,0.0,,1.0,False,0.0,0.0,75.0,1,Sudah kerjasama BPJS,,,,,,Sudah kerjasama BPJS,,2,2,100.0
8205021,RS Umum Daerah Weda,RSU,RS Umum,D,Pemkab,RS Publik,Maluku Utara,Halmahera Tengah,10.0,1.0,1.0,1.0,1.0,1.0,,,1.0,,1.0,,,1.0,,,,,1.0,1.0,,1.0,,19.0,,11.0,48.0,11,47.83,0.0,0.0,0.0,0.0,1.0,0.0,0.0,1.0,0.0,0.0,0.0,1.0,,0.0,1.0,0.0,0.0,0.0,0.0,0.0,1.0,False,4.0,4.0,95.0,1,,,,,,,Sudah kerjasama BPJS,,1,1,100.0
8201010,RS Umum Daerah Tobelo,RSU,RS Umum,C,Pemkab,RS Publik,Maluku Utara,Halmahera Utara,23.0,2.0,4.0,3.0,4.0,4.0,,,3.0,,4.0,,,4.0,,,,,1.0,,,1.0,,24.0,,9.0,75.0,10,43.48,0.0,0.0,1.0,0.0,0.0,0.0,0.0,0.0,,0.0,0.0,1.0,,0.0,0.0,0.0,,,0.0,,1.0,False,2.0,2.0,75.0,1,,,,,,,,,0,0,
8205033,RS Bethesda GMIH Tobelo,RSU,RS Umum,D,Swasta Non Profit,RS Publik,Maluku Utara,Halmahera Utara,5.0,,1.0,,2.0,2.0,,,,,1.0,,,2.0,,,,,,,,1.0,,2.0,,,13.0,6,26.09,,,,,,,,,,,,,,,,,,,,,,,,,,0,,,,,,,,,0,0,
8204010,RS Umum Daerah  Labuha,RSU,RS Umum,C,Pemkab,RS Publik,Maluku Utara,Halmahera Selatan,1.0,,1.0,1.0,,1.0,,,1.0,,1.0,,,,,,,,,,,,,10.0,,4.0,18.0,6,26.09,0.0,0.0,0.0,0.0,0.0,0.0,0.0,0.0,,0.0,0.0,1.0,,0.0,0.0,0.0,,,0.0,,1.0,False,1.0,1.0,75.0,1,,,,,,Sudah kerjasama BPJS,Sudah kerjasama BPJS,,2,2,100.0
8204011,RS Pratama Bisui Kab. Halmahera Selatan,RSU,RS Umum,D,Pemkab,RS Publik,Maluku Utara,Halmahera Selatan,,,,,,,,,,,,,,,,,,,,,,,,,,,,0,0.0,,,,,,,,,,,,,,,,,,,,,,,,,,0,,,,,,,,,0,0,
8204012,RS Umum Obi,RSU,RS Umum,D,Pemkab,RS Publik,Maluku Utara,Halmahera Selatan,5.0,,,,,,,,,,,,,,,,,,,,,,,7.0,,,12.0,2,8.7,,,,,,,,,,,,,,,,,,,,,,,,,,0,,,,,,,,,0,0,
8203020,RS Umum Daerah Sanana,RSU,RS Umum,D,Pemkab,RS Publik,Maluku Utara,Kepulauan Sula,14.0,,1.0,1.0,,2.0,,,1.0,,1.0,,,,,,,,,1.0,,1.0,,11.0,,3.0,34.0,8,34.78,0.0,0.0,0.0,0.0,0.0,0.0,0.0,0.0,,0.0,0.0,0.0,,0.0,0.0,0.0,,,0.0,,1.0,False,0.0,0.0,75.0,1,,,,,,,,,0,0,
8206012,RS Umum Daerah Maba,RSU,RS Umum,D,Pemkab,RS Publik,Maluku Utara,Halmahera Timur,7.0,1.0,1.0,1.0,1.0,1.0,,,1.0,,1.0,,,1.0,,,,,,,,1.0,,10.0,,5.0,28.0,9,39.13,0.0,0.0,0.0,0.0,1.0,0.0,0.0,1.0,0.0,0.0,0.0,1.0,,0.0,1.0,0.0,0.0,0.0,0.0,2.0,1.0,False,6.0,5.0,95.0,1,,,,,,,,,0,0,
8205032,RS Umum Daerah Ir. Soekarno Kab. Pulau Morotai,RSU,RS Umum,C,Pemkab,RS Publik,Maluku Utara,Pulau Morotai,17.0,1.0,1.0,1.0,1.0,2.0,,,1.0,,1.0,,,1.0,,,,,,,,1.0,,19.0,,8.0,51.0,9,39.13,0.0,1.0,1.0,0.0,0.0,0.0,0.0,0.0,,0.0,0.0,1.0,,0.0,0.0,0.0,,,0.0,,1.0,False,3.0,3.0,75.0,1,,,,,,,Sudah kerjasama BPJS,,1,1,100.0
8207011,RS Umum Daerah  Sultan H. Mudaffar Sjah,RSU,RS Umum,D PRATAMA,Pemkab,RS Publik,Maluku Utara,Pulau Morotai,,,,,,,,,,,,,,,,,,,,,,,,,,,,0,0.0,,,,,,,,,,,,,,,,,,,,,,,,,,0,,,,,,,,,0,0,
8208001,RS Umum Daerah Bobong,RSU,RS Umum,D PRATAMA,Pemkab,RS Publik,Maluku Utara,Pulau Taliabu,6.0,1.0,,,1.0,1.0,,,,,,,,1.0,,,,,,,,,,2.0,,1.0,12.0,6,26.09,0.0,0.0,0.0,0.0,1.0,0.0,0.0,1.0,0.0,0.0,0.0,1.0,,0.0,1.0,0.0,0.0,0.0,0.0,1.0,1.0,False,5.0,5.0,95.0,1,,,,,,,,,0,0,
8271016,RS Umum Daerah Dr. H. Chasan Boesoirie Ternate,RSU,RS Umum,B,Pemprop,RS Publik,Maluku Utara,Kota Ternate,22.0,3.0,4.0,5.0,5.0,5.0,,1.0,5.0,,4.0,,,5.0,,2.0,,1.0,2.0,2.0,,3.0,,19.0,,13.0,87.0,14,60.87,0.0,1.0,0.0,0.0,0.0,0.0,1.0,0.0,,0.0,0.0,1.0,,0.0,0.0,0.0,,,0.0,,1.0,False,3.0,3.0,75.0,1,Sudah kerjasama BPJS,,Sudah kerjasama BPJS,,,Sudah kerjasama BPJS,Sudah kerjasama BPJS,,4,4,100.0
8271020,RS Tk. IV 16.07.01 TNI AD Ternate,RSU,RS Umum,D,TNI,RS Publik,Maluku Utara,Kota Ternate,7.0,2.0,1.0,1.0,1.0,1.0,,,1.0,,1.0,,,1.0,,,,,,,,1.0,,6.0,,2.0,22.0,9,39.13,,,,,,,,,,,,,,,,,,,,,,,,,,0,,,,,,,,,0,0,
8271031,RS Umum Dharma Ibu Ternate,RSU,RS Umum,D,Swasta Non Profit,RS Publik,Maluku Utara,Kota Ternate,5.0,,3.0,2.0,3.0,3.0,,,2.0,,3.0,,,3.0,,2.0,,,,,,2.0,,,,1.0,21.0,8,34.78,,,,,,,,,,,,,,,,,,,,,,,,,,0,,,,,,,,,0,0,
8271042,RS Islam PKU Muhammadiyah Maluku Utara,RSU,RS Umum,D,Swasta Non Profit,RS Publik,Maluku Utara,Kota Ternate,2.0,,1.0,1.0,1.0,,,1.0,1.0,,1.0,,,1.0,,,,,1.0,,,1.0,,2.0,,,10.0,8,34.78,,,,,,,,,,,,,,,,,,,,,,,,,,0,Sudah kerjasama BPJS,,,,,,,,1,1,100.0
8271057,RS Prima Ternate,RSU,RS Umum,D,Swasta Non Profit,RS Publik,Maluku Utara,Kota Ternate,8.0,,2.0,1.0,1.0,1.0,,,1.0,,2.0,,,1.0,,,,,,,,,,,,,13.0,5,21.74,,,,,,,,,,,,,,,,,,,,,,,,,,0,,,,,,Sudah kerjasama BPJS,,,1,1,100.0
8271058,RS Bhayangkara Tk. IV Ternate,RSU,RS Umum,D,POLRI,RS Publik,Maluku Utara,Kota Ternate,5.0,2.0,,1.0,,,,,1.0,,,,,,,,,,,,,,,3.0,,1.0,12.0,5,21.74,,,,,,,,,,,,,,,,,,,,,,,,,,0,,,,,,,,,0,0,
8271069,RS Umum Daerah Kota Ternate,RSU,RS Umum,D,Pemkot,RS Publik,Maluku Utara,Kota Ternate,6.0,1.0,1.0,2.0,1.0,1.0,,,2.0,,1.0,,,1.0,,,,,,,,,,4.0,,,16.0,7,30.43,0.0,0.0,0.0,0.0,1.0,0.0,0.0,1.0,0.0,0.0,0.0,1.0,,0.0,1.0,0.0,0.0,0.0,0.0,0.0,1.0,False,4.0,4.0,95.0,1,,,,,,,,,0,0,
8271070,RS Ibu dan Anak Andina,RSIA,RS Khusus,C,Swasta,RS Privat,Maluku Utara,Kota Ternate,,,,,,,,,,,,,,,,,,,,,,,,,,,,0,0.0,,,,,,,,,,,,,,,,,,,,,,,,,,0,,,,,,,,,0,0,
8202043,RS Umum Daerah Kota Tidore Kepulauan,RSU,RS Umum,C,Pemkot,RS Publik,Maluku Utara,Kota Tidore Kepulauan,27.0,2.0,2.0,1.0,2.0,2.0,,,1.0,,2.0,,,2.0,,,,,1.0,2.0,,2.0,,30.0,,12.0,83.0,11,47.83,0.0,1.0,0.0,0.0,1.0,0.0,0.0,1.0,0.0,0.0,0.0,1.0,,0.0,1.0,0.0,1.0,0.0,0.0,6.0,1.0,False,12.0,7.0,95.0,1,,,,,,Sudah kerjasama BPJS,Sudah kerjasama BPJS,,2,2,100.0
8272003,RS Umum Sofifi,RSU,RS Umum,D,Pemprop,RS Publik,Maluku Utara,Kota Tidore Kepulauan,15.0,2.0,2.0,,1.0,1.0,,,,,2.0,,,1.0,,,,,1.0,1.0,,,,5.0,,8.0,36.0,9,39.13,,,,,,,,,,,,,,,,,,,,,,,,,,0,,,,,,,,,0,0,
8272004,RS Jiwa Sofifi,RSK Jiwa,RS Khusus,C,Pemprop,RS Publik,Maluku Utara,Kota Tidore Kepulauan,9.0,,,,,,,,,,,,,,,,,,,,,,,2.0,,1.0,12.0,3,13.04,,,,,,,,,,,,,,,,,,,,,,,,,,0,,,,,,,,,0,0,
9203017,RS AU Tkt. IV Lanud Silas Papare,RSU,RS Umum,D PRATAMA,TNI,RS Publik,Papua,Jayapura,3.0,1.0,,,,,,,,,,,,,,,,,,,,,,3.0,,,7.0,3,13.04,,,,,,,,,,,,,,,,,,,,,,,,,,0,,,,,,,,,0,0,
9271078,RS Umum Daerah Yowari Sentani,RSU,RS Umum,C,Pemkab,RS Publik,Papua,Jayapura,25.0,,3.0,2.0,4.0,3.0,,,2.0,,3.0,,,4.0,,1.0,,,1.0,1.0,,2.0,,9.0,,1.0,52.0,11,47.83,0.0,0.0,1.0,0.0,1.0,0.0,0.0,0.0,,0.0,0.0,0.0,,0.0,0.0,0.0,,,0.0,,1.0,False,2.0,2.0,75.0,1,,,,,Sudah kerjasama BPJS,,,,1,1,100.0
9204014,RS Umum Daerah Serui,RSU,RS Umum,C,Pemkab,RS Publik,Papua,Kepulauan Yapen,16.0,2.0,,1.0,1.0,2.0,,,1.0,,,,,1.0,,,,,1.0,,,1.0,,15.0,,3.0,42.0,9,39.13,0.0,0.0,0.0,0.0,0.0,0.0,1.0,1.0,0.0,0.0,0.0,0.0,,0.0,1.0,0.0,0.0,0.0,1.0,2.0,1.0,False,6.0,5.0,95.0,1,,,,,,,Sudah kerjasama BPJS,,1,1,100.0
9205015,RS Umum Biak,RSU,RS Umum,C,Pemkab,RS Publik,Papua,Biak Numfor,21.0,3.0,3.0,2.0,2.0,3.0,,,2.0,,3.0,,,2.0,,,,,1.0,2.0,,1.0,,21.0,,5.0,64.0,11,47.83,0.0,1.0,0.0,0.0,1.0,0.0,0.0,0.0,,0.0,0.0,0.0,,0.0,0.0,0.0,,,0.0,,1.0,False,2.0,2.0,75.0,1,,,,Sudah kerjasama BPJS,Sudah kerjasama BPJS,,Sudah kerjasama BPJS,,3,3,100.0
9205030,RS Angkatan Laut dr. R Gandhi AT,RSU,RS Umum,C,TNI,RS Publik,Papua,Biak Numfor,3.0,1.0,,,,1.0,,,,,,,,,,,,,,,,,,2.0,,,7.0,4,17.39,,,,,,,,,,,,,,,,,,,,,,,,,,0,,,,,,,,,0,0,
9219044,RS Hendrik Fintay Kabupaten Sarmi,RSU,RS Umum,D,Pemkab,RS Publik,Papua,Sarmi,3.0,,,,,,,,,,,,,,,,,,,,,,,5.0,,,8.0,2,8.7,0.0,0.0,0.0,0.0,0.0,0.0,0.0,0.0,0.0,0.0,0.0,0.0,,0.0,1.0,0.0,0.0,0.0,1.0,2.0,1.0,False,4.0,3.0,95.0,1,,,,,,,,,0,0,
9220043,RS Umum Daerah Kwaingga Kabupaten Keerom,RSU,RS Umum,D,Pemkab,RS Publik,Papua,Keerom,12.0,1.0,,1.0,,1.0,,,1.0,,,,,,,,,,1.0,,,,,13.0,,1.0,30.0,7,30.43,0.0,0.0,0.0,0.0,0.0,0.0,0.0,1.0,0.0,0.0,0.0,0.0,,0.0,1.0,0.0,0.0,0.0,1.0,2.0,1.0,False,5.0,4.0,95.0,1,,,,,,,,,0,0,
9226002,RS Umum Daerah Rumah Rodo Fabo ,RSU,RS Umum,D PRATAMA,Pemkab,RS Publik,Papua,Waropen,3.0,1.0,,,,,,,,,,,,,,,,,,,,,,2.0,,,6.0,3,13.04,0.0,0.0,0.0,0.0,0.0,0.0,0.0,0.0,0.0,0.0,0.0,0.0,,0.0,1.0,0.0,0.0,0.0,1.0,0.0,1.0,False,2.0,2.0,95.0,1,,,,,,,,,0,0,
9227011,RS Umum Daerah Supiori,RSU,RS Umum,D,Pemkab,RS Publik,Papua,Supiori,16.0,2.0,1.0,,1.0,1.0,,,,,1.0,,,1.0,,,,,,,,1.0,,6.0,,3.0,31.0,8,34.78,0.0,0.0,0.0,0.0,0.0,0.0,0.0,0.0,0.0,0.0,0.0,0.0,,0.0,1.0,0.0,0.0,0.0,1.0,0.0,1.0,False,2.0,2.0,95.0,1,,,,,,,Sudah kerjasama BPJS,,1,1,100.0
9228002,RS Umum Daerah Kawera,RSU,RS Umum,D PRATAMA,Pemkab,RS Publik,Papua,Mamberamo Raya,10.0,1.0,,,,1.0,,,,,,,,,,,,,,,,,,9.0,,1.0,22.0,5,21.74,0.0,0.0,0.0,0.0,0.0,0.0,0.0,1.0,0.0,0.0,0.0,0.0,,0.0,1.0,0.0,0.0,0.0,1.0,0.0,1.0,False,3.0,3.0,95.0,1,,,,,,,,,0,0,
9203015,RS TNI Angkatan Laut dr. Soedibjo Sardadi,RSU,RS Umum,C,TNI,RS Publik,Papua,Kota Jayapura,8.0,2.0,2.0,1.0,1.0,1.0,,,1.0,,2.0,,,1.0,,2.0,,,,1.0,,1.0,,12.0,,2.0,33.0,11,47.83,,,,,,,,,,,,,,,,,,,,,,,,,,0,,,,,,,,,0,0,
9203016,RS TNI Angkatan Darat Marthen Indey Jayapura,RSU,RS Umum,C,TNI,RS Publik,Papua,Kota Jayapura,12.0,1.0,2.0,1.0,1.0,,,,1.0,,2.0,,,1.0,,1.0,,,1.0,2.0,,1.0,,12.0,,4.0,38.0,11,47.83,,,,,,,,,,,,,,,,,,,,,,,,,,0,,,,,,,Sudah kerjasama BPJS,,1,1,100.0
9271012,RS Umum Jayapura,RSU,RS Umum,B,Pemprop,RS Publik,Papua,Kota Jayapura,55.0,3.0,5.0,8.0,4.0,6.0,,,8.0,,5.0,,,4.0,,3.0,,,2.0,2.0,,3.0,,29.0,1.0,10.0,131.0,13,56.52,1.0,1.0,0.0,1.0,1.0,0.0,1.0,0.0,,1.0,1.0,1.0,,1.0,1.0,0.0,,,0.0,,1.0,False,10.0,10.0,75.0,1,Sudah kerjasama BPJS,,Sudah kerjasama BPJS,Sudah kerjasama BPJS,,Sudah kerjasama BPJS,Sudah kerjasama BPJS,,5,5,100.0
9271023,RS Umum Abepura,RSU,RS Umum,C,Pemprop,RS Publik,Papua,Kota Jayapura,33.0,5.0,,,2.0,1.0,,,,,,,,2.0,,1.0,,,1.0,,,1.0,,1.0,,3.0,48.0,9,39.13,0.0,1.0,0.0,0.0,0.0,0.0,0.0,0.0,,0.0,0.0,1.0,,0.0,0.0,0.0,,,0.0,,1.0,False,2.0,2.0,75.0,1,,,,,,,Sudah kerjasama BPJS,,1,1,100.0
9271045,RS Jiwa Abepura,RSK Jiwa,RS Khusus,B,Pemprop,RS Publik,Papua,Kota Jayapura,13.0,,,,,,,,,,,,,,,,,,,,,,,6.0,,,19.0,2,8.7,,,,,,,,,,,,,,,,,,,,,,,,,,0,,,,,,,,,0,0,
9271056,RS Dian Harapan,RSU,RS Umum,C,Swasta Non Profit,RS Publik,Papua,Kota Jayapura,15.0,,6.0,6.0,3.0,6.0,,,6.0,,6.0,,,3.0,,,,,1.0,1.0,,2.0,,15.0,,4.0,59.0,10,43.48,,,,,,,,,,,,,,,,,,,,,,,,,,0,,,,,Sudah kerjasama BPJS,,Sudah kerjasama BPJS,,2,2,100.0
9271067,RS Bhayangkara Jayapura,RSU,RS Umum,C,POLRI,RS Publik,Papua,Kota Jayapura,35.0,1.0,4.0,5.0,4.0,4.0,,,5.0,,4.0,,,4.0,,1.0,,,1.0,1.0,,4.0,,12.0,,5.0,77.0,12,52.17,,,,,,,,,,,,,,,,,,,,,,,,,,0,,,,,,,Sudah kerjasama BPJS,,1,1,100.0
9271079,RS Provita Jayapura,RSU,RS Umum,C,Swasta,RS Privat,Papua,Kota Jayapura,20.0,1.0,3.0,2.0,3.0,4.0,,,2.0,,3.0,,,3.0,,2.0,,,1.0,,,4.0,,9.0,,3.0,52.0,11,47.83,,,,,,,,,,,,,,,,,,,,,,,,,,0,,,,,,,Sudah kerjasama BPJS,,1,1,100.0
9271080,RS Umum Daerah Ramela Muara Tami,RSU,RS Umum,D,Pemkot,RS Publik,Papua,Kota Jayapura,7.0,1.0,,,,1.0,,,,,,,,,,,,,,,,,,10.0,,2.0,21.0,5,21.74,,,,,,,,,,,,,,,,,,,,,,,,,,0,,,,,,,Sudah kerjasama BPJS,,1,1,100.0
9102011,RS Umum Daerah Manokwari,RSU,RS Umum,C,Pemkab,RS Publik,Papua Barat,Manokwari,13.0,2.0,3.0,3.0,1.0,2.0,,1.0,3.0,,3.0,,,1.0,,,,1.0,1.0,1.0,,1.0,,16.0,,3.0,48.0,13,56.52,0.0,0.0,1.0,0.0,0.0,0.0,0.0,0.0,,0.0,0.0,0.0,,0.0,0.0,0.0,,,0.0,,1.0,False,1.0,1.0,75.0,1,,,,,,,Sudah kerjasama BPJS,,1,1,100.0
9102022,RS Tk.IV 18.07.02 J. A. Dimara,RSU,RS Umum,Belum Ditetapkan,TNI,RS Publik,Papua Barat,Manokwari,2.0,1.0,,,,,,,,,,,,,,,,,,,,,,1.0,,,4.0,3,13.04,,,,,,,,,,,,,,,,,,,,,,,,,,0,,,,,,,,,0,0,
9102033,RS AL dr. Azhar Zahir Manokwari,RSU,RS Umum,D,TNI,RS Publik,Papua Barat,Manokwari,18.0,3.0,3.0,5.0,3.0,3.0,,,5.0,,3.0,,,3.0,,1.0,,,1.0,2.0,,1.0,,11.0,,3.0,54.0,12,52.17,,,,,,,,,,,,,,,,,,,,,,,,,,0,,,,,,,,,0,0,
9105004,RS Pratama Warmare,RSU,RS Umum,D PRATAMA,Pemkab,RS Publik,Papua Barat,Manokwari,3.0,1.0,1.0,,,,,,,,1.0,,,,,,,,,,,,,1.0,,,6.0,4,17.39,,,,,,,,,,,,,,,,,,,,,,,,,,0,,,,,,,,,0,0,
9105005,RS Bhayangkara Lodewijk Mandatjan,RSU,RS Umum,D,POLRI,RS Publik,Papua Barat,Manokwari,16.0,2.0,1.0,2.0,1.0,1.0,,,2.0,,1.0,,,1.0,,,,,1.0,,,1.0,,5.0,,2.0,32.0,10,43.48,,,,,,,,,,,,,,,,,,,,,,,,,,0,,,,,,,Sudah kerjasama BPJS,,1,1,100.0
9105006,RS Umum Daerah Provinsi Papua Barat,RSU,RS Umum,C,Pemprop,RS Publik,Papua Barat,Manokwari,24.0,3.0,2.0,1.0,3.0,,,,1.0,,2.0,,,3.0,,,,,2.0,1.0,,,,10.0,,4.0,50.0,9,39.13,0.0,1.0,1.0,0.0,0.0,0.0,0.0,0.0,,0.0,0.0,1.0,,0.0,1.0,0.0,,,0.0,,1.0,False,4.0,4.0,75.0,1,,,,,,,,,0,0,
9105017,RS Divari Medical Center,RSU,RS Umum,D,Swasta,RS Privat,Papua Barat,Manokwari,11.0,,1.0,,,,,,,,1.0,,,,,1.0,,,,,,,,,,,13.0,3,13.04,,,,,,,,,,,,,,,,,,,,,,,,,,0,,,,,,,,,0,0,
9101010,RS Umum Daerah Fakfak,RSU,RS Umum,C,Pemkab,RS Publik,Papua Barat,Fakfak,19.0,1.0,3.0,1.0,2.0,1.0,,,1.0,,3.0,,,2.0,,,,,,1.0,,1.0,,20.0,,13.0,62.0,10,43.48,0.0,0.0,0.0,0.0,0.0,0.0,0.0,0.0,,0.0,0.0,0.0,,0.0,0.0,0.0,,,0.0,,1.0,False,0.0,0.0,75.0,1,,,,,,,,,0,0,
9104002,RS Umum Daerah Teluk Bintuni,RSU,RS Umum,C,Pemkab,RS Publik,Papua Barat,Teluk Bintuni,14.0,1.0,2.0,3.0,2.0,,,,3.0,,2.0,,,2.0,,1.0,,,1.0,1.0,,,,14.0,,4.0,43.0,10,43.48,0.0,0.0,0.0,0.0,0.0,0.0,0.0,0.0,,0.0,0.0,1.0,,0.0,0.0,0.0,,,0.0,,1.0,False,1.0,1.0,75.0,1,,,,,,,,,0,0,
9103035,RS Umum Daerah Dr. Alberth H. Torey,RSU,RS Umum,C,Pemkab,RS Publik,Papua Barat,Teluk Wondama,11.0,1.0,2.0,1.0,1.0,1.0,,,1.0,,2.0,,,1.0,,,,,,,,1.0,,11.0,,4.0,33.0,9,39.13,0.0,0.0,0.0,0.0,0.0,0.0,0.0,0.0,0.0,0.0,0.0,0.0,,0.0,0.0,0.0,0.0,0.0,0.0,3.0,1.0,False,3.0,1.0,95.0,1,,,,,,,,,0,0,
9102034,RS Umum Daerah Kaimana,RSU,RS Umum,D,Pemkab,RS Publik,Papua Barat,Kaimana,19.0,2.0,2.0,2.0,1.0,2.0,,,2.0,,2.0,,,1.0,,,,,,1.0,,,,19.0,,8.0,56.0,9,39.13,0.0,0.0,0.0,0.0,2.0,0.0,0.0,0.0,,0.0,0.0,0.0,,0.0,0.0,0.0,,,0.0,,1.0,False,2.0,1.0,75.0,1,,,,,,,,,0,0,
9111001,RS Umum Elia Waran,RSU,RS Umum,C,Pemkab,RS Publik,Papua Barat,Manokwari Selatan,15.0,,,2.0,1.0,1.0,,,2.0,,,,,1.0,,,,,,,,,,7.0,,1.0,27.0,6,26.09,0.0,0.0,0.0,0.0,0.0,0.0,0.0,0.0,0.0,0.0,0.0,0.0,,0.0,0.0,0.0,0.0,0.0,1.0,0.0,1.0,False,1.0,1.0,95.0,1,,,,,,,,,0,0,
9201012,RS Umum Merauke,RSU,RS Umum,C,Pemkab,RS Publik,Papua Selatan,Merauke,32.0,4.0,2.0,3.0,1.0,5.0,,,3.0,,2.0,,,1.0,,1.0,,1.0,3.0,2.0,,2.0,,27.0,,9.0,92.0,13,56.52,0.0,0.0,1.0,0.0,1.0,0.0,0.0,1.0,,0.0,0.0,1.0,,1.0,0.0,0.0,,,0.0,,1.0,False,5.0,5.0,75.0,1,,,,,Sudah kerjasama BPJS,,Sudah kerjasama BPJS,,2,2,100.0
9201034,RS Bunda pengharapan Merauke,RSU,RS Umum,C,Swasta Non Profit,RS Publik,Papua Selatan,Merauke,6.0,,,1.0,,,,,1.0,,,,,,,,,,,,,,,,,,7.0,2,8.7,,,,,,,,,,,,,,,,,,,,,,,,,,0,,,,,,,,,0,0,
9201035,RS TNI Angkatan Laut Merauke,RSU,RS Umum,D,TNI,RS Publik,Papua Selatan,Merauke,8.0,2.0,1.0,,,,,,,,1.0,,,,,,,,,,,,,5.0,,1.0,17.0,5,21.74,,,,,,,,,,,,,,,,,,,,,,,,,,0,,,,,,,,,0,0,
9201046,RS Tingkat IV 17.07.01 Jenderal LB Moerdani,RSU,RS Umum,D,TNI,RS Publik,Papua Selatan,Merauke,3.0,,,,,,,,,,,,,,,,,,,,,,,,,,3.0,1,4.35,,,,,,,,,,,,,,,,,,,,,,,,,,0,,,,,,,,,0,0,
9213038,RS Bergerak Kab. Boven Digoel,RSU,RS Umum,D PRATAMA,Pemkab,RS Publik,Papua Selatan,Boven Digoel,2.0,,,,,,,,,,,,,,,,,,,,,,,3.0,,,5.0,2,8.7,,,,,,,,,,,,,,,,,,,,,,,,,,0,,,,,,,,,0,0,
9213039,RS Umum Daerah Boven Digoel,RSU,RS Umum,D,Pemkab,RS Publik,Papua Selatan,Boven Digoel,,,,,,,,,,,,,,,,,,,,,,,,,,,,0,0.0,0.0,0.0,0.0,0.0,0.0,0.0,0.0,1.0,0.0,0.0,0.0,0.0,,0.0,1.0,0.0,0.0,0.0,1.0,2.0,1.0,False,5.0,4.0,95.0,1,,,,,,,,,0,0,
9214012,RS Umum Daerah Kabupaten Mappi,RSU,RS Umum,D,Pemkab,RS Publik,Papua Selatan,Mappi,10.0,1.0,1.0,1.0,1.0,,,,1.0,,1.0,,,1.0,,,,,,,,1.0,,6.0,,2.0,23.0,8,34.78,0.0,0.0,0.0,0.0,0.0,0.0,0.0,0.0,,0.0,0.0,0.0,,0.0,0.0,0.0,,,0.0,,1.0,False,0.0,0.0,75.0,1,,,,,,,,,0,0,
9215011,RS Umum Daerah Perpetua J. Safanpo,RSU,RS Umum,D,Pemkab,RS Publik,Papua Selatan,Asmat,14.0,2.0,,1.0,2.0,3.0,,,1.0,,,,,2.0,,,,,1.0,,,1.0,,,,,24.0,7,30.43,0.0,0.0,0.0,0.0,1.0,0.0,0.0,0.0,,0.0,0.0,0.0,,0.0,0.0,0.0,,,0.0,,1.0,False,1.0,1.0,75.0,1,,,,,,,Sudah kerjasama BPJS,,1,1,100.0
9202012,RS Umum Nabire,RSU,RS Umum,C,Pemkab,RS Publik,Papua Tengah,Nabire,17.0,3.0,4.0,3.0,3.0,1.0,,,3.0,,4.0,,,3.0,,,,,2.0,1.0,,1.0,,17.0,,3.0,55.0,11,47.83,0.0,1.0,0.0,0.0,0.0,0.0,0.0,0.0,,0.0,0.0,0.0,,0.0,0.0,0.0,,,0.0,,1.0,False,1.0,1.0,75.0,1,,,,,,,Sudah kerjasama BPJS,,1,1,100.0
9211010,RS Umum Daerah Mulia,RSU,RS Umum,D,Pemkab,RS Publik,Papua Tengah,Puncak Jaya,7.0,2.0,1.0,1.0,1.0,,,,1.0,,1.0,,,1.0,,,,,,,,,,4.0,,3.0,19.0,7,30.43,0.0,0.0,0.0,0.0,0.0,0.0,0.0,0.0,,0.0,0.0,0.0,,0.0,0.0,0.0,,,0.0,,1.0,False,0.0,0.0,75.0,1,,,,,,,,,0,0,
9211014,RS Immanuel,RSU,RS Umum,Belum Ditetapkan,Swasta Non Profit,RS Publik,Papua Tengah,Puncak Jaya,1.0,,,,,,,,,,,,,,,,,,,,,,,,,,1.0,1,4.35,,,,,,,,,,,,,,,,,,,,,,,,,,0,,,,,,,,,0,0,
9202023,RS Umum Daerah Paniai,RSU,RS Umum,C,Pemkab,RS Publik,Papua Tengah,Paniai,10.0,2.0,1.0,1.0,2.0,1.0,,,1.0,,1.0,,,2.0,,,,,1.0,1.0,,1.0,,9.0,,3.0,32.0,11,47.83,0.0,0.0,0.0,0.0,0.0,0.0,0.0,0.0,,0.0,0.0,0.0,,0.0,0.0,0.0,,,0.0,,1.0,False,0.0,0.0,75.0,1,,,,,,,Sudah kerjasama BPJS,,1,1,100.0
9101021,RS PT. Freeport Indonesia,RSU,RS Umum,D,Swasta,RS Privat,Papua Tengah,Mimika,16.0,2.0,1.0,,1.0,2.0,,,,,1.0,,,1.0,,,,,1.0,,,2.0,,8.0,,2.0,35.0,9,39.13,,,,,,,,,,,,,,,,,,,,,,,,,,0,,,,Sudah kerjasama BPJS,,,,,1,1,100.0
9201011,RS Mitra Masyarakat Timika,RSU,RS Umum,C,Swasta Non Profit,RS Publik,Papua Tengah,Mimika,19.0,1.0,2.0,2.0,2.0,1.0,1.0,,2.0,,2.0,,,2.0,,,,,1.0,1.0,,2.0,,16.0,,5.0,53.0,12,52.17,,,,,,,,,,,,,,,,,,,,,,,,,,0,,,,,,,Sudah kerjasama BPJS,,1,1,100.0
9212011,RS Umum Daerah Kabupaten Mimika,RSU,RS Umum,C,Pemkab,RS Publik,Papua Tengah,Mimika,21.0,1.0,2.0,2.0,2.0,2.0,,,2.0,,2.0,,,2.0,,1.0,,,1.0,1.0,,1.0,,20.0,,7.0,61.0,12,52.17,0.0,1.0,1.0,0.0,0.0,0.0,0.0,0.0,,0.0,0.0,1.0,,0.0,0.0,0.0,,,0.0,,1.0,False,3.0,3.0,75.0,1,,,,,,,Sudah kerjasama BPJS,,1,1,100.0
9212013,RS Kasih Herlina,RSU,RS Umum,D,Swasta,RS Privat,Papua Tengah,Mimika,6.0,2.0,1.0,1.0,1.0,,,,1.0,,1.0,,,1.0,,,,,,1.0,,1.0,,3.0,,,16.0,8,34.78,,,,,,,,,,,,,,,,,,,,,,,,,,0,,,,,,,,,0,0,
9212026,RS Waa Banti,RSU,RS Umum,D,Kementerian Lain,RS Publik,Papua Tengah,Mimika,,,,,,,,,,,,,,,,,,,,,,,,,,,,0,0.0,,,,,,,,,,,,,,,,,,,,,,,,,,0,,,,,,,,,0,0,
9233011,RS Umum Daerah Ilaga,RSU,RS Umum,D,Pemkab,RS Publik,Papua Tengah,Puncak,4.0,1.0,,,,,,,,,,,,,,,,,,,,,,2.0,,,7.0,3,13.04,0.0,0.0,0.0,0.0,0.0,0.0,0.0,0.0,0.0,0.0,0.0,0.0,,0.0,0.0,0.0,0.0,0.0,0.0,0.0,1.0,False,0.0,0.0,95.0,1,,,,,,,,,0,0,
9234003,RS Umum Daerah Pratama Dogiyai,RSU,RS Umum,D PRATAMA,Pemkab,RS Publik,Papua Tengah,Dogiyai,,,,,,,,,,,,,,,,,,,,,,,,,,,,0,0.0,0.0,0.0,0.0,0.0,0.0,0.0,0.0,1.0,0.0,0.0,0.0,0.0,,0.0,1.0,0.0,0.0,0.0,1.0,0.0,1.0,False,3.0,3.0,95.0,1,,,,,,,,,0,0,
9235002,RS Umum Daerah Kabupaten Intan Jaya,RSU,RS Umum,D,Pemkab,RS Publik,Papua Tengah,Intan Jaya,2.0,,,,,,,,,,,,,,,,,,,,,,,3.0,,,5.0,2,8.7,0.0,0.0,0.0,0.0,0.0,0.0,0.0,1.0,0.0,0.0,0.0,0.0,,0.0,1.0,0.0,0.0,0.0,1.0,1.0,1.0,False,4.0,4.0,95.0,1,,,,,,,,,0,0,
9236003,RS Umum Daerah Pratama Waghete,RSU,RS Umum,D,Pemkab,RS Publik,Papua Tengah,Deiyai,1.0,,,,,,,,,,,,,,,,,,,,,,,,,,1.0,1,4.35,0.0,0.0,0.0,0.0,0.0,0.0,0.0,1.0,0.0,0.0,0.0,0.0,,0.0,1.0,0.0,0.0,0.0,1.0,0.0,1.0,False,3.0,3.0,95.0,1,,,,,,,,,0,0,
9202013,RS Umum Wamena,RSU,RS Umum,C,Pemkab,RS Publik,Papua Pegunungan,Jayawijaya,19.0,3.0,1.0,3.0,1.0,1.0,,,3.0,,1.0,,,1.0,,1.0,,,2.0,1.0,,2.0,,12.0,,2.0,48.0,12,52.17,0.0,0.0,0.0,0.0,0.0,0.0,0.0,0.0,,0.0,0.0,1.0,,0.0,0.0,0.0,,,0.0,,1.0,False,1.0,1.0,75.0,1,,,,,,,Sudah kerjasama BPJS,,1,1,100.0
9217013,RS Umum Daerah Oksibil,RSU,RS Umum,D,Pemkab,RS Publik,Papua Pegunungan,Pegunungan Bintang,12.0,1.0,1.0,,1.0,1.0,,,,,1.0,,,1.0,,,,,,,,1.0,,4.0,,1.0,22.0,8,34.78,0.0,0.0,0.0,0.0,0.0,0.0,0.0,0.0,0.0,0.0,0.0,0.0,,0.0,1.0,0.0,0.0,0.0,1.0,1.0,1.0,False,3.0,3.0,95.0,1,,,,,,,,,0,0,
9202014,RS Umum Daerah Dekai,RSU,RS Umum,D,Pemkab,RS Publik,Papua Pegunungan,Yahukimo,9.0,,,2.0,,1.0,,,2.0,,,,,,,,,,,,,,,1.0,,2.0,15.0,5,21.74,0.0,0.0,0.0,0.0,0.0,0.0,0.0,0.0,,0.0,0.0,0.0,,0.0,0.0,0.0,,,0.0,,1.0,False,0.0,0.0,75.0,1,,,,,,,Sudah kerjasama BPJS,,1,1,100.0
9202024,RS Efata Angguruk,RSU,RS Umum,Belum Ditetapkan,Swasta Non Profit,RS Publik,Papua Pegunungan,Yahukimo,,,,,,,,,,,,,,,,,,,,,,,,,,,,0,0.0,,,,,,,,,,,,,,,,,,,,,,,,,,0,,,,,,,,,0,0,
9218002,RS Umum Daerah Karubaga,RSU,RS Umum,D PRATAMA,Pemkab,RS Publik,Papua Pegunungan,Tolikara,8.0,1.0,,,1.0,,,,,,,,,1.0,,,,,,1.0,,1.0,,5.0,,,17.0,6,26.09,0.0,0.0,0.0,0.0,0.0,0.0,0.0,0.0,,0.0,0.0,0.0,,0.0,0.0,0.0,,,0.0,,1.0,False,0.0,0.0,75.0,1,,,,,,,,,0,0,
9231002,RS Umum Daerah Lukas Enembe Kab. Memberamo Tengah,RSU,RS Umum,D PRATAMA,Pemkab,RS Publik,Papua Pegunungan,Mamberamo Tengah,6.0,1.0,,,1.0,,,,,,,,,1.0,,,,,,,,,,4.0,,1.0,13.0,5,21.74,0.0,0.0,0.0,0.0,0.0,0.0,0.0,0.0,0.0,0.0,0.0,0.0,,0.0,1.0,0.0,0.0,0.0,1.0,2.0,1.0,False,4.0,3.0,95.0,1,,,,,,,,,0,0,
9232011,RS Umum Daerah Er Dabi,RSU,RS Umum,D,Pemkab,RS Publik,Papua Pegunungan,Yalimo,,,,,,,,,,,,,,,,,,,,,,,,,,,,0,0.0,0.0,0.0,0.0,0.0,0.0,0.0,0.0,0.0,0.0,0.0,0.0,0.0,,0.0,0.0,0.0,0.0,0.0,0.0,0.0,1.0,False,0.0,0.0,95.0,1,,,,,,,,,0,0,
9230002,RS Umum Daerah Tiom,RSU,RS Umum,D,Pemkab,RS Publik,Papua Pegunungan,Lanny Jaya,6.0,,,,,,,,,,,,,,,,,,,1.0,,,,,,,7.0,2,8.7,0.0,0.0,0.0,0.0,1.0,0.0,0.0,0.0,,0.0,0.0,0.0,,0.0,0.0,0.0,,,0.0,,1.0,False,1.0,1.0,75.0,1,,,,,,,,,0,0,
9229002,RS Pratama Elvrida Sara,RSU,RS Umum,D,Pemkab,RS Publik,Papua Pegunungan,Nduga,4.0,,,,,,,,,,,,,,,,,,,,,,,2.0,,,6.0,2,8.7,0.0,0.0,0.0,0.0,0.0,0.0,0.0,0.0,0.0,0.0,0.0,0.0,,0.0,1.0,0.0,0.0,0.0,1.0,0.0,1.0,False,2.0,2.0,95.0,1,,,,,,,,,0,0,
9171010,RS Umum Daerah Kabupaten Sorong,RSU,RS Umum,C,Pemkab,RS Publik,Papua Barat Daya,Sorong,15.0,2.0,3.0,3.0,5.0,3.0,,,3.0,,3.0,,,5.0,,,,2.0,1.0,1.0,,2.0,,10.0,,5.0,52.0,12,52.17,0.0,0.0,1.0,0.0,0.0,0.0,0.0,0.0,,0.0,0.0,1.0,,1.0,0.0,0.0,,,0.0,,1.0,False,3.0,3.0,75.0,1,,,,,,,Sudah kerjasama BPJS,,1,1,100.0
9106013,RS Umum Daerah Scholoo Keyen,RSU,RS Umum,C,Pemkab,RS Publik,Papua Barat Daya,Sorong Selatan,12.0,1.0,2.0,2.0,,2.0,,1.0,2.0,,2.0,,,,,,,1.0,,1.0,,1.0,,7.0,,5.0,35.0,11,47.83,0.0,0.0,0.0,0.0,0.0,0.0,0.0,0.0,,0.0,0.0,0.0,,0.0,0.0,0.0,,,0.0,,1.0,False,0.0,0.0,75.0,1,,,,,,Sudah kerjasama BPJS,,,1,1,100.0
9108002,RS Umum Daerah Raja Ampat,RSU,RS Umum,D,Pemkab,RS Publik,Papua Barat Daya,Raja Ampat,14.0,1.0,2.0,1.0,2.0,2.0,,,1.0,,2.0,,,2.0,,,,,,1.0,,,,9.0,,3.0,35.0,9,39.13,0.0,0.0,0.0,0.0,0.0,0.0,0.0,0.0,,0.0,0.0,0.0,,0.0,0.0,0.0,,,0.0,,1.0,False,0.0,0.0,75.0,1,,,,,,,,,0,0,
9109002,RS Umum Kelas D Pratama Kab. Tambrauw,RSU,RS Umum,D PRATAMA,Pemkab,RS Publik,Papua Barat Daya,Tambrauw,2.0,1.0,,,,,,,,,,,,,,,,,,,,,,2.0,,,5.0,3,13.04,0.0,0.0,0.0,0.0,0.0,0.0,0.0,0.0,0.0,0.0,0.0,0.0,,0.0,0.0,0.0,0.0,0.0,0.0,0.0,1.0,False,0.0,0.0,95.0,1,,,,,,,,,0,0,
9110011,RS Umum Pratama Type D Kab. Maybrat,RSU,RS Umum,D PRATAMA,Pemkab,RS Publik,Papua Barat Daya,Maybrat,,,,,,,,,,,,,,,,,,,,,,,,,,,,0,0.0,0.0,0.0,0.0,0.0,0.0,0.0,0.0,0.0,0.0,0.0,0.0,0.0,,0.0,0.0,0.0,0.0,0.0,0.0,2.0,1.0,False,2.0,1.0,95.0,1,,,,,,,,,0,0,
9107002,RS Kasih Herlina,RSU,RS Umum,D,Swasta,RS Privat,Papua Barat Daya,Kota Sorong,9.0,1.0,1.0,2.0,,1.0,,,2.0,,1.0,,,,,,,,,,,1.0,,1.0,,,16.0,7,30.43,,,,,,,,,,,,,,,,,,,,,,,,,,0,,,,,,,,,0,0,
9107003,RS Maleo,RSU,RS Umum,D,Swasta,RS Privat,Papua Barat Daya,Kota Sorong,,,,,,,,,,,,,,,,,,,,,,,,,,,,0,0.0,,,,,,,,,,,,,,,,,,,,,,,,,,0,,,,,,,,,0,0,
9171021,RS Pertamina Sorong,RSU,RS Umum,D,BUMN,RS Privat,Papua Barat Daya,Kota Sorong,,,,,,,,,,,,,,,,,,,,,,,,,,,,0,0.0,,,,,,,,,,,,,,,,,,,,,,,,,,0,,,,,,,Sudah kerjasama BPJS,,1,1,100.0
9171032,RS Umum Daerah Sele Be Solu,RSU,RS Umum,C,Pemkot,RS Publik,Papua Barat Daya,Kota Sorong,29.0,5.0,3.0,3.0,5.0,1.0,,,3.0,,3.0,,,5.0,,,,,1.0,1.0,,1.0,,16.0,,3.0,68.0,11,47.83,0.0,0.0,0.0,0.0,0.0,0.0,0.0,0.0,0.0,0.0,0.0,0.0,,0.0,0.0,0.0,0.0,0.0,1.0,1.0,1.0,False,2.0,2.0,95.0,1,,,,,,,Sudah kerjasama BPJS,,1,1,100.0
9171046,RS Mutiara,RSU,RS Umum,D,Swasta,RS Privat,Papua Barat Daya,Kota Sorong,15.0,1.0,1.0,1.0,1.0,2.0,,,1.0,,1.0,,,1.0,,,,,,,,,,1.0,,1.0,23.0,8,34.78,,,,,,,,,,,,,,,,,,,,,,,,,,0,,,,,,,,,0,0,
9171047,RS Angkatan Laut dr. R. Oetojo,RSU,RS Umum,D,TNI,RS Publik,Papua Barat Daya,Kota Sorong,24.0,1.0,1.0,2.0,,3.0,,,2.0,,1.0,,,,,,,,,,,2.0,,6.0,,2.0,41.0,8,34.78,,,,,,,,,,,,,,,,,,,,,,,,,,0,,,,,,,,,0,0,
9271034,RS TK IV dr. Aryoko,RSU,RS Umum,Belum Ditetapkan,TNI,RS Publik,Papua Barat Daya,Kota Sorong,3.0,4.0,,,,,,,,,,,,,,,,,,,,,,,,1.0,8.0,3,13.04,,,,,,,,,,,,,,,,,,,,,,,,,,0,,,,,,,,,0,0,
9171048S,RS Rujukan Covid-19 Kota Sorong,RS Darurat,RS Khusus,Belum Ditetapkan,Pemkot,RS Publik,Papua Barat Daya,Kota Sorong,8.0,,1.0,2.0,1.0,2.0,,,2.0,,1.0,,,1.0,,,,,,,,1.0,,1.0,,,16.0,7,30.43,,,,,,,,,,,,,,,,,,,,,,,,,,0,,,,,,,,,0,0,
